"DeliveryDate","City","Product Name","Total Normal Quantity","Total Coupon Quantity","Total Free Quantity"
"01-01-2020","Hyderabad","Past Milk 1L","2","0","0"
"01-01-2020","Hyderabad","Raw Milk 1L","1","0","0"
"01-01-2021","Hyderabad","Chocolate Milk 300ml","1","0","0"
"01-01-2022","Hyderabad","A2 Value Pack 1L","2","0","0"
"01-01-2023","Hyderabad","Past Milk 1L","23","0","0"
"01-01-2023","Hyderabad","Raw Milk 1L","20","1","1"
"01-01-2023","Hyderabad","Ghee 500ml","1","0","0"
"01-01-2023","Hyderabad","A2 1L","55","2","0"
"01-01-2023","Hyderabad","Curd Culture","2","0","0"
"01-01-2023","Hyderabad","A2 Ghee","1","0","0"
"01-01-2023","Hyderabad","Buffalo Milk 1L","57","0","2"
"01-01-2023","Hyderabad","Paneer 200g Cows Milk","4","0","0"
"01-01-2023","Hyderabad","A2 Value Pack 1L","209","0","2"
"01-01-2023","Hyderabad","Buffalo Ghee 500ml","1","0","0"
"01-01-2023","Hyderabad","Kharwas 120g","6","0","0"
"01-01-2023","Hyderabad","A2 Gir Cow Paneer 200g","1","0","0"
"01-01-2023","Hyderabad","New A2 Value Pack 500ml","89","0","0"
"01-01-2023","Hyderabad","Insulated Door Bag","1","0","0"
"01-01-2023","Hyderabad","Buffalo Milk Value Pack 500ml","44","0","2"
"01-01-2023","Hyderabad","Dahi","8","0","0"
"01-01-2023","Hyderabad","Past Milk Value Pack 1L","9","0","0"
"01-01-2023","Hyderabad","Raw Value Pack 1L","24","0","0"
"01-01-2023","Hyderabad","Buffalo Value Pack 1L","80","0","2"
"01-01-2023","Hyderabad","Lactose Free Milk 0.5L","9","0","0"
"01-01-2023","Hyderabad","Past Milk Value Pack 0.5L","2","0","0"
"01-01-2023","Hyderabad","Raw Milk Value Pack 0.5L","6","0","0"
"01-01-2024","Hyderabad","Past Milk 1L","18","0","0"
"01-01-2024","Hyderabad","Raw Milk 1L","14","0","0"
"01-01-2024","Hyderabad","Ghee 500ml","5","0","0"
"01-01-2024","Hyderabad","A2 1L","72","0","0"
"01-01-2024","Hyderabad","Curd Culture","2","0","0"
"01-01-2024","Hyderabad","A2 Ghee","5","0","0"
"01-01-2024","Hyderabad","Buffalo Milk 1L","35","0","1"
"01-01-2024","Hyderabad","Paneer 200g Cows Milk","9","0","0"
"01-01-2024","Hyderabad","A2 Value Pack 1L","500","3","3"
"01-01-2024","Hyderabad","Buffalo Ghee 500ml","3","0","0"
"01-01-2024","Hyderabad","Kharwas 120g","7","0","0"
"01-01-2024","Hyderabad","A2 Gir Cow Paneer 200g","5","0","0"
"01-01-2024","Hyderabad","New A2 Value Pack 500ml","189","0","1"
"01-01-2024","Hyderabad","Insulated Door Bag","1","0","0"
"01-01-2024","Hyderabad","Buffalo Milk Value Pack 500ml","138","0","2"
"01-01-2024","Hyderabad","Dahi","14","0","0"
"01-01-2024","Hyderabad","Past Milk Value Pack 1L","21","0","2"
"01-01-2024","Hyderabad","Raw Value Pack 1L","57","0","2"
"01-01-2024","Hyderabad","Buffalo Value Pack 1L","315","1","2"
"01-01-2024","Hyderabad","Lactose Free Milk 0.5L","6","0","0"
"01-01-2024","Hyderabad","Past Milk Value Pack 0.5L","13","0","1"
"01-01-2024","Hyderabad","Raw Milk Value Pack 0.5L","24","0","1"
"01-02-2020","Hyderabad","Past Milk 1L","2","0","0"
"01-02-2020","Hyderabad","A2 1L","2","0","0"
"01-02-2020","Hyderabad","A2 Value Pack 1L","1","0","0"
"01-02-2021","Hyderabad","Buffalo Milk 1L","1","0","0"
"01-02-2021","Hyderabad","A2 Value Pack 1L","2","0","0"
"01-02-2022","Hyderabad","Past Milk 1L","2","0","0"
"01-02-2022","Hyderabad","Raw Milk 1L","3","0","0"
"01-02-2022","Hyderabad","Past Milk 0.5L","1","0","0"
"01-02-2022","Hyderabad","A2 1L","8","0","6"
"01-02-2022","Hyderabad","Curd Culture","2","0","0"
"01-02-2022","Hyderabad","A2 Ghee","1","0","0"
"01-02-2022","Hyderabad","Buffalo Milk 1L","1","0","4"
"01-02-2022","Hyderabad","Paneer 200g Cows Milk","1","0","0"
"01-02-2022","Hyderabad","A2 Value Pack 1L","9","0","4"
"01-02-2022","Hyderabad","A2 Gir Cow Paneer 200g","1","0","0"
"01-02-2022","Hyderabad","New A2 Value Pack 500ml","4","0","0"
"01-02-2022","Hyderabad","Buffalo Milk Value Pack 500ml","1","0","4"
"01-02-2022","Hyderabad","Tender Coconut","1","0","0"
"01-02-2023","Hyderabad","Past Milk 1L","22","0","0"
"01-02-2023","Hyderabad","Raw Milk 1L","17","0","0"
"01-02-2023","Hyderabad","A2 1L","76","3","1"
"01-02-2023","Hyderabad","Curd Culture","2","0","0"
"01-02-2023","Hyderabad","A2 Ghee","2","0","0"
"01-02-2023","Hyderabad","Buffalo Milk 1L","60","3","0"
"01-02-2023","Hyderabad","Paneer 200g Cows Milk","2","0","0"
"01-02-2023","Hyderabad","A2 Value Pack 1L","249","2","0"
"01-02-2023","Hyderabad","Kharwas 120g","4","0","0"
"01-02-2023","Hyderabad","A2 Gir Cow Paneer 200g","1","0","0"
"01-02-2023","Hyderabad","New A2 Value Pack 500ml","104","1","2"
"01-02-2023","Hyderabad","Insulated Door Bag","1","0","0"
"01-02-2023","Hyderabad","Buffalo Milk Value Pack 500ml","50","1","1"
"01-02-2023","Hyderabad","Dahi","10","0","0"
"01-02-2023","Hyderabad","Past Milk Value Pack 1L","10","0","1"
"01-02-2023","Hyderabad","Raw Value Pack 1L","39","1","1"
"01-02-2023","Hyderabad","Buffalo Value Pack 1L","115","0","1"
"01-02-2023","Hyderabad","Lactose Free Milk 0.5L","11","0","0"
"01-02-2023","Hyderabad","Past Milk Value Pack 0.5L","5","0","0"
"01-02-2023","Hyderabad","Raw Milk Value Pack 0.5L","14","0","0"
"01-02-2024","Hyderabad","Past Milk 1L","20","0","0"
"01-02-2024","Hyderabad","Raw Milk 1L","12","0","0"
"01-02-2024","Hyderabad","Ghee 500ml","4","0","0"
"01-02-2024","Hyderabad","A2 1L","55","0","5"
"01-02-2024","Hyderabad","A2 Ghee","4","0","0"
"01-02-2024","Hyderabad","Buffalo Milk 1L","48","0","0"
"01-02-2024","Hyderabad","Paneer 200g Cows Milk","14","0","0"
"01-02-2024","Hyderabad","A2 Value Pack 1L","559","1","7"
"01-02-2024","Hyderabad","Buffalo Ghee 500ml","2","0","0"
"01-02-2024","Hyderabad","Kharwas 120g","4","0","0"
"01-02-2024","Hyderabad","A2 Gir Cow Paneer 200g","3","0","0"
"01-02-2024","Hyderabad","New A2 Value Pack 500ml","218","0","0"
"01-02-2024","Hyderabad","Insulated Door Bag","1","0","0"
"01-02-2024","Hyderabad","Buffalo Milk Value Pack 500ml","159","0","0"
"01-02-2024","Hyderabad","Dahi","16","0","0"
"01-02-2024","Hyderabad","Past Milk Value Pack 1L","23","0","0"
"01-02-2024","Hyderabad","Raw Value Pack 1L","60","0","2"
"01-02-2024","Hyderabad","Buffalo Value Pack 1L","319","0","1"
"01-02-2024","Hyderabad","Lactose Free Milk 0.5L","10","0","0"
"01-02-2024","Hyderabad","Past Milk Value Pack 0.5L","25","0","0"
"01-02-2024","Hyderabad","Raw Milk Value Pack 0.5L","25","0","0"
"01-03-2020","Hyderabad","Past Milk 1L","2","0","0"
"01-03-2020","Hyderabad","A2 Value Pack 1L","1","0","0"
"01-03-2021","Hyderabad","A2 1L","1","0","0"
"01-03-2021","Hyderabad","A2 Value Pack 1L","2","0","0"
"01-03-2022","Hyderabad","Past Milk 1L","8","0","0"
"01-03-2022","Hyderabad","Raw Milk 1L","10","0","0"
"01-03-2022","Hyderabad","Past Milk 0.5L","2","0","1"
"01-03-2022","Hyderabad","Ghee 500ml","1","0","0"
"01-03-2022","Hyderabad","A2 1L","26","0","3"
"01-03-2022","Hyderabad","Buffalo Milk 1L","27","0","5"
"01-03-2022","Hyderabad","Paneer 200g Cows Milk","4","0","0"
"01-03-2022","Hyderabad","A2 Value Pack 1L","47","0","0"
"01-03-2022","Hyderabad","Kharwas 120g","2","0","0"
"01-03-2022","Hyderabad","New A2 Value Pack 500ml","27","0","0"
"01-03-2022","Hyderabad","Buffalo Milk Value Pack 500ml","11","0","0"
"01-03-2022","Hyderabad","Dahi","3","0","0"
"01-03-2023","Hyderabad","Past Milk 1L","22","0","0"
"01-03-2023","Hyderabad","Raw Milk 1L","19","0","0"
"01-03-2023","Hyderabad","Ghee 500ml","2","0","0"
"01-03-2023","Hyderabad","A2 1L","70","0","0"
"01-03-2023","Hyderabad","Curd Culture","3","0","0"
"01-03-2023","Hyderabad","A2 Ghee","5","0","0"
"01-03-2023","Hyderabad","Buffalo Milk 1L","60","0","3"
"01-03-2023","Hyderabad","Paneer 200g Cows Milk","8","0","0"
"01-03-2023","Hyderabad","A2 Value Pack 1L","265","0","5"
"01-03-2023","Hyderabad","Buffalo Ghee 500ml","1","0","0"
"01-03-2023","Hyderabad","Kharwas 120g","12","0","0"
"01-03-2023","Hyderabad","A2 Gir Cow Paneer 200g","2","0","0"
"01-03-2023","Hyderabad","New A2 Value Pack 500ml","101","1","0"
"01-03-2023","Hyderabad","Insulated Door Bag","1","0","0"
"01-03-2023","Hyderabad","Buffalo Milk Value Pack 500ml","70","0","3"
"01-03-2023","Hyderabad","Dahi","18","0","0"
"01-03-2023","Hyderabad","Past Milk Value Pack 1L","16","0","0"
"01-03-2023","Hyderabad","Raw Value Pack 1L","38","1","1"
"01-03-2023","Hyderabad","Buffalo Value Pack 1L","126","0","4"
"01-03-2023","Hyderabad","Lactose Free Milk 0.5L","10","0","0"
"01-03-2023","Hyderabad","Past Milk Value Pack 0.5L","7","0","0"
"01-03-2023","Hyderabad","Raw Milk Value Pack 0.5L","17","0","0"
"01-03-2024","Hyderabad","Past Milk 1L","24","0","0"
"01-03-2024","Hyderabad","Raw Milk 1L","12","0","1"
"01-03-2024","Hyderabad","Ghee 500ml","1","0","0"
"01-03-2024","Hyderabad","A2 1L","51","0","4"
"01-03-2024","Hyderabad","Curd Culture","1","0","1"
"01-03-2024","Hyderabad","A2 Ghee","4","0","0"
"01-03-2024","Hyderabad","Buffalo Milk 1L","52","0","8"
"01-03-2024","Hyderabad","Paneer 200g Cows Milk","13","0","0"
"01-03-2024","Hyderabad","A2 Value Pack 1L","581","0","0"
"01-03-2024","Hyderabad","Buffalo Ghee 500ml","2","0","0"
"01-03-2024","Hyderabad","Kharwas 120g","10","0","0"
"01-03-2024","Hyderabad","A2 Gir Cow Paneer 200g","2","0","0"
"01-03-2024","Hyderabad","New A2 Value Pack 500ml","217","0","1"
"01-03-2024","Hyderabad","Insulated Door Bag","1","0","0"
"01-03-2024","Hyderabad","Buffalo Milk Value Pack 500ml","171","2","1"
"01-03-2024","Hyderabad","Dahi","11","0","0"
"01-03-2024","Hyderabad","Past Milk Value Pack 1L","23","0","0"
"01-03-2024","Hyderabad","Raw Value Pack 1L","67","0","0"
"01-03-2024","Hyderabad","Buffalo Value Pack 1L","358","0","4"
"01-03-2024","Hyderabad","Lactose Free Milk 0.5L","13","1","0"
"01-03-2024","Hyderabad","Past Milk Value Pack 0.5L","19","0","0"
"01-03-2024","Hyderabad","Raw Milk Value Pack 0.5L","20","0","1"
"01-04-2020","Hyderabad","Past Milk 1L","2","0","0"
"01-04-2020","Hyderabad","Raw Milk 1L","1","0","0"
"01-04-2020","Hyderabad","A2 Value Pack 1L","2","0","0"
"01-04-2021","Hyderabad","A2 Value Pack 1L","1","0","0"
"01-04-2022","Hyderabad","Past Milk 1L","8","0","0"
"01-04-2022","Hyderabad","Raw Milk 1L","17","0","1"
"01-04-2022","Hyderabad","Past Milk 0.5L","4","0","0"
"01-04-2022","Hyderabad","A2 1L","37","0","6"
"01-04-2022","Hyderabad","Curd Culture","1","0","0"
"01-04-2022","Hyderabad","Buffalo Milk 1L","48","0","0"
"01-04-2022","Hyderabad","Paneer 200g Cows Milk","1","0","0"
"01-04-2022","Hyderabad","A2 Value Pack 1L","65","0","0"
"01-04-2022","Hyderabad","A2 Gir Cow Paneer 200g","2","0","0"
"01-04-2022","Hyderabad","New A2 Value Pack 500ml","37","0","0"
"01-04-2022","Hyderabad","Buffalo Milk Value Pack 500ml","20","0","1"
"01-04-2022","Hyderabad","Dahi","2","0","0"
"01-04-2023","Hyderabad","Past Milk 1L","23","0","0"
"01-04-2023","Hyderabad","Raw Milk 1L","20","0","0"
"01-04-2023","Hyderabad","Ghee 500ml","2","0","0"
"01-04-2023","Hyderabad","A2 1L","48","1","0"
"01-04-2023","Hyderabad","Curd Culture","3","0","0"
"01-04-2023","Hyderabad","A2 Ghee","4","0","0"
"01-04-2023","Hyderabad","Buffalo Milk 1L","55","1","1"
"01-04-2023","Hyderabad","Paneer 200g Cows Milk","4","0","0"
"01-04-2023","Hyderabad","A2 Value Pack 1L","271","1","0"
"01-04-2023","Hyderabad","Buffalo Ghee 500ml","1","0","0"
"01-04-2023","Hyderabad","Kharwas 120g","2","0","0"
"01-04-2023","Hyderabad","A2 Gir Cow Paneer 200g","4","0","0"
"01-04-2023","Hyderabad","New A2 Value Pack 500ml","105","1","0"
"01-04-2023","Hyderabad","Insulated Door Bag","1","0","0"
"01-04-2023","Hyderabad","Buffalo Milk Value Pack 500ml","63","0","0"
"01-04-2023","Hyderabad","Dahi","9","0","0"
"01-04-2023","Hyderabad","Past Milk Value Pack 1L","20","0","0"
"01-04-2023","Hyderabad","Raw Value Pack 1L","40","1","0"
"01-04-2023","Hyderabad","Buffalo Value Pack 1L","141","0","2"
"01-04-2023","Hyderabad","Lactose Free Milk 0.5L","7","0","0"
"01-04-2023","Hyderabad","Past Milk Value Pack 0.5L","6","0","0"
"01-04-2023","Hyderabad","Raw Milk Value Pack 0.5L","16","0","0"
"01-04-2024","Hyderabad","Past Milk 1L","25","0","0"
"01-04-2024","Hyderabad","Raw Milk 1L","13","0","0"
"01-04-2024","Hyderabad","Ghee 500ml","2","0","0"
"01-04-2024","Hyderabad","A2 1L","81","0","0"
"01-04-2024","Hyderabad","Curd Culture","4","0","0"
"01-04-2024","Hyderabad","A2 Ghee","3","1","0"
"01-04-2024","Hyderabad","Buffalo Milk 1L","54","0","0"
"01-04-2024","Hyderabad","Paneer 200g Cows Milk","10","0","0"
"01-04-2024","Hyderabad","A2 Value Pack 1L","598","0","0"
"01-04-2024","Hyderabad","Buffalo Ghee 500ml","1","0","0"
"01-04-2024","Hyderabad","Kharwas 120g","7","0","0"
"01-04-2024","Hyderabad","A2 Gir Cow Paneer 200g","1","0","0"
"01-04-2024","Hyderabad","New A2 Value Pack 500ml","213","1","0"
"01-04-2024","Hyderabad","Buffalo Milk Value Pack 500ml","170","0","0"
"01-04-2024","Hyderabad","Dahi","16","0","0"
"01-04-2024","Hyderabad","Past Milk Value Pack 1L","13","0","0"
"01-04-2024","Hyderabad","Raw Value Pack 1L","58","0","0"
"01-04-2024","Hyderabad","Buffalo Value Pack 1L","369","2","1"
"01-04-2024","Hyderabad","Lactose Free Milk 0.5L","15","0","0"
"01-04-2024","Hyderabad","Past Milk Value Pack 0.5L","17","0","0"
"01-04-2024","Hyderabad","Raw Milk Value Pack 0.5L","24","0","0"
"01-05-2020","Hyderabad","Past Milk 1L","3","0","0"
"01-05-2020","Hyderabad","A2 1L","1","0","0"
"01-05-2020","Hyderabad","Buffalo Milk 1L","1","0","0"
"01-05-2020","Hyderabad","A2 Value Pack 1L","1","0","0"
"01-05-2020","Hyderabad","New A2 Value Pack 500ml","1","0","0"
"01-05-2021","Hyderabad","Buffalo Milk 1L","1","0","0"
"01-05-2022","Hyderabad","Past Milk 1L","11","0","0"
"01-05-2022","Hyderabad","Raw Milk 1L","18","0","0"
"01-05-2022","Hyderabad","Ghee 500ml","1","0","0"
"01-05-2022","Hyderabad","A2 1L","40","0","3"
"01-05-2022","Hyderabad","Buffalo Milk 1L","42","0","0"
"01-05-2022","Hyderabad","A2 Value Pack 1L","76","0","0"
"01-05-2022","Hyderabad","Kharwas 120g","2","0","0"
"01-05-2022","Hyderabad","A2 Gir Cow Paneer 200g","1","0","0"
"01-05-2022","Hyderabad","New A2 Value Pack 500ml","61","0","0"
"01-05-2022","Hyderabad","Buffalo Milk Value Pack 500ml","30","0","0"
"01-05-2022","Hyderabad","Tender Coconut","1","0","0"
"01-05-2022","Hyderabad","Dahi","1","0","0"
"01-05-2023","Hyderabad","Past Milk 1L","14","0","0"
"01-05-2023","Hyderabad","Raw Milk 1L","12","0","0"
"01-05-2023","Hyderabad","A2 1L","45","13","1"
"01-05-2023","Hyderabad","Curd Culture","4","0","0"
"01-05-2023","Hyderabad","A2 Ghee","3","0","0"
"01-05-2023","Hyderabad","Buffalo Milk 1L","52","8","0"
"01-05-2023","Hyderabad","Paneer 200g Cows Milk","6","0","0"
"01-05-2023","Hyderabad","A2 Value Pack 1L","259","3","0"
"01-05-2023","Hyderabad","A2 Gir Cow Paneer 200g","6","0","0"
"01-05-2023","Hyderabad","New A2 Value Pack 500ml","102","1","0"
"01-05-2023","Hyderabad","Insulated Door Bag","1","0","0"
"01-05-2023","Hyderabad","Buffalo Milk Value Pack 500ml","71","4","0"
"01-05-2023","Hyderabad","Dahi","7","0","0"
"01-05-2023","Hyderabad","Past Milk Value Pack 1L","20","1","0"
"01-05-2023","Hyderabad","Raw Value Pack 1L","38","1","0"
"01-05-2023","Hyderabad","Buffalo Value Pack 1L","144","15","1"
"01-05-2023","Hyderabad","Lactose Free Milk 0.5L","5","0","0"
"01-05-2023","Hyderabad","Past Milk Value Pack 0.5L","4","0","0"
"01-05-2023","Hyderabad","Raw Milk Value Pack 0.5L","14","0","0"
"01-06-2020","Hyderabad","Past Milk 1L","2","0","0"
"01-06-2020","Hyderabad","New A2 Value Pack 500ml","1","0","0"
"01-06-2021","Hyderabad","A2 1L","1","0","0"
"01-06-2021","Hyderabad","A2 Value Pack 1L","1","0","0"
"01-06-2022","Hyderabad","Past Milk 1L","20","0","1"
"01-06-2022","Hyderabad","Raw Milk 1L","16","1","2"
"01-06-2022","Hyderabad","Past Milk 0.5L","4","0","0"
"01-06-2022","Hyderabad","A2 1L","50","1","4"
"01-06-2022","Hyderabad","A2 Ghee","3","0","0"
"01-06-2022","Hyderabad","Buffalo Milk 1L","54","2","5"
"01-06-2022","Hyderabad","Paneer 200g Cows Milk","1","0","0"
"01-06-2022","Hyderabad","A2 Value Pack 1L","97","0","1"
"01-06-2022","Hyderabad","A2 Gir Cow Paneer 200g","1","0","0"
"01-06-2022","Hyderabad","New A2 Value Pack 500ml","48","0","2"
"01-06-2022","Hyderabad","Insulated Door Bag","1","0","0"
"01-06-2022","Hyderabad","Buffalo Milk Value Pack 500ml","24","0","1"
"01-06-2022","Hyderabad","Dahi","7","0","0"
"01-06-2023","Hyderabad","Past Milk 1L","19","0","0"
"01-06-2023","Hyderabad","Raw Milk 1L","20","0","0"
"01-06-2023","Hyderabad","Ghee 500ml","1","0","0"
"01-06-2023","Hyderabad","A2 1L","59","0","4"
"01-06-2023","Hyderabad","Curd Culture","3","0","0"
"01-06-2023","Hyderabad","A2 Ghee","2","0","0"
"01-06-2023","Hyderabad","Buffalo Milk 1L","34","1","0"
"01-06-2023","Hyderabad","Paneer 200g Cows Milk","3","0","0"
"01-06-2023","Hyderabad","A2 Value Pack 1L","292","4","2"
"01-06-2023","Hyderabad","Kharwas 120g","4","0","0"
"01-06-2023","Hyderabad","A2 Gir Cow Paneer 200g","1","0","0"
"01-06-2023","Hyderabad","New A2 Value Pack 500ml","95","0","1"
"01-06-2023","Hyderabad","Insulated Door Bag","2","0","0"
"01-06-2023","Hyderabad","Buffalo Milk Value Pack 500ml","73","7","1"
"01-06-2023","Hyderabad","Dahi","8","0","0"
"01-06-2023","Hyderabad","Past Milk Value Pack 1L","16","3","0"
"01-06-2023","Hyderabad","Raw Value Pack 1L","38","1","1"
"01-06-2023","Hyderabad","Buffalo Value Pack 1L","174","10","5"
"01-06-2023","Hyderabad","Lactose Free Milk 0.5L","5","0","0"
"01-06-2023","Hyderabad","Past Milk Value Pack 0.5L","10","0","0"
"01-06-2023","Hyderabad","Raw Milk Value Pack 0.5L","13","0","0"
"01-07-2020","Hyderabad","Past Milk 1L","2","0","0"
"01-07-2020","Hyderabad","A2 Value Pack 1L","1","0","0"
"01-07-2021","Hyderabad","A2 1L","1","0","0"
"01-07-2021","Hyderabad","Buffalo Milk 1L","1","0","0"
"01-07-2021","Hyderabad","A2 Value Pack 1L","1","0","0"
"01-07-2022","Hyderabad","Past Milk 1L","20","0","0"
"01-07-2022","Hyderabad","Raw Milk 1L","20","0","0"
"01-07-2022","Hyderabad","Past Milk 0.5L","1","0","0"
"01-07-2022","Hyderabad","A2 1L","64","0","0"
"01-07-2022","Hyderabad","Buffalo Milk 1L","67","3","1"
"01-07-2022","Hyderabad","Paneer 200g Cows Milk","9","0","0"
"01-07-2022","Hyderabad","A2 Value Pack 1L","132","0","0"
"01-07-2022","Hyderabad","Buffalo Ghee 500ml","3","0","0"
"01-07-2022","Hyderabad","Kharwas 120g","8","0","0"
"01-07-2022","Hyderabad","A2 Gir Cow Paneer 200g","3","0","0"
"01-07-2022","Hyderabad","New A2 Value Pack 500ml","76","0","0"
"01-07-2022","Hyderabad","Buffalo Milk Value Pack 500ml","31","0","0"
"01-07-2022","Hyderabad","Raw Value Pack 1L","4","0","0"
"01-07-2022","Hyderabad","Lactose Free Milk 0.5L","2","0","0"
"01-07-2023","Hyderabad","Past Milk 1L","18","0","0"
"01-07-2023","Hyderabad","Raw Milk 1L","8","0","0"
"01-07-2023","Hyderabad","Ghee 500ml","1","0","0"
"01-07-2023","Hyderabad","A2 1L","66","1","0"
"01-07-2023","Hyderabad","Curd Culture","2","0","1"
"01-07-2023","Hyderabad","A2 Ghee","3","0","0"
"01-07-2023","Hyderabad","Buffalo Milk 1L","32","0","1"
"01-07-2023","Hyderabad","Paneer 200g Cows Milk","7","0","0"
"01-07-2023","Hyderabad","A2 Value Pack 1L","410","1","2"
"01-07-2023","Hyderabad","Buffalo Ghee 500ml","4","0","0"
"01-07-2023","Hyderabad","Kharwas 120g","5","0","0"
"01-07-2023","Hyderabad","A2 Gir Cow Paneer 200g","5","0","0"
"01-07-2023","Hyderabad","New A2 Value Pack 500ml","131","0","0"
"01-07-2023","Hyderabad","Buffalo Milk Value Pack 500ml","86","0","0"
"01-07-2023","Hyderabad","Dahi","10","0","0"
"01-07-2023","Hyderabad","Past Milk Value Pack 1L","17","1","0"
"01-07-2023","Hyderabad","Raw Value Pack 1L","47","0","1"
"01-07-2023","Hyderabad","Buffalo Value Pack 1L","208","1","5"
"01-07-2023","Hyderabad","Lactose Free Milk 0.5L","10","0","0"
"01-07-2023","Hyderabad","Past Milk Value Pack 0.5L","12","0","0"
"01-07-2023","Hyderabad","Raw Milk Value Pack 0.5L","17","0","0"
"01-08-2020","Hyderabad","Past Milk 1L","2","0","0"
"01-08-2020","Hyderabad","A2 1L","1","0","0"
"01-08-2021","Hyderabad","A2 1L","1","0","0"
"01-08-2021","Hyderabad","A2 Value Pack 1L","1","0","0"
"01-08-2022","Hyderabad","Past Milk 1L","23","0","0"
"01-08-2022","Hyderabad","Raw Milk 1L","13","0","0"
"01-08-2022","Hyderabad","Ghee 500ml","1","0","0"
"01-08-2022","Hyderabad","A2 1L","42","0","0"
"01-08-2022","Hyderabad","Buffalo Milk 1L","51","0","0"
"01-08-2022","Hyderabad","Paneer 200g Cows Milk","1","0","0"
"01-08-2022","Hyderabad","A2 Value Pack 1L","138","0","0"
"01-08-2022","Hyderabad","Kharwas 120g","1","0","0"
"01-08-2022","Hyderabad","A2 Gir Cow Paneer 200g","1","0","0"
"01-08-2022","Hyderabad","New A2 Value Pack 500ml","64","0","0"
"01-08-2022","Hyderabad","Buffalo Milk Value Pack 500ml","29","0","0"
"01-08-2022","Hyderabad","Dahi","9","0","0"
"01-08-2022","Hyderabad","Past Milk Value Pack 1L","5","0","0"
"01-08-2022","Hyderabad","Raw Value Pack 1L","9","0","0"
"01-08-2022","Hyderabad","Buffalo Value Pack 1L","9","0","0"
"01-08-2022","Hyderabad","Lactose Free Milk 0.5L","4","0","0"
"01-08-2023","Hyderabad","Past Milk 1L","27","0","0"
"01-08-2023","Hyderabad","Raw Milk 1L","17","0","0"
"01-08-2023","Hyderabad","Ghee 500ml","17","0","0"
"01-08-2023","Hyderabad","A2 1L","89","0","0"
"01-08-2023","Hyderabad","Curd Culture","5","0","0"
"01-08-2023","Hyderabad","A2 Ghee","3","0","0"
"01-08-2023","Hyderabad","Buffalo Milk 1L","43","1","5"
"01-08-2023","Hyderabad","Paneer 200g Cows Milk","10","0","0"
"01-08-2023","Hyderabad","A2 Value Pack 1L","439","2","8"
"01-08-2023","Hyderabad","Kharwas 120g","2","0","0"
"01-08-2023","Hyderabad","A2 Gir Cow Paneer 200g","2","0","0"
"01-08-2023","Hyderabad","New A2 Value Pack 500ml","150","0","2"
"01-08-2023","Hyderabad","Insulated Door Bag","2","0","0"
"01-08-2023","Hyderabad","Buffalo Milk Value Pack 500ml","119","0","1"
"01-08-2023","Hyderabad","Dahi","16","0","0"
"01-08-2023","Hyderabad","Past Milk Value Pack 1L","18","0","0"
"01-08-2023","Hyderabad","Raw Value Pack 1L","66","0","0"
"01-08-2023","Hyderabad","Buffalo Value Pack 1L","224","1","3"
"01-08-2023","Hyderabad","Lactose Free Milk 0.5L","10","0","0"
"01-08-2023","Hyderabad","Past Milk Value Pack 0.5L","10","0","1"
"01-08-2023","Hyderabad","Raw Milk Value Pack 0.5L","24","0","0"
"01-09-2020","Hyderabad","Past Milk 1L","1","0","0"
"01-09-2020","Hyderabad","Curd Culture","1","0","0"
"01-09-2020","Hyderabad","A2 Value Pack 1L","1","0","0"
"01-09-2021","Hyderabad","A2 Value Pack 1L","2","0","0"
"01-09-2022","Hyderabad","Past Milk 1L","21","0","0"
"01-09-2022","Hyderabad","Raw Milk 1L","17","0","0"
"01-09-2022","Hyderabad","Ghee 500ml","1","0","0"
"01-09-2022","Hyderabad","A2 1L","47","0","0"
"01-09-2022","Hyderabad","A2 Ghee","2","0","0"
"01-09-2022","Hyderabad","Buffalo Milk 1L","56","0","1"
"01-09-2022","Hyderabad","Paneer 200g Cows Milk","2","0","0"
"01-09-2022","Hyderabad","A2 Value Pack 1L","121","0","0"
"01-09-2022","Hyderabad","Buffalo Ghee 500ml","1","0","0"
"01-09-2022","Hyderabad","A2 Gir Cow Paneer 200g","3","0","0"
"01-09-2022","Hyderabad","New A2 Value Pack 500ml","68","0","0"
"01-09-2022","Hyderabad","Insulated Door Bag","2","0","0"
"01-09-2022","Hyderabad","Buffalo Milk Value Pack 500ml","27","0","0"
"01-09-2022","Hyderabad","Dahi","4","0","0"
"01-09-2022","Hyderabad","Past Milk Value Pack 1L","4","0","0"
"01-09-2022","Hyderabad","Raw Value Pack 1L","14","0","0"
"01-09-2022","Hyderabad","Buffalo Value Pack 1L","10","0","1"
"01-09-2022","Hyderabad","Lactose Free Milk 0.5L","4","0","0"
"01-09-2023","Hyderabad","Past Milk 1L","22","0","0"
"01-09-2023","Hyderabad","Raw Milk 1L","17","0","0"
"01-09-2023","Hyderabad","Ghee 500ml","2","0","0"
"01-09-2023","Hyderabad","A2 1L","73","0","0"
"01-09-2023","Hyderabad","Curd Culture","8","0","0"
"01-09-2023","Hyderabad","A2 Ghee","8","0","0"
"01-09-2023","Hyderabad","Buffalo Milk 1L","47","0","1"
"01-09-2023","Hyderabad","Paneer 200g Cows Milk","12","0","0"
"01-09-2023","Hyderabad","A2 Value Pack 1L","440","7","7"
"01-09-2023","Hyderabad","Buffalo Ghee 500ml","3","0","0"
"01-09-2023","Hyderabad","Kharwas 120g","9","0","0"
"01-09-2023","Hyderabad","A2 Gir Cow Paneer 200g","8","0","0"
"01-09-2023","Hyderabad","New A2 Value Pack 500ml","170","0","2"
"01-09-2023","Hyderabad","Buffalo Milk Value Pack 500ml","105","0","5"
"01-09-2023","Hyderabad","Dahi","21","0","0"
"01-09-2023","Hyderabad","Past Milk Value Pack 1L","15","0","0"
"01-09-2023","Hyderabad","Raw Value Pack 1L","65","2","0"
"01-09-2023","Hyderabad","Buffalo Value Pack 1L","230","2","7"
"01-09-2023","Hyderabad","Lactose Free Milk 0.5L","10","0","0"
"01-09-2023","Hyderabad","Past Milk Value Pack 0.5L","15","0","0"
"01-09-2023","Hyderabad","Raw Milk Value Pack 0.5L","19","0","1"
"01-10-2020","Hyderabad","Past Milk 1L","1","0","0"
"01-10-2020","Hyderabad","A2 1L","1","0","0"
"01-10-2020","Hyderabad","A2 Value Pack 1L","1","0","0"
"01-10-2021","Hyderabad","A2 Value Pack 1L","2","0","0"
"01-10-2022","Hyderabad","Past Milk 1L","23","0","0"
"01-10-2022","Hyderabad","Raw Milk 1L","24","0","0"
"01-10-2022","Hyderabad","A2 1L","57","0","4"
"01-10-2022","Hyderabad","A2 Ghee","2","0","0"
"01-10-2022","Hyderabad","Buffalo Milk 1L","47","0","3"
"01-10-2022","Hyderabad","Paneer 200g Cows Milk","4","0","0"
"01-10-2022","Hyderabad","A2 Value Pack 1L","115","0","0"
"01-10-2022","Hyderabad","Kharwas 120g","3","0","0"
"01-10-2022","Hyderabad","New A2 Value Pack 500ml","84","0","0"
"01-10-2022","Hyderabad","Insulated Door Bag","1","0","0"
"01-10-2022","Hyderabad","Buffalo Milk Value Pack 500ml","38","0","0"
"01-10-2022","Hyderabad","Dahi","5","0","0"
"01-10-2022","Hyderabad","Past Milk Value Pack 1L","4","0","0"
"01-10-2022","Hyderabad","Raw Value Pack 1L","21","0","1"
"01-10-2022","Hyderabad","Buffalo Value Pack 1L","9","0","0"
"01-10-2022","Hyderabad","Lactose Free Milk 0.5L","8","0","0"
"01-10-2023","Hyderabad","Past Milk 1L","23","0","0"
"01-10-2023","Hyderabad","Raw Milk 1L","15","0","0"
"01-10-2023","Hyderabad","Ghee 500ml","1","0","0"
"01-10-2023","Hyderabad","A2 1L","73","3","3"
"01-10-2023","Hyderabad","Curd Culture","5","0","0"
"01-10-2023","Hyderabad","A2 Ghee","1","0","0"
"01-10-2023","Hyderabad","Buffalo Milk 1L","47","0","1"
"01-10-2023","Hyderabad","Paneer 200g Cows Milk","9","0","0"
"01-10-2023","Hyderabad","A2 Value Pack 1L","441","1","2"
"01-10-2023","Hyderabad","Buffalo Ghee 500ml","3","0","0"
"01-10-2023","Hyderabad","Kharwas 120g","7","0","0"
"01-10-2023","Hyderabad","A2 Gir Cow Paneer 200g","9","0","0"
"01-10-2023","Hyderabad","New A2 Value Pack 500ml","155","1","1"
"01-10-2023","Hyderabad","Buffalo Milk Value Pack 500ml","111","0","1"
"01-10-2023","Hyderabad","Dahi","10","0","0"
"01-10-2023","Hyderabad","Past Milk Value Pack 1L","20","0","0"
"01-10-2023","Hyderabad","Raw Value Pack 1L","56","0","0"
"01-10-2023","Hyderabad","Buffalo Value Pack 1L","257","1","2"
"01-10-2023","Hyderabad","Lactose Free Milk 0.5L","9","0","0"
"01-10-2023","Hyderabad","Past Milk Value Pack 0.5L","15","0","0"
"01-10-2023","Hyderabad","Raw Milk Value Pack 0.5L","20","0","0"
"01-11-2020","Hyderabad","Past Milk 1L","1","0","0"
"01-11-2020","Hyderabad","A2 Value Pack 1L","1","0","0"
"01-11-2020","Hyderabad","New A2 Value Pack 500ml","1","0","0"
"01-11-2021","Hyderabad","Past Milk 1L","1","0","0"
"01-11-2021","Hyderabad","A2 1L","1","0","0"
"01-11-2021","Hyderabad","A2 Value Pack 1L","1","0","0"
"01-11-2022","Hyderabad","Past Milk 1L","21","0","0"
"01-11-2022","Hyderabad","Raw Milk 1L","16","0","0"
"01-11-2022","Hyderabad","A2 1L","42","0","0"
"01-11-2022","Hyderabad","Curd Culture","4","0","0"
"01-11-2022","Hyderabad","A2 Ghee","1","0","0"
"01-11-2022","Hyderabad","Buffalo Milk 1L","53","0","0"
"01-11-2022","Hyderabad","Paneer 200g Cows Milk","3","0","0"
"01-11-2022","Hyderabad","A2 Value Pack 1L","160","0","1"
"01-11-2022","Hyderabad","Kharwas 120g","7","0","0"
"01-11-2022","Hyderabad","A2 Gir Cow Paneer 200g","2","0","0"
"01-11-2022","Hyderabad","New A2 Value Pack 500ml","79","0","1"
"01-11-2022","Hyderabad","Insulated Door Bag","1","0","0"
"01-11-2022","Hyderabad","Buffalo Milk Value Pack 500ml","36","0","0"
"01-11-2022","Hyderabad","Dahi","12","0","0"
"01-11-2022","Hyderabad","Past Milk Value Pack 1L","6","0","0"
"01-11-2022","Hyderabad","Raw Value Pack 1L","20","0","0"
"01-11-2022","Hyderabad","Buffalo Value Pack 1L","28","0","0"
"01-11-2022","Hyderabad","Lactose Free Milk 0.5L","7","0","0"
"01-11-2022","Hyderabad","Past Milk Value Pack 0.5L","1","0","0"
"01-11-2022","Hyderabad","Raw Milk Value Pack 0.5L","1","0","1"
"01-11-2023","Hyderabad","Past Milk 1L","19","0","1"
"01-11-2023","Hyderabad","Raw Milk 1L","14","0","0"
"01-11-2023","Hyderabad","Ghee 500ml","16","0","0"
"01-11-2023","Hyderabad","A2 1L","76","0","0"
"01-11-2023","Hyderabad","Curd Culture","3","0","0"
"01-11-2023","Hyderabad","A2 Ghee","7","0","0"
"01-11-2023","Hyderabad","Buffalo Milk 1L","42","0","2"
"01-11-2023","Hyderabad","Paneer 200g Cows Milk","12","0","0"
"01-11-2023","Hyderabad","A2 Value Pack 1L","520","1","1"
"01-11-2023","Hyderabad","Buffalo Ghee 500ml","5","0","0"
"01-11-2023","Hyderabad","Kharwas 120g","3","0","0"
"01-11-2023","Hyderabad","A2 Gir Cow Paneer 200g","2","0","0"
"01-11-2023","Hyderabad","New A2 Value Pack 500ml","179","0","0"
"01-11-2023","Hyderabad","Buffalo Milk Value Pack 500ml","128","0","0"
"01-11-2023","Hyderabad","Dahi","17","0","0"
"01-11-2023","Hyderabad","Past Milk Value Pack 1L","20","0","0"
"01-11-2023","Hyderabad","Raw Value Pack 1L","50","0","0"
"01-11-2023","Hyderabad","Buffalo Value Pack 1L","284","2","3"
"01-11-2023","Hyderabad","Lactose Free Milk 0.5L","9","0","0"
"01-11-2023","Hyderabad","Past Milk Value Pack 0.5L","15","0","0"
"01-11-2023","Hyderabad","Raw Milk Value Pack 0.5L","22","0","0"
"01-12-2020","Hyderabad","Raw Milk 1L","1","0","0"
"01-12-2020","Hyderabad","A2 Value Pack 1L","1","0","0"
"01-12-2021","Hyderabad","Raw Milk 1L","1","0","0"
"01-12-2021","Hyderabad","A2 Value Pack 1L","1","0","0"
"01-12-2021","Hyderabad","New A2 Value Pack 500ml","1","0","0"
"01-12-2022","Hyderabad","Past Milk 1L","23","0","1"
"01-12-2022","Hyderabad","Raw Milk 1L","12","0","2"
"01-12-2022","Hyderabad","Ghee 500ml","1","0","0"
"01-12-2022","Hyderabad","A2 1L","60","0","9"
"01-12-2022","Hyderabad","Curd Culture","3","0","0"
"01-12-2022","Hyderabad","A2 Ghee","3","0","0"
"01-12-2022","Hyderabad","Buffalo Milk 1L","88","0","6"
"01-12-2022","Hyderabad","Paneer 200g Cows Milk","2","0","0"
"01-12-2022","Hyderabad","A2 Value Pack 1L","171","0","0"
"01-12-2022","Hyderabad","Kharwas 120g","1","0","0"
"01-12-2022","Hyderabad","A2 Gir Cow Paneer 200g","4","0","0"
"01-12-2022","Hyderabad","New A2 Value Pack 500ml","103","1","0"
"01-12-2022","Hyderabad","Buffalo Milk Value Pack 500ml","38","0","2"
"01-12-2022","Hyderabad","Dahi","20","0","0"
"01-12-2022","Hyderabad","Past Milk Value Pack 1L","12","0","0"
"01-12-2022","Hyderabad","Raw Value Pack 1L","33","0","0"
"01-12-2022","Hyderabad","Buffalo Value Pack 1L","41","0","0"
"01-12-2022","Hyderabad","Lactose Free Milk 0.5L","5","0","0"
"01-12-2022","Hyderabad","Past Milk Value Pack 0.5L","1","0","1"
"01-12-2022","Hyderabad","Raw Milk Value Pack 0.5L","4","0","0"
"01-12-2023","Hyderabad","Past Milk 1L","19","0","0"
"01-12-2023","Hyderabad","Raw Milk 1L","14","0","0"
"01-12-2023","Hyderabad","Ghee 500ml","3","0","0"
"01-12-2023","Hyderabad","A2 1L","61","0","2"
"01-12-2023","Hyderabad","Curd Culture","3","0","0"
"01-12-2023","Hyderabad","A2 Ghee","3","0","0"
"01-12-2023","Hyderabad","Buffalo Milk 1L","36","1","0"
"01-12-2023","Hyderabad","Paneer 200g Cows Milk","10","0","0"
"01-12-2023","Hyderabad","A2 Value Pack 1L","515","2","9"
"01-12-2023","Hyderabad","Kharwas 120g","3","0","0"
"01-12-2023","Hyderabad","A2 Gir Cow Paneer 200g","1","0","0"
"01-12-2023","Hyderabad","New A2 Value Pack 500ml","183","0","0"
"01-12-2023","Hyderabad","Buffalo Milk Value Pack 500ml","152","0","0"
"01-12-2023","Hyderabad","Dahi","20","0","0"
"01-12-2023","Hyderabad","Past Milk Value Pack 1L","19","0","0"
"01-12-2023","Hyderabad","Raw Value Pack 1L","53","0","1"
"01-12-2023","Hyderabad","Buffalo Value Pack 1L","313","3","8"
"01-12-2023","Hyderabad","Lactose Free Milk 0.5L","10","0","0"
"01-12-2023","Hyderabad","Past Milk Value Pack 0.5L","18","0","0"
"01-12-2023","Hyderabad","Raw Milk Value Pack 0.5L","24","0","0"
"02-01-2020","Hyderabad","Past Milk 1L","1","0","0"
"02-01-2021","Hyderabad","A2 1L","1","0","0"
"02-01-2021","Hyderabad","Buffalo Milk 1L","1","0","0"
"02-01-2023","Hyderabad","Past Milk 1L","15","0","0"
"02-01-2023","Hyderabad","Raw Milk 1L","12","0","0"
"02-01-2023","Hyderabad","A2 1L","56","3","0"
"02-01-2023","Hyderabad","Curd Culture","2","0","0"
"02-01-2023","Hyderabad","A2 Ghee","2","0","0"
"02-01-2023","Hyderabad","Buffalo Milk 1L","59","0","1"
"02-01-2023","Hyderabad","A2 Value Pack 1L","210","0","1"
"02-01-2023","Hyderabad","Buffalo Ghee 500ml","6","0","0"
"02-01-2023","Hyderabad","Kharwas 120g","4","0","0"
"02-01-2023","Hyderabad","A2 Gir Cow Paneer 200g","4","0","0"
"02-01-2023","Hyderabad","New A2 Value Pack 500ml","88","0","0"
"02-01-2023","Hyderabad","Buffalo Milk Value Pack 500ml","40","0","0"
"02-01-2023","Hyderabad","Dahi","8","0","0"
"02-01-2023","Hyderabad","Past Milk Value Pack 1L","12","0","0"
"02-01-2023","Hyderabad","Raw Value Pack 1L","32","1","0"
"02-01-2023","Hyderabad","Buffalo Value Pack 1L","82","0","0"
"02-01-2023","Hyderabad","Lactose Free Milk 0.5L","6","0","0"
"02-01-2023","Hyderabad","Past Milk Value Pack 0.5L","1","0","0"
"02-01-2023","Hyderabad","Raw Milk Value Pack 0.5L","6","0","0"
"02-01-2024","Hyderabad","Past Milk 1L","23","0","0"
"02-01-2024","Hyderabad","Raw Milk 1L","12","0","0"
"02-01-2024","Hyderabad","Ghee 500ml","3","0","0"
"02-01-2024","Hyderabad","A2 1L","63","0","0"
"02-01-2024","Hyderabad","Curd Culture","3","0","0"
"02-01-2024","Hyderabad","A2 Ghee","5","0","0"
"02-01-2024","Hyderabad","Buffalo Milk 1L","40","1","0"
"02-01-2024","Hyderabad","Paneer 200g Cows Milk","6","0","0"
"02-01-2024","Hyderabad","A2 Value Pack 1L","527","2","0"
"02-01-2024","Hyderabad","Buffalo Ghee 500ml","5","0","0"
"02-01-2024","Hyderabad","Kharwas 120g","12","0","0"
"02-01-2024","Hyderabad","A2 Gir Cow Paneer 200g","1","0","0"
"02-01-2024","Hyderabad","New A2 Value Pack 500ml","211","0","0"
"02-01-2024","Hyderabad","Buffalo Milk Value Pack 500ml","134","0","0"
"02-01-2024","Hyderabad","Dahi","12","0","0"
"02-01-2024","Hyderabad","Past Milk Value Pack 1L","25","0","0"
"02-01-2024","Hyderabad","Raw Value Pack 1L","55","0","0"
"02-01-2024","Hyderabad","Buffalo Value Pack 1L","319","2","2"
"02-01-2024","Hyderabad","Lactose Free Milk 0.5L","11","0","0"
"02-01-2024","Hyderabad","Past Milk Value Pack 0.5L","24","0","0"
"02-01-2024","Hyderabad","Raw Milk Value Pack 0.5L","23","0","0"
"02-02-2020","Hyderabad","Past Milk 1L","1","0","0"
"02-02-2020","Hyderabad","A2 Value Pack 1L","1","0","0"
"02-02-2021","Hyderabad","Buffalo Milk 1L","1","0","0"
"02-02-2021","Hyderabad","A2 Value Pack 1L","1","0","0"
"02-02-2022","Hyderabad","Past Milk 1L","3","0","0"
"02-02-2022","Hyderabad","Raw Milk 1L","2","0","0"
"02-02-2022","Hyderabad","A2 1L","9","0","4"
"02-02-2022","Hyderabad","Buffalo Milk 1L","1","0","6"
"02-02-2022","Hyderabad","A2 Value Pack 1L","11","0","0"
"02-02-2022","Hyderabad","New A2 Value Pack 500ml","8","0","2"
"02-02-2022","Hyderabad","Buffalo Milk Value Pack 500ml","2","0","1"
"02-02-2023","Hyderabad","Past Milk 1L","23","0","0"
"02-02-2023","Hyderabad","Raw Milk 1L","18","0","0"
"02-02-2023","Hyderabad","Ghee 500ml","3","0","0"
"02-02-2023","Hyderabad","A2 1L","55","3","0"
"02-02-2023","Hyderabad","Curd Culture","2","0","0"
"02-02-2023","Hyderabad","A2 Ghee","1","0","0"
"02-02-2023","Hyderabad","Buffalo Milk 1L","63","3","4"
"02-02-2023","Hyderabad","Paneer 200g Cows Milk","3","0","0"
"02-02-2023","Hyderabad","A2 Value Pack 1L","240","1","0"
"02-02-2023","Hyderabad","Buffalo Ghee 500ml","2","0","0"
"02-02-2023","Hyderabad","Kharwas 120g","6","0","0"
"02-02-2023","Hyderabad","A2 Gir Cow Paneer 200g","5","0","0"
"02-02-2023","Hyderabad","New A2 Value Pack 500ml","109","1","0"
"02-02-2023","Hyderabad","Insulated Door Bag","8","0","2"
"02-02-2023","Hyderabad","Buffalo Milk Value Pack 500ml","50","1","4"
"02-02-2023","Hyderabad","Dahi","10","0","0"
"02-02-2023","Hyderabad","Past Milk Value Pack 1L","14","0","0"
"02-02-2023","Hyderabad","Raw Value Pack 1L","39","1","1"
"02-02-2023","Hyderabad","Buffalo Value Pack 1L","105","3","4"
"02-02-2023","Hyderabad","Lactose Free Milk 0.5L","8","0","0"
"02-02-2023","Hyderabad","Past Milk Value Pack 0.5L","3","0","0"
"02-02-2023","Hyderabad","Raw Milk Value Pack 0.5L","20","0","1"
"02-02-2024","Hyderabad","Past Milk 1L","20","0","0"
"02-02-2024","Hyderabad","Raw Milk 1L","11","0","0"
"02-02-2024","Hyderabad","Ghee 500ml","6","0","0"
"02-02-2024","Hyderabad","A2 1L","54","0","2"
"02-02-2024","Hyderabad","Curd Culture","6","0","0"
"02-02-2024","Hyderabad","A2 Ghee","2","1","0"
"02-02-2024","Hyderabad","Buffalo Milk 1L","40","0","5"
"02-02-2024","Hyderabad","Paneer 200g Cows Milk","12","0","0"
"02-02-2024","Hyderabad","A2 Value Pack 1L","581","1","5"
"02-02-2024","Hyderabad","Kharwas 120g","3","0","0"
"02-02-2024","Hyderabad","A2 Gir Cow Paneer 200g","4","0","0"
"02-02-2024","Hyderabad","New A2 Value Pack 500ml","217","1","1"
"02-02-2024","Hyderabad","Insulated Door Bag","1","0","0"
"02-02-2024","Hyderabad","Buffalo Milk Value Pack 500ml","151","2","8"
"02-02-2024","Hyderabad","Dahi","13","0","0"
"02-02-2024","Hyderabad","Past Milk Value Pack 1L","22","0","0"
"02-02-2024","Hyderabad","Raw Value Pack 1L","63","0","1"
"02-02-2024","Hyderabad","Buffalo Value Pack 1L","344","0","5"
"02-02-2024","Hyderabad","Lactose Free Milk 0.5L","8","0","0"
"02-02-2024","Hyderabad","Past Milk Value Pack 0.5L","24","0","0"
"02-02-2024","Hyderabad","Raw Milk Value Pack 0.5L","22","0","0"
"02-03-2020","Hyderabad","Past Milk 1L","3","0","0"
"02-03-2020","Hyderabad","A2 Value Pack 1L","2","0","0"
"02-03-2021","Hyderabad","A2 Value Pack 1L","1","0","0"
"02-03-2022","Hyderabad","Past Milk 1L","7","0","0"
"02-03-2022","Hyderabad","Raw Milk 1L","10","0","2"
"02-03-2022","Hyderabad","Past Milk 0.5L","4","0","1"
"02-03-2022","Hyderabad","Ghee 500ml","1","0","0"
"02-03-2022","Hyderabad","A2 1L","22","0","8"
"02-03-2022","Hyderabad","Curd Culture","1","0","0"
"02-03-2022","Hyderabad","Buffalo Milk 1L","28","0","1"
"02-03-2022","Hyderabad","A2 Value Pack 1L","47","0","0"
"02-03-2022","Hyderabad","New A2 Value Pack 500ml","29","0","0"
"02-03-2022","Hyderabad","Buffalo Milk Value Pack 500ml","15","0","0"
"02-03-2022","Hyderabad","Dahi","2","0","0"
"02-03-2023","Hyderabad","Past Milk 1L","14","0","0"
"02-03-2023","Hyderabad","Raw Milk 1L","16","0","0"
"02-03-2023","Hyderabad","Ghee 500ml","4","0","0"
"02-03-2023","Hyderabad","A2 1L","56","1","0"
"02-03-2023","Hyderabad","Curd Culture","2","0","0"
"02-03-2023","Hyderabad","Buffalo Milk 1L","58","1","1"
"02-03-2023","Hyderabad","Paneer 200g Cows Milk","2","0","0"
"02-03-2023","Hyderabad","A2 Value Pack 1L","251","0","5"
"02-03-2023","Hyderabad","A2 Gir Cow Paneer 200g","2","0","0"
"02-03-2023","Hyderabad","New A2 Value Pack 500ml","100","0","0"
"02-03-2023","Hyderabad","Insulated Door Bag","2","0","0"
"02-03-2023","Hyderabad","Buffalo Milk Value Pack 500ml","63","0","6"
"02-03-2023","Hyderabad","Dahi","9","0","0"
"02-03-2023","Hyderabad","Past Milk Value Pack 1L","18","0","0"
"02-03-2023","Hyderabad","Raw Value Pack 1L","37","0","2"
"02-03-2023","Hyderabad","Buffalo Value Pack 1L","122","0","4"
"02-03-2023","Hyderabad","Lactose Free Milk 0.5L","7","0","0"
"02-03-2023","Hyderabad","Past Milk Value Pack 0.5L","4","0","0"
"02-03-2023","Hyderabad","Raw Milk Value Pack 0.5L","16","0","0"
"02-03-2024","Hyderabad","Past Milk 1L","15","0","0"
"02-03-2024","Hyderabad","Raw Milk 1L","16","1","0"
"02-03-2024","Hyderabad","Ghee 500ml","6","0","0"
"02-03-2024","Hyderabad","A2 1L","43","0","5"
"02-03-2024","Hyderabad","Curd Culture","4","0","0"
"02-03-2024","Hyderabad","A2 Ghee","2","0","0"
"02-03-2024","Hyderabad","Buffalo Milk 1L","50","0","1"
"02-03-2024","Hyderabad","Paneer 200g Cows Milk","7","0","0"
"02-03-2024","Hyderabad","A2 Value Pack 1L","599","1","0"
"02-03-2024","Hyderabad","Buffalo Ghee 500ml","2","0","0"
"02-03-2024","Hyderabad","Kharwas 120g","10","0","0"
"02-03-2024","Hyderabad","A2 Gir Cow Paneer 200g","4","0","0"
"02-03-2024","Hyderabad","New A2 Value Pack 500ml","214","0","2"
"02-03-2024","Hyderabad","Buffalo Milk Value Pack 500ml","152","0","0"
"02-03-2024","Hyderabad","Dahi","16","0","0"
"02-03-2024","Hyderabad","Past Milk Value Pack 1L","25","0","0"
"02-03-2024","Hyderabad","Raw Value Pack 1L","65","0","0"
"02-03-2024","Hyderabad","Buffalo Value Pack 1L","347","0","0"
"02-03-2024","Hyderabad","Lactose Free Milk 0.5L","22","0","0"
"02-03-2024","Hyderabad","Past Milk Value Pack 0.5L","20","0","0"
"02-03-2024","Hyderabad","Raw Milk Value Pack 0.5L","18","0","2"
"02-04-2020","Hyderabad","Past Milk 1L","2","0","0"
"02-04-2021","Hyderabad","A2 1L","1","0","0"
"02-04-2021","Hyderabad","Buffalo Milk 1L","0","0","1"
"02-04-2021","Hyderabad","A2 Value Pack 1L","3","0","0"
"02-04-2022","Hyderabad","Past Milk 1L","13","0","1"
"02-04-2022","Hyderabad","Raw Milk 1L","13","0","0"
"02-04-2022","Hyderabad","Past Milk 0.5L","3","0","0"
"02-04-2022","Hyderabad","Ghee 500ml","1","0","0"
"02-04-2022","Hyderabad","A2 1L","28","0","1"
"02-04-2022","Hyderabad","Curd Culture","2","0","0"
"02-04-2022","Hyderabad","A2 Ghee","1","0","0"
"02-04-2022","Hyderabad","Buffalo Milk 1L","40","0","2"
"02-04-2022","Hyderabad","Paneer 200g Cows Milk","2","0","0"
"02-04-2022","Hyderabad","A2 Value Pack 1L","61","0","0"
"02-04-2022","Hyderabad","Kharwas 120g","3","0","0"
"02-04-2022","Hyderabad","A2 Gir Cow Paneer 200g","1","0","0"
"02-04-2022","Hyderabad","New A2 Value Pack 500ml","30","0","2"
"02-04-2022","Hyderabad","Buffalo Milk Value Pack 500ml","16","0","0"
"02-04-2022","Hyderabad","Dahi","1","0","0"
"02-04-2023","Hyderabad","Past Milk 1L","12","0","0"
"02-04-2023","Hyderabad","Raw Milk 1L","20","0","0"
"02-04-2023","Hyderabad","Ghee 500ml","2","0","0"
"02-04-2023","Hyderabad","A2 1L","61","1","0"
"02-04-2023","Hyderabad","A2 Ghee","8","0","0"
"02-04-2023","Hyderabad","Buffalo Milk 1L","45","3","0"
"02-04-2023","Hyderabad","Paneer 200g Cows Milk","6","0","0"
"02-04-2023","Hyderabad","A2 Value Pack 1L","284","0","0"
"02-04-2023","Hyderabad","Buffalo Ghee 500ml","1","0","0"
"02-04-2023","Hyderabad","Kharwas 120g","3","0","0"
"02-04-2023","Hyderabad","A2 Gir Cow Paneer 200g","1","0","0"
"02-04-2023","Hyderabad","New A2 Value Pack 500ml","117","0","0"
"02-04-2023","Hyderabad","Insulated Door Bag","2","0","0"
"02-04-2023","Hyderabad","Buffalo Milk Value Pack 500ml","65","0","1"
"02-04-2023","Hyderabad","Dahi","19","0","0"
"02-04-2023","Hyderabad","Past Milk Value Pack 1L","15","0","0"
"02-04-2023","Hyderabad","Raw Value Pack 1L","39","0","0"
"02-04-2023","Hyderabad","Buffalo Value Pack 1L","143","0","0"
"02-04-2023","Hyderabad","Lactose Free Milk 0.5L","8","0","0"
"02-04-2023","Hyderabad","Past Milk Value Pack 0.5L","3","0","0"
"02-04-2023","Hyderabad","Raw Milk Value Pack 0.5L","20","0","0"
"02-04-2024","Hyderabad","Past Milk 1L","16","0","0"
"02-04-2024","Hyderabad","Raw Milk 1L","16","0","1"
"02-04-2024","Hyderabad","Ghee 500ml","2","0","0"
"02-04-2024","Hyderabad","A2 1L","90","0","4"
"02-04-2024","Hyderabad","Curd Culture","8","0","0"
"02-04-2024","Hyderabad","A2 Ghee","2","0","0"
"02-04-2024","Hyderabad","Buffalo Milk 1L","51","0","9"
"02-04-2024","Hyderabad","Paneer 200g Cows Milk","9","0","0"
"02-04-2024","Hyderabad","A2 Value Pack 1L","570","0","0"
"02-04-2024","Hyderabad","Buffalo Ghee 500ml","2","0","0"
"02-04-2024","Hyderabad","Kharwas 120g","8","0","0"
"02-04-2024","Hyderabad","A2 Gir Cow Paneer 200g","3","0","0"
"02-04-2024","Hyderabad","New A2 Value Pack 500ml","231","0","1"
"02-04-2024","Hyderabad","Buffalo Milk Value Pack 500ml","170","1","2"
"02-04-2024","Hyderabad","Dahi","13","0","0"
"02-04-2024","Hyderabad","Past Milk Value Pack 1L","16","0","0"
"02-04-2024","Hyderabad","Raw Value Pack 1L","59","0","0"
"02-04-2024","Hyderabad","Buffalo Value Pack 1L","372","1","1"
"02-04-2024","Hyderabad","Lactose Free Milk 0.5L","16","0","0"
"02-04-2024","Hyderabad","Past Milk Value Pack 0.5L","18","0","0"
"02-04-2024","Hyderabad","Raw Milk Value Pack 0.5L","25","0","0"
"02-05-2020","Hyderabad","Past Milk 1L","2","0","0"
"02-05-2020","Hyderabad","New A2 Value Pack 500ml","1","0","0"
"02-05-2021","Hyderabad","A2 1L","1","0","0"
"02-05-2021","Hyderabad","A2 Value Pack 1L","2","0","0"
"02-05-2022","Hyderabad","Past Milk 1L","11","0","0"
"02-05-2022","Hyderabad","Raw Milk 1L","14","0","0"
"02-05-2022","Hyderabad","Past Milk 0.5L","3","0","0"
"02-05-2022","Hyderabad","A2 1L","35","0","0"
"02-05-2022","Hyderabad","A2 Ghee","1","0","0"
"02-05-2022","Hyderabad","Buffalo Milk 1L","48","0","0"
"02-05-2022","Hyderabad","Paneer 200g Cows Milk","1","0","0"
"02-05-2022","Hyderabad","A2 Value Pack 1L","69","0","0"
"02-05-2022","Hyderabad","Buffalo Ghee 500ml","2","0","0"
"02-05-2022","Hyderabad","Kharwas 120g","1","0","0"
"02-05-2022","Hyderabad","New A2 Value Pack 500ml","35","0","0"
"02-05-2022","Hyderabad","Buffalo Milk Value Pack 500ml","30","0","0"
"02-05-2022","Hyderabad","Tender Coconut","1","0","0"
"02-05-2022","Hyderabad","Dahi","2","0","0"
"02-05-2023","Hyderabad","Past Milk 1L","16","0","0"
"02-05-2023","Hyderabad","Raw Milk 1L","18","0","0"
"02-05-2023","Hyderabad","Ghee 500ml","1","0","0"
"02-05-2023","Hyderabad","A2 1L","62","7","0"
"02-05-2023","Hyderabad","Curd Culture","2","0","0"
"02-05-2023","Hyderabad","A2 Ghee","3","1","0"
"02-05-2023","Hyderabad","Buffalo Milk 1L","40","9","0"
"02-05-2023","Hyderabad","Paneer 200g Cows Milk","8","0","0"
"02-05-2023","Hyderabad","A2 Value Pack 1L","242","5","0"
"02-05-2023","Hyderabad","Kharwas 120g","1","0","0"
"02-05-2023","Hyderabad","A2 Gir Cow Paneer 200g","2","0","0"
"02-05-2023","Hyderabad","New A2 Value Pack 500ml","105","3","0"
"02-05-2023","Hyderabad","Insulated Door Bag","2","0","0"
"02-05-2023","Hyderabad","Buffalo Milk Value Pack 500ml","69","5","0"
"02-05-2023","Hyderabad","Dahi","12","0","0"
"02-05-2023","Hyderabad","Past Milk Value Pack 1L","17","1","0"
"02-05-2023","Hyderabad","Raw Value Pack 1L","35","0","0"
"02-05-2023","Hyderabad","Buffalo Value Pack 1L","139","15","2"
"02-05-2023","Hyderabad","Lactose Free Milk 0.5L","7","0","0"
"02-05-2023","Hyderabad","Past Milk Value Pack 0.5L","5","0","0"
"02-05-2023","Hyderabad","Raw Milk Value Pack 0.5L","12","0","0"
"02-06-2020","Hyderabad","Past Milk 1L","2","0","0"
"02-06-2020","Hyderabad","A2 1L","1","0","0"
"02-06-2020","Hyderabad","A2 Value Pack 1L","1","0","0"
"02-06-2020","Hyderabad","New A2 Value Pack 500ml","1","0","0"
"02-06-2021","Hyderabad","A2 1L","1","0","0"
"02-06-2021","Hyderabad","Buffalo Milk 1L","1","0","0"
"02-06-2021","Hyderabad","A2 Value Pack 1L","1","0","0"
"02-06-2022","Hyderabad","Past Milk 1L","12","0","0"
"02-06-2022","Hyderabad","Raw Milk 1L","15","1","0"
"02-06-2022","Hyderabad","Past Milk 0.5L","6","0","2"
"02-06-2022","Hyderabad","A2 1L","48","2","2"
"02-06-2022","Hyderabad","Buffalo Milk 1L","57","2","4"
"02-06-2022","Hyderabad","Paneer 200g Cows Milk","2","0","0"
"02-06-2022","Hyderabad","A2 Value Pack 1L","100","0","0"
"02-06-2022","Hyderabad","Buffalo Ghee 500ml","1","0","0"
"02-06-2022","Hyderabad","A2 Gir Cow Paneer 200g","1","0","0"
"02-06-2022","Hyderabad","New A2 Value Pack 500ml","62","0","3"
"02-06-2022","Hyderabad","Buffalo Milk Value Pack 500ml","27","0","1"
"02-06-2023","Hyderabad","Past Milk 1L","25","0","1"
"02-06-2023","Hyderabad","Raw Milk 1L","20","0","0"
"02-06-2023","Hyderabad","Ghee 500ml","2","0","0"
"02-06-2023","Hyderabad","A2 1L","48","3","0"
"02-06-2023","Hyderabad","Curd Culture","1","0","0"
"02-06-2023","Hyderabad","A2 Ghee","5","1","0"
"02-06-2023","Hyderabad","Buffalo Milk 1L","37","2","1"
"02-06-2023","Hyderabad","Paneer 200g Cows Milk","4","0","0"
"02-06-2023","Hyderabad","A2 Value Pack 1L","304","6","3"
"02-06-2023","Hyderabad","A2 Gir Cow Paneer 200g","2","0","0"
"02-06-2023","Hyderabad","New A2 Value Pack 500ml","91","0","0"
"02-06-2023","Hyderabad","Insulated Door Bag","1","0","0"
"02-06-2023","Hyderabad","Buffalo Milk Value Pack 500ml","60","7","0"
"02-06-2023","Hyderabad","Dahi","20","0","0"
"02-06-2023","Hyderabad","Past Milk Value Pack 1L","19","1","0"
"02-06-2023","Hyderabad","Raw Value Pack 1L","38","1","1"
"02-06-2023","Hyderabad","Buffalo Value Pack 1L","188","10","4"
"02-06-2023","Hyderabad","Lactose Free Milk 0.5L","8","0","0"
"02-06-2023","Hyderabad","Past Milk Value Pack 0.5L","12","0","0"
"02-06-2023","Hyderabad","Raw Milk Value Pack 0.5L","11","0","0"
"02-07-2020","Hyderabad","Past Milk 1L","2","0","0"
"02-07-2020","Hyderabad","A2 1L","1","0","1"
"02-07-2021","Hyderabad","A2 1L","1","0","0"
"02-07-2021","Hyderabad","A2 Value Pack 1L","1","0","0"
"02-07-2022","Hyderabad","Past Milk 1L","21","0","0"
"02-07-2022","Hyderabad","Raw Milk 1L","10","0","0"
"02-07-2022","Hyderabad","Ghee 500ml","2","0","0"
"02-07-2022","Hyderabad","A2 1L","67","0","0"
"02-07-2022","Hyderabad","Buffalo Milk 1L","61","2","0"
"02-07-2022","Hyderabad","Paneer 200g Cows Milk","2","0","0"
"02-07-2022","Hyderabad","A2 Value Pack 1L","130","1","0"
"02-07-2022","Hyderabad","New A2 Value Pack 500ml","71","0","0"
"02-07-2022","Hyderabad","Buffalo Milk Value Pack 500ml","34","2","0"
"02-07-2022","Hyderabad","Dahi","4","0","0"
"02-07-2022","Hyderabad","Past Milk Value Pack 1L","1","0","0"
"02-07-2022","Hyderabad","Raw Value Pack 1L","6","0","0"
"02-07-2022","Hyderabad","Buffalo Value Pack 1L","2","0","0"
"02-07-2022","Hyderabad","Lactose Free Milk 0.5L","2","0","0"
"02-07-2023","Hyderabad","Past Milk 1L","17","0","0"
"02-07-2023","Hyderabad","Raw Milk 1L","15","0","0"
"02-07-2023","Hyderabad","A2 1L","55","1","0"
"02-07-2023","Hyderabad","Curd Culture","3","0","0"
"02-07-2023","Hyderabad","A2 Ghee","5","0","0"
"02-07-2023","Hyderabad","Buffalo Milk 1L","33","1","2"
"02-07-2023","Hyderabad","Paneer 200g Cows Milk","6","0","0"
"02-07-2023","Hyderabad","A2 Value Pack 1L","396","2","1"
"02-07-2023","Hyderabad","Kharwas 120g","5","0","0"
"02-07-2023","Hyderabad","A2 Gir Cow Paneer 200g","2","0","0"
"02-07-2023","Hyderabad","New A2 Value Pack 500ml","133","1","0"
"02-07-2023","Hyderabad","Insulated Door Bag","1","0","0"
"02-07-2023","Hyderabad","Buffalo Milk Value Pack 500ml","81","1","1"
"02-07-2023","Hyderabad","Dahi","12","0","0"
"02-07-2023","Hyderabad","Past Milk Value Pack 1L","16","1","0"
"02-07-2023","Hyderabad","Raw Value Pack 1L","51","0","1"
"02-07-2023","Hyderabad","Buffalo Value Pack 1L","189","3","2"
"02-07-2023","Hyderabad","Lactose Free Milk 0.5L","15","0","0"
"02-07-2023","Hyderabad","Past Milk Value Pack 0.5L","5","0","0"
"02-07-2023","Hyderabad","Raw Milk Value Pack 0.5L","17","0","0"
"02-08-2020","Hyderabad","Past Milk 1L","2","0","0"
"02-08-2020","Hyderabad","A2 Value Pack 1L","1","0","0"
"02-08-2021","Hyderabad","A2 1L","1","0","0"
"02-08-2021","Hyderabad","A2 Value Pack 1L","1","0","0"
"02-08-2022","Hyderabad","Past Milk 1L","23","0","0"
"02-08-2022","Hyderabad","Raw Milk 1L","22","0","0"
"02-08-2022","Hyderabad","Ghee 500ml","2","0","0"
"02-08-2022","Hyderabad","A2 1L","50","0","0"
"02-08-2022","Hyderabad","Curd Culture","2","0","0"
"02-08-2022","Hyderabad","A2 Ghee","1","0","0"
"02-08-2022","Hyderabad","Buffalo Milk 1L","43","3","0"
"02-08-2022","Hyderabad","Paneer 200g Cows Milk","1","0","0"
"02-08-2022","Hyderabad","A2 Value Pack 1L","116","0","0"
"02-08-2022","Hyderabad","Kharwas 120g","1","0","0"
"02-08-2022","Hyderabad","New A2 Value Pack 500ml","65","0","0"
"02-08-2022","Hyderabad","Buffalo Milk Value Pack 500ml","28","0","0"
"02-08-2022","Hyderabad","Dahi","1","0","0"
"02-08-2022","Hyderabad","Past Milk Value Pack 1L","3","0","0"
"02-08-2022","Hyderabad","Raw Value Pack 1L","10","0","0"
"02-08-2022","Hyderabad","Buffalo Value Pack 1L","8","0","1"
"02-08-2022","Hyderabad","Lactose Free Milk 0.5L","6","0","0"
"02-08-2023","Hyderabad","Past Milk 1L","18","0","0"
"02-08-2023","Hyderabad","Raw Milk 1L","55","0","1"
"02-08-2023","Hyderabad","Ghee 500ml","2","0","0"
"02-08-2023","Hyderabad","A2 1L","64","0","0"
"02-08-2023","Hyderabad","Curd Culture","2","0","0"
"02-08-2023","Hyderabad","A2 Ghee","2","0","0"
"02-08-2023","Hyderabad","Buffalo Milk 1L","50","0","4"
"02-08-2023","Hyderabad","Paneer 200g Cows Milk","19","0","0"
"02-08-2023","Hyderabad","A2 Value Pack 1L","444","2","7"
"02-08-2023","Hyderabad","Kharwas 120g","8","0","0"
"02-08-2023","Hyderabad","A2 Gir Cow Paneer 200g","4","0","0"
"02-08-2023","Hyderabad","New A2 Value Pack 500ml","156","0","0"
"02-08-2023","Hyderabad","Buffalo Milk Value Pack 500ml","111","0","0"
"02-08-2023","Hyderabad","Dahi","15","0","0"
"02-08-2023","Hyderabad","Past Milk Value Pack 1L","18","0","0"
"02-08-2023","Hyderabad","Raw Value Pack 1L","66","0","0"
"02-08-2023","Hyderabad","Buffalo Value Pack 1L","206","1","2"
"02-08-2023","Hyderabad","Lactose Free Milk 0.5L","12","0","0"
"02-08-2023","Hyderabad","Past Milk Value Pack 0.5L","13","0","1"
"02-08-2023","Hyderabad","Raw Milk Value Pack 0.5L","20","0","0"
"02-09-2020","Hyderabad","Past Milk 1L","1","0","0"
"02-09-2020","Hyderabad","A2 1L","1","0","0"
"02-09-2021","Hyderabad","A2 1L","1","0","0"
"02-09-2021","Hyderabad","A2 Value Pack 1L","2","0","0"
"02-09-2022","Hyderabad","Past Milk 1L","22","0","0"
"02-09-2022","Hyderabad","Raw Milk 1L","13","0","1"
"02-09-2022","Hyderabad","Ghee 500ml","3","0","0"
"02-09-2022","Hyderabad","A2 1L","40","0","4"
"02-09-2022","Hyderabad","Curd Culture","2","0","0"
"02-09-2022","Hyderabad","A2 Ghee","1","0","0"
"02-09-2022","Hyderabad","Buffalo Milk 1L","48","0","5"
"02-09-2022","Hyderabad","Paneer 200g Cows Milk","2","0","0"
"02-09-2022","Hyderabad","A2 Value Pack 1L","135","0","2"
"02-09-2022","Hyderabad","Buffalo Ghee 500ml","1","0","0"
"02-09-2022","Hyderabad","Kharwas 120g","3","0","0"
"02-09-2022","Hyderabad","A2 Gir Cow Paneer 200g","2","0","0"
"02-09-2022","Hyderabad","New A2 Value Pack 500ml","66","0","2"
"02-09-2022","Hyderabad","Buffalo Milk Value Pack 500ml","30","0","0"
"02-09-2022","Hyderabad","Dahi","5","0","0"
"02-09-2022","Hyderabad","Past Milk Value Pack 1L","6","0","0"
"02-09-2022","Hyderabad","Raw Value Pack 1L","11","0","1"
"02-09-2022","Hyderabad","Buffalo Value Pack 1L","11","0","0"
"02-09-2022","Hyderabad","Lactose Free Milk 0.5L","4","0","0"
"02-09-2023","Hyderabad","Past Milk 1L","27","0","0"
"02-09-2023","Hyderabad","Raw Milk 1L","18","2","0"
"02-09-2023","Hyderabad","Ghee 500ml","2","0","0"
"02-09-2023","Hyderabad","A2 1L","60","1","0"
"02-09-2023","Hyderabad","Curd Culture","3","0","0"
"02-09-2023","Hyderabad","A2 Ghee","2","0","0"
"02-09-2023","Hyderabad","Buffalo Milk 1L","50","1","2"
"02-09-2023","Hyderabad","Paneer 200g Cows Milk","8","0","0"
"02-09-2023","Hyderabad","A2 Value Pack 1L","447","3","4"
"02-09-2023","Hyderabad","Kharwas 120g","13","0","0"
"02-09-2023","Hyderabad","A2 Gir Cow Paneer 200g","3","0","0"
"02-09-2023","Hyderabad","New A2 Value Pack 500ml","144","1","0"
"02-09-2023","Hyderabad","Insulated Door Bag","2","0","0"
"02-09-2023","Hyderabad","Buffalo Milk Value Pack 500ml","129","0","0"
"02-09-2023","Hyderabad","Dahi","15","0","0"
"02-09-2023","Hyderabad","Past Milk Value Pack 1L","20","0","0"
"02-09-2023","Hyderabad","Raw Value Pack 1L","65","0","0"
"02-09-2023","Hyderabad","Buffalo Value Pack 1L","218","3","9"
"02-09-2023","Hyderabad","Lactose Free Milk 0.5L","13","0","0"
"02-09-2023","Hyderabad","Past Milk Value Pack 0.5L","11","0","0"
"02-09-2023","Hyderabad","Raw Milk Value Pack 0.5L","21","0","0"
"02-10-2020","Hyderabad","Past Milk 1L","1","0","0"
"02-10-2020","Hyderabad","A2 Value Pack 1L","1","0","0"
"02-10-2021","Hyderabad","A2 1L","1","0","0"
"02-10-2021","Hyderabad","A2 Value Pack 1L","1","0","0"
"02-10-2022","Hyderabad","Past Milk 1L","25","0","0"
"02-10-2022","Hyderabad","Raw Milk 1L","15","0","0"
"02-10-2022","Hyderabad","Ghee 500ml","1","0","0"
"02-10-2022","Hyderabad","A2 1L","52","0","0"
"02-10-2022","Hyderabad","Buffalo Milk 1L","60","0","5"
"02-10-2022","Hyderabad","Paneer 200g Cows Milk","1","0","0"
"02-10-2022","Hyderabad","A2 Value Pack 1L","101","0","0"
"02-10-2022","Hyderabad","Buffalo Ghee 500ml","1","0","0"
"02-10-2022","Hyderabad","Kharwas 120g","5","0","0"
"02-10-2022","Hyderabad","A2 Gir Cow Paneer 200g","1","0","0"
"02-10-2022","Hyderabad","New A2 Value Pack 500ml","85","0","1"
"02-10-2022","Hyderabad","Buffalo Milk Value Pack 500ml","39","0","1"
"02-10-2022","Hyderabad","Dahi","3","0","0"
"02-10-2022","Hyderabad","Past Milk Value Pack 1L","3","0","0"
"02-10-2022","Hyderabad","Raw Value Pack 1L","17","0","0"
"02-10-2022","Hyderabad","Buffalo Value Pack 1L","11","0","0"
"02-10-2022","Hyderabad","Lactose Free Milk 0.5L","5","0","0"
"02-10-2023","Hyderabad","Past Milk 1L","21","0","0"
"02-10-2023","Hyderabad","Raw Milk 1L","13","0","0"
"02-10-2023","Hyderabad","Ghee 500ml","1","0","0"
"02-10-2023","Hyderabad","A2 1L","73","0","0"
"02-10-2023","Hyderabad","Curd Culture","3","0","0"
"02-10-2023","Hyderabad","A2 Ghee","1","0","0"
"02-10-2023","Hyderabad","Buffalo Milk 1L","59","0","0"
"02-10-2023","Hyderabad","Paneer 200g Cows Milk","13","0","0"
"02-10-2023","Hyderabad","A2 Value Pack 1L","476","1","0"
"02-10-2023","Hyderabad","Buffalo Ghee 500ml","3","0","0"
"02-10-2023","Hyderabad","Kharwas 120g","11","0","0"
"02-10-2023","Hyderabad","A2 Gir Cow Paneer 200g","5","0","0"
"02-10-2023","Hyderabad","New A2 Value Pack 500ml","173","0","0"
"02-10-2023","Hyderabad","Insulated Door Bag","1","0","0"
"02-10-2023","Hyderabad","Buffalo Milk Value Pack 500ml","123","1","0"
"02-10-2023","Hyderabad","Dahi","21","0","0"
"02-10-2023","Hyderabad","Past Milk Value Pack 1L","20","0","0"
"02-10-2023","Hyderabad","Raw Value Pack 1L","54","1","0"
"02-10-2023","Hyderabad","Buffalo Value Pack 1L","252","2","0"
"02-10-2023","Hyderabad","Lactose Free Milk 0.5L","7","0","0"
"02-10-2023","Hyderabad","Past Milk Value Pack 0.5L","17","0","0"
"02-10-2023","Hyderabad","Raw Milk Value Pack 0.5L","28","0","0"
"02-11-2020","Hyderabad","Past Milk 1L","1","0","0"
"02-11-2020","Hyderabad","A2 1L","1","0","0"
"02-11-2020","Hyderabad","A2 Value Pack 1L","1","0","0"
"02-11-2021","Hyderabad","Past Milk 1L","1","0","0"
"02-11-2021","Hyderabad","A2 Value Pack 1L","1","0","0"
"02-11-2022","Hyderabad","Past Milk 1L","15","0","0"
"02-11-2022","Hyderabad","Raw Milk 1L","15","0","0"
"02-11-2022","Hyderabad","Ghee 500ml","1","0","0"
"02-11-2022","Hyderabad","A2 1L","40","0","0"
"02-11-2022","Hyderabad","A2 Ghee","2","0","0"
"02-11-2022","Hyderabad","Buffalo Milk 1L","60","0","0"
"02-11-2022","Hyderabad","Paneer 200g Cows Milk","3","0","0"
"02-11-2022","Hyderabad","A2 Value Pack 1L","160","2","0"
"02-11-2022","Hyderabad","Buffalo Ghee 500ml","1","0","0"
"02-11-2022","Hyderabad","Kharwas 120g","2","0","0"
"02-11-2022","Hyderabad","New A2 Value Pack 500ml","85","0","2"
"02-11-2022","Hyderabad","Insulated Door Bag","1","0","0"
"02-11-2022","Hyderabad","Buffalo Milk Value Pack 500ml","38","0","0"
"02-11-2022","Hyderabad","Dahi","8","0","0"
"02-11-2022","Hyderabad","Past Milk Value Pack 1L","6","0","0"
"02-11-2022","Hyderabad","Raw Value Pack 1L","22","0","1"
"02-11-2022","Hyderabad","Buffalo Value Pack 1L","27","0","0"
"02-11-2022","Hyderabad","Lactose Free Milk 0.5L","5","0","0"
"02-11-2022","Hyderabad","Past Milk Value Pack 0.5L","3","0","0"
"02-11-2023","Hyderabad","Past Milk 1L","14","0","0"
"02-11-2023","Hyderabad","Raw Milk 1L","18","0","0"
"02-11-2023","Hyderabad","Ghee 500ml","5","0","0"
"02-11-2023","Hyderabad","A2 1L","71","0","0"
"02-11-2023","Hyderabad","Curd Culture","3","0","1"
"02-11-2023","Hyderabad","A2 Ghee","4","0","0"
"02-11-2023","Hyderabad","Buffalo Milk 1L","40","0","3"
"02-11-2023","Hyderabad","Paneer 200g Cows Milk","8","0","0"
"02-11-2023","Hyderabad","A2 Value Pack 1L","502","3","2"
"02-11-2023","Hyderabad","Kharwas 120g","7","0","0"
"02-11-2023","Hyderabad","A2 Gir Cow Paneer 200g","2","0","0"
"02-11-2023","Hyderabad","New A2 Value Pack 500ml","169","0","0"
"02-11-2023","Hyderabad","Buffalo Milk Value Pack 500ml","135","1","2"
"02-11-2023","Hyderabad","Dahi","18","0","0"
"02-11-2023","Hyderabad","Past Milk Value Pack 1L","19","0","0"
"02-11-2023","Hyderabad","Raw Value Pack 1L","47","0","0"
"02-11-2023","Hyderabad","Buffalo Value Pack 1L","289","2","4"
"02-11-2023","Hyderabad","Lactose Free Milk 0.5L","10","0","0"
"02-11-2023","Hyderabad","Past Milk Value Pack 0.5L","15","0","0"
"02-11-2023","Hyderabad","Raw Milk Value Pack 0.5L","21","0","0"
"02-12-2020","Hyderabad","Raw Milk 1L","1","0","0"
"02-12-2020","Hyderabad","A2 Value Pack 1L","1","0","0"
"02-12-2021","Hyderabad","Raw Milk 1L","1","0","0"
"02-12-2021","Hyderabad","A2 Value Pack 1L","2","0","0"
"02-12-2021","Hyderabad","New A2 Value Pack 500ml","1","0","0"
"02-12-2022","Hyderabad","Past Milk 1L","16","0","1"
"02-12-2022","Hyderabad","Raw Milk 1L","13","0","0"
"02-12-2022","Hyderabad","Ghee 500ml","3","0","0"
"02-12-2022","Hyderabad","A2 1L","59","0","4"
"02-12-2022","Hyderabad","A2 Ghee","2","0","0"
"02-12-2022","Hyderabad","Buffalo Milk 1L","80","0","3"
"02-12-2022","Hyderabad","Paneer 200g Cows Milk","2","0","0"
"02-12-2022","Hyderabad","A2 Value Pack 1L","169","0","1"
"02-12-2022","Hyderabad","Buffalo Ghee 500ml","1","0","0"
"02-12-2022","Hyderabad","Kharwas 120g","2","0","0"
"02-12-2022","Hyderabad","A2 Gir Cow Paneer 200g","3","0","0"
"02-12-2022","Hyderabad","New A2 Value Pack 500ml","103","0","0"
"02-12-2022","Hyderabad","Buffalo Milk Value Pack 500ml","40","0","0"
"02-12-2022","Hyderabad","Dahi","5","0","0"
"02-12-2022","Hyderabad","Past Milk Value Pack 1L","13","1","0"
"02-12-2022","Hyderabad","Raw Value Pack 1L","24","0","1"
"02-12-2022","Hyderabad","Buffalo Value Pack 1L","32","0","6"
"02-12-2022","Hyderabad","Lactose Free Milk 0.5L","5","0","0"
"02-12-2022","Hyderabad","Past Milk Value Pack 0.5L","1","0","1"
"02-12-2022","Hyderabad","Raw Milk Value Pack 0.5L","8","0","0"
"02-12-2023","Hyderabad","Past Milk 1L","17","0","0"
"02-12-2023","Hyderabad","Raw Milk 1L","6","0","0"
"02-12-2023","Hyderabad","Ghee 500ml","1","0","0"
"02-12-2023","Hyderabad","A2 1L","59","1","2"
"02-12-2023","Hyderabad","Curd Culture","1","0","0"
"02-12-2023","Hyderabad","A2 Ghee","3","0","0"
"02-12-2023","Hyderabad","Buffalo Milk 1L","38","1","1"
"02-12-2023","Hyderabad","Paneer 200g Cows Milk","14","0","0"
"02-12-2023","Hyderabad","A2 Value Pack 1L","502","0","6"
"02-12-2023","Hyderabad","Buffalo Ghee 500ml","4","0","0"
"02-12-2023","Hyderabad","Kharwas 120g","7","0","0"
"02-12-2023","Hyderabad","A2 Gir Cow Paneer 200g","2","0","0"
"02-12-2023","Hyderabad","New A2 Value Pack 500ml","167","0","3"
"02-12-2023","Hyderabad","Buffalo Milk Value Pack 500ml","157","0","1"
"02-12-2023","Hyderabad","Dahi","12","0","0"
"02-12-2023","Hyderabad","Past Milk Value Pack 1L","16","0","0"
"02-12-2023","Hyderabad","Raw Value Pack 1L","57","0","0"
"02-12-2023","Hyderabad","Buffalo Value Pack 1L","304","2","3"
"02-12-2023","Hyderabad","Lactose Free Milk 0.5L","9","0","0"
"02-12-2023","Hyderabad","Past Milk Value Pack 0.5L","11","0","1"
"02-12-2023","Hyderabad","Raw Milk Value Pack 0.5L","26","0","0"
"03-01-2020","Hyderabad","Past Milk 1L","2","0","0"
"03-01-2020","Hyderabad","Raw Milk 1L","1","0","0"
"03-01-2020","Hyderabad","A2 Value Pack 1L","1","0","0"
"03-01-2021","Hyderabad","Buffalo Milk 1L","1","0","0"
"03-01-2021","Hyderabad","A2 Value Pack 1L","1","0","0"
"03-01-2022","Hyderabad","A2 Value Pack 1L","2","0","0"
"03-01-2023","Hyderabad","Past Milk 1L","25","0","0"
"03-01-2023","Hyderabad","Raw Milk 1L","11","0","1"
"03-01-2023","Hyderabad","Ghee 500ml","2","0","0"
"03-01-2023","Hyderabad","A2 1L","66","2","4"
"03-01-2023","Hyderabad","Buffalo Milk 1L","46","2","5"
"03-01-2023","Hyderabad","Paneer 200g Cows Milk","3","0","0"
"03-01-2023","Hyderabad","A2 Value Pack 1L","215","0","2"
"03-01-2023","Hyderabad","Buffalo Ghee 500ml","1","0","0"
"03-01-2023","Hyderabad","Kharwas 120g","1","0","0"
"03-01-2023","Hyderabad","New A2 Value Pack 500ml","88","1","0"
"03-01-2023","Hyderabad","Buffalo Milk Value Pack 500ml","38","1","1"
"03-01-2023","Hyderabad","Dahi","8","0","0"
"03-01-2023","Hyderabad","Past Milk Value Pack 1L","13","0","0"
"03-01-2023","Hyderabad","Raw Value Pack 1L","17","1","2"
"03-01-2023","Hyderabad","Buffalo Value Pack 1L","74","0","11"
"03-01-2023","Hyderabad","Lactose Free Milk 0.5L","4","0","1"
"03-01-2023","Hyderabad","Past Milk Value Pack 0.5L","2","0","0"
"03-01-2023","Hyderabad","Raw Milk Value Pack 0.5L","7","0","1"
"03-01-2024","Hyderabad","Past Milk 1L","17","0","0"
"03-01-2024","Hyderabad","Raw Milk 1L","11","0","0"
"03-01-2024","Hyderabad","Ghee 500ml","4","0","0"
"03-01-2024","Hyderabad","A2 1L","64","0","1"
"03-01-2024","Hyderabad","Curd Culture","2","0","0"
"03-01-2024","Hyderabad","A2 Ghee","6","0","0"
"03-01-2024","Hyderabad","Buffalo Milk 1L","34","0","6"
"03-01-2024","Hyderabad","Paneer 200g Cows Milk","9","0","0"
"03-01-2024","Hyderabad","A2 Value Pack 1L","560","1","4"
"03-01-2024","Hyderabad","Kharwas 120g","4","0","0"
"03-01-2024","Hyderabad","A2 Gir Cow Paneer 200g","4","0","0"
"03-01-2024","Hyderabad","New A2 Value Pack 500ml","186","0","2"
"03-01-2024","Hyderabad","Insulated Door Bag","1","0","0"
"03-01-2024","Hyderabad","Buffalo Milk Value Pack 500ml","159","0","1"
"03-01-2024","Hyderabad","Dahi","18","0","0"
"03-01-2024","Hyderabad","Past Milk Value Pack 1L","23","0","0"
"03-01-2024","Hyderabad","Raw Value Pack 1L","72","1","0"
"03-01-2024","Hyderabad","Buffalo Value Pack 1L","330","0","2"
"03-01-2024","Hyderabad","Lactose Free Milk 0.5L","8","0","0"
"03-01-2024","Hyderabad","Past Milk Value Pack 0.5L","16","0","0"
"03-01-2024","Hyderabad","Raw Milk Value Pack 0.5L","24","1","0"
"03-02-2020","Hyderabad","Past Milk 1L","1","0","0"
"03-02-2020","Hyderabad","A2 1L","1","0","0"
"03-02-2021","Hyderabad","A2 1L","1","0","0"
"03-02-2021","Hyderabad","Buffalo Milk 1L","1","0","0"
"03-02-2021","Hyderabad","A2 Value Pack 1L","2","0","0"
"03-02-2022","Hyderabad","Past Milk 1L","2","0","0"
"03-02-2022","Hyderabad","Raw Milk 1L","4","0","2"
"03-02-2022","Hyderabad","A2 1L","9","0","5"
"03-02-2022","Hyderabad","Buffalo Milk 1L","4","0","1"
"03-02-2022","Hyderabad","A2 Value Pack 1L","12","0","0"
"03-02-2022","Hyderabad","New A2 Value Pack 500ml","6","0","1"
"03-02-2022","Hyderabad","Buffalo Milk Value Pack 500ml","8","0","2"
"03-02-2023","Hyderabad","Past Milk 1L","17","1","0"
"03-02-2023","Hyderabad","Raw Milk 1L","15","0","0"
"03-02-2023","Hyderabad","Ghee 500ml","2","0","0"
"03-02-2023","Hyderabad","A2 1L","52","2","2"
"03-02-2023","Hyderabad","Curd Culture","1","0","0"
"03-02-2023","Hyderabad","A2 Ghee","4","0","0"
"03-02-2023","Hyderabad","Buffalo Milk 1L","54","1","5"
"03-02-2023","Hyderabad","Paneer 200g Cows Milk","7","0","0"
"03-02-2023","Hyderabad","A2 Value Pack 1L","253","1","1"
"03-02-2023","Hyderabad","Buffalo Ghee 500ml","3","0","0"
"03-02-2023","Hyderabad","Kharwas 120g","3","0","0"
"03-02-2023","Hyderabad","A2 Gir Cow Paneer 200g","4","0","0"
"03-02-2023","Hyderabad","New A2 Value Pack 500ml","98","1","3"
"03-02-2023","Hyderabad","Insulated Door Bag","2","0","0"
"03-02-2023","Hyderabad","Buffalo Milk Value Pack 500ml","50","0","1"
"03-02-2023","Hyderabad","Dahi","11","0","0"
"03-02-2023","Hyderabad","Past Milk Value Pack 1L","11","0","0"
"03-02-2023","Hyderabad","Raw Value Pack 1L","31","1","0"
"03-02-2023","Hyderabad","Buffalo Value Pack 1L","110","1","4"
"03-02-2023","Hyderabad","Lactose Free Milk 0.5L","9","0","0"
"03-02-2023","Hyderabad","Past Milk Value Pack 0.5L","7","1","1"
"03-02-2023","Hyderabad","Raw Milk Value Pack 0.5L","20","0","0"
"03-02-2024","Hyderabad","Past Milk 1L","16","0","0"
"03-02-2024","Hyderabad","Raw Milk 1L","11","0","1"
"03-02-2024","Hyderabad","Ghee 500ml","8","0","0"
"03-02-2024","Hyderabad","A2 1L","73","0","3"
"03-02-2024","Hyderabad","Curd Culture","2","0","0"
"03-02-2024","Hyderabad","A2 Ghee","4","0","0"
"03-02-2024","Hyderabad","Buffalo Milk 1L","44","0","10"
"03-02-2024","Hyderabad","Paneer 200g Cows Milk","13","0","0"
"03-02-2024","Hyderabad","A2 Value Pack 1L","562","3","5"
"03-02-2024","Hyderabad","Kharwas 120g","15","0","0"
"03-02-2024","Hyderabad","A2 Gir Cow Paneer 200g","2","0","0"
"03-02-2024","Hyderabad","New A2 Value Pack 500ml","211","2","3"
"03-02-2024","Hyderabad","Buffalo Milk Value Pack 500ml","159","1","2"
"03-02-2024","Hyderabad","Dahi","11","0","0"
"03-02-2024","Hyderabad","Past Milk Value Pack 1L","22","0","0"
"03-02-2024","Hyderabad","Raw Value Pack 1L","66","0","0"
"03-02-2024","Hyderabad","Buffalo Value Pack 1L","334","0","2"
"03-02-2024","Hyderabad","Lactose Free Milk 0.5L","10","0","0"
"03-02-2024","Hyderabad","Past Milk Value Pack 0.5L","22","1","1"
"03-02-2024","Hyderabad","Raw Milk Value Pack 0.5L","24","0","0"
"03-03-2020","Hyderabad","Past Milk 1L","3","0","0"
"03-03-2020","Hyderabad","A2 Value Pack 1L","1","0","0"
"03-03-2021","Hyderabad","A2 1L","2","0","0"
"03-03-2021","Hyderabad","A2 Value Pack 1L","2","0","0"
"03-03-2022","Hyderabad","Past Milk 1L","10","0","1"
"03-03-2022","Hyderabad","Raw Milk 1L","7","0","0"
"03-03-2022","Hyderabad","Past Milk 0.5L","2","0","1"
"03-03-2022","Hyderabad","Ghee 500ml","1","0","0"
"03-03-2022","Hyderabad","A2 1L","25","0","1"
"03-03-2022","Hyderabad","Curd Culture","1","0","0"
"03-03-2022","Hyderabad","A2 Ghee","2","0","0"
"03-03-2022","Hyderabad","Buffalo Milk 1L","28","0","1"
"03-03-2022","Hyderabad","Paneer 200g Cows Milk","4","0","0"
"03-03-2022","Hyderabad","A2 Value Pack 1L","50","0","0"
"03-03-2022","Hyderabad","Kharwas 120g","2","0","0"
"03-03-2022","Hyderabad","A2 Gir Cow Paneer 200g","1","0","0"
"03-03-2022","Hyderabad","New A2 Value Pack 500ml","24","0","1"
"03-03-2022","Hyderabad","Buffalo Milk Value Pack 500ml","14","0","0"
"03-03-2022","Hyderabad","Dahi","3","0","0"
"03-03-2023","Hyderabad","Past Milk 1L","19","0","0"
"03-03-2023","Hyderabad","Raw Milk 1L","22","0","0"
"03-03-2023","Hyderabad","Ghee 500ml","3","0","0"
"03-03-2023","Hyderabad","A2 1L","57","0","1"
"03-03-2023","Hyderabad","Curd Culture","3","0","0"
"03-03-2023","Hyderabad","A2 Ghee","7","0","0"
"03-03-2023","Hyderabad","Buffalo Milk 1L","50","0","0"
"03-03-2023","Hyderabad","Paneer 200g Cows Milk","6","0","0"
"03-03-2023","Hyderabad","A2 Value Pack 1L","259","2","4"
"03-03-2023","Hyderabad","Buffalo Ghee 500ml","2","0","0"
"03-03-2023","Hyderabad","Kharwas 120g","6","0","0"
"03-03-2023","Hyderabad","A2 Gir Cow Paneer 200g","1","0","0"
"03-03-2023","Hyderabad","New A2 Value Pack 500ml","97","1","0"
"03-03-2023","Hyderabad","Insulated Door Bag","1","0","0"
"03-03-2023","Hyderabad","Buffalo Milk Value Pack 500ml","64","1","4"
"03-03-2023","Hyderabad","Dahi","15","0","0"
"03-03-2023","Hyderabad","Past Milk Value Pack 1L","17","0","0"
"03-03-2023","Hyderabad","Raw Value Pack 1L","38","2","0"
"03-03-2023","Hyderabad","Buffalo Value Pack 1L","114","0","11"
"03-03-2023","Hyderabad","Lactose Free Milk 0.5L","11","0","0"
"03-03-2023","Hyderabad","Past Milk Value Pack 0.5L","6","0","0"
"03-03-2023","Hyderabad","Raw Milk Value Pack 0.5L","14","0","0"
"03-03-2024","Hyderabad","Past Milk 1L","20","0","0"
"03-03-2024","Hyderabad","Raw Milk 1L","18","1","0"
"03-03-2024","Hyderabad","Ghee 500ml","2","0","0"
"03-03-2024","Hyderabad","A2 1L","62","0","5"
"03-03-2024","Hyderabad","Curd Culture","6","0","0"
"03-03-2024","Hyderabad","A2 Ghee","4","0","0"
"03-03-2024","Hyderabad","Buffalo Milk 1L","49","1","3"
"03-03-2024","Hyderabad","Paneer 200g Cows Milk","17","0","0"
"03-03-2024","Hyderabad","A2 Value Pack 1L","562","0","1"
"03-03-2024","Hyderabad","Buffalo Ghee 500ml","3","0","0"
"03-03-2024","Hyderabad","Kharwas 120g","20","0","0"
"03-03-2024","Hyderabad","A2 Gir Cow Paneer 200g","4","0","0"
"03-03-2024","Hyderabad","New A2 Value Pack 500ml","212","0","1"
"03-03-2024","Hyderabad","Buffalo Milk Value Pack 500ml","154","0","0"
"03-03-2024","Hyderabad","Dahi","17","0","0"
"03-03-2024","Hyderabad","Past Milk Value Pack 1L","19","0","0"
"03-03-2024","Hyderabad","Raw Value Pack 1L","67","0","0"
"03-03-2024","Hyderabad","Buffalo Value Pack 1L","348","1","0"
"03-03-2024","Hyderabad","Lactose Free Milk 0.5L","11","0","0"
"03-03-2024","Hyderabad","Past Milk Value Pack 0.5L","22","0","0"
"03-03-2024","Hyderabad","Raw Milk Value Pack 0.5L","12","0","0"
"03-04-2020","Hyderabad","Past Milk 1L","1","0","0"
"03-04-2020","Hyderabad","Raw Milk 1L","1","0","0"
"03-04-2020","Hyderabad","A2 Value Pack 1L","3","0","0"
"03-04-2021","Hyderabad","Curd Culture","1","0","0"
"03-04-2021","Hyderabad","A2 Value Pack 1L","1","0","0"
"03-04-2022","Hyderabad","Past Milk 1L","11","0","0"
"03-04-2022","Hyderabad","Raw Milk 1L","11","0","0"
"03-04-2022","Hyderabad","Past Milk 0.5L","1","0","0"
"03-04-2022","Hyderabad","A2 1L","34","0","1"
"03-04-2022","Hyderabad","Buffalo Milk 1L","41","0","0"
"03-04-2022","Hyderabad","Paneer 200g Cows Milk","2","0","0"
"03-04-2022","Hyderabad","A2 Value Pack 1L","68","0","1"
"03-04-2022","Hyderabad","A2 Gir Cow Paneer 200g","1","0","0"
"03-04-2022","Hyderabad","New A2 Value Pack 500ml","31","0","0"
"03-04-2022","Hyderabad","Buffalo Milk Value Pack 500ml","19","0","0"
"03-04-2022","Hyderabad","Dahi","3","0","0"
"03-04-2023","Hyderabad","Past Milk 1L","18","0","0"
"03-04-2023","Hyderabad","Raw Milk 1L","20","0","0"
"03-04-2023","Hyderabad","Ghee 500ml","2","0","0"
"03-04-2023","Hyderabad","A2 1L","61","1","0"
"03-04-2023","Hyderabad","Curd Culture","4","0","0"
"03-04-2023","Hyderabad","A2 Ghee","3","0","0"
"03-04-2023","Hyderabad","Buffalo Milk 1L","53","4","0"
"03-04-2023","Hyderabad","Paneer 200g Cows Milk","3","0","0"
"03-04-2023","Hyderabad","A2 Value Pack 1L","293","0","0"
"03-04-2023","Hyderabad","Buffalo Ghee 500ml","1","0","0"
"03-04-2023","Hyderabad","Kharwas 120g","1","0","0"
"03-04-2023","Hyderabad","A2 Gir Cow Paneer 200g","5","0","0"
"03-04-2023","Hyderabad","New A2 Value Pack 500ml","114","0","0"
"03-04-2023","Hyderabad","Buffalo Milk Value Pack 500ml","66","1","0"
"03-04-2023","Hyderabad","Dahi","15","0","0"
"03-04-2023","Hyderabad","Past Milk Value Pack 1L","16","0","0"
"03-04-2023","Hyderabad","Raw Value Pack 1L","44","0","0"
"03-04-2023","Hyderabad","Buffalo Value Pack 1L","143","1","0"
"03-04-2023","Hyderabad","Lactose Free Milk 0.5L","8","0","0"
"03-04-2023","Hyderabad","Past Milk Value Pack 0.5L","6","0","0"
"03-04-2023","Hyderabad","Raw Milk Value Pack 0.5L","17","1","0"
"03-04-2024","Hyderabad","Past Milk 1L","19","0","1"
"03-04-2024","Hyderabad","Raw Milk 1L","15","0","0"
"03-04-2024","Hyderabad","A2 1L","138","0","5"
"03-04-2024","Hyderabad","Curd Culture","4","0","0"
"03-04-2024","Hyderabad","A2 Ghee","1","0","0"
"03-04-2024","Hyderabad","Buffalo Milk 1L","45","0","6"
"03-04-2024","Hyderabad","Paneer 200g Cows Milk","15","0","0"
"03-04-2024","Hyderabad","A2 Value Pack 1L","591","0","1"
"03-04-2024","Hyderabad","Buffalo Ghee 500ml","4","0","0"
"03-04-2024","Hyderabad","Kharwas 120g","8","0","0"
"03-04-2024","Hyderabad","A2 Gir Cow Paneer 200g","2","0","0"
"03-04-2024","Hyderabad","New A2 Value Pack 500ml","320","0","1"
"03-04-2024","Hyderabad","Buffalo Milk Value Pack 500ml","243","1","0"
"03-04-2024","Hyderabad","Dahi","17","0","0"
"03-04-2024","Hyderabad","Past Milk Value Pack 1L","16","0","0"
"03-04-2024","Hyderabad","Raw Value Pack 1L","61","0","0"
"03-04-2024","Hyderabad","Buffalo Value Pack 1L","393","0","1"
"03-04-2024","Hyderabad","Lactose Free Milk 0.5L","14","0","0"
"03-04-2024","Hyderabad","Past Milk Value Pack 0.5L","18","0","0"
"03-04-2024","Hyderabad","Raw Milk Value Pack 0.5L","23","0","0"
"03-05-2020","Hyderabad","Past Milk 1L","2","0","0"
"03-05-2020","Hyderabad","A2 1L","1","0","0"
"03-05-2020","Hyderabad","Buffalo Milk 1L","1","0","0"
"03-05-2020","Hyderabad","A2 Value Pack 1L","1","0","0"
"03-05-2020","Hyderabad","New A2 Value Pack 500ml","1","0","0"
"03-05-2021","Hyderabad","Buffalo Milk 1L","1","0","0"
"03-05-2022","Hyderabad","Past Milk 1L","9","0","0"
"03-05-2022","Hyderabad","Raw Milk 1L","18","0","0"
"03-05-2022","Hyderabad","Past Milk 0.5L","2","0","0"
"03-05-2022","Hyderabad","Ghee 500ml","3","0","0"
"03-05-2022","Hyderabad","A2 1L","47","0","4"
"03-05-2022","Hyderabad","Curd Culture","1","0","0"
"03-05-2022","Hyderabad","A2 Ghee","1","0","0"
"03-05-2022","Hyderabad","Buffalo Milk 1L","43","0","1"
"03-05-2022","Hyderabad","Paneer 200g Cows Milk","1","0","0"
"03-05-2022","Hyderabad","A2 Value Pack 1L","66","0","0"
"03-05-2022","Hyderabad","New A2 Value Pack 500ml","26","0","1"
"03-05-2022","Hyderabad","Buffalo Milk Value Pack 500ml","30","0","1"
"03-05-2022","Hyderabad","Tender Coconut","1","0","0"
"03-05-2022","Hyderabad","Dahi","3","0","0"
"03-05-2023","Hyderabad","Past Milk 1L","17","0","0"
"03-05-2023","Hyderabad","Raw Milk 1L","16","0","0"
"03-05-2023","Hyderabad","A2 1L","56","11","1"
"03-05-2023","Hyderabad","Curd Culture","3","0","0"
"03-05-2023","Hyderabad","A2 Ghee","0","1","0"
"03-05-2023","Hyderabad","Buffalo Milk 1L","45","9","1"
"03-05-2023","Hyderabad","Paneer 200g Cows Milk","3","0","0"
"03-05-2023","Hyderabad","A2 Value Pack 1L","265","7","0"
"03-05-2023","Hyderabad","Buffalo Ghee 500ml","3","0","0"
"03-05-2023","Hyderabad","Kharwas 120g","4","0","0"
"03-05-2023","Hyderabad","A2 Gir Cow Paneer 200g","2","0","0"
"03-05-2023","Hyderabad","New A2 Value Pack 500ml","102","1","0"
"03-05-2023","Hyderabad","Buffalo Milk Value Pack 500ml","75","6","0"
"03-05-2023","Hyderabad","Dahi","13","0","0"
"03-05-2023","Hyderabad","Past Milk Value Pack 1L","19","1","0"
"03-05-2023","Hyderabad","Raw Value Pack 1L","39","1","0"
"03-05-2023","Hyderabad","Buffalo Value Pack 1L","144","12","0"
"03-05-2023","Hyderabad","Lactose Free Milk 0.5L","6","0","0"
"03-05-2023","Hyderabad","Past Milk Value Pack 0.5L","5","0","0"
"03-05-2023","Hyderabad","Raw Milk Value Pack 0.5L","15","0","0"
"03-06-2020","Hyderabad","Past Milk 1L","2","0","0"
"03-06-2020","Hyderabad","New A2 Value Pack 500ml","1","0","0"
"03-06-2021","Hyderabad","A2 1L","1","0","0"
"03-06-2021","Hyderabad","A2 Value Pack 1L","1","0","0"
"03-06-2022","Hyderabad","Past Milk 1L","16","0","0"
"03-06-2022","Hyderabad","Raw Milk 1L","14","0","1"
"03-06-2022","Hyderabad","Past Milk 0.5L","4","0","1"
"03-06-2022","Hyderabad","Ghee 500ml","1","0","0"
"03-06-2022","Hyderabad","A2 1L","49","3","3"
"03-06-2022","Hyderabad","Curd Culture","1","0","0"
"03-06-2022","Hyderabad","A2 Ghee","2","0","0"
"03-06-2022","Hyderabad","Buffalo Milk 1L","55","2","3"
"03-06-2022","Hyderabad","Paneer 200g Cows Milk","1","0","0"
"03-06-2022","Hyderabad","A2 Value Pack 1L","102","1","1"
"03-06-2022","Hyderabad","Kharwas 120g","5","0","0"
"03-06-2022","Hyderabad","New A2 Value Pack 500ml","48","0","1"
"03-06-2022","Hyderabad","Buffalo Milk Value Pack 500ml","26","0","1"
"03-06-2022","Hyderabad","Dahi","2","0","0"
"03-06-2023","Hyderabad","Past Milk 1L","13","0","0"
"03-06-2023","Hyderabad","Raw Milk 1L","20","0","0"
"03-06-2023","Hyderabad","Ghee 500ml","3","0","0"
"03-06-2023","Hyderabad","A2 1L","53","2","4"
"03-06-2023","Hyderabad","Curd Culture","3","0","0"
"03-06-2023","Hyderabad","A2 Ghee","1","0","0"
"03-06-2023","Hyderabad","Buffalo Milk 1L","32","2","1"
"03-06-2023","Hyderabad","Paneer 200g Cows Milk","5","0","0"
"03-06-2023","Hyderabad","A2 Value Pack 1L","283","4","1"
"03-06-2023","Hyderabad","Buffalo Ghee 500ml","1","0","0"
"03-06-2023","Hyderabad","Kharwas 120g","5","0","0"
"03-06-2023","Hyderabad","A2 Gir Cow Paneer 200g","3","0","0"
"03-06-2023","Hyderabad","New A2 Value Pack 500ml","93","1","0"
"03-06-2023","Hyderabad","Insulated Door Bag","2","0","0"
"03-06-2023","Hyderabad","Buffalo Milk Value Pack 500ml","74","6","3"
"03-06-2023","Hyderabad","Dahi","12","0","0"
"03-06-2023","Hyderabad","Past Milk Value Pack 1L","16","1","0"
"03-06-2023","Hyderabad","Raw Value Pack 1L","33","1","1"
"03-06-2023","Hyderabad","Buffalo Value Pack 1L","187","14","8"
"03-06-2023","Hyderabad","Lactose Free Milk 0.5L","10","0","0"
"03-06-2023","Hyderabad","Past Milk Value Pack 0.5L","11","0","0"
"03-06-2023","Hyderabad","Raw Milk Value Pack 0.5L","14","0","0"
"03-07-2020","Hyderabad","Past Milk 1L","2","0","0"
"03-07-2020","Hyderabad","A2 Value Pack 1L","1","0","0"
"03-07-2021","Hyderabad","A2 1L","1","0","0"
"03-07-2021","Hyderabad","Buffalo Milk 1L","1","0","0"
"03-07-2021","Hyderabad","A2 Value Pack 1L","1","0","0"
"03-07-2022","Hyderabad","Past Milk 1L","25","0","0"
"03-07-2022","Hyderabad","Raw Milk 1L","19","0","1"
"03-07-2022","Hyderabad","A2 1L","46","0","2"
"03-07-2022","Hyderabad","A2 Ghee","2","0","0"
"03-07-2022","Hyderabad","Buffalo Milk 1L","63","2","2"
"03-07-2022","Hyderabad","Paneer 200g Cows Milk","2","0","0"
"03-07-2022","Hyderabad","A2 Value Pack 1L","118","0","0"
"03-07-2022","Hyderabad","Kharwas 120g","2","0","0"
"03-07-2022","Hyderabad","New A2 Value Pack 500ml","64","0","0"
"03-07-2022","Hyderabad","Buffalo Milk Value Pack 500ml","34","1","0"
"03-07-2022","Hyderabad","Dahi","8","0","0"
"03-07-2022","Hyderabad","Past Milk Value Pack 1L","2","0","0"
"03-07-2022","Hyderabad","Raw Value Pack 1L","6","0","0"
"03-07-2022","Hyderabad","Buffalo Value Pack 1L","3","0","0"
"03-07-2022","Hyderabad","Lactose Free Milk 0.5L","4","0","1"
"03-07-2023","Hyderabad","Past Milk 1L","15","0","0"
"03-07-2023","Hyderabad","Raw Milk 1L","11","0","0"
"03-07-2023","Hyderabad","Ghee 500ml","1","0","0"
"03-07-2023","Hyderabad","A2 1L","69","1","0"
"03-07-2023","Hyderabad","A2 Ghee","1","0","0"
"03-07-2023","Hyderabad","Buffalo Milk 1L","51","1","0"
"03-07-2023","Hyderabad","Paneer 200g Cows Milk","13","0","0"
"03-07-2023","Hyderabad","A2 Value Pack 1L","426","1","1"
"03-07-2023","Hyderabad","Kharwas 120g","6","0","0"
"03-07-2023","Hyderabad","A2 Gir Cow Paneer 200g","6","0","0"
"03-07-2023","Hyderabad","New A2 Value Pack 500ml","145","0","0"
"03-07-2023","Hyderabad","Insulated Door Bag","2","0","0"
"03-07-2023","Hyderabad","Buffalo Milk Value Pack 500ml","90","1","1"
"03-07-2023","Hyderabad","Dahi","12","0","0"
"03-07-2023","Hyderabad","Past Milk Value Pack 1L","13","0","0"
"03-07-2023","Hyderabad","Raw Value Pack 1L","51","0","0"
"03-07-2023","Hyderabad","Buffalo Value Pack 1L","208","2","0"
"03-07-2023","Hyderabad","Lactose Free Milk 0.5L","13","0","0"
"03-07-2023","Hyderabad","Past Milk Value Pack 0.5L","8","0","0"
"03-07-2023","Hyderabad","Raw Milk Value Pack 0.5L","23","0","0"
"03-08-2020","Hyderabad","Past Milk 1L","2","0","0"
"03-08-2020","Hyderabad","A2 1L","1","0","0"
"03-08-2021","Hyderabad","A2 1L","1","0","0"
"03-08-2021","Hyderabad","A2 Value Pack 1L","1","0","0"
"03-08-2022","Hyderabad","Past Milk 1L","21","0","0"
"03-08-2022","Hyderabad","Raw Milk 1L","15","0","0"
"03-08-2022","Hyderabad","Ghee 500ml","1","0","0"
"03-08-2022","Hyderabad","A2 1L","49","0","0"
"03-08-2022","Hyderabad","A2 Ghee","1","0","0"
"03-08-2022","Hyderabad","Buffalo Milk 1L","55","0","0"
"03-08-2022","Hyderabad","Paneer 200g Cows Milk","6","0","0"
"03-08-2022","Hyderabad","A2 Value Pack 1L","135","0","0"
"03-08-2022","Hyderabad","A2 Gir Cow Paneer 200g","3","0","0"
"03-08-2022","Hyderabad","New A2 Value Pack 500ml","67","0","0"
"03-08-2022","Hyderabad","Buffalo Milk Value Pack 500ml","26","0","0"
"03-08-2022","Hyderabad","Dahi","1","0","0"
"03-08-2022","Hyderabad","Past Milk Value Pack 1L","2","0","0"
"03-08-2022","Hyderabad","Raw Value Pack 1L","12","0","0"
"03-08-2022","Hyderabad","Buffalo Value Pack 1L","12","0","0"
"03-08-2022","Hyderabad","Lactose Free Milk 0.5L","2","0","0"
"03-08-2023","Hyderabad","Past Milk 1L","25","0","0"
"03-08-2023","Hyderabad","Raw Milk 1L","16","0","0"
"03-08-2023","Hyderabad","Ghee 500ml","5","0","0"
"03-08-2023","Hyderabad","A2 1L","65","1","0"
"03-08-2023","Hyderabad","Curd Culture","3","0","0"
"03-08-2023","Hyderabad","A2 Ghee","2","0","1"
"03-08-2023","Hyderabad","Buffalo Milk 1L","44","1","5"
"03-08-2023","Hyderabad","Paneer 200g Cows Milk","2","0","0"
"03-08-2023","Hyderabad","A2 Value Pack 1L","421","1","6"
"03-08-2023","Hyderabad","Kharwas 120g","1","0","0"
"03-08-2023","Hyderabad","A2 Gir Cow Paneer 200g","2","0","2"
"03-08-2023","Hyderabad","New A2 Value Pack 500ml","153","0","2"
"03-08-2023","Hyderabad","Insulated Door Bag","1","0","0"
"03-08-2023","Hyderabad","Buffalo Milk Value Pack 500ml","85","1","2"
"03-08-2023","Hyderabad","Dahi","19","0","0"
"03-08-2023","Hyderabad","Past Milk Value Pack 1L","18","0","0"
"03-08-2023","Hyderabad","Raw Value Pack 1L","65","0","0"
"03-08-2023","Hyderabad","Buffalo Value Pack 1L","204","1","5"
"03-08-2023","Hyderabad","Lactose Free Milk 0.5L","11","0","0"
"03-08-2023","Hyderabad","Past Milk Value Pack 0.5L","11","0","1"
"03-08-2023","Hyderabad","Raw Milk Value Pack 0.5L","24","0","0"
"03-09-2020","Hyderabad","Past Milk 1L","1","0","0"
"03-09-2021","Hyderabad","A2 Value Pack 1L","1","0","0"
"03-09-2022","Hyderabad","Past Milk 1L","21","0","0"
"03-09-2022","Hyderabad","Raw Milk 1L","16","0","0"
"03-09-2022","Hyderabad","A2 1L","47","1","2"
"03-09-2022","Hyderabad","Curd Culture","2","0","1"
"03-09-2022","Hyderabad","Buffalo Milk 1L","50","0","3"
"03-09-2022","Hyderabad","Paneer 200g Cows Milk","2","0","0"
"03-09-2022","Hyderabad","A2 Value Pack 1L","122","0","0"
"03-09-2022","Hyderabad","Kharwas 120g","7","0","0"
"03-09-2022","Hyderabad","New A2 Value Pack 500ml","69","0","1"
"03-09-2022","Hyderabad","Buffalo Milk Value Pack 500ml","36","0","0"
"03-09-2022","Hyderabad","Dahi","13","0","0"
"03-09-2022","Hyderabad","Past Milk Value Pack 1L","8","0","0"
"03-09-2022","Hyderabad","Raw Value Pack 1L","16","0","0"
"03-09-2022","Hyderabad","Buffalo Value Pack 1L","11","0","1"
"03-09-2022","Hyderabad","Lactose Free Milk 0.5L","4","0","0"
"03-09-2023","Hyderabad","Past Milk 1L","23","0","0"
"03-09-2023","Hyderabad","Raw Milk 1L","20","0","0"
"03-09-2023","Hyderabad","Ghee 500ml","1","0","0"
"03-09-2023","Hyderabad","A2 1L","62","0","2"
"03-09-2023","Hyderabad","Curd Culture","5","0","0"
"03-09-2023","Hyderabad","A2 Ghee","8","0","0"
"03-09-2023","Hyderabad","Buffalo Milk 1L","54","1","5"
"03-09-2023","Hyderabad","Paneer 200g Cows Milk","9","0","0"
"03-09-2023","Hyderabad","A2 Value Pack 1L","433","2","3"
"03-09-2023","Hyderabad","Buffalo Ghee 500ml","1","0","0"
"03-09-2023","Hyderabad","Kharwas 120g","5","0","0"
"03-09-2023","Hyderabad","A2 Gir Cow Paneer 200g","8","0","0"
"03-09-2023","Hyderabad","New A2 Value Pack 500ml","134","0","0"
"03-09-2023","Hyderabad","Buffalo Milk Value Pack 500ml","88","0","0"
"03-09-2023","Hyderabad","Dahi","15","0","0"
"03-09-2023","Hyderabad","Past Milk Value Pack 1L","18","0","0"
"03-09-2023","Hyderabad","Raw Value Pack 1L","62","0","3"
"03-09-2023","Hyderabad","Buffalo Value Pack 1L","225","3","1"
"03-09-2023","Hyderabad","Lactose Free Milk 0.5L","10","0","0"
"03-09-2023","Hyderabad","Past Milk Value Pack 0.5L","10","0","0"
"03-09-2023","Hyderabad","Raw Milk Value Pack 0.5L","20","0","0"
"03-10-2020","Hyderabad","Past Milk 1L","1","0","0"
"03-10-2020","Hyderabad","A2 1L","1","0","0"
"03-10-2020","Hyderabad","A2 Value Pack 1L","1","0","0"
"03-10-2021","Hyderabad","A2 Value Pack 1L","1","0","0"
"03-10-2022","Hyderabad","Past Milk 1L","15","0","2"
"03-10-2022","Hyderabad","Raw Milk 1L","19","0","1"
"03-10-2022","Hyderabad","Ghee 500ml","1","0","0"
"03-10-2022","Hyderabad","A2 1L","54","0","8"
"03-10-2022","Hyderabad","Curd Culture","1","0","0"
"03-10-2022","Hyderabad","A2 Ghee","1","0","0"
"03-10-2022","Hyderabad","Buffalo Milk 1L","48","0","7"
"03-10-2022","Hyderabad","Paneer 200g Cows Milk","8","0","0"
"03-10-2022","Hyderabad","A2 Value Pack 1L","108","0","0"
"03-10-2022","Hyderabad","Buffalo Ghee 500ml","1","0","0"
"03-10-2022","Hyderabad","Kharwas 120g","3","0","0"
"03-10-2022","Hyderabad","A2 Gir Cow Paneer 200g","2","0","0"
"03-10-2022","Hyderabad","New A2 Value Pack 500ml","84","0","1"
"03-10-2022","Hyderabad","Buffalo Milk Value Pack 500ml","37","0","1"
"03-10-2022","Hyderabad","Dahi","11","0","0"
"03-10-2022","Hyderabad","Past Milk Value Pack 1L","9","0","0"
"03-10-2022","Hyderabad","Raw Value Pack 1L","21","0","0"
"03-10-2022","Hyderabad","Buffalo Value Pack 1L","8","0","2"
"03-10-2022","Hyderabad","Lactose Free Milk 0.5L","16","0","0"
"03-10-2023","Hyderabad","Past Milk 1L","21","0","0"
"03-10-2023","Hyderabad","Raw Milk 1L","14","0","1"
"03-10-2023","Hyderabad","A2 1L","85","1","0"
"03-10-2023","Hyderabad","Curd Culture","3","0","0"
"03-10-2023","Hyderabad","A2 Ghee","2","0","0"
"03-10-2023","Hyderabad","Buffalo Milk 1L","51","0","9"
"03-10-2023","Hyderabad","Paneer 200g Cows Milk","4","0","0"
"03-10-2023","Hyderabad","A2 Value Pack 1L","466","1","6"
"03-10-2023","Hyderabad","Buffalo Ghee 500ml","2","0","0"
"03-10-2023","Hyderabad","Kharwas 120g","10","0","0"
"03-10-2023","Hyderabad","A2 Gir Cow Paneer 200g","7","0","0"
"03-10-2023","Hyderabad","New A2 Value Pack 500ml","164","0","0"
"03-10-2023","Hyderabad","Insulated Door Bag","1","0","0"
"03-10-2023","Hyderabad","Buffalo Milk Value Pack 500ml","114","0","0"
"03-10-2023","Hyderabad","Dahi","16","0","0"
"03-10-2023","Hyderabad","Past Milk Value Pack 1L","18","0","0"
"03-10-2023","Hyderabad","Raw Value Pack 1L","52","0","1"
"03-10-2023","Hyderabad","Buffalo Value Pack 1L","263","1","3"
"03-10-2023","Hyderabad","Lactose Free Milk 0.5L","11","0","0"
"03-10-2023","Hyderabad","Past Milk Value Pack 0.5L","18","0","0"
"03-10-2023","Hyderabad","Raw Milk Value Pack 0.5L","23","0","0"
"03-11-2020","Hyderabad","Past Milk 1L","1","0","0"
"03-11-2020","Hyderabad","A2 Value Pack 1L","1","0","0"
"03-11-2020","Hyderabad","New A2 Value Pack 500ml","1","0","0"
"03-11-2021","Hyderabad","Past Milk 1L","1","0","0"
"03-11-2021","Hyderabad","A2 1L","1","0","0"
"03-11-2021","Hyderabad","A2 Value Pack 1L","2","0","0"
"03-11-2022","Hyderabad","Past Milk 1L","17","0","0"
"03-11-2022","Hyderabad","Raw Milk 1L","15","0","0"
"03-11-2022","Hyderabad","A2 1L","46","0","0"
"03-11-2022","Hyderabad","A2 Ghee","2","0","0"
"03-11-2022","Hyderabad","Buffalo Milk 1L","58","1","0"
"03-11-2022","Hyderabad","Paneer 200g Cows Milk","3","0","0"
"03-11-2022","Hyderabad","A2 Value Pack 1L","159","1","0"
"03-11-2022","Hyderabad","A2 Gir Cow Paneer 200g","2","0","0"
"03-11-2022","Hyderabad","New A2 Value Pack 500ml","85","0","2"
"03-11-2022","Hyderabad","Buffalo Milk Value Pack 500ml","34","0","0"
"03-11-2022","Hyderabad","Dahi","5","0","0"
"03-11-2022","Hyderabad","Past Milk Value Pack 1L","4","0","0"
"03-11-2022","Hyderabad","Raw Value Pack 1L","21","0","0"
"03-11-2022","Hyderabad","Buffalo Value Pack 1L","25","0","0"
"03-11-2022","Hyderabad","Lactose Free Milk 0.5L","9","0","0"
"03-11-2022","Hyderabad","Past Milk Value Pack 0.5L","2","0","0"
"03-11-2022","Hyderabad","Raw Milk Value Pack 0.5L","1","0","0"
"03-11-2023","Hyderabad","Past Milk 1L","22","0","0"
"03-11-2023","Hyderabad","Raw Milk 1L","17","0","1"
"03-11-2023","Hyderabad","Ghee 500ml","6","0","0"
"03-11-2023","Hyderabad","A2 1L","72","0","0"
"03-11-2023","Hyderabad","Curd Culture","3","0","0"
"03-11-2023","Hyderabad","A2 Ghee","4","0","0"
"03-11-2023","Hyderabad","Buffalo Milk 1L","44","0","1"
"03-11-2023","Hyderabad","Paneer 200g Cows Milk","11","0","0"
"03-11-2023","Hyderabad","A2 Value Pack 1L","505","1","2"
"03-11-2023","Hyderabad","Buffalo Ghee 500ml","7","0","0"
"03-11-2023","Hyderabad","Kharwas 120g","13","0","0"
"03-11-2023","Hyderabad","A2 Gir Cow Paneer 200g","2","0","0"
"03-11-2023","Hyderabad","New A2 Value Pack 500ml","174","1","0"
"03-11-2023","Hyderabad","Buffalo Milk Value Pack 500ml","154","0","1"
"03-11-2023","Hyderabad","Dahi","21","0","0"
"03-11-2023","Hyderabad","Past Milk Value Pack 1L","21","0","1"
"03-11-2023","Hyderabad","Raw Value Pack 1L","48","0","1"
"03-11-2023","Hyderabad","Buffalo Value Pack 1L","269","1","3"
"03-11-2023","Hyderabad","Lactose Free Milk 0.5L","10","0","0"
"03-11-2023","Hyderabad","Past Milk Value Pack 0.5L","14","0","0"
"03-11-2023","Hyderabad","Raw Milk Value Pack 0.5L","27","0","0"
"03-12-2020","Hyderabad","Past Milk 1L","1","0","0"
"03-12-2020","Hyderabad","Buffalo Milk 1L","1","0","0"
"03-12-2020","Hyderabad","A2 Value Pack 1L","1","0","0"
"03-12-2021","Hyderabad","Past Milk 0.5L","1","0","0"
"03-12-2021","Hyderabad","New A2 Value Pack 500ml","1","0","0"
"03-12-2021","Hyderabad","Dahi","2","0","0"
"03-12-2022","Hyderabad","Past Milk 1L","20","0","0"
"03-12-2022","Hyderabad","Raw Milk 1L","16","0","0"
"03-12-2022","Hyderabad","Ghee 500ml","1","0","0"
"03-12-2022","Hyderabad","A2 1L","72","1","3"
"03-12-2022","Hyderabad","Curd Culture","2","0","0"
"03-12-2022","Hyderabad","A2 Ghee","1","0","0"
"03-12-2022","Hyderabad","Buffalo Milk 1L","54","1","11"
"03-12-2022","Hyderabad","Paneer 200g Cows Milk","3","0","0"
"03-12-2022","Hyderabad","A2 Value Pack 1L","164","0","7"
"03-12-2022","Hyderabad","Buffalo Ghee 500ml","3","0","0"
"03-12-2022","Hyderabad","Kharwas 120g","4","0","0"
"03-12-2022","Hyderabad","A2 Gir Cow Paneer 200g","1","0","0"
"03-12-2022","Hyderabad","New A2 Value Pack 500ml","87","0","2"
"03-12-2022","Hyderabad","Buffalo Milk Value Pack 500ml","43","1","2"
"03-12-2022","Hyderabad","Dahi","6","0","0"
"03-12-2022","Hyderabad","Past Milk Value Pack 1L","9","0","1"
"03-12-2022","Hyderabad","Raw Value Pack 1L","26","0","3"
"03-12-2022","Hyderabad","Buffalo Value Pack 1L","45","0","5"
"03-12-2022","Hyderabad","Lactose Free Milk 0.5L","10","0","0"
"03-12-2022","Hyderabad","Past Milk Value Pack 0.5L","4","0","0"
"03-12-2022","Hyderabad","Raw Milk Value Pack 0.5L","9","0","0"
"03-12-2023","Hyderabad","Past Milk 1L","25","0","0"
"03-12-2023","Hyderabad","Raw Milk 1L","12","0","0"
"03-12-2023","Hyderabad","Ghee 500ml","7","0","0"
"03-12-2023","Hyderabad","A2 1L","50","0","1"
"03-12-2023","Hyderabad","Curd Culture","1","0","0"
"03-12-2023","Hyderabad","A2 Ghee","6","0","0"
"03-12-2023","Hyderabad","Buffalo Milk 1L","42","1","4"
"03-12-2023","Hyderabad","Paneer 200g Cows Milk","12","0","0"
"03-12-2023","Hyderabad","A2 Value Pack 1L","527","1","3"
"03-12-2023","Hyderabad","Kharwas 120g","7","0","0"
"03-12-2023","Hyderabad","A2 Gir Cow Paneer 200g","1","0","0"
"03-12-2023","Hyderabad","New A2 Value Pack 500ml","170","0","0"
"03-12-2023","Hyderabad","Insulated Door Bag","1","0","1"
"03-12-2023","Hyderabad","Buffalo Milk Value Pack 500ml","164","0","0"
"03-12-2023","Hyderabad","Past Milk Value Pack 1L","19","0","0"
"03-12-2023","Hyderabad","Raw Value Pack 1L","53","0","1"
"03-12-2023","Hyderabad","Buffalo Value Pack 1L","308","1","5"
"03-12-2023","Hyderabad","Lactose Free Milk 0.5L","12","0","0"
"03-12-2023","Hyderabad","Past Milk Value Pack 0.5L","12","0","0"
"03-12-2023","Hyderabad","Raw Milk Value Pack 0.5L","21","0","0"
"04-01-2020","Hyderabad","Past Milk 1L","1","0","0"
"04-01-2021","Hyderabad","A2 1L","1","0","0"
"04-01-2021","Hyderabad","Buffalo Milk 1L","1","0","0"
"04-01-2021","Hyderabad","A2 Value Pack 1L","1","0","0"
"04-01-2022","Hyderabad","A2 Value Pack 1L","2","0","0"
"04-01-2023","Hyderabad","Past Milk 1L","18","0","0"
"04-01-2023","Hyderabad","Raw Milk 1L","13","1","4"
"04-01-2023","Hyderabad","Ghee 500ml","1","0","0"
"04-01-2023","Hyderabad","A2 1L","48","0","4"
"04-01-2023","Hyderabad","A2 Ghee","2","0","0"
"04-01-2023","Hyderabad","Buffalo Milk 1L","47","0","9"
"04-01-2023","Hyderabad","Paneer 200g Cows Milk","4","0","0"
"04-01-2023","Hyderabad","A2 Value Pack 1L","208","0","4"
"04-01-2023","Hyderabad","Buffalo Ghee 500ml","1","0","0"
"04-01-2023","Hyderabad","Kharwas 120g","2","0","0"
"04-01-2023","Hyderabad","A2 Gir Cow Paneer 200g","1","0","0"
"04-01-2023","Hyderabad","New A2 Value Pack 500ml","99","0","0"
"04-01-2023","Hyderabad","Buffalo Milk Value Pack 500ml","35","0","3"
"04-01-2023","Hyderabad","Dahi","5","0","0"
"04-01-2023","Hyderabad","Past Milk Value Pack 1L","10","0","0"
"04-01-2023","Hyderabad","Raw Value Pack 1L","28","0","0"
"04-01-2023","Hyderabad","Buffalo Value Pack 1L","82","0","3"
"04-01-2023","Hyderabad","Lactose Free Milk 0.5L","10","0","0"
"04-01-2023","Hyderabad","Past Milk Value Pack 0.5L","4","0","0"
"04-01-2023","Hyderabad","Raw Milk Value Pack 0.5L","8","0","0"
"04-01-2024","Hyderabad","Past Milk 1L","19","0","0"
"04-01-2024","Hyderabad","Raw Milk 1L","12","0","0"
"04-01-2024","Hyderabad","Ghee 500ml","3","0","0"
"04-01-2024","Hyderabad","A2 1L","57","1","0"
"04-01-2024","Hyderabad","Curd Culture","5","0","1"
"04-01-2024","Hyderabad","A2 Ghee","1","0","0"
"04-01-2024","Hyderabad","Buffalo Milk 1L","45","0","4"
"04-01-2024","Hyderabad","Paneer 200g Cows Milk","5","0","0"
"04-01-2024","Hyderabad","A2 Value Pack 1L","540","1","11"
"04-01-2024","Hyderabad","Buffalo Ghee 500ml","1","0","0"
"04-01-2024","Hyderabad","Kharwas 120g","8","0","0"
"04-01-2024","Hyderabad","New A2 Value Pack 500ml","204","0","1"
"04-01-2024","Hyderabad","Buffalo Milk Value Pack 500ml","145","1","2"
"04-01-2024","Hyderabad","Dahi","14","0","0"
"04-01-2024","Hyderabad","Past Milk Value Pack 1L","28","0","1"
"04-01-2024","Hyderabad","Raw Value Pack 1L","65","1","1"
"04-01-2024","Hyderabad","Buffalo Value Pack 1L","331","0","5"
"04-01-2024","Hyderabad","Lactose Free Milk 0.5L","7","0","0"
"04-01-2024","Hyderabad","Past Milk Value Pack 0.5L","18","0","1"
"04-01-2024","Hyderabad","Raw Milk Value Pack 0.5L","16","0","0"
"04-02-2020","Hyderabad","Past Milk 1L","1","0","0"
"04-02-2020","Hyderabad","A2 Value Pack 1L","1","0","0"
"04-02-2021","Hyderabad","Buffalo Milk 1L","1","0","0"
"04-02-2021","Hyderabad","A2 Value Pack 1L","1","0","0"
"04-02-2022","Hyderabad","Past Milk 1L","3","0","1"
"04-02-2022","Hyderabad","Raw Milk 1L","3","0","0"
"04-02-2022","Hyderabad","A2 1L","11","0","8"
"04-02-2022","Hyderabad","Buffalo Milk 1L","5","0","4"
"04-02-2022","Hyderabad","Paneer 200g Cows Milk","1","0","0"
"04-02-2022","Hyderabad","A2 Value Pack 1L","11","0","0"
"04-02-2022","Hyderabad","New A2 Value Pack 500ml","7","0","0"
"04-02-2022","Hyderabad","Buffalo Milk Value Pack 500ml","5","0","1"
"04-02-2023","Hyderabad","Past Milk 1L","25","1","0"
"04-02-2023","Hyderabad","Raw Milk 1L","18","0","0"
"04-02-2023","Hyderabad","Ghee 500ml","3","0","0"
"04-02-2023","Hyderabad","A2 1L","58","2","0"
"04-02-2023","Hyderabad","Curd Culture","6","0","0"
"04-02-2023","Hyderabad","A2 Ghee","1","0","0"
"04-02-2023","Hyderabad","Buffalo Milk 1L","62","1","4"
"04-02-2023","Hyderabad","Paneer 200g Cows Milk","6","0","0"
"04-02-2023","Hyderabad","A2 Value Pack 1L","231","0","5"
"04-02-2023","Hyderabad","Kharwas 120g","20","0","0"
"04-02-2023","Hyderabad","A2 Gir Cow Paneer 200g","2","0","0"
"04-02-2023","Hyderabad","New A2 Value Pack 500ml","98","0","1"
"04-02-2023","Hyderabad","Buffalo Milk Value Pack 500ml","43","0","2"
"04-02-2023","Hyderabad","Dahi","12","0","0"
"04-02-2023","Hyderabad","Past Milk Value Pack 1L","10","0","1"
"04-02-2023","Hyderabad","Raw Value Pack 1L","31","2","0"
"04-02-2023","Hyderabad","Buffalo Value Pack 1L","102","0","3"
"04-02-2023","Hyderabad","Lactose Free Milk 0.5L","10","0","0"
"04-02-2023","Hyderabad","Past Milk Value Pack 0.5L","3","0","1"
"04-02-2023","Hyderabad","Raw Milk Value Pack 0.5L","18","0","0"
"04-02-2024","Hyderabad","Past Milk 1L","18","0","0"
"04-02-2024","Hyderabad","Raw Milk 1L","14","0","0"
"04-02-2024","Hyderabad","Ghee 500ml","2","0","0"
"04-02-2024","Hyderabad","A2 1L","49","0","0"
"04-02-2024","Hyderabad","Curd Culture","4","0","0"
"04-02-2024","Hyderabad","A2 Ghee","5","0","0"
"04-02-2024","Hyderabad","Buffalo Milk 1L","39","0","5"
"04-02-2024","Hyderabad","Paneer 200g Cows Milk","9","0","0"
"04-02-2024","Hyderabad","A2 Value Pack 1L","568","1","4"
"04-02-2024","Hyderabad","Buffalo Ghee 500ml","1","0","0"
"04-02-2024","Hyderabad","Kharwas 120g","4","0","0"
"04-02-2024","Hyderabad","A2 Gir Cow Paneer 200g","8","0","0"
"04-02-2024","Hyderabad","New A2 Value Pack 500ml","203","0","0"
"04-02-2024","Hyderabad","Buffalo Milk Value Pack 500ml","136","3","0"
"04-02-2024","Hyderabad","Dahi","16","0","0"
"04-02-2024","Hyderabad","Past Milk Value Pack 1L","22","0","0"
"04-02-2024","Hyderabad","Raw Value Pack 1L","60","0","0"
"04-02-2024","Hyderabad","Buffalo Value Pack 1L","322","0","0"
"04-02-2024","Hyderabad","Lactose Free Milk 0.5L","7","0","0"
"04-02-2024","Hyderabad","Past Milk Value Pack 0.5L","20","0","0"
"04-02-2024","Hyderabad","Raw Milk Value Pack 0.5L","18","0","0"
"04-03-2020","Hyderabad","Past Milk 1L","2","0","0"
"04-03-2020","Hyderabad","A2 Value Pack 1L","1","0","0"
"04-03-2021","Hyderabad","A2 Value Pack 1L","1","0","0"
"04-03-2022","Hyderabad","Past Milk 1L","7","0","0"
"04-03-2022","Hyderabad","Raw Milk 1L","11","0","0"
"04-03-2022","Hyderabad","Past Milk 0.5L","3","0","1"
"04-03-2022","Hyderabad","A2 1L","31","0","1"
"04-03-2022","Hyderabad","Buffalo Milk 1L","27","0","3"
"04-03-2022","Hyderabad","Paneer 200g Cows Milk","2","0","0"
"04-03-2022","Hyderabad","A2 Value Pack 1L","44","0","1"
"04-03-2022","Hyderabad","Kharwas 120g","1","0","0"
"04-03-2022","Hyderabad","New A2 Value Pack 500ml","31","0","1"
"04-03-2022","Hyderabad","Buffalo Milk Value Pack 500ml","15","0","0"
"04-03-2022","Hyderabad","Tender Coconut","1","0","0"
"04-03-2022","Hyderabad","Dahi","1","0","0"
"04-03-2023","Hyderabad","Past Milk 1L","24","0","0"
"04-03-2023","Hyderabad","Raw Milk 1L","17","0","0"
"04-03-2023","Hyderabad","A2 1L","61","1","1"
"04-03-2023","Hyderabad","Curd Culture","2","0","0"
"04-03-2023","Hyderabad","A2 Ghee","1","0","0"
"04-03-2023","Hyderabad","Buffalo Milk 1L","53","3","3"
"04-03-2023","Hyderabad","Paneer 200g Cows Milk","3","0","0"
"04-03-2023","Hyderabad","A2 Value Pack 1L","260","1","2"
"04-03-2023","Hyderabad","Buffalo Ghee 500ml","1","0","0"
"04-03-2023","Hyderabad","Kharwas 120g","2","0","0"
"04-03-2023","Hyderabad","A2 Gir Cow Paneer 200g","3","0","0"
"04-03-2023","Hyderabad","New A2 Value Pack 500ml","87","0","2"
"04-03-2023","Hyderabad","Buffalo Milk Value Pack 500ml","59","0","3"
"04-03-2023","Hyderabad","Dahi","8","0","0"
"04-03-2023","Hyderabad","Past Milk Value Pack 1L","10","0","1"
"04-03-2023","Hyderabad","Raw Value Pack 1L","35","0","0"
"04-03-2023","Hyderabad","Buffalo Value Pack 1L","117","2","5"
"04-03-2023","Hyderabad","Lactose Free Milk 0.5L","7","0","0"
"04-03-2023","Hyderabad","Past Milk Value Pack 0.5L","8","0","0"
"04-03-2023","Hyderabad","Raw Milk Value Pack 0.5L","20","0","1"
"04-03-2024","Hyderabad","Past Milk 1L","22","0","0"
"04-03-2024","Hyderabad","Raw Milk 1L","12","0","0"
"04-03-2024","Hyderabad","Ghee 500ml","3","0","0"
"04-03-2024","Hyderabad","A2 1L","62","0","0"
"04-03-2024","Hyderabad","Curd Culture","3","0","0"
"04-03-2024","Hyderabad","A2 Ghee","5","0","0"
"04-03-2024","Hyderabad","Buffalo Milk 1L","59","0","0"
"04-03-2024","Hyderabad","Paneer 200g Cows Milk","10","0","0"
"04-03-2024","Hyderabad","A2 Value Pack 1L","591","3","1"
"04-03-2024","Hyderabad","Buffalo Ghee 500ml","2","0","0"
"04-03-2024","Hyderabad","Kharwas 120g","10","0","0"
"04-03-2024","Hyderabad","A2 Gir Cow Paneer 200g","2","0","0"
"04-03-2024","Hyderabad","New A2 Value Pack 500ml","218","0","0"
"04-03-2024","Hyderabad","Buffalo Milk Value Pack 500ml","165","0","0"
"04-03-2024","Hyderabad","Dahi","11","0","0"
"04-03-2024","Hyderabad","Past Milk Value Pack 1L","19","0","0"
"04-03-2024","Hyderabad","Raw Value Pack 1L","68","0","0"
"04-03-2024","Hyderabad","Buffalo Value Pack 1L","361","0","0"
"04-03-2024","Hyderabad","Lactose Free Milk 0.5L","12","0","0"
"04-03-2024","Hyderabad","Past Milk Value Pack 0.5L","22","0","0"
"04-03-2024","Hyderabad","Raw Milk Value Pack 0.5L","19","0","0"
"04-04-2020","Hyderabad","Past Milk 1L","2","0","0"
"04-04-2021","Hyderabad","A2 1L","1","0","0"
"04-04-2021","Hyderabad","A2 Value Pack 1L","2","0","0"
"04-04-2022","Hyderabad","Past Milk 1L","13","0","0"
"04-04-2022","Hyderabad","Raw Milk 1L","14","0","0"
"04-04-2022","Hyderabad","Past Milk 0.5L","3","0","0"
"04-04-2022","Hyderabad","A2 1L","27","0","0"
"04-04-2022","Hyderabad","Buffalo Milk 1L","40","0","0"
"04-04-2022","Hyderabad","Paneer 200g Cows Milk","3","0","0"
"04-04-2022","Hyderabad","A2 Value Pack 1L","62","0","0"
"04-04-2022","Hyderabad","Kharwas 120g","1","0","0"
"04-04-2022","Hyderabad","A2 Gir Cow Paneer 200g","2","0","0"
"04-04-2022","Hyderabad","New A2 Value Pack 500ml","29","0","0"
"04-04-2022","Hyderabad","Buffalo Milk Value Pack 500ml","19","0","0"
"04-04-2023","Hyderabad","Past Milk 1L","20","0","0"
"04-04-2023","Hyderabad","Raw Milk 1L","17","0","0"
"04-04-2023","Hyderabad","A2 1L","56","0","0"
"04-04-2023","Hyderabad","Curd Culture","1","0","0"
"04-04-2023","Hyderabad","A2 Ghee","5","0","0"
"04-04-2023","Hyderabad","Buffalo Milk 1L","43","2","1"
"04-04-2023","Hyderabad","Paneer 200g Cows Milk","4","0","0"
"04-04-2023","Hyderabad","A2 Value Pack 1L","297","0","0"
"04-04-2023","Hyderabad","Buffalo Ghee 500ml","1","0","0"
"04-04-2023","Hyderabad","A2 Gir Cow Paneer 200g","4","0","0"
"04-04-2023","Hyderabad","New A2 Value Pack 500ml","114","0","0"
"04-04-2023","Hyderabad","Buffalo Milk Value Pack 500ml","61","0","0"
"04-04-2023","Hyderabad","Dahi","17","0","0"
"04-04-2023","Hyderabad","Past Milk Value Pack 1L","18","0","0"
"04-04-2023","Hyderabad","Raw Value Pack 1L","37","0","0"
"04-04-2023","Hyderabad","Buffalo Value Pack 1L","143","2","0"
"04-04-2023","Hyderabad","Lactose Free Milk 0.5L","9","0","0"
"04-04-2023","Hyderabad","Past Milk Value Pack 0.5L","8","0","0"
"04-04-2023","Hyderabad","Raw Milk Value Pack 0.5L","21","0","0"
"04-04-2024","Hyderabad","Past Milk 1L","19","0","0"
"04-04-2024","Hyderabad","Raw Milk 1L","16","0","0"
"04-04-2024","Hyderabad","A2 1L","80","0","5"
"04-04-2024","Hyderabad","Curd Culture","4","0","0"
"04-04-2024","Hyderabad","A2 Ghee","2","1","0"
"04-04-2024","Hyderabad","Buffalo Milk 1L","60","0","2"
"04-04-2024","Hyderabad","Paneer 200g Cows Milk","7","0","0"
"04-04-2024","Hyderabad","A2 Value Pack 1L","589","0","0"
"04-04-2024","Hyderabad","Buffalo Ghee 500ml","2","0","0"
"04-04-2024","Hyderabad","Kharwas 120g","1","0","0"
"04-04-2024","Hyderabad","A2 Gir Cow Paneer 200g","1","0","0"
"04-04-2024","Hyderabad","New A2 Value Pack 500ml","235","0","0"
"04-04-2024","Hyderabad","Buffalo Milk Value Pack 500ml","201","0","0"
"04-04-2024","Hyderabad","Dahi","15","0","0"
"04-04-2024","Hyderabad","Past Milk Value Pack 1L","15","0","0"
"04-04-2024","Hyderabad","Raw Value Pack 1L","61","0","0"
"04-04-2024","Hyderabad","Buffalo Value Pack 1L","386","2","0"
"04-04-2024","Hyderabad","Lactose Free Milk 0.5L","15","0","0"
"04-04-2024","Hyderabad","Past Milk Value Pack 0.5L","17","0","0"
"04-04-2024","Hyderabad","Raw Milk Value Pack 0.5L","23","0","0"
"04-05-2020","Hyderabad","Past Milk 1L","2","0","0"
"04-05-2020","Hyderabad","New A2 Value Pack 500ml","1","0","0"
"04-05-2021","Hyderabad","A2 1L","1","0","0"
"04-05-2021","Hyderabad","A2 Value Pack 1L","2","0","0"
"04-05-2022","Hyderabad","Past Milk 1L","10","0","0"
"04-05-2022","Hyderabad","Raw Milk 1L","22","0","0"
"04-05-2022","Hyderabad","Past Milk 0.5L","5","0","0"
"04-05-2022","Hyderabad","A2 1L","34","0","1"
"04-05-2022","Hyderabad","Curd Culture","2","0","0"
"04-05-2022","Hyderabad","Buffalo Milk 1L","35","0","3"
"04-05-2022","Hyderabad","Paneer 200g Cows Milk","1","0","0"
"04-05-2022","Hyderabad","A2 Value Pack 1L","61","0","0"
"04-05-2022","Hyderabad","A2 Gir Cow Paneer 200g","1","0","0"
"04-05-2022","Hyderabad","New A2 Value Pack 500ml","28","0","2"
"04-05-2022","Hyderabad","Buffalo Milk Value Pack 500ml","24","0","2"
"04-05-2022","Hyderabad","Dahi","3","0","0"
"04-05-2023","Hyderabad","Past Milk 1L","19","0","0"
"04-05-2023","Hyderabad","Raw Milk 1L","21","0","0"
"04-05-2023","Hyderabad","Ghee 500ml","1","0","0"
"04-05-2023","Hyderabad","A2 1L","60","10","0"
"04-05-2023","Hyderabad","A2 Ghee","3","0","0"
"04-05-2023","Hyderabad","Buffalo Milk 1L","43","12","0"
"04-05-2023","Hyderabad","Paneer 200g Cows Milk","2","0","0"
"04-05-2023","Hyderabad","A2 Value Pack 1L","256","8","1"
"04-05-2023","Hyderabad","Buffalo Ghee 500ml","3","0","0"
"04-05-2023","Hyderabad","Kharwas 120g","1","0","0"
"04-05-2023","Hyderabad","A2 Gir Cow Paneer 200g","2","0","0"
"04-05-2023","Hyderabad","New A2 Value Pack 500ml","118","2","0"
"04-05-2023","Hyderabad","Buffalo Milk Value Pack 500ml","80","7","0"
"04-05-2023","Hyderabad","Dahi","12","0","0"
"04-05-2023","Hyderabad","Past Milk Value Pack 1L","13","1","0"
"04-05-2023","Hyderabad","Raw Value Pack 1L","32","0","0"
"04-05-2023","Hyderabad","Buffalo Value Pack 1L","145","17","0"
"04-05-2023","Hyderabad","Lactose Free Milk 0.5L","4","0","0"
"04-05-2023","Hyderabad","Past Milk Value Pack 0.5L","5","0","0"
"04-05-2023","Hyderabad","Raw Milk Value Pack 0.5L","13","0","0"
"04-06-2020","Hyderabad","Past Milk 1L","1","0","0"
"04-06-2020","Hyderabad","Ghee 500ml","1","0","0"
"04-06-2020","Hyderabad","A2 1L","1","0","0"
"04-06-2020","Hyderabad","Paneer 200g Cows Milk","1","0","0"
"04-06-2020","Hyderabad","A2 Value Pack 1L","1","0","0"
"04-06-2021","Hyderabad","A2 1L","1","0","0"
"04-06-2021","Hyderabad","Buffalo Milk 1L","1","0","0"
"04-06-2021","Hyderabad","A2 Value Pack 1L","1","0","0"
"04-06-2022","Hyderabad","Past Milk 1L","15","0","0"
"04-06-2022","Hyderabad","Raw Milk 1L","13","1","0"
"04-06-2022","Hyderabad","Past Milk 0.5L","5","0","0"
"04-06-2022","Hyderabad","A2 1L","46","2","2"
"04-06-2022","Hyderabad","Curd Culture","1","0","0"
"04-06-2022","Hyderabad","A2 Ghee","2","0","0"
"04-06-2022","Hyderabad","Buffalo Milk 1L","62","1","1"
"04-06-2022","Hyderabad","Paneer 200g Cows Milk","3","0","0"
"04-06-2022","Hyderabad","A2 Value Pack 1L","99","1","0"
"04-06-2022","Hyderabad","Kharwas 120g","2","0","0"
"04-06-2022","Hyderabad","A2 Gir Cow Paneer 200g","2","0","0"
"04-06-2022","Hyderabad","New A2 Value Pack 500ml","48","0","1"
"04-06-2022","Hyderabad","Buffalo Milk Value Pack 500ml","26","0","1"
"04-06-2022","Hyderabad","Dahi","5","0","0"
"04-06-2023","Hyderabad","Past Milk 1L","22","0","0"
"04-06-2023","Hyderabad","Raw Milk 1L","14","0","0"
"04-06-2023","Hyderabad","Ghee 500ml","1","0","0"
"04-06-2023","Hyderabad","A2 1L","56","3","1"
"04-06-2023","Hyderabad","Curd Culture","5","0","0"
"04-06-2023","Hyderabad","A2 Ghee","1","0","0"
"04-06-2023","Hyderabad","Buffalo Milk 1L","39","2","4"
"04-06-2023","Hyderabad","Paneer 200g Cows Milk","2","0","0"
"04-06-2023","Hyderabad","A2 Value Pack 1L","274","6","4"
"04-06-2023","Hyderabad","Buffalo Ghee 500ml","2","0","0"
"04-06-2023","Hyderabad","Kharwas 120g","1","0","0"
"04-06-2023","Hyderabad","A2 Gir Cow Paneer 200g","3","0","0"
"04-06-2023","Hyderabad","New A2 Value Pack 500ml","97","0","1"
"04-06-2023","Hyderabad","Buffalo Milk Value Pack 500ml","76","4","1"
"04-06-2023","Hyderabad","Dahi","13","0","0"
"04-06-2023","Hyderabad","Past Milk Value Pack 1L","14","1","0"
"04-06-2023","Hyderabad","Raw Value Pack 1L","35","0","0"
"04-06-2023","Hyderabad","Buffalo Value Pack 1L","171","12","2"
"04-06-2023","Hyderabad","Lactose Free Milk 0.5L","3","0","2"
"04-06-2023","Hyderabad","Past Milk Value Pack 0.5L","10","0","0"
"04-06-2023","Hyderabad","Raw Milk Value Pack 0.5L","17","0","0"
"04-07-2020","Hyderabad","Past Milk 1L","2","0","0"
"04-07-2020","Hyderabad","A2 1L","1","0","0"
"04-07-2021","Hyderabad","A2 1L","1","0","0"
"04-07-2021","Hyderabad","A2 Value Pack 1L","1","0","0"
"04-07-2022","Hyderabad","Past Milk 1L","17","0","0"
"04-07-2022","Hyderabad","Raw Milk 1L","13","0","1"
"04-07-2022","Hyderabad","Ghee 500ml","1","0","0"
"04-07-2022","Hyderabad","A2 1L","64","0","0"
"04-07-2022","Hyderabad","Curd Culture","1","0","0"
"04-07-2022","Hyderabad","Buffalo Milk 1L","68","3","0"
"04-07-2022","Hyderabad","Paneer 200g Cows Milk","1","0","0"
"04-07-2022","Hyderabad","A2 Value Pack 1L","132","0","0"
"04-07-2022","Hyderabad","Kharwas 120g","1","0","0"
"04-07-2022","Hyderabad","A2 Gir Cow Paneer 200g","2","0","0"
"04-07-2022","Hyderabad","New A2 Value Pack 500ml","74","0","0"
"04-07-2022","Hyderabad","Buffalo Milk Value Pack 500ml","33","0","0"
"04-07-2022","Hyderabad","Dahi","1","0","0"
"04-07-2022","Hyderabad","Past Milk Value Pack 1L","2","0","0"
"04-07-2022","Hyderabad","Raw Value Pack 1L","7","0","0"
"04-07-2022","Hyderabad","Buffalo Value Pack 1L","2","0","0"
"04-07-2022","Hyderabad","Lactose Free Milk 0.5L","3","0","0"
"04-07-2023","Hyderabad","Past Milk 1L","18","0","0"
"04-07-2023","Hyderabad","Raw Milk 1L","19","0","0"
"04-07-2023","Hyderabad","A2 1L","66","0","0"
"04-07-2023","Hyderabad","Curd Culture","3","0","0"
"04-07-2023","Hyderabad","Buffalo Milk 1L","43","0","2"
"04-07-2023","Hyderabad","Paneer 200g Cows Milk","6","0","0"
"04-07-2023","Hyderabad","A2 Value Pack 1L","426","1","4"
"04-07-2023","Hyderabad","Buffalo Ghee 500ml","1","0","0"
"04-07-2023","Hyderabad","Kharwas 120g","6","0","0"
"04-07-2023","Hyderabad","A2 Gir Cow Paneer 200g","2","0","0"
"04-07-2023","Hyderabad","New A2 Value Pack 500ml","141","0","1"
"04-07-2023","Hyderabad","Insulated Door Bag","0","0","1"
"04-07-2023","Hyderabad","Buffalo Milk Value Pack 500ml","77","0","0"
"04-07-2023","Hyderabad","Dahi","15","0","0"
"04-07-2023","Hyderabad","Past Milk Value Pack 1L","23","1","0"
"04-07-2023","Hyderabad","Raw Value Pack 1L","47","0","2"
"04-07-2023","Hyderabad","Buffalo Value Pack 1L","191","0","8"
"04-07-2023","Hyderabad","Lactose Free Milk 0.5L","12","0","0"
"04-07-2023","Hyderabad","Past Milk Value Pack 0.5L","6","0","0"
"04-07-2023","Hyderabad","Raw Milk Value Pack 0.5L","15","0","0"
"04-08-2020","Hyderabad","Past Milk 1L","2","0","0"
"04-08-2020","Hyderabad","A2 Value Pack 1L","1","0","0"
"04-08-2021","Hyderabad","A2 1L","1","0","0"
"04-08-2021","Hyderabad","A2 Value Pack 1L","1","0","0"
"04-08-2022","Hyderabad","Past Milk 1L","25","0","0"
"04-08-2022","Hyderabad","Raw Milk 1L","18","0","0"
"04-08-2022","Hyderabad","Ghee 500ml","1","0","0"
"04-08-2022","Hyderabad","A2 1L","48","0","0"
"04-08-2022","Hyderabad","A2 Ghee","2","0","0"
"04-08-2022","Hyderabad","Buffalo Milk 1L","40","0","0"
"04-08-2022","Hyderabad","Paneer 200g Cows Milk","2","0","0"
"04-08-2022","Hyderabad","A2 Value Pack 1L","126","0","0"
"04-08-2022","Hyderabad","A2 Gir Cow Paneer 200g","1","0","0"
"04-08-2022","Hyderabad","New A2 Value Pack 500ml","62","0","0"
"04-08-2022","Hyderabad","Buffalo Milk Value Pack 500ml","29","0","0"
"04-08-2022","Hyderabad","Dahi","5","0","0"
"04-08-2022","Hyderabad","Past Milk Value Pack 1L","6","0","0"
"04-08-2022","Hyderabad","Raw Value Pack 1L","10","0","0"
"04-08-2022","Hyderabad","Buffalo Value Pack 1L","6","0","0"
"04-08-2022","Hyderabad","Lactose Free Milk 0.5L","4","0","0"
"04-08-2023","Hyderabad","Past Milk 1L","26","0","0"
"04-08-2023","Hyderabad","Raw Milk 1L","16","0","0"
"04-08-2023","Hyderabad","Ghee 500ml","4","0","0"
"04-08-2023","Hyderabad","A2 1L","63","2","0"
"04-08-2023","Hyderabad","A2 Ghee","3","0","0"
"04-08-2023","Hyderabad","Buffalo Milk 1L","48","0","2"
"04-08-2023","Hyderabad","Paneer 200g Cows Milk","11","0","0"
"04-08-2023","Hyderabad","A2 Value Pack 1L","434","4","3"
"04-08-2023","Hyderabad","Kharwas 120g","5","0","0"
"04-08-2023","Hyderabad","A2 Gir Cow Paneer 200g","5","0","0"
"04-08-2023","Hyderabad","New A2 Value Pack 500ml","160","0","0"
"04-08-2023","Hyderabad","Buffalo Milk Value Pack 500ml","90","0","0"
"04-08-2023","Hyderabad","Dahi","6","0","3"
"04-08-2023","Hyderabad","Past Milk Value Pack 1L","20","0","0"
"04-08-2023","Hyderabad","Raw Value Pack 1L","61","0","0"
"04-08-2023","Hyderabad","Buffalo Value Pack 1L","199","1","0"
"04-08-2023","Hyderabad","Lactose Free Milk 0.5L","10","0","1"
"04-08-2023","Hyderabad","Past Milk Value Pack 0.5L","14","0","0"
"04-08-2023","Hyderabad","Raw Milk Value Pack 0.5L","22","0","0"
"04-09-2020","Hyderabad","Past Milk 1L","3","0","0"
"04-09-2020","Hyderabad","A2 1L","1","0","0"
"04-09-2021","Hyderabad","A2 1L","1","0","0"
"04-09-2021","Hyderabad","A2 Value Pack 1L","1","0","0"
"04-09-2022","Hyderabad","Past Milk 1L","24","0","0"
"04-09-2022","Hyderabad","Raw Milk 1L","12","0","0"
"04-09-2022","Hyderabad","A2 1L","48","0","4"
"04-09-2022","Hyderabad","Buffalo Milk 1L","46","0","5"
"04-09-2022","Hyderabad","Paneer 200g Cows Milk","2","0","0"
"04-09-2022","Hyderabad","A2 Value Pack 1L","123","0","6"
"04-09-2022","Hyderabad","Kharwas 120g","1","0","0"
"04-09-2022","Hyderabad","A2 Gir Cow Paneer 200g","3","0","0"
"04-09-2022","Hyderabad","New A2 Value Pack 500ml","68","0","1"
"04-09-2022","Hyderabad","Insulated Door Bag","1","0","0"
"04-09-2022","Hyderabad","Buffalo Milk Value Pack 500ml","33","0","2"
"04-09-2022","Hyderabad","Past Milk Value Pack 1L","5","0","0"
"04-09-2022","Hyderabad","Raw Value Pack 1L","16","0","0"
"04-09-2022","Hyderabad","Buffalo Value Pack 1L","19","0","0"
"04-09-2022","Hyderabad","Lactose Free Milk 0.5L","3","0","0"
"04-09-2023","Hyderabad","Past Milk 1L","24","0","0"
"04-09-2023","Hyderabad","Raw Milk 1L","24","0","0"
"04-09-2023","Hyderabad","Ghee 500ml","5","0","0"
"04-09-2023","Hyderabad","A2 1L","62","1","0"
"04-09-2023","Hyderabad","Curd Culture","4","0","0"
"04-09-2023","Hyderabad","A2 Ghee","1","0","0"
"04-09-2023","Hyderabad","Buffalo Milk 1L","56","1","0"
"04-09-2023","Hyderabad","Paneer 200g Cows Milk","5","0","0"
"04-09-2023","Hyderabad","A2 Value Pack 1L","469","3","0"
"04-09-2023","Hyderabad","Buffalo Ghee 500ml","1","0","0"
"04-09-2023","Hyderabad","Kharwas 120g","2","0","0"
"04-09-2023","Hyderabad","A2 Gir Cow Paneer 200g","5","0","0"
"04-09-2023","Hyderabad","New A2 Value Pack 500ml","159","0","0"
"04-09-2023","Hyderabad","Insulated Door Bag","1","0","0"
"04-09-2023","Hyderabad","Buffalo Milk Value Pack 500ml","112","0","1"
"04-09-2023","Hyderabad","Dahi","16","0","0"
"04-09-2023","Hyderabad","Past Milk Value Pack 1L","18","0","0"
"04-09-2023","Hyderabad","Raw Value Pack 1L","65","0","0"
"04-09-2023","Hyderabad","Buffalo Value Pack 1L","233","1","0"
"04-09-2023","Hyderabad","Lactose Free Milk 0.5L","13","1","0"
"04-09-2023","Hyderabad","Past Milk Value Pack 0.5L","9","0","0"
"04-09-2023","Hyderabad","Raw Milk Value Pack 0.5L","19","0","0"
"04-10-2020","Hyderabad","Past Milk 1L","1","0","0"
"04-10-2021","Hyderabad","A2 1L","1","0","0"
"04-10-2021","Hyderabad","A2 Value Pack 1L","1","0","0"
"04-10-2022","Hyderabad","Past Milk 1L","22","0","0"
"04-10-2022","Hyderabad","Raw Milk 1L","11","0","1"
"04-10-2022","Hyderabad","A2 1L","49","0","4"
"04-10-2022","Hyderabad","Buffalo Milk 1L","56","0","1"
"04-10-2022","Hyderabad","Paneer 200g Cows Milk","3","0","0"
"04-10-2022","Hyderabad","A2 Value Pack 1L","110","0","0"
"04-10-2022","Hyderabad","Kharwas 120g","5","0","0"
"04-10-2022","Hyderabad","A2 Gir Cow Paneer 200g","6","0","0"
"04-10-2022","Hyderabad","New A2 Value Pack 500ml","87","0","3"
"04-10-2022","Hyderabad","Buffalo Milk Value Pack 500ml","34","0","3"
"04-10-2022","Hyderabad","Dahi","3","0","0"
"04-10-2022","Hyderabad","Past Milk Value Pack 1L","10","0","1"
"04-10-2022","Hyderabad","Raw Value Pack 1L","13","0","0"
"04-10-2022","Hyderabad","Buffalo Value Pack 1L","15","0","0"
"04-10-2022","Hyderabad","Lactose Free Milk 0.5L","10","0","0"
"04-10-2023","Hyderabad","Past Milk 1L","22","0","0"
"04-10-2023","Hyderabad","Raw Milk 1L","15","0","0"
"04-10-2023","Hyderabad","Ghee 500ml","2","0","0"
"04-10-2023","Hyderabad","A2 1L","60","0","0"
"04-10-2023","Hyderabad","Curd Culture","2","0","0"
"04-10-2023","Hyderabad","A2 Ghee","4","0","0"
"04-10-2023","Hyderabad","Buffalo Milk 1L","58","0","1"
"04-10-2023","Hyderabad","Paneer 200g Cows Milk","11","0","0"
"04-10-2023","Hyderabad","A2 Value Pack 1L","499","1","3"
"04-10-2023","Hyderabad","Buffalo Ghee 500ml","2","0","0"
"04-10-2023","Hyderabad","Kharwas 120g","7","0","0"
"04-10-2023","Hyderabad","A2 Gir Cow Paneer 200g","4","0","0"
"04-10-2023","Hyderabad","New A2 Value Pack 500ml","171","1","0"
"04-10-2023","Hyderabad","Buffalo Milk Value Pack 500ml","115","0","1"
"04-10-2023","Hyderabad","Dahi","19","0","0"
"04-10-2023","Hyderabad","Past Milk Value Pack 1L","19","0","0"
"04-10-2023","Hyderabad","Raw Value Pack 1L","60","0","0"
"04-10-2023","Hyderabad","Buffalo Value Pack 1L","264","1","5"
"04-10-2023","Hyderabad","Lactose Free Milk 0.5L","9","0","0"
"04-10-2023","Hyderabad","Past Milk Value Pack 0.5L","16","0","0"
"04-10-2023","Hyderabad","Raw Milk Value Pack 0.5L","26","0","0"
"04-11-2020","Hyderabad","Past Milk 1L","1","0","0"
"04-11-2020","Hyderabad","A2 1L","1","0","0"
"04-11-2020","Hyderabad","A2 Value Pack 1L","1","0","0"
"04-11-2021","Hyderabad","Past Milk 1L","1","0","0"
"04-11-2021","Hyderabad","A2 Value Pack 1L","2","0","0"
"04-11-2022","Hyderabad","Past Milk 1L","18","0","0"
"04-11-2022","Hyderabad","Raw Milk 1L","15","0","0"
"04-11-2022","Hyderabad","A2 1L","44","0","0"
"04-11-2022","Hyderabad","Curd Culture","3","0","0"
"04-11-2022","Hyderabad","Buffalo Milk 1L","60","0","1"
"04-11-2022","Hyderabad","Paneer 200g Cows Milk","1","0","0"
"04-11-2022","Hyderabad","A2 Value Pack 1L","157","0","0"
"04-11-2022","Hyderabad","Buffalo Ghee 500ml","1","0","0"
"04-11-2022","Hyderabad","Kharwas 120g","2","0","0"
"04-11-2022","Hyderabad","A2 Gir Cow Paneer 200g","3","0","0"
"04-11-2022","Hyderabad","New A2 Value Pack 500ml","83","0","3"
"04-11-2022","Hyderabad","Buffalo Milk Value Pack 500ml","34","0","0"
"04-11-2022","Hyderabad","Dahi","18","0","0"
"04-11-2022","Hyderabad","Past Milk Value Pack 1L","9","0","0"
"04-11-2022","Hyderabad","Raw Value Pack 1L","21","0","0"
"04-11-2022","Hyderabad","Buffalo Value Pack 1L","25","0","0"
"04-11-2022","Hyderabad","Lactose Free Milk 0.5L","6","0","0"
"04-11-2022","Hyderabad","Past Milk Value Pack 0.5L","3","0","0"
"04-11-2023","Hyderabad","Past Milk 1L","21","0","0"
"04-11-2023","Hyderabad","Raw Milk 1L","13","0","0"
"04-11-2023","Hyderabad","Ghee 500ml","1","0","0"
"04-11-2023","Hyderabad","A2 1L","68","1","1"
"04-11-2023","Hyderabad","Curd Culture","2","0","0"
"04-11-2023","Hyderabad","A2 Ghee","7","0","0"
"04-11-2023","Hyderabad","Buffalo Milk 1L","41","0","2"
"04-11-2023","Hyderabad","Paneer 200g Cows Milk","10","0","0"
"04-11-2023","Hyderabad","A2 Value Pack 1L","495","0","3"
"04-11-2023","Hyderabad","Buffalo Ghee 500ml","1","0","0"
"04-11-2023","Hyderabad","Kharwas 120g","14","0","0"
"04-11-2023","Hyderabad","A2 Gir Cow Paneer 200g","4","0","0"
"04-11-2023","Hyderabad","New A2 Value Pack 500ml","160","0","0"
"04-11-2023","Hyderabad","Insulated Door Bag","3","0","0"
"04-11-2023","Hyderabad","Buffalo Milk Value Pack 500ml","141","0","0"
"04-11-2023","Hyderabad","Dahi","16","0","0"
"04-11-2023","Hyderabad","Past Milk Value Pack 1L","22","0","0"
"04-11-2023","Hyderabad","Raw Value Pack 1L","54","0","0"
"04-11-2023","Hyderabad","Buffalo Value Pack 1L","301","1","7"
"04-11-2023","Hyderabad","Lactose Free Milk 0.5L","10","0","0"
"04-11-2023","Hyderabad","Past Milk Value Pack 0.5L","14","0","0"
"04-11-2023","Hyderabad","Raw Milk Value Pack 0.5L","22","0","0"
"04-12-2020","Hyderabad","Buffalo Milk 1L","1","0","0"
"04-12-2020","Hyderabad","A2 Value Pack 1L","2","0","0"
"04-12-2021","Hyderabad","A2 Value Pack 1L","2","0","0"
"04-12-2021","Hyderabad","New A2 Value Pack 500ml","1","0","0"
"04-12-2022","Hyderabad","Past Milk 1L","23","0","0"
"04-12-2022","Hyderabad","Raw Milk 1L","14","0","0"
"04-12-2022","Hyderabad","Ghee 500ml","2","0","0"
"04-12-2022","Hyderabad","A2 1L","61","0","2"
"04-12-2022","Hyderabad","Curd Culture","1","0","1"
"04-12-2022","Hyderabad","A2 Ghee","1","0","0"
"04-12-2022","Hyderabad","Buffalo Milk 1L","61","0","8"
"04-12-2022","Hyderabad","Paneer 200g Cows Milk","1","0","0"
"04-12-2022","Hyderabad","A2 Value Pack 1L","156","2","2"
"04-12-2022","Hyderabad","Buffalo Ghee 500ml","3","0","0"
"04-12-2022","Hyderabad","Kharwas 120g","3","0","0"
"04-12-2022","Hyderabad","A2 Gir Cow Paneer 200g","1","0","0"
"04-12-2022","Hyderabad","New A2 Value Pack 500ml","99","0","0"
"04-12-2022","Hyderabad","Insulated Door Bag","1","0","0"
"04-12-2022","Hyderabad","Buffalo Milk Value Pack 500ml","42","0","0"
"04-12-2022","Hyderabad","Dahi","7","0","0"
"04-12-2022","Hyderabad","Past Milk Value Pack 1L","9","0","1"
"04-12-2022","Hyderabad","Raw Value Pack 1L","23","0","3"
"04-12-2022","Hyderabad","Buffalo Value Pack 1L","40","0","6"
"04-12-2022","Hyderabad","Lactose Free Milk 0.5L","10","0","0"
"04-12-2022","Hyderabad","Raw Milk Value Pack 0.5L","12","0","0"
"04-12-2023","Hyderabad","Past Milk 1L","15","0","0"
"04-12-2023","Hyderabad","Raw Milk 1L","7","0","0"
"04-12-2023","Hyderabad","Ghee 500ml","1","0","0"
"04-12-2023","Hyderabad","A2 1L","61","0","0"
"04-12-2023","Hyderabad","Curd Culture","5","0","0"
"04-12-2023","Hyderabad","A2 Ghee","2","0","0"
"04-12-2023","Hyderabad","Buffalo Milk 1L","34","0","0"
"04-12-2023","Hyderabad","Paneer 200g Cows Milk","8","0","0"
"04-12-2023","Hyderabad","A2 Value Pack 1L","518","0","2"
"04-12-2023","Hyderabad","Kharwas 120g","6","0","0"
"04-12-2023","Hyderabad","A2 Gir Cow Paneer 200g","3","0","0"
"04-12-2023","Hyderabad","New A2 Value Pack 500ml","178","0","0"
"04-12-2023","Hyderabad","Insulated Door Bag","1","0","0"
"04-12-2023","Hyderabad","Buffalo Milk Value Pack 500ml","127","1","0"
"04-12-2023","Hyderabad","Dahi","23","0","0"
"04-12-2023","Hyderabad","Past Milk Value Pack 1L","20","0","0"
"04-12-2023","Hyderabad","Raw Value Pack 1L","68","0","1"
"04-12-2023","Hyderabad","Buffalo Value Pack 1L","332","0","1"
"04-12-2023","Hyderabad","Lactose Free Milk 0.5L","8","0","0"
"04-12-2023","Hyderabad","Past Milk Value Pack 0.5L","16","0","0"
"04-12-2023","Hyderabad","Raw Milk Value Pack 0.5L","20","0","0"
"05-01-2020","Hyderabad","Past Milk 1L","1","0","0"
"05-01-2020","Hyderabad","Raw Milk 1L","1","0","0"
"05-01-2020","Hyderabad","A2 Value Pack 1L","1","0","0"
"05-01-2021","Hyderabad","Buffalo Milk 1L","1","0","0"
"05-01-2021","Hyderabad","A2 Value Pack 1L","1","0","0"
"05-01-2021","Hyderabad","Kharwas 120g","1","0","0"
"05-01-2022","Hyderabad","A2 Value Pack 1L","1","0","0"
"05-01-2023","Hyderabad","Past Milk 1L","25","0","0"
"05-01-2023","Hyderabad","Raw Milk 1L","10","0","1"
"05-01-2023","Hyderabad","Ghee 500ml","3","0","0"
"05-01-2023","Hyderabad","A2 1L","55","1","3"
"05-01-2023","Hyderabad","Curd Culture","3","0","0"
"05-01-2023","Hyderabad","A2 Ghee","3","0","0"
"05-01-2023","Hyderabad","Buffalo Milk 1L","58","0","4"
"05-01-2023","Hyderabad","Paneer 200g Cows Milk","2","0","0"
"05-01-2023","Hyderabad","A2 Value Pack 1L","221","1","2"
"05-01-2023","Hyderabad","Buffalo Ghee 500ml","1","0","0"
"05-01-2023","Hyderabad","Kharwas 120g","3","0","0"
"05-01-2023","Hyderabad","New A2 Value Pack 500ml","95","0","2"
"05-01-2023","Hyderabad","Buffalo Milk Value Pack 500ml","37","1","2"
"05-01-2023","Hyderabad","Dahi","3","0","0"
"05-01-2023","Hyderabad","Past Milk Value Pack 1L","13","0","0"
"05-01-2023","Hyderabad","Raw Value Pack 1L","25","0","1"
"05-01-2023","Hyderabad","Buffalo Value Pack 1L","76","1","8"
"05-01-2023","Hyderabad","Lactose Free Milk 0.5L","12","0","0"
"05-01-2023","Hyderabad","Past Milk Value Pack 0.5L","4","0","0"
"05-01-2023","Hyderabad","Raw Milk Value Pack 0.5L","8","0","0"
"05-01-2024","Hyderabad","Past Milk 1L","20","0","0"
"05-01-2024","Hyderabad","Raw Milk 1L","11","0","0"
"05-01-2024","Hyderabad","Ghee 500ml","2","0","0"
"05-01-2024","Hyderabad","A2 1L","76","0","1"
"05-01-2024","Hyderabad","Curd Culture","3","0","0"
"05-01-2024","Hyderabad","A2 Ghee","5","0","0"
"05-01-2024","Hyderabad","Buffalo Milk 1L","42","0","8"
"05-01-2024","Hyderabad","Paneer 200g Cows Milk","8","0","0"
"05-01-2024","Hyderabad","A2 Value Pack 1L","538","1","5"
"05-01-2024","Hyderabad","Buffalo Ghee 500ml","1","0","0"
"05-01-2024","Hyderabad","Kharwas 120g","7","0","0"
"05-01-2024","Hyderabad","A2 Gir Cow Paneer 200g","5","0","0"
"05-01-2024","Hyderabad","New A2 Value Pack 500ml","198","0","3"
"05-01-2024","Hyderabad","Buffalo Milk Value Pack 500ml","142","1","2"
"05-01-2024","Hyderabad","Dahi","18","0","0"
"05-01-2024","Hyderabad","Past Milk Value Pack 1L","25","0","0"
"05-01-2024","Hyderabad","Raw Value Pack 1L","60","0","0"
"05-01-2024","Hyderabad","Buffalo Value Pack 1L","314","0","2"
"05-01-2024","Hyderabad","Lactose Free Milk 0.5L","10","0","0"
"05-01-2024","Hyderabad","Past Milk Value Pack 0.5L","19","0","1"
"05-01-2024","Hyderabad","Raw Milk Value Pack 0.5L","23","0","0"
"05-02-2020","Hyderabad","Past Milk 1L","1","0","0"
"05-02-2020","Hyderabad","A2 Value Pack 1L","1","0","0"
"05-02-2021","Hyderabad","A2 1L","1","0","0"
"05-02-2021","Hyderabad","Buffalo Milk 1L","1","0","0"
"05-02-2021","Hyderabad","A2 Value Pack 1L","2","0","0"
"05-02-2022","Hyderabad","Past Milk 1L","2","0","2"
"05-02-2022","Hyderabad","Raw Milk 1L","5","0","0"
"05-02-2022","Hyderabad","Past Milk 0.5L","1","0","1"
"05-02-2022","Hyderabad","Ghee 500ml","1","0","0"
"05-02-2022","Hyderabad","A2 1L","9","0","6"
"05-02-2022","Hyderabad","Buffalo Milk 1L","4","0","5"
"05-02-2022","Hyderabad","Paneer 200g Cows Milk","1","0","0"
"05-02-2022","Hyderabad","A2 Value Pack 1L","9","0","2"
"05-02-2022","Hyderabad","A2 Gir Cow Paneer 200g","1","0","0"
"05-02-2022","Hyderabad","New A2 Value Pack 500ml","5","0","1"
"05-02-2022","Hyderabad","Buffalo Milk Value Pack 500ml","8","0","3"
"05-02-2023","Hyderabad","Past Milk 1L","17","0","0"
"05-02-2023","Hyderabad","Raw Milk 1L","22","0","0"
"05-02-2023","Hyderabad","Ghee 500ml","3","0","0"
"05-02-2023","Hyderabad","A2 1L","63","2","2"
"05-02-2023","Hyderabad","Curd Culture","1","0","0"
"05-02-2023","Hyderabad","A2 Ghee","3","0","0"
"05-02-2023","Hyderabad","Buffalo Milk 1L","61","2","4"
"05-02-2023","Hyderabad","Paneer 200g Cows Milk","4","0","0"
"05-02-2023","Hyderabad","A2 Value Pack 1L","239","1","1"
"05-02-2023","Hyderabad","Buffalo Ghee 500ml","1","0","0"
"05-02-2023","Hyderabad","Kharwas 120g","4","0","0"
"05-02-2023","Hyderabad","A2 Gir Cow Paneer 200g","2","0","0"
"05-02-2023","Hyderabad","New A2 Value Pack 500ml","105","1","0"
"05-02-2023","Hyderabad","Insulated Door Bag","1","0","0"
"05-02-2023","Hyderabad","Buffalo Milk Value Pack 500ml","54","0","0"
"05-02-2023","Hyderabad","Dahi","10","0","0"
"05-02-2023","Hyderabad","Past Milk Value Pack 1L","14","0","0"
"05-02-2023","Hyderabad","Raw Value Pack 1L","30","1","0"
"05-02-2023","Hyderabad","Buffalo Value Pack 1L","107","2","2"
"05-02-2023","Hyderabad","Lactose Free Milk 0.5L","9","0","0"
"05-02-2023","Hyderabad","Past Milk Value Pack 0.5L","4","0","0"
"05-02-2023","Hyderabad","Raw Milk Value Pack 0.5L","18","0","0"
"05-02-2024","Hyderabad","Past Milk 1L","22","0","0"
"05-02-2024","Hyderabad","Raw Milk 1L","11","0","0"
"05-02-2024","Hyderabad","Ghee 500ml","1","0","0"
"05-02-2024","Hyderabad","A2 1L","48","1","1"
"05-02-2024","Hyderabad","Curd Culture","2","0","0"
"05-02-2024","Hyderabad","A2 Ghee","4","0","0"
"05-02-2024","Hyderabad","Buffalo Milk 1L","47","1","3"
"05-02-2024","Hyderabad","Paneer 200g Cows Milk","12","0","0"
"05-02-2024","Hyderabad","A2 Value Pack 1L","553","0","2"
"05-02-2024","Hyderabad","Buffalo Ghee 500ml","6","0","0"
"05-02-2024","Hyderabad","Kharwas 120g","11","0","0"
"05-02-2024","Hyderabad","A2 Gir Cow Paneer 200g","2","0","0"
"05-02-2024","Hyderabad","New A2 Value Pack 500ml","212","0","0"
"05-02-2024","Hyderabad","Insulated Door Bag","1","0","0"
"05-02-2024","Hyderabad","Buffalo Milk Value Pack 500ml","160","0","0"
"05-02-2024","Hyderabad","Dahi","11","0","0"
"05-02-2024","Hyderabad","Past Milk Value Pack 1L","21","0","0"
"05-02-2024","Hyderabad","Raw Value Pack 1L","65","0","0"
"05-02-2024","Hyderabad","Buffalo Value Pack 1L","358","1","2"
"05-02-2024","Hyderabad","Lactose Free Milk 0.5L","7","0","0"
"05-02-2024","Hyderabad","Past Milk Value Pack 0.5L","22","0","0"
"05-02-2024","Hyderabad","Raw Milk Value Pack 0.5L","25","0","0"
"05-03-2020","Hyderabad","Past Milk 1L","1","0","0"
"05-03-2020","Hyderabad","A2 Value Pack 1L","1","0","0"
"05-03-2021","Hyderabad","A2 1L","1","0","0"
"05-03-2021","Hyderabad","A2 Value Pack 1L","2","0","0"
"05-03-2022","Hyderabad","Past Milk 1L","8","0","0"
"05-03-2022","Hyderabad","Raw Milk 1L","11","0","0"
"05-03-2022","Hyderabad","Past Milk 0.5L","2","0","0"
"05-03-2022","Hyderabad","Ghee 500ml","1","0","0"
"05-03-2022","Hyderabad","A2 1L","25","0","5"
"05-03-2022","Hyderabad","Curd Culture","2","0","0"
"05-03-2022","Hyderabad","Buffalo Milk 1L","24","0","0"
"05-03-2022","Hyderabad","Paneer 200g Cows Milk","5","0","0"
"05-03-2022","Hyderabad","A2 Value Pack 1L","49","0","0"
"05-03-2022","Hyderabad","Buffalo Ghee 500ml","1","0","0"
"05-03-2022","Hyderabad","New A2 Value Pack 500ml","20","0","0"
"05-03-2022","Hyderabad","Buffalo Milk Value Pack 500ml","12","0","0"
"05-03-2023","Hyderabad","Past Milk 1L","20","0","0"
"05-03-2023","Hyderabad","Raw Milk 1L","21","0","0"
"05-03-2023","Hyderabad","A2 1L","58","1","5"
"05-03-2023","Hyderabad","Curd Culture","2","0","0"
"05-03-2023","Hyderabad","A2 Ghee","3","0","0"
"05-03-2023","Hyderabad","Buffalo Milk 1L","46","1","3"
"05-03-2023","Hyderabad","Paneer 200g Cows Milk","3","0","0"
"05-03-2023","Hyderabad","A2 Value Pack 1L","257","0","3"
"05-03-2023","Hyderabad","Buffalo Ghee 500ml","7","0","0"
"05-03-2023","Hyderabad","Kharwas 120g","5","0","0"
"05-03-2023","Hyderabad","A2 Gir Cow Paneer 200g","5","0","0"
"05-03-2023","Hyderabad","New A2 Value Pack 500ml","100","0","1"
"05-03-2023","Hyderabad","Buffalo Milk Value Pack 500ml","65","0","4"
"05-03-2023","Hyderabad","Dahi","9","0","0"
"05-03-2023","Hyderabad","Past Milk Value Pack 1L","20","0","0"
"05-03-2023","Hyderabad","Raw Value Pack 1L","35","1","1"
"05-03-2023","Hyderabad","Buffalo Value Pack 1L","121","0","0"
"05-03-2023","Hyderabad","Lactose Free Milk 0.5L","10","0","0"
"05-03-2023","Hyderabad","Past Milk Value Pack 0.5L","10","0","0"
"05-03-2023","Hyderabad","Raw Milk Value Pack 0.5L","20","0","0"
"05-03-2024","Hyderabad","Past Milk 1L","16","0","1"
"05-03-2024","Hyderabad","Raw Milk 1L","9","0","2"
"05-03-2024","Hyderabad","Ghee 500ml","3","0","0"
"05-03-2024","Hyderabad","A2 1L","52","0","9"
"05-03-2024","Hyderabad","Curd Culture","3","0","0"
"05-03-2024","Hyderabad","A2 Ghee","7","0","0"
"05-03-2024","Hyderabad","Buffalo Milk 1L","45","0","7"
"05-03-2024","Hyderabad","Paneer 200g Cows Milk","15","0","0"
"05-03-2024","Hyderabad","A2 Value Pack 1L","597","2","0"
"05-03-2024","Hyderabad","Buffalo Ghee 500ml","2","0","0"
"05-03-2024","Hyderabad","Kharwas 120g","14","0","0"
"05-03-2024","Hyderabad","A2 Gir Cow Paneer 200g","2","0","0"
"05-03-2024","Hyderabad","New A2 Value Pack 500ml","216","1","0"
"05-03-2024","Hyderabad","Insulated Door Bag","1","0","0"
"05-03-2024","Hyderabad","Buffalo Milk Value Pack 500ml","176","0","0"
"05-03-2024","Hyderabad","Dahi","15","0","0"
"05-03-2024","Hyderabad","Past Milk Value Pack 1L","22","0","0"
"05-03-2024","Hyderabad","Raw Value Pack 1L","68","1","0"
"05-03-2024","Hyderabad","Buffalo Value Pack 1L","374","0","0"
"05-03-2024","Hyderabad","Lactose Free Milk 0.5L","15","0","0"
"05-03-2024","Hyderabad","Past Milk Value Pack 0.5L","17","0","0"
"05-03-2024","Hyderabad","Raw Milk Value Pack 0.5L","15","0","0"
"05-04-2020","Hyderabad","Past Milk 1L","2","0","0"
"05-04-2020","Hyderabad","Raw Milk 1L","1","0","0"
"05-04-2020","Hyderabad","A2 Value Pack 1L","3","0","0"
"05-04-2021","Hyderabad","Curd Culture","1","0","0"
"05-04-2021","Hyderabad","Buffalo Milk 1L","1","0","0"
"05-04-2021","Hyderabad","A2 Value Pack 1L","1","0","0"
"05-04-2021","Hyderabad","Kharwas 120g","1","0","0"
"05-04-2022","Hyderabad","Past Milk 1L","10","0","0"
"05-04-2022","Hyderabad","Raw Milk 1L","12","0","1"
"05-04-2022","Hyderabad","Past Milk 0.5L","6","0","0"
"05-04-2022","Hyderabad","A2 1L","37","0","6"
"05-04-2022","Hyderabad","Curd Culture","1","0","0"
"05-04-2022","Hyderabad","Buffalo Milk 1L","41","0","1"
"05-04-2022","Hyderabad","Paneer 200g Cows Milk","2","0","0"
"05-04-2022","Hyderabad","A2 Value Pack 1L","64","0","0"
"05-04-2022","Hyderabad","Kharwas 120g","3","0","0"
"05-04-2022","Hyderabad","New A2 Value Pack 500ml","34","0","1"
"05-04-2022","Hyderabad","Buffalo Milk Value Pack 500ml","19","0","1"
"05-04-2022","Hyderabad","Dahi","3","0","0"
"05-04-2023","Hyderabad","Past Milk 1L","19","0","0"
"05-04-2023","Hyderabad","Raw Milk 1L","17","0","0"
"05-04-2023","Hyderabad","Ghee 500ml","1","0","0"
"05-04-2023","Hyderabad","A2 1L","55","2","0"
"05-04-2023","Hyderabad","Curd Culture","1","0","0"
"05-04-2023","Hyderabad","A2 Ghee","1","0","0"
"05-04-2023","Hyderabad","Buffalo Milk 1L","46","2","0"
"05-04-2023","Hyderabad","Paneer 200g Cows Milk","2","0","0"
"05-04-2023","Hyderabad","A2 Value Pack 1L","286","2","0"
"05-04-2023","Hyderabad","Kharwas 120g","5","0","0"
"05-04-2023","Hyderabad","A2 Gir Cow Paneer 200g","1","0","0"
"05-04-2023","Hyderabad","New A2 Value Pack 500ml","119","0","0"
"05-04-2023","Hyderabad","Insulated Door Bag","1","0","0"
"05-04-2023","Hyderabad","Buffalo Milk Value Pack 500ml","75","0","0"
"05-04-2023","Hyderabad","Dahi","5","0","0"
"05-04-2023","Hyderabad","Past Milk Value Pack 1L","12","1","0"
"05-04-2023","Hyderabad","Raw Value Pack 1L","48","0","0"
"05-04-2023","Hyderabad","Buffalo Value Pack 1L","145","3","0"
"05-04-2023","Hyderabad","Lactose Free Milk 0.5L","9","0","0"
"05-04-2023","Hyderabad","Past Milk Value Pack 0.5L","5","0","0"
"05-04-2023","Hyderabad","Raw Milk Value Pack 0.5L","19","0","0"
"05-04-2024","Hyderabad","Past Milk 1L","17","0","0"
"05-04-2024","Hyderabad","Raw Milk 1L","13","0","2"
"05-04-2024","Hyderabad","Ghee 500ml","2","0","0"
"05-04-2024","Hyderabad","A2 1L","81","0","5"
"05-04-2024","Hyderabad","Curd Culture","3","0","0"
"05-04-2024","Hyderabad","A2 Ghee","6","0","0"
"05-04-2024","Hyderabad","Buffalo Milk 1L","44","0","5"
"05-04-2024","Hyderabad","Paneer 200g Cows Milk","18","0","0"
"05-04-2024","Hyderabad","A2 Value Pack 1L","593","0","0"
"05-04-2024","Hyderabad","Kharwas 120g","7","0","0"
"05-04-2024","Hyderabad","A2 Gir Cow Paneer 200g","1","0","0"
"05-04-2024","Hyderabad","New A2 Value Pack 500ml","225","0","0"
"05-04-2024","Hyderabad","Buffalo Milk Value Pack 500ml","148","0","0"
"05-04-2024","Hyderabad","Dahi","14","0","0"
"05-04-2024","Hyderabad","Past Milk Value Pack 1L","16","0","0"
"05-04-2024","Hyderabad","Raw Value Pack 1L","59","0","1"
"05-04-2024","Hyderabad","Buffalo Value Pack 1L","370","0","2"
"05-04-2024","Hyderabad","Lactose Free Milk 0.5L","15","0","0"
"05-04-2024","Hyderabad","Past Milk Value Pack 0.5L","17","0","0"
"05-04-2024","Hyderabad","Raw Milk Value Pack 0.5L","24","0","0"
"05-05-2020","Hyderabad","Past Milk 1L","2","0","0"
"05-05-2020","Hyderabad","A2 1L","1","0","0"
"05-05-2020","Hyderabad","Buffalo Milk 1L","1","0","0"
"05-05-2020","Hyderabad","A2 Value Pack 1L","1","0","0"
"05-05-2020","Hyderabad","New A2 Value Pack 500ml","1","0","0"
"05-05-2021","Hyderabad","Buffalo Milk 1L","1","0","0"
"05-05-2021","Hyderabad","A2 Value Pack 1L","1","0","0"
"05-05-2022","Hyderabad","Past Milk 1L","11","0","0"
"05-05-2022","Hyderabad","Raw Milk 1L","15","0","0"
"05-05-2022","Hyderabad","Past Milk 0.5L","1","0","0"
"05-05-2022","Hyderabad","A2 1L","45","0","2"
"05-05-2022","Hyderabad","Curd Culture","1","0","0"
"05-05-2022","Hyderabad","A2 Ghee","1","0","0"
"05-05-2022","Hyderabad","Buffalo Milk 1L","36","0","5"
"05-05-2022","Hyderabad","Paneer 200g Cows Milk","1","0","0"
"05-05-2022","Hyderabad","A2 Value Pack 1L","81","0","0"
"05-05-2022","Hyderabad","New A2 Value Pack 500ml","30","0","0"
"05-05-2022","Hyderabad","Buffalo Milk Value Pack 500ml","28","0","0"
"05-05-2023","Hyderabad","Past Milk 1L","19","0","0"
"05-05-2023","Hyderabad","Raw Milk 1L","18","0","0"
"05-05-2023","Hyderabad","Ghee 500ml","1","0","0"
"05-05-2023","Hyderabad","A2 1L","61","12","0"
"05-05-2023","Hyderabad","Curd Culture","1","0","0"
"05-05-2023","Hyderabad","A2 Ghee","2","0","0"
"05-05-2023","Hyderabad","Buffalo Milk 1L","41","9","0"
"05-05-2023","Hyderabad","Paneer 200g Cows Milk","7","0","0"
"05-05-2023","Hyderabad","A2 Value Pack 1L","255","7","1"
"05-05-2023","Hyderabad","Kharwas 120g","4","0","0"
"05-05-2023","Hyderabad","A2 Gir Cow Paneer 200g","3","0","0"
"05-05-2023","Hyderabad","New A2 Value Pack 500ml","109","0","0"
"05-05-2023","Hyderabad","Buffalo Milk Value Pack 500ml","72","9","0"
"05-05-2023","Hyderabad","Dahi","7","0","0"
"05-05-2023","Hyderabad","Past Milk Value Pack 1L","16","0","0"
"05-05-2023","Hyderabad","Raw Value Pack 1L","41","1","0"
"05-05-2023","Hyderabad","Buffalo Value Pack 1L","144","25","2"
"05-05-2023","Hyderabad","Lactose Free Milk 0.5L","8","0","0"
"05-05-2023","Hyderabad","Past Milk Value Pack 0.5L","3","0","0"
"05-05-2023","Hyderabad","Raw Milk Value Pack 0.5L","16","0","0"
"05-06-2020","Hyderabad","Past Milk 1L","2","0","0"
"05-06-2020","Hyderabad","A2 Value Pack 1L","1","0","0"
"05-06-2021","Hyderabad","A2 1L","1","0","0"
"05-06-2021","Hyderabad","A2 Value Pack 1L","2","0","0"
"05-06-2022","Hyderabad","Past Milk 1L","14","0","0"
"05-06-2022","Hyderabad","Raw Milk 1L","14","1","0"
"05-06-2022","Hyderabad","Past Milk 0.5L","6","0","0"
"05-06-2022","Hyderabad","A2 1L","49","1","3"
"05-06-2022","Hyderabad","Curd Culture","1","0","0"
"05-06-2022","Hyderabad","Buffalo Milk 1L","54","3","2"
"05-06-2022","Hyderabad","Paneer 200g Cows Milk","2","0","0"
"05-06-2022","Hyderabad","A2 Value Pack 1L","97","0","0"
"05-06-2022","Hyderabad","Buffalo Ghee 500ml","1","0","0"
"05-06-2022","Hyderabad","Kharwas 120g","5","0","0"
"05-06-2022","Hyderabad","A2 Gir Cow Paneer 200g","1","0","0"
"05-06-2022","Hyderabad","New A2 Value Pack 500ml","48","0","1"
"05-06-2022","Hyderabad","Buffalo Milk Value Pack 500ml","25","0","0"
"05-06-2023","Hyderabad","Past Milk 1L","14","0","0"
"05-06-2023","Hyderabad","Raw Milk 1L","16","0","0"
"05-06-2023","Hyderabad","Ghee 500ml","5","0","0"
"05-06-2023","Hyderabad","A2 1L","41","1","0"
"05-06-2023","Hyderabad","Curd Culture","1","0","0"
"05-06-2023","Hyderabad","A2 Ghee","3","0","0"
"05-06-2023","Hyderabad","Buffalo Milk 1L","28","1","0"
"05-06-2023","Hyderabad","Paneer 200g Cows Milk","4","0","0"
"05-06-2023","Hyderabad","A2 Value Pack 1L","312","6","1"
"05-06-2023","Hyderabad","Buffalo Ghee 500ml","2","0","0"
"05-06-2023","Hyderabad","Kharwas 120g","7","0","0"
"05-06-2023","Hyderabad","A2 Gir Cow Paneer 200g","4","0","0"
"05-06-2023","Hyderabad","New A2 Value Pack 500ml","117","0","0"
"05-06-2023","Hyderabad","Buffalo Milk Value Pack 500ml","66","3","0"
"05-06-2023","Hyderabad","Dahi","12","0","0"
"05-06-2023","Hyderabad","Past Milk Value Pack 1L","15","0","0"
"05-06-2023","Hyderabad","Raw Value Pack 1L","36","0","0"
"05-06-2023","Hyderabad","Buffalo Value Pack 1L","176","11","4"
"05-06-2023","Hyderabad","Lactose Free Milk 0.5L","6","0","0"
"05-06-2023","Hyderabad","Past Milk Value Pack 0.5L","8","0","0"
"05-06-2023","Hyderabad","Raw Milk Value Pack 0.5L","14","0","0"
"05-07-2020","Hyderabad","Past Milk 1L","1","0","0"
"05-07-2020","Hyderabad","Paneer 200g Cows Milk","1","0","0"
"05-07-2020","Hyderabad","A2 Value Pack 1L","2","0","0"
"05-07-2021","Hyderabad","A2 1L","1","0","0"
"05-07-2021","Hyderabad","Buffalo Milk 1L","1","0","0"
"05-07-2021","Hyderabad","A2 Value Pack 1L","2","0","0"
"05-07-2022","Hyderabad","Past Milk 1L","27","0","0"
"05-07-2022","Hyderabad","Raw Milk 1L","14","0","1"
"05-07-2022","Hyderabad","A2 1L","52","2","4"
"05-07-2022","Hyderabad","Buffalo Milk 1L","67","4","0"
"05-07-2022","Hyderabad","Paneer 200g Cows Milk","2","0","0"
"05-07-2022","Hyderabad","A2 Value Pack 1L","123","0","1"
"05-07-2022","Hyderabad","Kharwas 120g","3","0","0"
"05-07-2022","Hyderabad","A2 Gir Cow Paneer 200g","6","0","0"
"05-07-2022","Hyderabad","New A2 Value Pack 500ml","75","0","0"
"05-07-2022","Hyderabad","Buffalo Milk Value Pack 500ml","33","0","0"
"05-07-2022","Hyderabad","Dahi","4","0","0"
"05-07-2022","Hyderabad","Past Milk Value Pack 1L","3","0","0"
"05-07-2022","Hyderabad","Raw Value Pack 1L","8","0","0"
"05-07-2022","Hyderabad","Buffalo Value Pack 1L","4","0","0"
"05-07-2022","Hyderabad","Lactose Free Milk 0.5L","1","0","0"
"05-07-2023","Hyderabad","Past Milk 1L","13","0","0"
"05-07-2023","Hyderabad","Raw Milk 1L","17","0","0"
"05-07-2023","Hyderabad","Ghee 500ml","3","0","0"
"05-07-2023","Hyderabad","A2 1L","54","0","0"
"05-07-2023","Hyderabad","Curd Culture","1","0","2"
"05-07-2023","Hyderabad","A2 Ghee","4","0","0"
"05-07-2023","Hyderabad","Buffalo Milk 1L","54","1","1"
"05-07-2023","Hyderabad","Paneer 200g Cows Milk","10","0","0"
"05-07-2023","Hyderabad","A2 Value Pack 1L","434","3","6"
"05-07-2023","Hyderabad","Buffalo Ghee 500ml","1","0","0"
"05-07-2023","Hyderabad","Kharwas 120g","3","0","0"
"05-07-2023","Hyderabad","A2 Gir Cow Paneer 200g","4","0","0"
"05-07-2023","Hyderabad","New A2 Value Pack 500ml","136","0","0"
"05-07-2023","Hyderabad","Insulated Door Bag","1","0","0"
"05-07-2023","Hyderabad","Buffalo Milk Value Pack 500ml","94","1","2"
"05-07-2023","Hyderabad","Dahi","12","0","0"
"05-07-2023","Hyderabad","Past Milk Value Pack 1L","15","0","0"
"05-07-2023","Hyderabad","Raw Value Pack 1L","47","0","2"
"05-07-2023","Hyderabad","Buffalo Value Pack 1L","198","3","3"
"05-07-2023","Hyderabad","Lactose Free Milk 0.5L","11","0","0"
"05-07-2023","Hyderabad","Past Milk Value Pack 0.5L","8","0","0"
"05-07-2023","Hyderabad","Raw Milk Value Pack 0.5L","19","0","0"
"05-08-2020","Hyderabad","Past Milk 1L","2","0","0"
"05-08-2020","Hyderabad","A2 1L","1","0","0"
"05-08-2021","Hyderabad","A2 1L","1","0","0"
"05-08-2021","Hyderabad","A2 Value Pack 1L","1","0","0"
"05-08-2022","Hyderabad","Past Milk 1L","18","0","0"
"05-08-2022","Hyderabad","Raw Milk 1L","15","0","0"
"05-08-2022","Hyderabad","Ghee 500ml","2","0","0"
"05-08-2022","Hyderabad","A2 1L","42","0","2"
"05-08-2022","Hyderabad","Buffalo Milk 1L","49","0","0"
"05-08-2022","Hyderabad","Paneer 200g Cows Milk","1","0","0"
"05-08-2022","Hyderabad","A2 Value Pack 1L","143","0","0"
"05-08-2022","Hyderabad","Buffalo Ghee 500ml","1","0","0"
"05-08-2022","Hyderabad","Kharwas 120g","2","0","0"
"05-08-2022","Hyderabad","A2 Gir Cow Paneer 200g","1","0","0"
"05-08-2022","Hyderabad","New A2 Value Pack 500ml","63","0","0"
"05-08-2022","Hyderabad","Buffalo Milk Value Pack 500ml","26","0","0"
"05-08-2022","Hyderabad","Dahi","4","0","0"
"05-08-2022","Hyderabad","Past Milk Value Pack 1L","10","0","0"
"05-08-2022","Hyderabad","Raw Value Pack 1L","13","0","0"
"05-08-2022","Hyderabad","Buffalo Value Pack 1L","12","0","0"
"05-08-2022","Hyderabad","Lactose Free Milk 0.5L","2","0","0"
"05-08-2023","Hyderabad","Past Milk 1L","30","0","0"
"05-08-2023","Hyderabad","Raw Milk 1L","20","0","0"
"05-08-2023","Hyderabad","Ghee 500ml","1","0","0"
"05-08-2023","Hyderabad","A2 1L","71","1","0"
"05-08-2023","Hyderabad","Curd Culture","5","0","0"
"05-08-2023","Hyderabad","A2 Ghee","3","0","0"
"05-08-2023","Hyderabad","Buffalo Milk 1L","45","1","3"
"05-08-2023","Hyderabad","Paneer 200g Cows Milk","5","0","0"
"05-08-2023","Hyderabad","A2 Value Pack 1L","424","3","1"
"05-08-2023","Hyderabad","Buffalo Ghee 500ml","1","0","0"
"05-08-2023","Hyderabad","Kharwas 120g","7","0","0"
"05-08-2023","Hyderabad","A2 Gir Cow Paneer 200g","4","0","0"
"05-08-2023","Hyderabad","New A2 Value Pack 500ml","159","0","2"
"05-08-2023","Hyderabad","Buffalo Milk Value Pack 500ml","96","0","3"
"05-08-2023","Hyderabad","Dahi","5","0","0"
"05-08-2023","Hyderabad","Past Milk Value Pack 1L","20","0","0"
"05-08-2023","Hyderabad","Raw Value Pack 1L","58","0","1"
"05-08-2023","Hyderabad","Buffalo Value Pack 1L","207","1","1"
"05-08-2023","Hyderabad","Lactose Free Milk 0.5L","9","0","0"
"05-08-2023","Hyderabad","Past Milk Value Pack 0.5L","12","0","0"
"05-08-2023","Hyderabad","Raw Milk Value Pack 0.5L","22","0","0"
"05-09-2020","Hyderabad","Past Milk 1L","1","0","0"
"05-09-2020","Hyderabad","A2 Value Pack 1L","1","0","0"
"05-09-2021","Hyderabad","Raw Milk 1L","1","0","0"
"05-09-2021","Hyderabad","A2 Value Pack 1L","2","0","0"
"05-09-2022","Hyderabad","Past Milk 1L","22","0","0"
"05-09-2022","Hyderabad","Raw Milk 1L","20","0","0"
"05-09-2022","Hyderabad","A2 1L","50","0","1"
"05-09-2022","Hyderabad","Buffalo Milk 1L","53","0","3"
"05-09-2022","Hyderabad","Paneer 200g Cows Milk","1","0","0"
"05-09-2022","Hyderabad","A2 Value Pack 1L","133","0","0"
"05-09-2022","Hyderabad","A2 Gir Cow Paneer 200g","3","0","0"
"05-09-2022","Hyderabad","New A2 Value Pack 500ml","79","0","0"
"05-09-2022","Hyderabad","Insulated Door Bag","1","0","0"
"05-09-2022","Hyderabad","Buffalo Milk Value Pack 500ml","29","0","0"
"05-09-2022","Hyderabad","Dahi","8","0","0"
"05-09-2022","Hyderabad","Past Milk Value Pack 1L","4","0","0"
"05-09-2022","Hyderabad","Raw Value Pack 1L","16","0","0"
"05-09-2022","Hyderabad","Buffalo Value Pack 1L","13","0","0"
"05-09-2023","Hyderabad","Past Milk 1L","25","0","0"
"05-09-2023","Hyderabad","Raw Milk 1L","23","0","0"
"05-09-2023","Hyderabad","Ghee 500ml","4","0","0"
"05-09-2023","Hyderabad","A2 1L","56","1","3"
"05-09-2023","Hyderabad","Curd Culture","3","0","0"
"05-09-2023","Hyderabad","A2 Ghee","4","0","0"
"05-09-2023","Hyderabad","Buffalo Milk 1L","61","1","2"
"05-09-2023","Hyderabad","Paneer 200g Cows Milk","8","0","0"
"05-09-2023","Hyderabad","A2 Value Pack 1L","452","3","3"
"05-09-2023","Hyderabad","Kharwas 120g","3","0","0"
"05-09-2023","Hyderabad","A2 Gir Cow Paneer 200g","1","0","0"
"05-09-2023","Hyderabad","New A2 Value Pack 500ml","161","0","2"
"05-09-2023","Hyderabad","Insulated Door Bag","1","0","0"
"05-09-2023","Hyderabad","Buffalo Milk Value Pack 500ml","122","0","2"
"05-09-2023","Hyderabad","Dahi","10","0","0"
"05-09-2023","Hyderabad","Past Milk Value Pack 1L","20","0","0"
"05-09-2023","Hyderabad","Raw Value Pack 1L","55","0","3"
"05-09-2023","Hyderabad","Buffalo Value Pack 1L","224","1","6"
"05-09-2023","Hyderabad","Lactose Free Milk 0.5L","10","0","0"
"05-09-2023","Hyderabad","Past Milk Value Pack 0.5L","11","0","1"
"05-09-2023","Hyderabad","Raw Milk Value Pack 0.5L","20","0","0"
"05-10-2020","Hyderabad","Past Milk 1L","1","0","0"
"05-10-2020","Hyderabad","A2 1L","1","0","0"
"05-10-2020","Hyderabad","A2 Value Pack 1L","1","0","0"
"05-10-2021","Hyderabad","A2 Value Pack 1L","2","0","0"
"05-10-2022","Hyderabad","Past Milk 1L","21","0","0"
"05-10-2022","Hyderabad","Raw Milk 1L","18","0","0"
"05-10-2022","Hyderabad","Ghee 500ml","1","0","0"
"05-10-2022","Hyderabad","A2 1L","54","0","2"
"05-10-2022","Hyderabad","A2 Ghee","1","0","0"
"05-10-2022","Hyderabad","Buffalo Milk 1L","57","2","4"
"05-10-2022","Hyderabad","Paneer 200g Cows Milk","2","0","0"
"05-10-2022","Hyderabad","A2 Value Pack 1L","107","0","0"
"05-10-2022","Hyderabad","Kharwas 120g","2","0","0"
"05-10-2022","Hyderabad","A2 Gir Cow Paneer 200g","2","0","0"
"05-10-2022","Hyderabad","New A2 Value Pack 500ml","75","0","2"
"05-10-2022","Hyderabad","Buffalo Milk Value Pack 500ml","36","0","1"
"05-10-2022","Hyderabad","Dahi","8","0","0"
"05-10-2022","Hyderabad","Past Milk Value Pack 1L","8","0","0"
"05-10-2022","Hyderabad","Raw Value Pack 1L","19","0","0"
"05-10-2022","Hyderabad","Buffalo Value Pack 1L","10","0","0"
"05-10-2022","Hyderabad","Lactose Free Milk 0.5L","7","0","0"
"05-10-2023","Hyderabad","Past Milk 1L","23","0","0"
"05-10-2023","Hyderabad","Raw Milk 1L","16","0","0"
"05-10-2023","Hyderabad","Ghee 500ml","2","0","0"
"05-10-2023","Hyderabad","A2 1L","74","2","1"
"05-10-2023","Hyderabad","A2 Ghee","4","0","0"
"05-10-2023","Hyderabad","Buffalo Milk 1L","52","1","3"
"05-10-2023","Hyderabad","Paneer 200g Cows Milk","6","0","0"
"05-10-2023","Hyderabad","A2 Value Pack 1L","480","0","5"
"05-10-2023","Hyderabad","Buffalo Ghee 500ml","1","0","0"
"05-10-2023","Hyderabad","Kharwas 120g","1","0","0"
"05-10-2023","Hyderabad","A2 Gir Cow Paneer 200g","5","0","0"
"05-10-2023","Hyderabad","New A2 Value Pack 500ml","176","0","0"
"05-10-2023","Hyderabad","Buffalo Milk Value Pack 500ml","128","0","1"
"05-10-2023","Hyderabad","Dahi","21","0","0"
"05-10-2023","Hyderabad","Past Milk Value Pack 1L","20","0","0"
"05-10-2023","Hyderabad","Raw Value Pack 1L","56","0","0"
"05-10-2023","Hyderabad","Buffalo Value Pack 1L","267","1","2"
"05-10-2023","Hyderabad","Lactose Free Milk 0.5L","9","0","0"
"05-10-2023","Hyderabad","Past Milk Value Pack 0.5L","15","0","1"
"05-10-2023","Hyderabad","Raw Milk Value Pack 0.5L","21","0","1"
"05-11-2020","Hyderabad","Past Milk 1L","1","0","0"
"05-11-2020","Hyderabad","Buffalo Milk 1L","1","0","0"
"05-11-2020","Hyderabad","A2 Value Pack 1L","1","0","0"
"05-11-2021","Hyderabad","Past Milk 1L","1","0","0"
"05-11-2021","Hyderabad","A2 1L","1","0","0"
"05-11-2021","Hyderabad","A2 Value Pack 1L","2","0","0"
"05-11-2022","Hyderabad","Past Milk 1L","15","0","0"
"05-11-2022","Hyderabad","Raw Milk 1L","12","0","0"
"05-11-2022","Hyderabad","A2 1L","45","0","0"
"05-11-2022","Hyderabad","Curd Culture","1","0","0"
"05-11-2022","Hyderabad","Buffalo Milk 1L","56","0","0"
"05-11-2022","Hyderabad","Paneer 200g Cows Milk","4","0","0"
"05-11-2022","Hyderabad","A2 Value Pack 1L","156","0","0"
"05-11-2022","Hyderabad","Kharwas 120g","6","0","0"
"05-11-2022","Hyderabad","A2 Gir Cow Paneer 200g","1","0","0"
"05-11-2022","Hyderabad","New A2 Value Pack 500ml","84","0","0"
"05-11-2022","Hyderabad","Buffalo Milk Value Pack 500ml","33","0","3"
"05-11-2022","Hyderabad","Dahi","7","0","0"
"05-11-2022","Hyderabad","Past Milk Value Pack 1L","6","0","0"
"05-11-2022","Hyderabad","Raw Value Pack 1L","23","0","0"
"05-11-2022","Hyderabad","Buffalo Value Pack 1L","30","0","0"
"05-11-2022","Hyderabad","Lactose Free Milk 0.5L","10","0","0"
"05-11-2022","Hyderabad","Past Milk Value Pack 0.5L","2","0","0"
"05-11-2023","Hyderabad","Past Milk 1L","20","0","0"
"05-11-2023","Hyderabad","Raw Milk 1L","18","0","0"
"05-11-2023","Hyderabad","Ghee 500ml","1","0","0"
"05-11-2023","Hyderabad","A2 1L","57","0","0"
"05-11-2023","Hyderabad","Curd Culture","3","0","0"
"05-11-2023","Hyderabad","A2 Ghee","7","0","0"
"05-11-2023","Hyderabad","Buffalo Milk 1L","50","0","1"
"05-11-2023","Hyderabad","Paneer 200g Cows Milk","20","0","0"
"05-11-2023","Hyderabad","A2 Value Pack 1L","505","1","3"
"05-11-2023","Hyderabad","Buffalo Ghee 500ml","5","0","0"
"05-11-2023","Hyderabad","Kharwas 120g","2","0","0"
"05-11-2023","Hyderabad","A2 Gir Cow Paneer 200g","3","0","0"
"05-11-2023","Hyderabad","New A2 Value Pack 500ml","156","3","1"
"05-11-2023","Hyderabad","Insulated Door Bag","3","0","0"
"05-11-2023","Hyderabad","Buffalo Milk Value Pack 500ml","146","0","0"
"05-11-2023","Hyderabad","Dahi","19","0","0"
"05-11-2023","Hyderabad","Past Milk Value Pack 1L","19","0","1"
"05-11-2023","Hyderabad","Raw Value Pack 1L","52","0","0"
"05-11-2023","Hyderabad","Buffalo Value Pack 1L","281","1","6"
"05-11-2023","Hyderabad","Lactose Free Milk 0.5L","8","0","0"
"05-11-2023","Hyderabad","Past Milk Value Pack 0.5L","13","0","0"
"05-11-2023","Hyderabad","Raw Milk Value Pack 0.5L","23","0","1"
"05-12-2020","Hyderabad","A2 Value Pack 1L","1","0","0"
"05-12-2021","Hyderabad","Past Milk 0.5L","1","0","0"
"05-12-2021","Hyderabad","Buffalo Milk 1L","1","0","0"
"05-12-2021","Hyderabad","A2 Value Pack 1L","2","0","0"
"05-12-2021","Hyderabad","New A2 Value Pack 500ml","1","0","0"
"05-12-2021","Hyderabad","Dahi","2","0","0"
"05-12-2022","Hyderabad","Past Milk 1L","17","0","0"
"05-12-2022","Hyderabad","Raw Milk 1L","12","0","0"
"05-12-2022","Hyderabad","A2 1L","53","0","0"
"05-12-2022","Hyderabad","A2 Ghee","2","0","0"
"05-12-2022","Hyderabad","Buffalo Milk 1L","65","0","0"
"05-12-2022","Hyderabad","Paneer 200g Cows Milk","1","0","0"
"05-12-2022","Hyderabad","A2 Value Pack 1L","188","0","0"
"05-12-2022","Hyderabad","Kharwas 120g","2","0","0"
"05-12-2022","Hyderabad","A2 Gir Cow Paneer 200g","2","0","0"
"05-12-2022","Hyderabad","New A2 Value Pack 500ml","97","0","0"
"05-12-2022","Hyderabad","Buffalo Milk Value Pack 500ml","31","0","1"
"05-12-2022","Hyderabad","Dahi","5","0","0"
"05-12-2022","Hyderabad","Past Milk Value Pack 1L","10","0","0"
"05-12-2022","Hyderabad","Raw Value Pack 1L","29","0","0"
"05-12-2022","Hyderabad","Buffalo Value Pack 1L","50","2","0"
"05-12-2022","Hyderabad","Raw Milk Value Pack 0.5L","10","0","0"
"05-12-2023","Hyderabad","Past Milk 1L","18","0","0"
"05-12-2023","Hyderabad","Raw Milk 1L","17","0","0"
"05-12-2023","Hyderabad","Ghee 500ml","2","0","0"
"05-12-2023","Hyderabad","A2 1L","48","0","0"
"05-12-2023","Hyderabad","Curd Culture","3","0","0"
"05-12-2023","Hyderabad","A2 Ghee","1","0","0"
"05-12-2023","Hyderabad","Buffalo Milk 1L","42","0","2"
"05-12-2023","Hyderabad","Paneer 200g Cows Milk","13","0","0"
"05-12-2023","Hyderabad","A2 Value Pack 1L","529","2","9"
"05-12-2023","Hyderabad","Kharwas 120g","7","0","0"
"05-12-2023","Hyderabad","A2 Gir Cow Paneer 200g","2","0","0"
"05-12-2023","Hyderabad","New A2 Value Pack 500ml","201","0","2"
"05-12-2023","Hyderabad","Buffalo Milk Value Pack 500ml","139","0","2"
"05-12-2023","Hyderabad","Dahi","17","0","0"
"05-12-2023","Hyderabad","Past Milk Value Pack 1L","26","0","0"
"05-12-2023","Hyderabad","Raw Value Pack 1L","58","0","2"
"05-12-2023","Hyderabad","Buffalo Value Pack 1L","302","1","8"
"05-12-2023","Hyderabad","Lactose Free Milk 0.5L","8","0","0"
"05-12-2023","Hyderabad","Past Milk Value Pack 0.5L","20","0","0"
"05-12-2023","Hyderabad","Raw Milk Value Pack 0.5L","23","0","1"
"06-01-2020","Hyderabad","Past Milk 1L","1","0","0"
"06-01-2021","Hyderabad","A2 1L","1","0","0"
"06-01-2021","Hyderabad","Buffalo Milk 1L","1","0","0"
"06-01-2021","Hyderabad","A2 Value Pack 1L","1","0","0"
"06-01-2022","Hyderabad","A2 Value Pack 1L","2","0","0"
"06-01-2023","Hyderabad","Past Milk 1L","18","0","0"
"06-01-2023","Hyderabad","Raw Milk 1L","13","0","0"
"06-01-2023","Hyderabad","Ghee 500ml","3","0","0"
"06-01-2023","Hyderabad","A2 1L","60","4","1"
"06-01-2023","Hyderabad","Curd Culture","2","0","0"
"06-01-2023","Hyderabad","A2 Ghee","5","0","0"
"06-01-2023","Hyderabad","Buffalo Milk 1L","46","2","6"
"06-01-2023","Hyderabad","Paneer 200g Cows Milk","1","0","0"
"06-01-2023","Hyderabad","A2 Value Pack 1L","215","0","0"
"06-01-2023","Hyderabad","Buffalo Ghee 500ml","1","0","0"
"06-01-2023","Hyderabad","Kharwas 120g","4","0","0"
"06-01-2023","Hyderabad","A2 Gir Cow Paneer 200g","4","0","0"
"06-01-2023","Hyderabad","New A2 Value Pack 500ml","108","0","0"
"06-01-2023","Hyderabad","Buffalo Milk Value Pack 500ml","36","1","5"
"06-01-2023","Hyderabad","Dahi","8","0","0"
"06-01-2023","Hyderabad","Past Milk Value Pack 1L","12","0","0"
"06-01-2023","Hyderabad","Raw Value Pack 1L","26","0","1"
"06-01-2023","Hyderabad","Buffalo Value Pack 1L","76","0","3"
"06-01-2023","Hyderabad","Lactose Free Milk 0.5L","5","0","0"
"06-01-2023","Hyderabad","Past Milk Value Pack 0.5L","3","0","0"
"06-01-2023","Hyderabad","Raw Milk Value Pack 0.5L","13","0","0"
"06-01-2024","Hyderabad","Past Milk 1L","23","0","0"
"06-01-2024","Hyderabad","Raw Milk 1L","17","0","0"
"06-01-2024","Hyderabad","Ghee 500ml","3","0","0"
"06-01-2024","Hyderabad","A2 1L","39","0","0"
"06-01-2024","Hyderabad","Curd Culture","1","0","0"
"06-01-2024","Hyderabad","A2 Ghee","1","0","0"
"06-01-2024","Hyderabad","Buffalo Milk 1L","33","0","1"
"06-01-2024","Hyderabad","Paneer 200g Cows Milk","10","0","0"
"06-01-2024","Hyderabad","A2 Value Pack 1L","537","0","2"
"06-01-2024","Hyderabad","Buffalo Ghee 500ml","1","0","0"
"06-01-2024","Hyderabad","Kharwas 120g","9","0","0"
"06-01-2024","Hyderabad","A2 Gir Cow Paneer 200g","3","0","0"
"06-01-2024","Hyderabad","New A2 Value Pack 500ml","197","2","1"
"06-01-2024","Hyderabad","Insulated Door Bag","1","0","0"
"06-01-2024","Hyderabad","Buffalo Milk Value Pack 500ml","139","1","1"
"06-01-2024","Hyderabad","Dahi","15","0","0"
"06-01-2024","Hyderabad","Past Milk Value Pack 1L","24","0","1"
"06-01-2024","Hyderabad","Raw Value Pack 1L","65","0","0"
"06-01-2024","Hyderabad","Buffalo Value Pack 1L","326","1","3"
"06-01-2024","Hyderabad","Lactose Free Milk 0.5L","10","0","0"
"06-01-2024","Hyderabad","Past Milk Value Pack 0.5L","25","0","0"
"06-01-2024","Hyderabad","Raw Milk Value Pack 0.5L","15","0","0"
"06-02-2020","Hyderabad","Past Milk 1L","2","0","0"
"06-02-2020","Hyderabad","A2 1L","1","0","1"
"06-02-2020","Hyderabad","A2 Value Pack 1L","1","0","0"
"06-02-2021","Hyderabad","Buffalo Milk 1L","2","0","0"
"06-02-2021","Hyderabad","A2 Value Pack 1L","1","0","0"
"06-02-2022","Hyderabad","Past Milk 1L","3","0","0"
"06-02-2022","Hyderabad","Raw Milk 1L","4","0","1"
"06-02-2022","Hyderabad","A2 1L","15","0","3"
"06-02-2022","Hyderabad","Curd Culture","2","0","0"
"06-02-2022","Hyderabad","Buffalo Milk 1L","5","0","4"
"06-02-2022","Hyderabad","A2 Value Pack 1L","13","0","0"
"06-02-2022","Hyderabad","New A2 Value Pack 500ml","7","0","1"
"06-02-2022","Hyderabad","Buffalo Milk Value Pack 500ml","5","0","0"
"06-02-2023","Hyderabad","Past Milk 1L","23","0","0"
"06-02-2023","Hyderabad","Raw Milk 1L","19","1","0"
"06-02-2023","Hyderabad","Ghee 500ml","3","0","0"
"06-02-2023","Hyderabad","A2 1L","55","3","1"
"06-02-2023","Hyderabad","Curd Culture","8","0","0"
"06-02-2023","Hyderabad","A2 Ghee","1","0","0"
"06-02-2023","Hyderabad","Buffalo Milk 1L","64","1","0"
"06-02-2023","Hyderabad","Paneer 200g Cows Milk","3","0","0"
"06-02-2023","Hyderabad","A2 Value Pack 1L","266","0","0"
"06-02-2023","Hyderabad","Kharwas 120g","5","0","0"
"06-02-2023","Hyderabad","A2 Gir Cow Paneer 200g","5","0","0"
"06-02-2023","Hyderabad","New A2 Value Pack 500ml","100","0","0"
"06-02-2023","Hyderabad","Insulated Door Bag","3","0","0"
"06-02-2023","Hyderabad","Buffalo Milk Value Pack 500ml","49","0","1"
"06-02-2023","Hyderabad","Dahi","19","0","0"
"06-02-2023","Hyderabad","Past Milk Value Pack 1L","14","0","0"
"06-02-2023","Hyderabad","Raw Value Pack 1L","40","0","1"
"06-02-2023","Hyderabad","Buffalo Value Pack 1L","113","3","2"
"06-02-2023","Hyderabad","Lactose Free Milk 0.5L","6","0","0"
"06-02-2023","Hyderabad","Past Milk Value Pack 0.5L","5","0","0"
"06-02-2023","Hyderabad","Raw Milk Value Pack 0.5L","12","0","0"
"06-02-2024","Hyderabad","Past Milk 1L","22","0","0"
"06-02-2024","Hyderabad","Raw Milk 1L","10","0","3"
"06-02-2024","Hyderabad","Ghee 500ml","1","0","0"
"06-02-2024","Hyderabad","A2 1L","56","0","1"
"06-02-2024","Hyderabad","Curd Culture","3","0","0"
"06-02-2024","Hyderabad","A2 Ghee","2","0","0"
"06-02-2024","Hyderabad","Buffalo Milk 1L","38","0","10"
"06-02-2024","Hyderabad","Paneer 200g Cows Milk","14","0","0"
"06-02-2024","Hyderabad","A2 Value Pack 1L","554","0","0"
"06-02-2024","Hyderabad","Buffalo Ghee 500ml","2","0","0"
"06-02-2024","Hyderabad","Kharwas 120g","4","0","0"
"06-02-2024","Hyderabad","A2 Gir Cow Paneer 200g","2","0","0"
"06-02-2024","Hyderabad","New A2 Value Pack 500ml","212","0","2"
"06-02-2024","Hyderabad","Insulated Door Bag","1","0","0"
"06-02-2024","Hyderabad","Buffalo Milk Value Pack 500ml","160","0","1"
"06-02-2024","Hyderabad","Dahi","20","0","0"
"06-02-2024","Hyderabad","Past Milk Value Pack 1L","20","0","0"
"06-02-2024","Hyderabad","Raw Value Pack 1L","64","0","0"
"06-02-2024","Hyderabad","Buffalo Value Pack 1L","360","0","0"
"06-02-2024","Hyderabad","Lactose Free Milk 0.5L","8","0","0"
"06-02-2024","Hyderabad","Past Milk Value Pack 0.5L","15","0","0"
"06-02-2024","Hyderabad","Raw Milk Value Pack 0.5L","17","0","0"
"06-03-2020","Hyderabad","Past Milk 1L","2","0","0"
"06-03-2020","Hyderabad","A2 Value Pack 1L","2","0","0"
"06-03-2021","Hyderabad","A2 Value Pack 1L","2","0","0"
"06-03-2022","Hyderabad","Past Milk 1L","8","0","0"
"06-03-2022","Hyderabad","Raw Milk 1L","10","0","0"
"06-03-2022","Hyderabad","Past Milk 0.5L","3","0","0"
"06-03-2022","Hyderabad","A2 1L","23","0","2"
"06-03-2022","Hyderabad","Curd Culture","1","0","0"
"06-03-2022","Hyderabad","Buffalo Milk 1L","25","0","1"
"06-03-2022","Hyderabad","A2 Value Pack 1L","43","0","0"
"06-03-2022","Hyderabad","New A2 Value Pack 500ml","31","0","1"
"06-03-2022","Hyderabad","Buffalo Milk Value Pack 500ml","13","0","0"
"06-03-2022","Hyderabad","Dahi","3","0","0"
"06-03-2023","Hyderabad","Past Milk 1L","21","0","0"
"06-03-2023","Hyderabad","Raw Milk 1L","23","2","0"
"06-03-2023","Hyderabad","Ghee 500ml","11","0","0"
"06-03-2023","Hyderabad","A2 1L","57","1","0"
"06-03-2023","Hyderabad","Curd Culture","2","0","0"
"06-03-2023","Hyderabad","A2 Ghee","2","0","0"
"06-03-2023","Hyderabad","Buffalo Milk 1L","58","6","0"
"06-03-2023","Hyderabad","Paneer 200g Cows Milk","3","0","0"
"06-03-2023","Hyderabad","A2 Value Pack 1L","264","0","0"
"06-03-2023","Hyderabad","Buffalo Ghee 500ml","1","0","0"
"06-03-2023","Hyderabad","Kharwas 120g","3","0","0"
"06-03-2023","Hyderabad","A2 Gir Cow Paneer 200g","3","0","0"
"06-03-2023","Hyderabad","New A2 Value Pack 500ml","100","0","0"
"06-03-2023","Hyderabad","Insulated Door Bag","1","0","0"
"06-03-2023","Hyderabad","Buffalo Milk Value Pack 500ml","66","1","0"
"06-03-2023","Hyderabad","Dahi","14","0","0"
"06-03-2023","Hyderabad","Past Milk Value Pack 1L","19","0","0"
"06-03-2023","Hyderabad","Raw Value Pack 1L","44","1","0"
"06-03-2023","Hyderabad","Buffalo Value Pack 1L","124","1","0"
"06-03-2023","Hyderabad","Lactose Free Milk 0.5L","10","0","0"
"06-03-2023","Hyderabad","Past Milk Value Pack 0.5L","4","0","0"
"06-03-2023","Hyderabad","Raw Milk Value Pack 0.5L","14","0","0"
"06-03-2024","Hyderabad","Past Milk 1L","18","0","0"
"06-03-2024","Hyderabad","Raw Milk 1L","15","0","2"
"06-03-2024","Hyderabad","Ghee 500ml","2","0","0"
"06-03-2024","Hyderabad","A2 1L","49","0","6"
"06-03-2024","Hyderabad","Curd Culture","1","0","0"
"06-03-2024","Hyderabad","A2 Ghee","4","0","0"
"06-03-2024","Hyderabad","Buffalo Milk 1L","57","0","5"
"06-03-2024","Hyderabad","Paneer 200g Cows Milk","7","0","0"
"06-03-2024","Hyderabad","A2 Value Pack 1L","610","2","0"
"06-03-2024","Hyderabad","Buffalo Ghee 500ml","1","0","0"
"06-03-2024","Hyderabad","Kharwas 120g","3","0","0"
"06-03-2024","Hyderabad","A2 Gir Cow Paneer 200g","6","0","0"
"06-03-2024","Hyderabad","New A2 Value Pack 500ml","228","1","0"
"06-03-2024","Hyderabad","Insulated Door Bag","2","0","0"
"06-03-2024","Hyderabad","Buffalo Milk Value Pack 500ml","158","0","0"
"06-03-2024","Hyderabad","Dahi","15","0","0"
"06-03-2024","Hyderabad","Past Milk Value Pack 1L","25","0","0"
"06-03-2024","Hyderabad","Raw Value Pack 1L","65","0","0"
"06-03-2024","Hyderabad","Buffalo Value Pack 1L","363","3","0"
"06-03-2024","Hyderabad","Lactose Free Milk 0.5L","12","0","0"
"06-03-2024","Hyderabad","Past Milk Value Pack 0.5L","19","0","0"
"06-03-2024","Hyderabad","Raw Milk Value Pack 0.5L","20","0","0"
"06-04-2020","Hyderabad","Past Milk 1L","3","0","0"
"06-04-2021","Hyderabad","A2 1L","1","0","0"
"06-04-2021","Hyderabad","A2 Value Pack 1L","2","0","0"
"06-04-2021","Hyderabad","Kharwas 120g","1","0","0"
"06-04-2022","Hyderabad","Past Milk 1L","10","0","2"
"06-04-2022","Hyderabad","Raw Milk 1L","15","0","1"
"06-04-2022","Hyderabad","Past Milk 0.5L","3","0","0"
"06-04-2022","Hyderabad","Ghee 500ml","1","0","0"
"06-04-2022","Hyderabad","A2 1L","31","0","9"
"06-04-2022","Hyderabad","Curd Culture","2","0","0"
"06-04-2022","Hyderabad","Buffalo Milk 1L","38","0","5"
"06-04-2022","Hyderabad","Paneer 200g Cows Milk","1","0","0"
"06-04-2022","Hyderabad","A2 Value Pack 1L","65","0","3"
"06-04-2022","Hyderabad","New A2 Value Pack 500ml","33","0","1"
"06-04-2022","Hyderabad","Buffalo Milk Value Pack 500ml","22","0","2"
"06-04-2022","Hyderabad","Dahi","4","0","0"
"06-04-2023","Hyderabad","Past Milk 1L","12","0","0"
"06-04-2023","Hyderabad","Raw Milk 1L","19","0","0"
"06-04-2023","Hyderabad","Ghee 500ml","3","0","0"
"06-04-2023","Hyderabad","A2 1L","66","0","0"
"06-04-2023","Hyderabad","Curd Culture","5","0","0"
"06-04-2023","Hyderabad","Buffalo Milk 1L","45","0","0"
"06-04-2023","Hyderabad","Paneer 200g Cows Milk","3","0","0"
"06-04-2023","Hyderabad","A2 Value Pack 1L","286","0","0"
"06-04-2023","Hyderabad","Buffalo Ghee 500ml","1","0","0"
"06-04-2023","Hyderabad","Kharwas 120g","4","0","0"
"06-04-2023","Hyderabad","A2 Gir Cow Paneer 200g","2","0","0"
"06-04-2023","Hyderabad","New A2 Value Pack 500ml","123","0","0"
"06-04-2023","Hyderabad","Insulated Door Bag","1","0","0"
"06-04-2023","Hyderabad","Buffalo Milk Value Pack 500ml","81","0","0"
"06-04-2023","Hyderabad","Dahi","17","0","0"
"06-04-2023","Hyderabad","Past Milk Value Pack 1L","22","0","0"
"06-04-2023","Hyderabad","Raw Value Pack 1L","39","0","0"
"06-04-2023","Hyderabad","Buffalo Value Pack 1L","153","1","0"
"06-04-2023","Hyderabad","Lactose Free Milk 0.5L","6","0","0"
"06-04-2023","Hyderabad","Past Milk Value Pack 0.5L","4","0","0"
"06-04-2023","Hyderabad","Raw Milk Value Pack 0.5L","19","0","0"
"06-04-2024","Hyderabad","Past Milk 1L","11","0","0"
"06-04-2024","Hyderabad","Raw Milk 1L","15","0","0"
"06-04-2024","Hyderabad","Ghee 500ml","4","0","0"
"06-04-2024","Hyderabad","A2 1L","60","1","6"
"06-04-2024","Hyderabad","Curd Culture","4","0","0"
"06-04-2024","Hyderabad","A2 Ghee","7","0","0"
"06-04-2024","Hyderabad","Buffalo Milk 1L","53","0","3"
"06-04-2024","Hyderabad","Paneer 200g Cows Milk","5","0","0"
"06-04-2024","Hyderabad","A2 Value Pack 1L","558","3","0"
"06-04-2024","Hyderabad","Buffalo Ghee 500ml","7","0","0"
"06-04-2024","Hyderabad","Kharwas 120g","11","0","0"
"06-04-2024","Hyderabad","A2 Gir Cow Paneer 200g","4","0","0"
"06-04-2024","Hyderabad","New A2 Value Pack 500ml","204","0","1"
"06-04-2024","Hyderabad","Buffalo Milk Value Pack 500ml","169","0","2"
"06-04-2024","Hyderabad","Dahi","16","0","0"
"06-04-2024","Hyderabad","Past Milk Value Pack 1L","24","0","0"
"06-04-2024","Hyderabad","Raw Value Pack 1L","55","0","0"
"06-04-2024","Hyderabad","Buffalo Value Pack 1L","370","0","0"
"06-04-2024","Hyderabad","Lactose Free Milk 0.5L","22","0","0"
"06-04-2024","Hyderabad","Past Milk Value Pack 0.5L","26","0","0"
"06-04-2024","Hyderabad","Raw Milk Value Pack 0.5L","24","0","0"
"06-05-2020","Hyderabad","Past Milk 1L","2","0","0"
"06-05-2020","Hyderabad","New A2 Value Pack 500ml","1","0","0"
"06-05-2021","Hyderabad","A2 1L","1","0","0"
"06-05-2021","Hyderabad","A2 Value Pack 1L","1","0","0"
"06-05-2022","Hyderabad","Past Milk 1L","11","0","0"
"06-05-2022","Hyderabad","Raw Milk 1L","17","0","0"
"06-05-2022","Hyderabad","Past Milk 0.5L","3","0","1"
"06-05-2022","Hyderabad","Ghee 500ml","1","0","0"
"06-05-2022","Hyderabad","A2 1L","43","0","3"
"06-05-2022","Hyderabad","Curd Culture","1","0","0"
"06-05-2022","Hyderabad","Buffalo Milk 1L","40","0","0"
"06-05-2022","Hyderabad","Paneer 200g Cows Milk","2","0","0"
"06-05-2022","Hyderabad","A2 Value Pack 1L","71","0","1"
"06-05-2022","Hyderabad","Buffalo Ghee 500ml","1","0","0"
"06-05-2022","Hyderabad","A2 Gir Cow Paneer 200g","1","0","0"
"06-05-2022","Hyderabad","New A2 Value Pack 500ml","30","0","1"
"06-05-2022","Hyderabad","Buffalo Milk Value Pack 500ml","29","0","5"
"06-05-2023","Hyderabad","Past Milk 1L","10","0","0"
"06-05-2023","Hyderabad","Raw Milk 1L","16","0","0"
"06-05-2023","Hyderabad","Ghee 500ml","1","0","0"
"06-05-2023","Hyderabad","A2 1L","66","9","0"
"06-05-2023","Hyderabad","A2 Ghee","1","0","0"
"06-05-2023","Hyderabad","Buffalo Milk 1L","34","11","0"
"06-05-2023","Hyderabad","Paneer 200g Cows Milk","2","0","0"
"06-05-2023","Hyderabad","A2 Value Pack 1L","251","11","0"
"06-05-2023","Hyderabad","Buffalo Ghee 500ml","4","0","0"
"06-05-2023","Hyderabad","Kharwas 120g","1","0","0"
"06-05-2023","Hyderabad","A2 Gir Cow Paneer 200g","3","0","0"
"06-05-2023","Hyderabad","New A2 Value Pack 500ml","109","2","0"
"06-05-2023","Hyderabad","Buffalo Milk Value Pack 500ml","62","10","0"
"06-05-2023","Hyderabad","Dahi","11","0","0"
"06-05-2023","Hyderabad","Past Milk Value Pack 1L","17","0","0"
"06-05-2023","Hyderabad","Raw Value Pack 1L","31","1","0"
"06-05-2023","Hyderabad","Buffalo Value Pack 1L","138","20","1"
"06-05-2023","Hyderabad","Lactose Free Milk 0.5L","4","0","0"
"06-05-2023","Hyderabad","Past Milk Value Pack 0.5L","5","0","1"
"06-05-2023","Hyderabad","Raw Milk Value Pack 0.5L","10","0","0"
"06-06-2020","Hyderabad","Past Milk 1L","2","0","0"
"06-06-2020","Hyderabad","A2 1L","1","0","0"
"06-06-2021","Hyderabad","A2 1L","1","0","0"
"06-06-2021","Hyderabad","Buffalo Milk 1L","1","0","0"
"06-06-2021","Hyderabad","A2 Value Pack 1L","1","0","0"
"06-06-2022","Hyderabad","Past Milk 1L","10","0","0"
"06-06-2022","Hyderabad","Raw Milk 1L","15","1","0"
"06-06-2022","Hyderabad","Past Milk 0.5L","3","0","0"
"06-06-2022","Hyderabad","A2 1L","45","3","0"
"06-06-2022","Hyderabad","Curd Culture","1","0","0"
"06-06-2022","Hyderabad","A2 Ghee","1","0","0"
"06-06-2022","Hyderabad","Buffalo Milk 1L","57","4","0"
"06-06-2022","Hyderabad","Paneer 200g Cows Milk","3","0","0"
"06-06-2022","Hyderabad","A2 Value Pack 1L","107","0","0"
"06-06-2022","Hyderabad","Buffalo Ghee 500ml","1","0","0"
"06-06-2022","Hyderabad","Kharwas 120g","1","0","0"
"06-06-2022","Hyderabad","A2 Gir Cow Paneer 200g","2","0","0"
"06-06-2022","Hyderabad","New A2 Value Pack 500ml","55","0","0"
"06-06-2022","Hyderabad","Insulated Door Bag","1","0","0"
"06-06-2022","Hyderabad","Buffalo Milk Value Pack 500ml","26","0","0"
"06-06-2022","Hyderabad","Dahi","3","0","0"
"06-06-2023","Hyderabad","Past Milk 1L","17","0","0"
"06-06-2023","Hyderabad","Raw Milk 1L","14","0","0"
"06-06-2023","Hyderabad","Ghee 500ml","2","0","0"
"06-06-2023","Hyderabad","A2 1L","63","1","0"
"06-06-2023","Hyderabad","Curd Culture","4","0","0"
"06-06-2023","Hyderabad","Buffalo Milk 1L","40","0","0"
"06-06-2023","Hyderabad","Paneer 200g Cows Milk","5","0","0"
"06-06-2023","Hyderabad","A2 Value Pack 1L","323","9","2"
"06-06-2023","Hyderabad","Buffalo Ghee 500ml","1","0","0"
"06-06-2023","Hyderabad","Kharwas 120g","2","0","0"
"06-06-2023","Hyderabad","A2 Gir Cow Paneer 200g","3","0","0"
"06-06-2023","Hyderabad","New A2 Value Pack 500ml","97","0","0"
"06-06-2023","Hyderabad","Insulated Door Bag","2","0","0"
"06-06-2023","Hyderabad","Buffalo Milk Value Pack 500ml","73","4","1"
"06-06-2023","Hyderabad","Dahi","10","0","0"
"06-06-2023","Hyderabad","Past Milk Value Pack 1L","14","0","1"
"06-06-2023","Hyderabad","Raw Value Pack 1L","38","0","2"
"06-06-2023","Hyderabad","Buffalo Value Pack 1L","171","9","4"
"06-06-2023","Hyderabad","Lactose Free Milk 0.5L","10","0","0"
"06-06-2023","Hyderabad","Past Milk Value Pack 0.5L","9","0","0"
"06-06-2023","Hyderabad","Raw Milk Value Pack 0.5L","16","0","0"
"06-07-2020","Hyderabad","Past Milk 1L","2","0","0"
"06-07-2020","Hyderabad","A2 1L","1","0","0"
"06-07-2021","Hyderabad","A2 1L","1","0","0"
"06-07-2021","Hyderabad","A2 Value Pack 1L","1","0","0"
"06-07-2022","Hyderabad","Past Milk 1L","17","0","0"
"06-07-2022","Hyderabad","Raw Milk 1L","17","0","1"
"06-07-2022","Hyderabad","A2 1L","48","1","3"
"06-07-2022","Hyderabad","Curd Culture","1","0","0"
"06-07-2022","Hyderabad","A2 Ghee","1","0","0"
"06-07-2022","Hyderabad","Buffalo Milk 1L","61","5","1"
"06-07-2022","Hyderabad","Paneer 200g Cows Milk","4","0","0"
"06-07-2022","Hyderabad","A2 Value Pack 1L","129","0","0"
"06-07-2022","Hyderabad","Kharwas 120g","1","0","0"
"06-07-2022","Hyderabad","New A2 Value Pack 500ml","65","0","0"
"06-07-2022","Hyderabad","Buffalo Milk Value Pack 500ml","31","0","0"
"06-07-2022","Hyderabad","Dahi","4","0","0"
"06-07-2022","Hyderabad","Past Milk Value Pack 1L","5","0","0"
"06-07-2022","Hyderabad","Raw Value Pack 1L","10","0","0"
"06-07-2022","Hyderabad","Buffalo Value Pack 1L","3","0","0"
"06-07-2022","Hyderabad","Lactose Free Milk 0.5L","5","0","0"
"06-07-2023","Hyderabad","Past Milk 1L","19","0","0"
"06-07-2023","Hyderabad","Raw Milk 1L","20","0","0"
"06-07-2023","Hyderabad","Ghee 500ml","3","0","0"
"06-07-2023","Hyderabad","A2 1L","58","0","0"
"06-07-2023","Hyderabad","Curd Culture","4","0","0"
"06-07-2023","Hyderabad","A2 Ghee","1","0","0"
"06-07-2023","Hyderabad","Buffalo Milk 1L","46","0","3"
"06-07-2023","Hyderabad","Paneer 200g Cows Milk","5","0","0"
"06-07-2023","Hyderabad","A2 Value Pack 1L","438","1","2"
"06-07-2023","Hyderabad","Buffalo Ghee 500ml","2","0","0"
"06-07-2023","Hyderabad","Kharwas 120g","2","0","0"
"06-07-2023","Hyderabad","New A2 Value Pack 500ml","147","0","0"
"06-07-2023","Hyderabad","Insulated Door Bag","2","0","0"
"06-07-2023","Hyderabad","Buffalo Milk Value Pack 500ml","93","0","0"
"06-07-2023","Hyderabad","Dahi","14","0","0"
"06-07-2023","Hyderabad","Past Milk Value Pack 1L","23","0","1"
"06-07-2023","Hyderabad","Raw Value Pack 1L","54","0","0"
"06-07-2023","Hyderabad","Buffalo Value Pack 1L","197","0","2"
"06-07-2023","Hyderabad","Lactose Free Milk 0.5L","12","0","0"
"06-07-2023","Hyderabad","Past Milk Value Pack 0.5L","7","0","0"
"06-07-2023","Hyderabad","Raw Milk Value Pack 0.5L","14","0","0"
"06-08-2020","Hyderabad","Past Milk 1L","2","0","0"
"06-08-2020","Hyderabad","A2 Value Pack 1L","1","0","0"
"06-08-2021","Hyderabad","A2 1L","1","0","0"
"06-08-2021","Hyderabad","A2 Value Pack 1L","1","0","0"
"06-08-2022","Hyderabad","Past Milk 1L","22","0","0"
"06-08-2022","Hyderabad","Raw Milk 1L","15","0","1"
"06-08-2022","Hyderabad","A2 1L","44","0","1"
"06-08-2022","Hyderabad","Buffalo Milk 1L","42","0","1"
"06-08-2022","Hyderabad","A2 Value Pack 1L","117","0","0"
"06-08-2022","Hyderabad","A2 Gir Cow Paneer 200g","1","0","0"
"06-08-2022","Hyderabad","New A2 Value Pack 500ml","66","0","0"
"06-08-2022","Hyderabad","Buffalo Milk Value Pack 500ml","30","0","0"
"06-08-2022","Hyderabad","Dahi","1","0","0"
"06-08-2022","Hyderabad","Past Milk Value Pack 1L","7","0","0"
"06-08-2022","Hyderabad","Raw Value Pack 1L","12","0","0"
"06-08-2022","Hyderabad","Buffalo Value Pack 1L","18","0","0"
"06-08-2022","Hyderabad","Lactose Free Milk 0.5L","5","0","0"
"06-08-2023","Hyderabad","Past Milk 1L","24","0","0"
"06-08-2023","Hyderabad","Raw Milk 1L","13","0","0"
"06-08-2023","Hyderabad","Ghee 500ml","2","0","0"
"06-08-2023","Hyderabad","A2 1L","56","0","0"
"06-08-2023","Hyderabad","Curd Culture","2","0","0"
"06-08-2023","Hyderabad","A2 Ghee","4","0","0"
"06-08-2023","Hyderabad","Buffalo Milk 1L","39","0","2"
"06-08-2023","Hyderabad","Paneer 200g Cows Milk","7","0","0"
"06-08-2023","Hyderabad","A2 Value Pack 1L","412","2","1"
"06-08-2023","Hyderabad","Buffalo Ghee 500ml","4","0","0"
"06-08-2023","Hyderabad","Kharwas 120g","2","0","0"
"06-08-2023","Hyderabad","A2 Gir Cow Paneer 200g","1","0","0"
"06-08-2023","Hyderabad","New A2 Value Pack 500ml","151","0","0"
"06-08-2023","Hyderabad","Buffalo Milk Value Pack 500ml","93","1","4"
"06-08-2023","Hyderabad","Dahi","10","0","0"
"06-08-2023","Hyderabad","Past Milk Value Pack 1L","19","1","0"
"06-08-2023","Hyderabad","Raw Value Pack 1L","62","0","0"
"06-08-2023","Hyderabad","Buffalo Value Pack 1L","203","1","0"
"06-08-2023","Hyderabad","Lactose Free Milk 0.5L","8","1","0"
"06-08-2023","Hyderabad","Past Milk Value Pack 0.5L","14","0","0"
"06-08-2023","Hyderabad","Raw Milk Value Pack 0.5L","19","0","0"
"06-09-2020","Hyderabad","Past Milk 1L","1","0","0"
"06-09-2020","Hyderabad","A2 1L","1","0","0"
"06-09-2021","Hyderabad","A2 1L","1","0","0"
"06-09-2021","Hyderabad","A2 Value Pack 1L","1","0","0"
"06-09-2022","Hyderabad","Past Milk 1L","21","0","0"
"06-09-2022","Hyderabad","Raw Milk 1L","14","0","0"
"06-09-2022","Hyderabad","Ghee 500ml","1","0","0"
"06-09-2022","Hyderabad","A2 1L","40","0","4"
"06-09-2022","Hyderabad","A2 Ghee","1","0","0"
"06-09-2022","Hyderabad","Buffalo Milk 1L","45","0","6"
"06-09-2022","Hyderabad","A2 Value Pack 1L","132","0","0"
"06-09-2022","Hyderabad","Kharwas 120g","3","0","0"
"06-09-2022","Hyderabad","A2 Gir Cow Paneer 200g","2","0","0"
"06-09-2022","Hyderabad","New A2 Value Pack 500ml","70","0","3"
"06-09-2022","Hyderabad","Insulated Door Bag","1","0","0"
"06-09-2022","Hyderabad","Buffalo Milk Value Pack 500ml","33","0","2"
"06-09-2022","Hyderabad","Dahi","7","0","0"
"06-09-2022","Hyderabad","Past Milk Value Pack 1L","5","0","0"
"06-09-2022","Hyderabad","Raw Value Pack 1L","14","0","0"
"06-09-2022","Hyderabad","Buffalo Value Pack 1L","14","0","0"
"06-09-2022","Hyderabad","Lactose Free Milk 0.5L","3","0","0"
"06-09-2023","Hyderabad","Past Milk 1L","24","0","0"
"06-09-2023","Hyderabad","Raw Milk 1L","20","0","0"
"06-09-2023","Hyderabad","Ghee 500ml","5","0","0"
"06-09-2023","Hyderabad","A2 1L","67","1","3"
"06-09-2023","Hyderabad","Curd Culture","3","0","0"
"06-09-2023","Hyderabad","A2 Ghee","5","0","0"
"06-09-2023","Hyderabad","Buffalo Milk 1L","59","1","7"
"06-09-2023","Hyderabad","Paneer 200g Cows Milk","5","0","0"
"06-09-2023","Hyderabad","A2 Value Pack 1L","485","2","4"
"06-09-2023","Hyderabad","Buffalo Ghee 500ml","2","0","0"
"06-09-2023","Hyderabad","Kharwas 120g","8","0","0"
"06-09-2023","Hyderabad","A2 Gir Cow Paneer 200g","1","0","0"
"06-09-2023","Hyderabad","New A2 Value Pack 500ml","168","0","1"
"06-09-2023","Hyderabad","Buffalo Milk Value Pack 500ml","128","0","3"
"06-09-2023","Hyderabad","Dahi","20","0","0"
"06-09-2023","Hyderabad","Past Milk Value Pack 1L","22","0","0"
"06-09-2023","Hyderabad","Raw Value Pack 1L","59","0","1"
"06-09-2023","Hyderabad","Buffalo Value Pack 1L","247","2","1"
"06-09-2023","Hyderabad","Lactose Free Milk 0.5L","11","0","0"
"06-09-2023","Hyderabad","Past Milk Value Pack 0.5L","10","0","0"
"06-09-2023","Hyderabad","Raw Milk Value Pack 0.5L","19","0","1"
"06-10-2020","Hyderabad","Past Milk 1L","1","0","0"
"06-10-2020","Hyderabad","A2 Value Pack 1L","1","0","0"
"06-10-2021","Hyderabad","A2 1L","1","0","0"
"06-10-2021","Hyderabad","A2 Value Pack 1L","1","0","0"
"06-10-2022","Hyderabad","Past Milk 1L","17","0","0"
"06-10-2022","Hyderabad","Raw Milk 1L","16","0","0"
"06-10-2022","Hyderabad","A2 1L","51","0","1"
"06-10-2022","Hyderabad","Curd Culture","1","0","0"
"06-10-2022","Hyderabad","Buffalo Milk 1L","49","0","0"
"06-10-2022","Hyderabad","Paneer 200g Cows Milk","2","0","0"
"06-10-2022","Hyderabad","A2 Value Pack 1L","109","0","0"
"06-10-2022","Hyderabad","Kharwas 120g","3","0","0"
"06-10-2022","Hyderabad","A2 Gir Cow Paneer 200g","2","0","0"
"06-10-2022","Hyderabad","New A2 Value Pack 500ml","81","0","0"
"06-10-2022","Hyderabad","Buffalo Milk Value Pack 500ml","37","1","0"
"06-10-2022","Hyderabad","Dahi","4","0","0"
"06-10-2022","Hyderabad","Past Milk Value Pack 1L","5","0","0"
"06-10-2022","Hyderabad","Raw Value Pack 1L","15","0","0"
"06-10-2022","Hyderabad","Buffalo Value Pack 1L","10","0","0"
"06-10-2022","Hyderabad","Lactose Free Milk 0.5L","8","1","0"
"06-10-2022","Hyderabad","Past Milk Value Pack 0.5L","1","0","0"
"06-10-2023","Hyderabad","Past Milk 1L","23","0","0"
"06-10-2023","Hyderabad","Raw Milk 1L","12","0","0"
"06-10-2023","Hyderabad","Ghee 500ml","2","0","0"
"06-10-2023","Hyderabad","A2 1L","63","0","1"
"06-10-2023","Hyderabad","Curd Culture","3","0","0"
"06-10-2023","Hyderabad","A2 Ghee","4","0","0"
"06-10-2023","Hyderabad","Buffalo Milk 1L","57","0","1"
"06-10-2023","Hyderabad","Paneer 200g Cows Milk","8","0","0"
"06-10-2023","Hyderabad","A2 Value Pack 1L","514","2","4"
"06-10-2023","Hyderabad","Buffalo Ghee 500ml","5","0","0"
"06-10-2023","Hyderabad","Kharwas 120g","8","0","0"
"06-10-2023","Hyderabad","A2 Gir Cow Paneer 200g","1","0","0"
"06-10-2023","Hyderabad","New A2 Value Pack 500ml","163","1","0"
"06-10-2023","Hyderabad","Buffalo Milk Value Pack 500ml","153","0","0"
"06-10-2023","Hyderabad","Dahi","17","0","0"
"06-10-2023","Hyderabad","Past Milk Value Pack 1L","15","0","0"
"06-10-2023","Hyderabad","Raw Value Pack 1L","50","0","0"
"06-10-2023","Hyderabad","Buffalo Value Pack 1L","276","2","9"
"06-10-2023","Hyderabad","Lactose Free Milk 0.5L","7","0","0"
"06-10-2023","Hyderabad","Past Milk Value Pack 0.5L","16","0","0"
"06-10-2023","Hyderabad","Raw Milk Value Pack 0.5L","23","0","0"
"06-11-2020","Hyderabad","Past Milk 1L","1","0","0"
"06-11-2020","Hyderabad","A2 1L","1","0","0"
"06-11-2020","Hyderabad","A2 Value Pack 1L","2","0","0"
"06-11-2021","Hyderabad","A2 Value Pack 1L","1","0","0"
"06-11-2022","Hyderabad","Past Milk 1L","20","0","0"
"06-11-2022","Hyderabad","Raw Milk 1L","17","0","0"
"06-11-2022","Hyderabad","Ghee 500ml","2","0","0"
"06-11-2022","Hyderabad","A2 1L","54","0","2"
"06-11-2022","Hyderabad","A2 Ghee","4","0","0"
"06-11-2022","Hyderabad","Buffalo Milk 1L","56","0","0"
"06-11-2022","Hyderabad","Paneer 200g Cows Milk","1","0","0"
"06-11-2022","Hyderabad","A2 Value Pack 1L","143","0","0"
"06-11-2022","Hyderabad","Kharwas 120g","2","0","0"
"06-11-2022","Hyderabad","A2 Gir Cow Paneer 200g","3","0","0"
"06-11-2022","Hyderabad","New A2 Value Pack 500ml","77","0","3"
"06-11-2022","Hyderabad","Buffalo Milk Value Pack 500ml","34","0","1"
"06-11-2022","Hyderabad","Dahi","8","0","0"
"06-11-2022","Hyderabad","Past Milk Value Pack 1L","10","0","0"
"06-11-2022","Hyderabad","Raw Value Pack 1L","20","0","0"
"06-11-2022","Hyderabad","Buffalo Value Pack 1L","25","0","0"
"06-11-2022","Hyderabad","Lactose Free Milk 0.5L","7","0","0"
"06-11-2022","Hyderabad","Past Milk Value Pack 0.5L","0","0","2"
"06-11-2022","Hyderabad","Raw Milk Value Pack 0.5L","1","0","1"
"06-11-2023","Hyderabad","Past Milk 1L","17","0","0"
"06-11-2023","Hyderabad","Raw Milk 1L","14","0","0"
"06-11-2023","Hyderabad","Ghee 500ml","1","0","0"
"06-11-2023","Hyderabad","A2 1L","63","1","0"
"06-11-2023","Hyderabad","Curd Culture","3","0","0"
"06-11-2023","Hyderabad","A2 Ghee","5","0","0"
"06-11-2023","Hyderabad","Buffalo Milk 1L","43","0","0"
"06-11-2023","Hyderabad","Paneer 200g Cows Milk","4","0","0"
"06-11-2023","Hyderabad","A2 Value Pack 1L","502","0","0"
"06-11-2023","Hyderabad","Buffalo Ghee 500ml","2","0","0"
"06-11-2023","Hyderabad","Kharwas 120g","9","0","0"
"06-11-2023","Hyderabad","A2 Gir Cow Paneer 200g","1","0","0"
"06-11-2023","Hyderabad","New A2 Value Pack 500ml","168","1","0"
"06-11-2023","Hyderabad","Buffalo Milk Value Pack 500ml","135","0","0"
"06-11-2023","Hyderabad","Dahi","14","0","0"
"06-11-2023","Hyderabad","Past Milk Value Pack 1L","23","0","0"
"06-11-2023","Hyderabad","Raw Value Pack 1L","55","0","0"
"06-11-2023","Hyderabad","Buffalo Value Pack 1L","297","0","2"
"06-11-2023","Hyderabad","Lactose Free Milk 0.5L","8","0","0"
"06-11-2023","Hyderabad","Past Milk Value Pack 0.5L","14","0","0"
"06-11-2023","Hyderabad","Raw Milk Value Pack 0.5L","22","1","0"
"06-12-2020","Hyderabad","Past Milk 1L","1","0","0"
"06-12-2020","Hyderabad","A2 1L","1","0","0"
"06-12-2020","Hyderabad","A2 Value Pack 1L","2","0","0"
"06-12-2021","Hyderabad","Past Milk 1L","1","0","0"
"06-12-2021","Hyderabad","A2 Value Pack 1L","2","0","0"
"06-12-2021","Hyderabad","New A2 Value Pack 500ml","1","0","0"
"06-12-2021","Hyderabad","Dahi","1","0","0"
"06-12-2022","Hyderabad","Past Milk 1L","22","0","0"
"06-12-2022","Hyderabad","Raw Milk 1L","10","0","0"
"06-12-2022","Hyderabad","Ghee 500ml","1","0","0"
"06-12-2022","Hyderabad","A2 1L","53","1","1"
"06-12-2022","Hyderabad","A2 Ghee","1","0","0"
"06-12-2022","Hyderabad","Buffalo Milk 1L","57","1","8"
"06-12-2022","Hyderabad","Paneer 200g Cows Milk","2","0","0"
"06-12-2022","Hyderabad","A2 Value Pack 1L","175","0","1"
"06-12-2022","Hyderabad","Kharwas 120g","6","0","0"
"06-12-2022","Hyderabad","New A2 Value Pack 500ml","98","0","0"
"06-12-2022","Hyderabad","Buffalo Milk Value Pack 500ml","41","0","4"
"06-12-2022","Hyderabad","Dahi","7","0","0"
"06-12-2022","Hyderabad","Past Milk Value Pack 1L","8","0","0"
"06-12-2022","Hyderabad","Raw Value Pack 1L","22","0","0"
"06-12-2022","Hyderabad","Buffalo Value Pack 1L","44","0","1"
"06-12-2022","Hyderabad","Lactose Free Milk 0.5L","8","0","0"
"06-12-2022","Hyderabad","Past Milk Value Pack 0.5L","1","0","0"
"06-12-2022","Hyderabad","Raw Milk Value Pack 0.5L","8","0","2"
"06-12-2023","Hyderabad","Past Milk 1L","15","0","0"
"06-12-2023","Hyderabad","Raw Milk 1L","14","0","0"
"06-12-2023","Hyderabad","Ghee 500ml","4","0","0"
"06-12-2023","Hyderabad","A2 1L","59","0","2"
"06-12-2023","Hyderabad","Curd Culture","2","0","0"
"06-12-2023","Hyderabad","A2 Ghee","1","0","0"
"06-12-2023","Hyderabad","Buffalo Milk 1L","36","0","4"
"06-12-2023","Hyderabad","Paneer 200g Cows Milk","9","0","0"
"06-12-2023","Hyderabad","A2 Value Pack 1L","510","1","3"
"06-12-2023","Hyderabad","Buffalo Ghee 500ml","3","0","0"
"06-12-2023","Hyderabad","Kharwas 120g","6","0","0"
"06-12-2023","Hyderabad","A2 Gir Cow Paneer 200g","1","0","0"
"06-12-2023","Hyderabad","New A2 Value Pack 500ml","182","0","3"
"06-12-2023","Hyderabad","Buffalo Milk Value Pack 500ml","141","1","0"
"06-12-2023","Hyderabad","Dahi","19","0","0"
"06-12-2023","Hyderabad","Past Milk Value Pack 1L","28","0","0"
"06-12-2023","Hyderabad","Raw Value Pack 1L","60","0","0"
"06-12-2023","Hyderabad","Buffalo Value Pack 1L","313","0","2"
"06-12-2023","Hyderabad","Lactose Free Milk 0.5L","10","0","0"
"06-12-2023","Hyderabad","Past Milk Value Pack 0.5L","20","0","0"
"06-12-2023","Hyderabad","Raw Milk Value Pack 0.5L","22","0","0"
"07-01-2020","Hyderabad","Past Milk 1L","2","0","0"
"07-01-2020","Hyderabad","A2 Value Pack 1L","1","0","0"
"07-01-2021","Hyderabad","Buffalo Milk 1L","1","0","0"
"07-01-2021","Hyderabad","A2 Value Pack 1L","1","0","0"
"07-01-2022","Hyderabad","A2 Value Pack 1L","1","0","0"
"07-01-2023","Hyderabad","Past Milk 1L","18","0","0"
"07-01-2023","Hyderabad","Raw Milk 1L","14","0","0"
"07-01-2023","Hyderabad","Ghee 500ml","2","0","0"
"07-01-2023","Hyderabad","A2 1L","51","0","6"
"07-01-2023","Hyderabad","Curd Culture","2","0","0"
"07-01-2023","Hyderabad","A2 Ghee","5","0","0"
"07-01-2023","Hyderabad","Buffalo Milk 1L","48","1","6"
"07-01-2023","Hyderabad","Paneer 200g Cows Milk","2","0","0"
"07-01-2023","Hyderabad","A2 Value Pack 1L","204","1","3"
"07-01-2023","Hyderabad","Kharwas 120g","4","0","1"
"07-01-2023","Hyderabad","New A2 Value Pack 500ml","100","0","1"
"07-01-2023","Hyderabad","Insulated Door Bag","1","0","0"
"07-01-2023","Hyderabad","Buffalo Milk Value Pack 500ml","33","0","4"
"07-01-2023","Hyderabad","Dahi","8","0","0"
"07-01-2023","Hyderabad","Past Milk Value Pack 1L","14","0","0"
"07-01-2023","Hyderabad","Raw Value Pack 1L","26","0","1"
"07-01-2023","Hyderabad","Buffalo Value Pack 1L","76","2","3"
"07-01-2023","Hyderabad","Lactose Free Milk 0.5L","9","0","0"
"07-01-2023","Hyderabad","Past Milk Value Pack 0.5L","3","0","0"
"07-01-2023","Hyderabad","Raw Milk Value Pack 0.5L","10","0","0"
"07-01-2024","Hyderabad","Past Milk 1L","18","0","0"
"07-01-2024","Hyderabad","Raw Milk 1L","14","0","0"
"07-01-2024","Hyderabad","Ghee 500ml","6","0","0"
"07-01-2024","Hyderabad","A2 1L","57","0","0"
"07-01-2024","Hyderabad","Curd Culture","2","0","0"
"07-01-2024","Hyderabad","A2 Ghee","3","0","0"
"07-01-2024","Hyderabad","Buffalo Milk 1L","32","0","1"
"07-01-2024","Hyderabad","Paneer 200g Cows Milk","7","0","0"
"07-01-2024","Hyderabad","A2 Value Pack 1L","529","2","2"
"07-01-2024","Hyderabad","Buffalo Ghee 500ml","5","0","0"
"07-01-2024","Hyderabad","Kharwas 120g","6","0","0"
"07-01-2024","Hyderabad","A2 Gir Cow Paneer 200g","4","0","0"
"07-01-2024","Hyderabad","New A2 Value Pack 500ml","197","0","1"
"07-01-2024","Hyderabad","Buffalo Milk Value Pack 500ml","154","0","0"
"07-01-2024","Hyderabad","Dahi","19","0","0"
"07-01-2024","Hyderabad","Past Milk Value Pack 1L","22","1","0"
"07-01-2024","Hyderabad","Raw Value Pack 1L","60","0","0"
"07-01-2024","Hyderabad","Buffalo Value Pack 1L","339","2","4"
"07-01-2024","Hyderabad","Lactose Free Milk 0.5L","10","0","0"
"07-01-2024","Hyderabad","Past Milk Value Pack 0.5L","20","0","0"
"07-01-2024","Hyderabad","Raw Milk Value Pack 0.5L","21","0","0"
"07-02-2020","Hyderabad","Past Milk 1L","2","0","0"
"07-02-2020","Hyderabad","A2 Value Pack 1L","1","0","0"
"07-02-2021","Hyderabad","A2 1L","1","0","0"
"07-02-2021","Hyderabad","Buffalo Milk 1L","1","0","0"
"07-02-2021","Hyderabad","A2 Value Pack 1L","1","0","0"
"07-02-2022","Hyderabad","Past Milk 1L","3","0","0"
"07-02-2022","Hyderabad","Raw Milk 1L","3","0","0"
"07-02-2022","Hyderabad","Ghee 500ml","1","0","0"
"07-02-2022","Hyderabad","A2 1L","13","0","0"
"07-02-2022","Hyderabad","A2 Ghee","1","0","0"
"07-02-2022","Hyderabad","Buffalo Milk 1L","4","0","0"
"07-02-2022","Hyderabad","A2 Value Pack 1L","14","0","0"
"07-02-2022","Hyderabad","New A2 Value Pack 500ml","7","0","0"
"07-02-2022","Hyderabad","Buffalo Milk Value Pack 500ml","5","0","0"
"07-02-2023","Hyderabad","Past Milk 1L","21","0","0"
"07-02-2023","Hyderabad","Raw Milk 1L","23","0","0"
"07-02-2023","Hyderabad","Ghee 500ml","1","0","0"
"07-02-2023","Hyderabad","A2 1L","54","0","3"
"07-02-2023","Hyderabad","Curd Culture","4","0","0"
"07-02-2023","Hyderabad","A2 Ghee","4","0","0"
"07-02-2023","Hyderabad","Buffalo Milk 1L","59","1","0"
"07-02-2023","Hyderabad","Paneer 200g Cows Milk","5","0","0"
"07-02-2023","Hyderabad","A2 Value Pack 1L","257","2","1"
"07-02-2023","Hyderabad","Kharwas 120g","2","0","0"
"07-02-2023","Hyderabad","A2 Gir Cow Paneer 200g","1","0","0"
"07-02-2023","Hyderabad","New A2 Value Pack 500ml","92","0","0"
"07-02-2023","Hyderabad","Buffalo Milk Value Pack 500ml","54","0","0"
"07-02-2023","Hyderabad","Dahi","8","0","0"
"07-02-2023","Hyderabad","Past Milk Value Pack 1L","14","0","0"
"07-02-2023","Hyderabad","Raw Value Pack 1L","29","0","1"
"07-02-2023","Hyderabad","Buffalo Value Pack 1L","113","2","6"
"07-02-2023","Hyderabad","Lactose Free Milk 0.5L","5","0","0"
"07-02-2023","Hyderabad","Past Milk Value Pack 0.5L","4","0","0"
"07-02-2023","Hyderabad","Raw Milk Value Pack 0.5L","10","0","0"
"07-02-2024","Hyderabad","Past Milk 1L","22","0","0"
"07-02-2024","Hyderabad","Raw Milk 1L","15","0","1"
"07-02-2024","Hyderabad","Ghee 500ml","1","0","0"
"07-02-2024","Hyderabad","A2 1L","45","1","0"
"07-02-2024","Hyderabad","Curd Culture","4","0","0"
"07-02-2024","Hyderabad","A2 Ghee","6","0","0"
"07-02-2024","Hyderabad","Buffalo Milk 1L","45","0","5"
"07-02-2024","Hyderabad","Paneer 200g Cows Milk","17","0","0"
"07-02-2024","Hyderabad","A2 Value Pack 1L","570","0","2"
"07-02-2024","Hyderabad","Buffalo Ghee 500ml","3","0","0"
"07-02-2024","Hyderabad","Kharwas 120g","5","0","0"
"07-02-2024","Hyderabad","A2 Gir Cow Paneer 200g","4","0","0"
"07-02-2024","Hyderabad","New A2 Value Pack 500ml","209","0","0"
"07-02-2024","Hyderabad","Buffalo Milk Value Pack 500ml","146","1","0"
"07-02-2024","Hyderabad","Dahi","7","0","0"
"07-02-2024","Hyderabad","Past Milk Value Pack 1L","22","0","0"
"07-02-2024","Hyderabad","Raw Value Pack 1L","69","0","0"
"07-02-2024","Hyderabad","Buffalo Value Pack 1L","336","0","2"
"07-02-2024","Hyderabad","Lactose Free Milk 0.5L","9","0","0"
"07-02-2024","Hyderabad","Past Milk Value Pack 0.5L","18","0","0"
"07-02-2024","Hyderabad","Raw Milk Value Pack 0.5L","17","0","0"
"07-03-2020","Hyderabad","Past Milk 1L","2","0","0"
"07-03-2020","Hyderabad","A2 Value Pack 1L","1","0","0"
"07-03-2021","Hyderabad","A2 1L","1","0","0"
"07-03-2021","Hyderabad","A2 Value Pack 1L","1","0","0"
"07-03-2022","Hyderabad","Past Milk 1L","10","0","0"
"07-03-2022","Hyderabad","Raw Milk 1L","10","0","0"
"07-03-2022","Hyderabad","Past Milk 0.5L","2","0","0"
"07-03-2022","Hyderabad","A2 1L","28","0","1"
"07-03-2022","Hyderabad","Curd Culture","1","0","0"
"07-03-2022","Hyderabad","Buffalo Milk 1L","25","0","0"
"07-03-2022","Hyderabad","A2 Value Pack 1L","49","0","0"
"07-03-2022","Hyderabad","A2 Gir Cow Paneer 200g","1","0","0"
"07-03-2022","Hyderabad","New A2 Value Pack 500ml","26","0","0"
"07-03-2022","Hyderabad","Buffalo Milk Value Pack 500ml","16","0","0"
"07-03-2022","Hyderabad","Dahi","1","0","0"
"07-03-2023","Hyderabad","Past Milk 1L","15","0","0"
"07-03-2023","Hyderabad","Raw Milk 1L","24","0","0"
"07-03-2023","Hyderabad","Ghee 500ml","1","0","0"
"07-03-2023","Hyderabad","A2 1L","78","1","3"
"07-03-2023","Hyderabad","Curd Culture","2","0","0"
"07-03-2023","Hyderabad","Buffalo Milk 1L","47","0","12"
"07-03-2023","Hyderabad","Paneer 200g Cows Milk","7","0","0"
"07-03-2023","Hyderabad","A2 Value Pack 1L","261","1","3"
"07-03-2023","Hyderabad","Buffalo Ghee 500ml","2","0","0"
"07-03-2023","Hyderabad","Kharwas 120g","8","0","0"
"07-03-2023","Hyderabad","A2 Gir Cow Paneer 200g","2","0","0"
"07-03-2023","Hyderabad","New A2 Value Pack 500ml","107","0","2"
"07-03-2023","Hyderabad","Buffalo Milk Value Pack 500ml","63","0","3"
"07-03-2023","Hyderabad","Dahi","8","0","0"
"07-03-2023","Hyderabad","Past Milk Value Pack 1L","19","1","0"
"07-03-2023","Hyderabad","Raw Value Pack 1L","37","2","0"
"07-03-2023","Hyderabad","Buffalo Value Pack 1L","124","0","8"
"07-03-2023","Hyderabad","Lactose Free Milk 0.5L","7","0","0"
"07-03-2023","Hyderabad","Past Milk Value Pack 0.5L","5","0","0"
"07-03-2023","Hyderabad","Raw Milk Value Pack 0.5L","16","0","0"
"07-03-2024","Hyderabad","Past Milk 1L","18","0","0"
"07-03-2024","Hyderabad","Raw Milk 1L","11","0","0"
"07-03-2024","Hyderabad","Ghee 500ml","4","0","0"
"07-03-2024","Hyderabad","A2 1L","48","1","5"
"07-03-2024","Hyderabad","Curd Culture","2","0","0"
"07-03-2024","Hyderabad","A2 Ghee","3","0","0"
"07-03-2024","Hyderabad","Buffalo Milk 1L","55","0","1"
"07-03-2024","Hyderabad","Paneer 200g Cows Milk","10","0","0"
"07-03-2024","Hyderabad","A2 Value Pack 1L","598","1","0"
"07-03-2024","Hyderabad","Buffalo Ghee 500ml","3","0","0"
"07-03-2024","Hyderabad","Kharwas 120g","11","0","0"
"07-03-2024","Hyderabad","New A2 Value Pack 500ml","206","0","0"
"07-03-2024","Hyderabad","Buffalo Milk Value Pack 500ml","164","0","0"
"07-03-2024","Hyderabad","Dahi","17","0","0"
"07-03-2024","Hyderabad","Past Milk Value Pack 1L","22","0","0"
"07-03-2024","Hyderabad","Raw Value Pack 1L","70","0","0"
"07-03-2024","Hyderabad","Buffalo Value Pack 1L","349","0","0"
"07-03-2024","Hyderabad","Lactose Free Milk 0.5L","18","0","0"
"07-03-2024","Hyderabad","Past Milk Value Pack 0.5L","18","0","0"
"07-03-2024","Hyderabad","Raw Milk Value Pack 0.5L","16","0","0"
"07-04-2020","Hyderabad","Past Milk 1L","2","0","0"
"07-04-2020","Hyderabad","Raw Milk 1L","1","0","0"
"07-04-2020","Hyderabad","Buffalo Milk 1L","1","0","0"
"07-04-2020","Hyderabad","A2 Value Pack 1L","3","0","0"
"07-04-2021","Hyderabad","Buffalo Milk 1L","1","0","0"
"07-04-2021","Hyderabad","Kharwas 120g","1","0","0"
"07-04-2022","Hyderabad","Past Milk 1L","10","0","2"
"07-04-2022","Hyderabad","Raw Milk 1L","13","0","1"
"07-04-2022","Hyderabad","Past Milk 0.5L","5","0","1"
"07-04-2022","Hyderabad","Ghee 500ml","1","0","0"
"07-04-2022","Hyderabad","A2 1L","41","0","1"
"07-04-2022","Hyderabad","Curd Culture","1","0","0"
"07-04-2022","Hyderabad","A2 Ghee","3","0","0"
"07-04-2022","Hyderabad","Buffalo Milk 1L","39","0","5"
"07-04-2022","Hyderabad","Paneer 200g Cows Milk","1","0","0"
"07-04-2022","Hyderabad","A2 Value Pack 1L","67","0","0"
"07-04-2022","Hyderabad","Kharwas 120g","4","0","0"
"07-04-2022","Hyderabad","New A2 Value Pack 500ml","34","0","1"
"07-04-2022","Hyderabad","Insulated Door Bag","1","0","0"
"07-04-2022","Hyderabad","Buffalo Milk Value Pack 500ml","17","0","0"
"07-04-2023","Hyderabad","Past Milk 1L","18","0","0"
"07-04-2023","Hyderabad","Raw Milk 1L","20","0","0"
"07-04-2023","Hyderabad","Ghee 500ml","3","0","0"
"07-04-2023","Hyderabad","A2 1L","57","1","0"
"07-04-2023","Hyderabad","Curd Culture","3","0","0"
"07-04-2023","Hyderabad","A2 Ghee","4","0","0"
"07-04-2023","Hyderabad","Buffalo Milk 1L","45","1","0"
"07-04-2023","Hyderabad","Paneer 200g Cows Milk","4","0","0"
"07-04-2023","Hyderabad","A2 Value Pack 1L","279","2","0"
"07-04-2023","Hyderabad","Buffalo Ghee 500ml","2","0","0"
"07-04-2023","Hyderabad","Kharwas 120g","4","0","0"
"07-04-2023","Hyderabad","A2 Gir Cow Paneer 200g","3","0","0"
"07-04-2023","Hyderabad","New A2 Value Pack 500ml","119","0","0"
"07-04-2023","Hyderabad","Buffalo Milk Value Pack 500ml","81","0","1"
"07-04-2023","Hyderabad","Dahi","7","0","0"
"07-04-2023","Hyderabad","Past Milk Value Pack 1L","15","0","0"
"07-04-2023","Hyderabad","Raw Value Pack 1L","43","0","0"
"07-04-2023","Hyderabad","Buffalo Value Pack 1L","149","1","1"
"07-04-2023","Hyderabad","Lactose Free Milk 0.5L","10","0","0"
"07-04-2023","Hyderabad","Past Milk Value Pack 0.5L","3","0","0"
"07-04-2023","Hyderabad","Raw Milk Value Pack 0.5L","18","0","0"
"07-04-2024","Hyderabad","Past Milk 1L","16","0","0"
"07-04-2024","Hyderabad","Raw Milk 1L","12","0","2"
"07-04-2024","Hyderabad","Ghee 500ml","1","0","0"
"07-04-2024","Hyderabad","A2 1L","82","0","5"
"07-04-2024","Hyderabad","Curd Culture","6","0","0"
"07-04-2024","Hyderabad","A2 Ghee","2","0","0"
"07-04-2024","Hyderabad","Buffalo Milk 1L","51","0","1"
"07-04-2024","Hyderabad","Paneer 200g Cows Milk","7","0","0"
"07-04-2024","Hyderabad","A2 Value Pack 1L","550","1","0"
"07-04-2024","Hyderabad","Kharwas 120g","18","0","0"
"07-04-2024","Hyderabad","A2 Gir Cow Paneer 200g","4","0","0"
"07-04-2024","Hyderabad","New A2 Value Pack 500ml","238","0","0"
"07-04-2024","Hyderabad","Buffalo Milk Value Pack 500ml","182","0","0"
"07-04-2024","Hyderabad","Dahi","13","0","0"
"07-04-2024","Hyderabad","Past Milk Value Pack 1L","16","0","0"
"07-04-2024","Hyderabad","Raw Value Pack 1L","62","0","0"
"07-04-2024","Hyderabad","Buffalo Value Pack 1L","368","0","0"
"07-04-2024","Hyderabad","Lactose Free Milk 0.5L","15","0","0"
"07-04-2024","Hyderabad","Past Milk Value Pack 0.5L","11","0","0"
"07-04-2024","Hyderabad","Raw Milk Value Pack 0.5L","24","0","0"
"07-05-2020","Hyderabad","Past Milk 1L","2","0","0"
"07-05-2020","Hyderabad","A2 1L","1","0","0"
"07-05-2020","Hyderabad","Buffalo Milk 1L","1","0","0"
"07-05-2020","Hyderabad","A2 Value Pack 1L","1","0","0"
"07-05-2020","Hyderabad","New A2 Value Pack 500ml","1","0","0"
"07-05-2021","Hyderabad","Buffalo Milk 1L","1","0","0"
"07-05-2021","Hyderabad","A2 Value Pack 1L","1","0","0"
"07-05-2022","Hyderabad","Past Milk 1L","15","0","0"
"07-05-2022","Hyderabad","Raw Milk 1L","20","0","0"
"07-05-2022","Hyderabad","Past Milk 0.5L","3","0","0"
"07-05-2022","Hyderabad","A2 1L","40","0","0"
"07-05-2022","Hyderabad","Curd Culture","2","0","0"
"07-05-2022","Hyderabad","Buffalo Milk 1L","41","0","2"
"07-05-2022","Hyderabad","Paneer 200g Cows Milk","1","0","0"
"07-05-2022","Hyderabad","A2 Value Pack 1L","80","0","0"
"07-05-2022","Hyderabad","A2 Gir Cow Paneer 200g","1","0","0"
"07-05-2022","Hyderabad","New A2 Value Pack 500ml","32","0","3"
"07-05-2022","Hyderabad","Buffalo Milk Value Pack 500ml","31","0","2"
"07-05-2022","Hyderabad","Dahi","4","0","0"
"07-05-2023","Hyderabad","Past Milk 1L","25","0","0"
"07-05-2023","Hyderabad","Raw Milk 1L","17","0","0"
"07-05-2023","Hyderabad","Ghee 500ml","4","0","0"
"07-05-2023","Hyderabad","A2 1L","51","7","0"
"07-05-2023","Hyderabad","Buffalo Milk 1L","46","8","0"
"07-05-2023","Hyderabad","Paneer 200g Cows Milk","2","0","0"
"07-05-2023","Hyderabad","A2 Value Pack 1L","250","8","0"
"07-05-2023","Hyderabad","Buffalo Ghee 500ml","2","0","0"
"07-05-2023","Hyderabad","Kharwas 120g","5","0","0"
"07-05-2023","Hyderabad","A2 Gir Cow Paneer 200g","1","0","0"
"07-05-2023","Hyderabad","New A2 Value Pack 500ml","98","0","0"
"07-05-2023","Hyderabad","Buffalo Milk Value Pack 500ml","70","11","0"
"07-05-2023","Hyderabad","Dahi","13","0","0"
"07-05-2023","Hyderabad","Past Milk Value Pack 1L","13","0","0"
"07-05-2023","Hyderabad","Raw Value Pack 1L","40","1","1"
"07-05-2023","Hyderabad","Buffalo Value Pack 1L","135","15","0"
"07-05-2023","Hyderabad","Lactose Free Milk 0.5L","6","0","0"
"07-05-2023","Hyderabad","Past Milk Value Pack 0.5L","2","0","0"
"07-05-2023","Hyderabad","Raw Milk Value Pack 0.5L","11","0","0"
"07-06-2020","Hyderabad","Past Milk 1L","2","0","0"
"07-06-2020","Hyderabad","A2 Value Pack 1L","1","0","0"
"07-06-2021","Hyderabad","A2 1L","1","0","0"
"07-06-2021","Hyderabad","Buffalo Milk 1L","1","0","0"
"07-06-2021","Hyderabad","A2 Value Pack 1L","1","0","0"
"07-06-2022","Hyderabad","Past Milk 1L","20","0","0"
"07-06-2022","Hyderabad","Raw Milk 1L","22","0","0"
"07-06-2022","Hyderabad","Past Milk 0.5L","5","0","0"
"07-06-2022","Hyderabad","Ghee 500ml","2","0","0"
"07-06-2022","Hyderabad","A2 1L","49","1","5"
"07-06-2022","Hyderabad","Curd Culture","4","0","0"
"07-06-2022","Hyderabad","A2 Ghee","1","0","0"
"07-06-2022","Hyderabad","Buffalo Milk 1L","61","2","7"
"07-06-2022","Hyderabad","Paneer 200g Cows Milk","3","0","0"
"07-06-2022","Hyderabad","A2 Value Pack 1L","105","0","1"
"07-06-2022","Hyderabad","Buffalo Ghee 500ml","2","0","0"
"07-06-2022","Hyderabad","Kharwas 120g","2","0","0"
"07-06-2022","Hyderabad","New A2 Value Pack 500ml","42","0","1"
"07-06-2022","Hyderabad","Insulated Door Bag","2","0","0"
"07-06-2022","Hyderabad","Buffalo Milk Value Pack 500ml","28","0","1"
"07-06-2022","Hyderabad","Dahi","2","0","0"
"07-06-2023","Hyderabad","Past Milk 1L","13","0","0"
"07-06-2023","Hyderabad","Raw Milk 1L","13","0","0"
"07-06-2023","Hyderabad","A2 1L","60","1","3"
"07-06-2023","Hyderabad","Curd Culture","2","0","0"
"07-06-2023","Hyderabad","Buffalo Milk 1L","33","0","4"
"07-06-2023","Hyderabad","Paneer 200g Cows Milk","8","0","0"
"07-06-2023","Hyderabad","A2 Value Pack 1L","328","6","4"
"07-06-2023","Hyderabad","Kharwas 120g","3","0","0"
"07-06-2023","Hyderabad","A2 Gir Cow Paneer 200g","1","0","0"
"07-06-2023","Hyderabad","New A2 Value Pack 500ml","117","0","1"
"07-06-2023","Hyderabad","Buffalo Milk Value Pack 500ml","83","1","0"
"07-06-2023","Hyderabad","Dahi","5","0","0"
"07-06-2023","Hyderabad","Past Milk Value Pack 1L","18","0","0"
"07-06-2023","Hyderabad","Raw Value Pack 1L","39","0","0"
"07-06-2023","Hyderabad","Buffalo Value Pack 1L","175","5","3"
"07-06-2023","Hyderabad","Lactose Free Milk 0.5L","8","0","0"
"07-06-2023","Hyderabad","Past Milk Value Pack 0.5L","7","0","0"
"07-06-2023","Hyderabad","Raw Milk Value Pack 0.5L","14","0","1"
"07-07-2020","Hyderabad","Past Milk 1L","2","0","0"
"07-07-2020","Hyderabad","A2 Value Pack 1L","1","0","0"
"07-07-2021","Hyderabad","A2 1L","1","0","0"
"07-07-2021","Hyderabad","Buffalo Milk 1L","1","0","0"
"07-07-2021","Hyderabad","A2 Value Pack 1L","2","0","0"
"07-07-2022","Hyderabad","Past Milk 1L","14","0","0"
"07-07-2022","Hyderabad","Raw Milk 1L","17","0","1"
"07-07-2022","Hyderabad","A2 1L","52","1","0"
"07-07-2022","Hyderabad","Curd Culture","1","0","0"
"07-07-2022","Hyderabad","Buffalo Milk 1L","68","3","0"
"07-07-2022","Hyderabad","A2 Value Pack 1L","126","0","1"
"07-07-2022","Hyderabad","Kharwas 120g","1","0","0"
"07-07-2022","Hyderabad","A2 Gir Cow Paneer 200g","2","0","0"
"07-07-2022","Hyderabad","New A2 Value Pack 500ml","71","0","0"
"07-07-2022","Hyderabad","Buffalo Milk Value Pack 500ml","26","0","0"
"07-07-2022","Hyderabad","Past Milk Value Pack 1L","3","0","0"
"07-07-2022","Hyderabad","Raw Value Pack 1L","8","0","0"
"07-07-2022","Hyderabad","Buffalo Value Pack 1L","1","1","0"
"07-07-2022","Hyderabad","Lactose Free Milk 0.5L","4","0","0"
"07-07-2023","Hyderabad","Past Milk 1L","14","0","0"
"07-07-2023","Hyderabad","Raw Milk 1L","20","0","0"
"07-07-2023","Hyderabad","A2 1L","65","0","0"
"07-07-2023","Hyderabad","Curd Culture","4","0","0"
"07-07-2023","Hyderabad","A2 Ghee","1","0","0"
"07-07-2023","Hyderabad","Buffalo Milk 1L","44","1","3"
"07-07-2023","Hyderabad","Paneer 200g Cows Milk","10","0","0"
"07-07-2023","Hyderabad","A2 Value Pack 1L","439","2","2"
"07-07-2023","Hyderabad","Buffalo Ghee 500ml","1","0","0"
"07-07-2023","Hyderabad","Kharwas 120g","6","0","0"
"07-07-2023","Hyderabad","A2 Gir Cow Paneer 200g","3","0","0"
"07-07-2023","Hyderabad","New A2 Value Pack 500ml","147","0","0"
"07-07-2023","Hyderabad","Insulated Door Bag","1","0","0"
"07-07-2023","Hyderabad","Buffalo Milk Value Pack 500ml","95","0","0"
"07-07-2023","Hyderabad","Dahi","15","0","0"
"07-07-2023","Hyderabad","Past Milk Value Pack 1L","11","1","1"
"07-07-2023","Hyderabad","Raw Value Pack 1L","48","0","2"
"07-07-2023","Hyderabad","Buffalo Value Pack 1L","214","0","0"
"07-07-2023","Hyderabad","Lactose Free Milk 0.5L","8","0","0"
"07-07-2023","Hyderabad","Past Milk Value Pack 0.5L","6","0","0"
"07-07-2023","Hyderabad","Raw Milk Value Pack 0.5L","18","0","0"
"07-08-2020","Hyderabad","Past Milk 1L","2","0","0"
"07-08-2020","Hyderabad","A2 1L","1","0","0"
"07-08-2021","Hyderabad","A2 1L","1","0","0"
"07-08-2021","Hyderabad","A2 Value Pack 1L","1","0","0"
"07-08-2022","Hyderabad","Past Milk 1L","19","1","0"
"07-08-2022","Hyderabad","Raw Milk 1L","15","0","0"
"07-08-2022","Hyderabad","A2 1L","44","0","1"
"07-08-2022","Hyderabad","A2 Ghee","1","0","0"
"07-08-2022","Hyderabad","Buffalo Milk 1L","45","1","0"
"07-08-2022","Hyderabad","Paneer 200g Cows Milk","2","0","0"
"07-08-2022","Hyderabad","A2 Value Pack 1L","132","0","0"
"07-08-2022","Hyderabad","Kharwas 120g","1","0","0"
"07-08-2022","Hyderabad","A2 Gir Cow Paneer 200g","1","0","0"
"07-08-2022","Hyderabad","New A2 Value Pack 500ml","68","0","0"
"07-08-2022","Hyderabad","Insulated Door Bag","1","0","0"
"07-08-2022","Hyderabad","Buffalo Milk Value Pack 500ml","25","0","0"
"07-08-2022","Hyderabad","Dahi","10","0","0"
"07-08-2022","Hyderabad","Past Milk Value Pack 1L","8","0","0"
"07-08-2022","Hyderabad","Raw Value Pack 1L","9","0","0"
"07-08-2022","Hyderabad","Buffalo Value Pack 1L","18","0","0"
"07-08-2022","Hyderabad","Lactose Free Milk 0.5L","1","0","0"
"07-08-2023","Hyderabad","Past Milk 1L","24","0","0"
"07-08-2023","Hyderabad","Raw Milk 1L","12","0","0"
"07-08-2023","Hyderabad","Ghee 500ml","3","0","0"
"07-08-2023","Hyderabad","A2 1L","71","0","0"
"07-08-2023","Hyderabad","Curd Culture","2","0","0"
"07-08-2023","Hyderabad","A2 Ghee","2","0","0"
"07-08-2023","Hyderabad","Buffalo Milk 1L","49","0","0"
"07-08-2023","Hyderabad","Paneer 200g Cows Milk","6","0","0"
"07-08-2023","Hyderabad","A2 Value Pack 1L","428","1","0"
"07-08-2023","Hyderabad","Kharwas 120g","2","0","0"
"07-08-2023","Hyderabad","A2 Gir Cow Paneer 200g","3","0","0"
"07-08-2023","Hyderabad","New A2 Value Pack 500ml","161","0","0"
"07-08-2023","Hyderabad","Buffalo Milk Value Pack 500ml","118","0","0"
"07-08-2023","Hyderabad","Dahi","17","0","0"
"07-08-2023","Hyderabad","Past Milk Value Pack 1L","20","0","0"
"07-08-2023","Hyderabad","Raw Value Pack 1L","64","0","0"
"07-08-2023","Hyderabad","Buffalo Value Pack 1L","209","1","0"
"07-08-2023","Hyderabad","Lactose Free Milk 0.5L","12","0","0"
"07-08-2023","Hyderabad","Past Milk Value Pack 0.5L","12","0","0"
"07-08-2023","Hyderabad","Raw Milk Value Pack 0.5L","21","0","0"
"07-09-2020","Hyderabad","Past Milk 1L","1","0","0"
"07-09-2020","Hyderabad","A2 Value Pack 1L","1","0","0"
"07-09-2021","Hyderabad","A2 Value Pack 1L","1","0","0"
"07-09-2022","Hyderabad","Past Milk 1L","18","0","0"
"07-09-2022","Hyderabad","Raw Milk 1L","15","0","1"
"07-09-2022","Hyderabad","A2 1L","49","0","3"
"07-09-2022","Hyderabad","Curd Culture","1","0","0"
"07-09-2022","Hyderabad","A2 Ghee","1","0","0"
"07-09-2022","Hyderabad","Buffalo Milk 1L","47","0","5"
"07-09-2022","Hyderabad","Paneer 200g Cows Milk","3","0","0"
"07-09-2022","Hyderabad","A2 Value Pack 1L","133","0","1"
"07-09-2022","Hyderabad","A2 Gir Cow Paneer 200g","3","0","0"
"07-09-2022","Hyderabad","New A2 Value Pack 500ml","77","0","0"
"07-09-2022","Hyderabad","Buffalo Milk Value Pack 500ml","28","0","3"
"07-09-2022","Hyderabad","Dahi","4","0","0"
"07-09-2022","Hyderabad","Past Milk Value Pack 1L","6","0","0"
"07-09-2022","Hyderabad","Raw Value Pack 1L","17","0","0"
"07-09-2022","Hyderabad","Buffalo Value Pack 1L","10","0","0"
"07-09-2022","Hyderabad","Lactose Free Milk 0.5L","2","0","0"
"07-09-2023","Hyderabad","Past Milk 1L","23","0","0"
"07-09-2023","Hyderabad","Raw Milk 1L","12","0","0"
"07-09-2023","Hyderabad","Ghee 500ml","2","0","0"
"07-09-2023","Hyderabad","A2 1L","68","1","3"
"07-09-2023","Hyderabad","A2 Ghee","5","0","0"
"07-09-2023","Hyderabad","Buffalo Milk 1L","50","0","5"
"07-09-2023","Hyderabad","Paneer 200g Cows Milk","8","0","0"
"07-09-2023","Hyderabad","A2 Value Pack 1L","478","1","3"
"07-09-2023","Hyderabad","Buffalo Ghee 500ml","2","0","0"
"07-09-2023","Hyderabad","Kharwas 120g","2","0","0"
"07-09-2023","Hyderabad","A2 Gir Cow Paneer 200g","4","0","0"
"07-09-2023","Hyderabad","New A2 Value Pack 500ml","161","0","2"
"07-09-2023","Hyderabad","Buffalo Milk Value Pack 500ml","139","1","0"
"07-09-2023","Hyderabad","Dahi","12","0","0"
"07-09-2023","Hyderabad","Past Milk Value Pack 1L","20","0","0"
"07-09-2023","Hyderabad","Raw Value Pack 1L","61","1","0"
"07-09-2023","Hyderabad","Buffalo Value Pack 1L","237","2","3"
"07-09-2023","Hyderabad","Lactose Free Milk 0.5L","12","0","0"
"07-09-2023","Hyderabad","Past Milk Value Pack 0.5L","12","0","0"
"07-09-2023","Hyderabad","Raw Milk Value Pack 0.5L","18","0","0"
"07-10-2020","Hyderabad","Past Milk 1L","1","0","0"
"07-10-2020","Hyderabad","A2 1L","1","0","0"
"07-10-2020","Hyderabad","A2 Value Pack 1L","1","0","0"
"07-10-2021","Hyderabad","A2 Value Pack 1L","2","0","0"
"07-10-2022","Hyderabad","Past Milk 1L","16","1","1"
"07-10-2022","Hyderabad","Raw Milk 1L","17","0","1"
"07-10-2022","Hyderabad","A2 1L","53","0","2"
"07-10-2022","Hyderabad","Curd Culture","1","0","0"
"07-10-2022","Hyderabad","A2 Ghee","2","0","0"
"07-10-2022","Hyderabad","Buffalo Milk 1L","54","0","5"
"07-10-2022","Hyderabad","Paneer 200g Cows Milk","3","0","0"
"07-10-2022","Hyderabad","A2 Value Pack 1L","118","0","0"
"07-10-2022","Hyderabad","Buffalo Ghee 500ml","1","0","0"
"07-10-2022","Hyderabad","Kharwas 120g","1","0","0"
"07-10-2022","Hyderabad","A2 Gir Cow Paneer 200g","1","0","0"
"07-10-2022","Hyderabad","New A2 Value Pack 500ml","79","0","1"
"07-10-2022","Hyderabad","Buffalo Milk Value Pack 500ml","40","0","0"
"07-10-2022","Hyderabad","Dahi","7","0","0"
"07-10-2022","Hyderabad","Past Milk Value Pack 1L","9","0","0"
"07-10-2022","Hyderabad","Raw Value Pack 1L","16","0","1"
"07-10-2022","Hyderabad","Buffalo Value Pack 1L","15","0","0"
"07-10-2022","Hyderabad","Lactose Free Milk 0.5L","8","0","0"
"07-10-2023","Hyderabad","Past Milk 1L","19","0","0"
"07-10-2023","Hyderabad","Raw Milk 1L","15","0","0"
"07-10-2023","Hyderabad","Ghee 500ml","2","0","0"
"07-10-2023","Hyderabad","A2 1L","75","1","1"
"07-10-2023","Hyderabad","Curd Culture","6","0","0"
"07-10-2023","Hyderabad","A2 Ghee","1","0","0"
"07-10-2023","Hyderabad","Buffalo Milk 1L","51","0","4"
"07-10-2023","Hyderabad","Paneer 200g Cows Milk","9","0","0"
"07-10-2023","Hyderabad","A2 Value Pack 1L","478","0","2"
"07-10-2023","Hyderabad","Kharwas 120g","9","0","0"
"07-10-2023","Hyderabad","A2 Gir Cow Paneer 200g","2","0","0"
"07-10-2023","Hyderabad","New A2 Value Pack 500ml","163","1","1"
"07-10-2023","Hyderabad","Buffalo Milk Value Pack 500ml","127","0","0"
"07-10-2023","Hyderabad","Dahi","21","0","0"
"07-10-2023","Hyderabad","Past Milk Value Pack 1L","17","0","1"
"07-10-2023","Hyderabad","Raw Value Pack 1L","50","0","0"
"07-10-2023","Hyderabad","Buffalo Value Pack 1L","289","0","5"
"07-10-2023","Hyderabad","Lactose Free Milk 0.5L","8","0","0"
"07-10-2023","Hyderabad","Past Milk Value Pack 0.5L","16","0","0"
"07-10-2023","Hyderabad","Raw Milk Value Pack 0.5L","24","0","0"
"07-11-2020","Hyderabad","Past Milk 1L","1","0","0"
"07-11-2020","Hyderabad","A2 Value Pack 1L","1","0","0"
"07-11-2021","Hyderabad","Past Milk 1L","1","0","0"
"07-11-2021","Hyderabad","A2 1L","1","0","0"
"07-11-2021","Hyderabad","A2 Value Pack 1L","2","0","0"
"07-11-2021","Hyderabad","Tender Coconut","2","0","0"
"07-11-2022","Hyderabad","Past Milk 1L","18","0","3"
"07-11-2022","Hyderabad","Raw Milk 1L","12","0","0"
"07-11-2022","Hyderabad","Ghee 500ml","2","0","0"
"07-11-2022","Hyderabad","A2 1L","41","0","2"
"07-11-2022","Hyderabad","Curd Culture","0","0","1"
"07-11-2022","Hyderabad","Buffalo Milk 1L","67","0","14"
"07-11-2022","Hyderabad","Paneer 200g Cows Milk","4","0","0"
"07-11-2022","Hyderabad","A2 Value Pack 1L","168","0","1"
"07-11-2022","Hyderabad","Kharwas 120g","1","0","0"
"07-11-2022","Hyderabad","A2 Gir Cow Paneer 200g","3","0","0"
"07-11-2022","Hyderabad","New A2 Value Pack 500ml","78","0","5"
"07-11-2022","Hyderabad","Buffalo Milk Value Pack 500ml","38","0","10"
"07-11-2022","Hyderabad","Dahi","8","0","0"
"07-11-2022","Hyderabad","Past Milk Value Pack 1L","15","0","0"
"07-11-2022","Hyderabad","Raw Value Pack 1L","23","0","0"
"07-11-2022","Hyderabad","Buffalo Value Pack 1L","24","0","1"
"07-11-2022","Hyderabad","Lactose Free Milk 0.5L","11","0","0"
"07-11-2022","Hyderabad","Past Milk Value Pack 0.5L","2","0","4"
"07-11-2022","Hyderabad","Raw Milk Value Pack 0.5L","0","0","1"
"07-11-2023","Hyderabad","Past Milk 1L","21","0","0"
"07-11-2023","Hyderabad","Raw Milk 1L","15","0","0"
"07-11-2023","Hyderabad","Ghee 500ml","6","0","0"
"07-11-2023","Hyderabad","A2 1L","59","1","1"
"07-11-2023","Hyderabad","Curd Culture","3","0","0"
"07-11-2023","Hyderabad","A2 Ghee","8","0","0"
"07-11-2023","Hyderabad","Buffalo Milk 1L","48","0","0"
"07-11-2023","Hyderabad","Paneer 200g Cows Milk","10","0","0"
"07-11-2023","Hyderabad","A2 Value Pack 1L","507","0","5"
"07-11-2023","Hyderabad","Buffalo Ghee 500ml","1","0","0"
"07-11-2023","Hyderabad","Kharwas 120g","4","0","0"
"07-11-2023","Hyderabad","A2 Gir Cow Paneer 200g","1","0","0"
"07-11-2023","Hyderabad","New A2 Value Pack 500ml","180","0","1"
"07-11-2023","Hyderabad","Insulated Door Bag","1","0","0"
"07-11-2023","Hyderabad","Buffalo Milk Value Pack 500ml","154","0","1"
"07-11-2023","Hyderabad","Dahi","17","0","0"
"07-11-2023","Hyderabad","Past Milk Value Pack 1L","24","0","0"
"07-11-2023","Hyderabad","Raw Value Pack 1L","48","0","0"
"07-11-2023","Hyderabad","Buffalo Value Pack 1L","285","0","6"
"07-11-2023","Hyderabad","Lactose Free Milk 0.5L","8","0","0"
"07-11-2023","Hyderabad","Past Milk Value Pack 0.5L","13","0","0"
"07-11-2023","Hyderabad","Raw Milk Value Pack 0.5L","24","0","0"
"07-12-2020","Hyderabad","Buffalo Milk 1L","1","0","0"
"07-12-2021","Hyderabad","Past Milk 1L","1","0","0"
"07-12-2021","Hyderabad","Curd Culture","1","0","0"
"07-12-2021","Hyderabad","A2 Value Pack 1L","1","0","0"
"07-12-2021","Hyderabad","New A2 Value Pack 500ml","1","0","0"
"07-12-2021","Hyderabad","Dahi","2","0","0"
"07-12-2022","Hyderabad","Past Milk 1L","19","0","0"
"07-12-2022","Hyderabad","Raw Milk 1L","14","0","0"
"07-12-2022","Hyderabad","A2 1L","59","0","1"
"07-12-2022","Hyderabad","Curd Culture","2","0","0"
"07-12-2022","Hyderabad","A2 Ghee","1","0","0"
"07-12-2022","Hyderabad","Buffalo Milk 1L","72","1","3"
"07-12-2022","Hyderabad","Paneer 200g Cows Milk","3","0","0"
"07-12-2022","Hyderabad","A2 Value Pack 1L","178","0","7"
"07-12-2022","Hyderabad","Kharwas 120g","3","0","0"
"07-12-2022","Hyderabad","A2 Gir Cow Paneer 200g","3","0","0"
"07-12-2022","Hyderabad","New A2 Value Pack 500ml","105","0","0"
"07-12-2022","Hyderabad","Buffalo Milk Value Pack 500ml","36","0","4"
"07-12-2022","Hyderabad","Dahi","8","0","0"
"07-12-2022","Hyderabad","Past Milk Value Pack 1L","12","0","0"
"07-12-2022","Hyderabad","Raw Value Pack 1L","27","0","0"
"07-12-2022","Hyderabad","Buffalo Value Pack 1L","56","0","1"
"07-12-2022","Hyderabad","Lactose Free Milk 0.5L","10","0","0"
"07-12-2022","Hyderabad","Raw Milk Value Pack 0.5L","9","0","1"
"07-12-2023","Hyderabad","Past Milk 1L","21","0","0"
"07-12-2023","Hyderabad","Raw Milk 1L","14","0","0"
"07-12-2023","Hyderabad","Ghee 500ml","4","0","0"
"07-12-2023","Hyderabad","A2 1L","47","0","1"
"07-12-2023","Hyderabad","Curd Culture","3","0","0"
"07-12-2023","Hyderabad","A2 Ghee","2","0","0"
"07-12-2023","Hyderabad","Buffalo Milk 1L","45","0","3"
"07-12-2023","Hyderabad","Paneer 200g Cows Milk","12","0","0"
"07-12-2023","Hyderabad","A2 Value Pack 1L","526","1","4"
"07-12-2023","Hyderabad","Buffalo Ghee 500ml","1","0","0"
"07-12-2023","Hyderabad","Kharwas 120g","10","0","0"
"07-12-2023","Hyderabad","A2 Gir Cow Paneer 200g","5","0","0"
"07-12-2023","Hyderabad","New A2 Value Pack 500ml","195","0","3"
"07-12-2023","Hyderabad","Insulated Door Bag","2","0","0"
"07-12-2023","Hyderabad","Buffalo Milk Value Pack 500ml","138","1","2"
"07-12-2023","Hyderabad","Dahi","15","0","0"
"07-12-2023","Hyderabad","Past Milk Value Pack 1L","22","0","0"
"07-12-2023","Hyderabad","Raw Value Pack 1L","61","0","0"
"07-12-2023","Hyderabad","Buffalo Value Pack 1L","323","0","7"
"07-12-2023","Hyderabad","Lactose Free Milk 0.5L","10","0","0"
"07-12-2023","Hyderabad","Past Milk Value Pack 0.5L","18","0","0"
"07-12-2023","Hyderabad","Raw Milk Value Pack 0.5L","18","0","2"
"08-01-2020","Hyderabad","Past Milk 1L","2","0","0"
"08-01-2021","Hyderabad","A2 1L","1","0","0"
"08-01-2021","Hyderabad","Buffalo Milk 1L","1","0","0"
"08-01-2021","Hyderabad","A2 Value Pack 1L","1","0","0"
"08-01-2022","Hyderabad","A2 Value Pack 1L","2","0","0"
"08-01-2023","Hyderabad","Past Milk 1L","22","0","0"
"08-01-2023","Hyderabad","Raw Milk 1L","19","0","0"
"08-01-2023","Hyderabad","A2 1L","42","0","2"
"08-01-2023","Hyderabad","Curd Culture","3","0","0"
"08-01-2023","Hyderabad","Buffalo Milk 1L","60","0","4"
"08-01-2023","Hyderabad","Paneer 200g Cows Milk","2","0","0"
"08-01-2023","Hyderabad","A2 Value Pack 1L","210","0","4"
"08-01-2023","Hyderabad","Buffalo Ghee 500ml","2","0","0"
"08-01-2023","Hyderabad","Kharwas 120g","1","0","0"
"08-01-2023","Hyderabad","New A2 Value Pack 500ml","112","0","2"
"08-01-2023","Hyderabad","Insulated Door Bag","1","0","0"
"08-01-2023","Hyderabad","Buffalo Milk Value Pack 500ml","40","0","5"
"08-01-2023","Hyderabad","Dahi","33","0","0"
"08-01-2023","Hyderabad","Past Milk Value Pack 1L","7","0","0"
"08-01-2023","Hyderabad","Raw Value Pack 1L","29","0","0"
"08-01-2023","Hyderabad","Buffalo Value Pack 1L","75","1","10"
"08-01-2023","Hyderabad","Lactose Free Milk 0.5L","8","0","0"
"08-01-2023","Hyderabad","Past Milk Value Pack 0.5L","7","0","0"
"08-01-2023","Hyderabad","Raw Milk Value Pack 0.5L","16","0","0"
"08-01-2024","Hyderabad","Past Milk 1L","20","0","0"
"08-01-2024","Hyderabad","Raw Milk 1L","21","0","0"
"08-01-2024","Hyderabad","Ghee 500ml","2","0","0"
"08-01-2024","Hyderabad","A2 1L","56","0","1"
"08-01-2024","Hyderabad","Buffalo Milk 1L","45","0","0"
"08-01-2024","Hyderabad","Paneer 200g Cows Milk","12","0","0"
"08-01-2024","Hyderabad","A2 Value Pack 1L","558","1","1"
"08-01-2024","Hyderabad","Buffalo Ghee 500ml","3","0","0"
"08-01-2024","Hyderabad","Kharwas 120g","8","0","0"
"08-01-2024","Hyderabad","A2 Gir Cow Paneer 200g","7","0","0"
"08-01-2024","Hyderabad","New A2 Value Pack 500ml","194","1","1"
"08-01-2024","Hyderabad","Insulated Door Bag","1","0","0"
"08-01-2024","Hyderabad","Buffalo Milk Value Pack 500ml","124","0","0"
"08-01-2024","Hyderabad","Dahi","12","0","0"
"08-01-2024","Hyderabad","Past Milk Value Pack 1L","27","0","0"
"08-01-2024","Hyderabad","Raw Value Pack 1L","55","0","0"
"08-01-2024","Hyderabad","Buffalo Value Pack 1L","326","0","1"
"08-01-2024","Hyderabad","Lactose Free Milk 0.5L","12","0","0"
"08-01-2024","Hyderabad","Past Milk Value Pack 0.5L","19","0","1"
"08-01-2024","Hyderabad","Raw Milk Value Pack 0.5L","19","0","1"
"08-02-2020","Hyderabad","Past Milk 1L","1","0","0"
"08-02-2020","Hyderabad","A2 Value Pack 1L","2","0","0"
"08-02-2021","Hyderabad","Buffalo Milk 1L","1","0","0"
"08-02-2021","Hyderabad","A2 Value Pack 1L","1","0","0"
"08-02-2022","Hyderabad","Past Milk 1L","3","0","3"
"08-02-2022","Hyderabad","Raw Milk 1L","2","0","2"
"08-02-2022","Hyderabad","A2 1L","10","0","5"
"08-02-2022","Hyderabad","Curd Culture","2","0","0"
"08-02-2022","Hyderabad","A2 Ghee","1","0","0"
"08-02-2022","Hyderabad","Buffalo Milk 1L","4","0","5"
"08-02-2022","Hyderabad","Paneer 200g Cows Milk","1","0","0"
"08-02-2022","Hyderabad","A2 Value Pack 1L","16","0","4"
"08-02-2022","Hyderabad","New A2 Value Pack 500ml","8","0","2"
"08-02-2022","Hyderabad","Buffalo Milk Value Pack 500ml","8","0","2"
"08-02-2022","Hyderabad","Dahi","2","0","0"
"08-02-2023","Hyderabad","Past Milk 1L","25","0","0"
"08-02-2023","Hyderabad","Raw Milk 1L","21","0","0"
"08-02-2023","Hyderabad","Ghee 500ml","1","0","0"
"08-02-2023","Hyderabad","A2 1L","53","1","0"
"08-02-2023","Hyderabad","Curd Culture","3","0","0"
"08-02-2023","Hyderabad","A2 Ghee","1","0","0"
"08-02-2023","Hyderabad","Buffalo Milk 1L","53","2","0"
"08-02-2023","Hyderabad","Paneer 200g Cows Milk","2","0","0"
"08-02-2023","Hyderabad","A2 Value Pack 1L","251","1","0"
"08-02-2023","Hyderabad","Buffalo Ghee 500ml","1","0","0"
"08-02-2023","Hyderabad","Kharwas 120g","2","0","0"
"08-02-2023","Hyderabad","A2 Gir Cow Paneer 200g","2","0","0"
"08-02-2023","Hyderabad","New A2 Value Pack 500ml","97","0","0"
"08-02-2023","Hyderabad","Buffalo Milk Value Pack 500ml","55","0","2"
"08-02-2023","Hyderabad","Dahi","13","0","0"
"08-02-2023","Hyderabad","Past Milk Value Pack 1L","13","0","1"
"08-02-2023","Hyderabad","Raw Value Pack 1L","37","1","0"
"08-02-2023","Hyderabad","Buffalo Value Pack 1L","110","2","6"
"08-02-2023","Hyderabad","Lactose Free Milk 0.5L","5","0","0"
"08-02-2023","Hyderabad","Past Milk Value Pack 0.5L","8","0","0"
"08-02-2023","Hyderabad","Raw Milk Value Pack 0.5L","11","0","0"
"08-02-2024","Hyderabad","Past Milk 1L","20","0","0"
"08-02-2024","Hyderabad","Raw Milk 1L","13","0","0"
"08-02-2024","Hyderabad","Ghee 500ml","3","0","0"
"08-02-2024","Hyderabad","A2 1L","59","0","1"
"08-02-2024","Hyderabad","Curd Culture","2","0","0"
"08-02-2024","Hyderabad","A2 Ghee","1","0","0"
"08-02-2024","Hyderabad","Buffalo Milk 1L","41","1","3"
"08-02-2024","Hyderabad","Paneer 200g Cows Milk","11","0","0"
"08-02-2024","Hyderabad","A2 Value Pack 1L","572","2","5"
"08-02-2024","Hyderabad","Buffalo Ghee 500ml","4","0","0"
"08-02-2024","Hyderabad","Kharwas 120g","4","0","0"
"08-02-2024","Hyderabad","A2 Gir Cow Paneer 200g","1","0","0"
"08-02-2024","Hyderabad","New A2 Value Pack 500ml","222","0","1"
"08-02-2024","Hyderabad","Insulated Door Bag","2","0","0"
"08-02-2024","Hyderabad","Buffalo Milk Value Pack 500ml","160","1","5"
"08-02-2024","Hyderabad","Dahi","20","0","0"
"08-02-2024","Hyderabad","Past Milk Value Pack 1L","22","0","0"
"08-02-2024","Hyderabad","Raw Value Pack 1L","67","0","1"
"08-02-2024","Hyderabad","Buffalo Value Pack 1L","349","2","2"
"08-02-2024","Hyderabad","Lactose Free Milk 0.5L","8","0","0"
"08-02-2024","Hyderabad","Past Milk Value Pack 0.5L","20","0","0"
"08-02-2024","Hyderabad","Raw Milk Value Pack 0.5L","17","1","2"
"08-03-2020","Hyderabad","Past Milk 1L","2","0","0"
"08-03-2020","Hyderabad","A2 Value Pack 1L","2","0","0"
"08-03-2021","Hyderabad","A2 1L","1","0","0"
"08-03-2021","Hyderabad","A2 Value Pack 1L","2","0","0"
"08-03-2022","Hyderabad","Past Milk 1L","9","0","0"
"08-03-2022","Hyderabad","Raw Milk 1L","10","0","0"
"08-03-2022","Hyderabad","Past Milk 0.5L","4","0","0"
"08-03-2022","Hyderabad","A2 1L","23","0","2"
"08-03-2022","Hyderabad","Curd Culture","1","0","0"
"08-03-2022","Hyderabad","Buffalo Milk 1L","30","0","0"
"08-03-2022","Hyderabad","Paneer 200g Cows Milk","2","0","0"
"08-03-2022","Hyderabad","A2 Value Pack 1L","40","0","1"
"08-03-2022","Hyderabad","Kharwas 120g","2","0","0"
"08-03-2022","Hyderabad","A2 Gir Cow Paneer 200g","2","0","0"
"08-03-2022","Hyderabad","New A2 Value Pack 500ml","33","0","1"
"08-03-2022","Hyderabad","Buffalo Milk Value Pack 500ml","19","0","1"
"08-03-2022","Hyderabad","Dahi","1","0","0"
"08-03-2023","Hyderabad","Past Milk 1L","22","1","0"
"08-03-2023","Hyderabad","Raw Milk 1L","20","0","0"
"08-03-2023","Hyderabad","Ghee 500ml","2","0","0"
"08-03-2023","Hyderabad","A2 1L","55","1","0"
"08-03-2023","Hyderabad","Curd Culture","1","0","0"
"08-03-2023","Hyderabad","A2 Ghee","3","0","0"
"08-03-2023","Hyderabad","Buffalo Milk 1L","60","0","0"
"08-03-2023","Hyderabad","Paneer 200g Cows Milk","5","0","0"
"08-03-2023","Hyderabad","A2 Value Pack 1L","264","0","0"
"08-03-2023","Hyderabad","Buffalo Ghee 500ml","1","0","0"
"08-03-2023","Hyderabad","Kharwas 120g","4","0","0"
"08-03-2023","Hyderabad","A2 Gir Cow Paneer 200g","1","0","0"
"08-03-2023","Hyderabad","New A2 Value Pack 500ml","97","0","0"
"08-03-2023","Hyderabad","Buffalo Milk Value Pack 500ml","54","0","0"
"08-03-2023","Hyderabad","Dahi","11","0","0"
"08-03-2023","Hyderabad","Past Milk Value Pack 1L","15","0","0"
"08-03-2023","Hyderabad","Raw Value Pack 1L","36","0","0"
"08-03-2023","Hyderabad","Buffalo Value Pack 1L","135","0","1"
"08-03-2023","Hyderabad","Lactose Free Milk 0.5L","8","0","0"
"08-03-2023","Hyderabad","Past Milk Value Pack 0.5L","4","0","0"
"08-03-2023","Hyderabad","Raw Milk Value Pack 0.5L","16","0","0"
"08-03-2024","Hyderabad","Past Milk 1L","34","0","0"
"08-03-2024","Hyderabad","Raw Milk 1L","14","0","0"
"08-03-2024","Hyderabad","Ghee 500ml","4","0","0"
"08-03-2024","Hyderabad","A2 1L","62","1","3"
"08-03-2024","Hyderabad","Curd Culture","6","0","0"
"08-03-2024","Hyderabad","A2 Ghee","6","0","0"
"08-03-2024","Hyderabad","Buffalo Milk 1L","55","0","5"
"08-03-2024","Hyderabad","Paneer 200g Cows Milk","18","0","0"
"08-03-2024","Hyderabad","A2 Value Pack 1L","623","0","1"
"08-03-2024","Hyderabad","Buffalo Ghee 500ml","4","0","0"
"08-03-2024","Hyderabad","Kharwas 120g","6","0","0"
"08-03-2024","Hyderabad","A2 Gir Cow Paneer 200g","4","0","0"
"08-03-2024","Hyderabad","New A2 Value Pack 500ml","221","0","1"
"08-03-2024","Hyderabad","Buffalo Milk Value Pack 500ml","147","1","0"
"08-03-2024","Hyderabad","Dahi","13","0","0"
"08-03-2024","Hyderabad","Past Milk Value Pack 1L","28","0","0"
"08-03-2024","Hyderabad","Raw Value Pack 1L","63","0","0"
"08-03-2024","Hyderabad","Buffalo Value Pack 1L","339","1","0"
"08-03-2024","Hyderabad","Lactose Free Milk 0.5L","17","0","1"
"08-03-2024","Hyderabad","Past Milk Value Pack 0.5L","21","0","0"
"08-03-2024","Hyderabad","Raw Milk Value Pack 0.5L","22","0","1"
"08-04-2020","Hyderabad","Past Milk 1L","2","0","0"
"08-04-2021","Hyderabad","A2 1L","1","0","0"
"08-04-2021","Hyderabad","A2 Value Pack 1L","2","0","0"
"08-04-2022","Hyderabad","Past Milk 1L","12","0","0"
"08-04-2022","Hyderabad","Raw Milk 1L","13","0","0"
"08-04-2022","Hyderabad","Past Milk 0.5L","5","0","0"
"08-04-2022","Hyderabad","Ghee 500ml","1","0","0"
"08-04-2022","Hyderabad","A2 1L","26","0","2"
"08-04-2022","Hyderabad","Curd Culture","4","0","0"
"08-04-2022","Hyderabad","Buffalo Milk 1L","40","0","4"
"08-04-2022","Hyderabad","Paneer 200g Cows Milk","4","0","0"
"08-04-2022","Hyderabad","A2 Value Pack 1L","65","0","0"
"08-04-2022","Hyderabad","Kharwas 120g","2","0","0"
"08-04-2022","Hyderabad","A2 Gir Cow Paneer 200g","1","0","0"
"08-04-2022","Hyderabad","New A2 Value Pack 500ml","36","0","2"
"08-04-2022","Hyderabad","Buffalo Milk Value Pack 500ml","15","0","2"
"08-04-2022","Hyderabad","Dahi","4","0","0"
"08-04-2023","Hyderabad","Past Milk 1L","20","0","0"
"08-04-2023","Hyderabad","Raw Milk 1L","18","0","0"
"08-04-2023","Hyderabad","Ghee 500ml","2","0","0"
"08-04-2023","Hyderabad","A2 1L","69","0","0"
"08-04-2023","Hyderabad","Curd Culture","3","0","0"
"08-04-2023","Hyderabad","A2 Ghee","2","0","0"
"08-04-2023","Hyderabad","Paneer 200g Cows Milk","2","0","0"
"08-04-2023","Hyderabad","A2 Value Pack 1L","268","1","0"
"08-04-2023","Hyderabad","Buffalo Ghee 500ml","5","0","0"
"08-04-2023","Hyderabad","Kharwas 120g","8","0","0"
"08-04-2023","Hyderabad","A2 Gir Cow Paneer 200g","2","0","0"
"08-04-2023","Hyderabad","New A2 Value Pack 500ml","125","0","0"
"08-04-2023","Hyderabad","Insulated Door Bag","1","0","0"
"08-04-2023","Hyderabad","Buffalo Milk Value Pack 500ml","5","0","0"
"08-04-2023","Hyderabad","Dahi","13","0","0"
"08-04-2023","Hyderabad","Past Milk Value Pack 1L","17","0","0"
"08-04-2023","Hyderabad","Raw Value Pack 1L","38","0","0"
"08-04-2023","Hyderabad","Buffalo Value Pack 1L","1","0","0"
"08-04-2023","Hyderabad","Lactose Free Milk 0.5L","7","0","0"
"08-04-2023","Hyderabad","Past Milk Value Pack 0.5L","7","0","0"
"08-04-2023","Hyderabad","Raw Milk Value Pack 0.5L","17","0","0"
"08-04-2024","Hyderabad","Past Milk 1L","11","0","0"
"08-04-2024","Hyderabad","Raw Milk 1L","13","0","0"
"08-04-2024","Hyderabad","Ghee 500ml","2","0","0"
"08-04-2024","Hyderabad","A2 1L","83","0","1"
"08-04-2024","Hyderabad","Curd Culture","6","0","0"
"08-04-2024","Hyderabad","A2 Ghee","4","0","0"
"08-04-2024","Hyderabad","Buffalo Milk 1L","51","0","2"
"08-04-2024","Hyderabad","Paneer 200g Cows Milk","4","0","0"
"08-04-2024","Hyderabad","A2 Value Pack 1L","552","2","1"
"08-04-2024","Hyderabad","Buffalo Ghee 500ml","1","0","0"
"08-04-2024","Hyderabad","Kharwas 120g","17","0","0"
"08-04-2024","Hyderabad","New A2 Value Pack 500ml","219","0","0"
"08-04-2024","Hyderabad","Buffalo Milk Value Pack 500ml","188","0","0"
"08-04-2024","Hyderabad","Dahi","19","0","0"
"08-04-2024","Hyderabad","Past Milk Value Pack 1L","23","0","0"
"08-04-2024","Hyderabad","Raw Value Pack 1L","63","0","0"
"08-04-2024","Hyderabad","Buffalo Value Pack 1L","376","0","0"
"08-04-2024","Hyderabad","Lactose Free Milk 0.5L","17","0","0"
"08-04-2024","Hyderabad","Past Milk Value Pack 0.5L","15","0","0"
"08-04-2024","Hyderabad","Raw Milk Value Pack 0.5L","23","0","0"
"08-05-2020","Hyderabad","Past Milk 1L","2","0","0"
"08-05-2020","Hyderabad","New A2 Value Pack 500ml","1","0","0"
"08-05-2021","Hyderabad","A2 1L","1","0","0"
"08-05-2021","Hyderabad","A2 Value Pack 1L","1","0","0"
"08-05-2022","Hyderabad","Past Milk 1L","12","0","0"
"08-05-2022","Hyderabad","Raw Milk 1L","18","0","0"
"08-05-2022","Hyderabad","Past Milk 0.5L","2","0","0"
"08-05-2022","Hyderabad","A2 1L","40","0","2"
"08-05-2022","Hyderabad","A2 Ghee","1","0","0"
"08-05-2022","Hyderabad","Buffalo Milk 1L","31","0","1"
"08-05-2022","Hyderabad","Paneer 200g Cows Milk","1","0","0"
"08-05-2022","Hyderabad","A2 Value Pack 1L","79","0","0"
"08-05-2022","Hyderabad","A2 Gir Cow Paneer 200g","1","0","0"
"08-05-2022","Hyderabad","New A2 Value Pack 500ml","25","0","1"
"08-05-2022","Hyderabad","Buffalo Milk Value Pack 500ml","25","0","1"
"08-05-2022","Hyderabad","Dahi","2","0","0"
"08-05-2023","Hyderabad","Past Milk 1L","16","0","0"
"08-05-2023","Hyderabad","Raw Milk 1L","16","0","0"
"08-05-2023","Hyderabad","Ghee 500ml","3","0","0"
"08-05-2023","Hyderabad","A2 1L","62","5","0"
"08-05-2023","Hyderabad","Buffalo Milk 1L","38","8","0"
"08-05-2023","Hyderabad","Paneer 200g Cows Milk","4","0","0"
"08-05-2023","Hyderabad","A2 Value Pack 1L","262","9","0"
"08-05-2023","Hyderabad","Buffalo Ghee 500ml","1","0","0"
"08-05-2023","Hyderabad","Kharwas 120g","2","0","0"
"08-05-2023","Hyderabad","A2 Gir Cow Paneer 200g","6","0","0"
"08-05-2023","Hyderabad","New A2 Value Pack 500ml","111","2","0"
"08-05-2023","Hyderabad","Buffalo Milk Value Pack 500ml","72","9","0"
"08-05-2023","Hyderabad","Dahi","10","0","0"
"08-05-2023","Hyderabad","Past Milk Value Pack 1L","13","0","0"
"08-05-2023","Hyderabad","Raw Value Pack 1L","37","1","0"
"08-05-2023","Hyderabad","Buffalo Value Pack 1L","149","15","0"
"08-05-2023","Hyderabad","Lactose Free Milk 0.5L","6","0","0"
"08-05-2023","Hyderabad","Past Milk Value Pack 0.5L","5","0","0"
"08-05-2023","Hyderabad","Raw Milk Value Pack 0.5L","12","0","0"
"08-06-2020","Hyderabad","Past Milk 1L","2","0","0"
"08-06-2020","Hyderabad","A2 1L","1","0","0"
"08-06-2021","Hyderabad","A2 1L","1","0","0"
"08-06-2021","Hyderabad","A2 Value Pack 1L","1","0","0"
"08-06-2022","Hyderabad","Past Milk 1L","19","0","0"
"08-06-2022","Hyderabad","Raw Milk 1L","20","0","0"
"08-06-2022","Hyderabad","Past Milk 0.5L","6","0","0"
"08-06-2022","Hyderabad","A2 1L","38","4","8"
"08-06-2022","Hyderabad","Curd Culture","3","0","0"
"08-06-2022","Hyderabad","A2 Ghee","1","0","0"
"08-06-2022","Hyderabad","Buffalo Milk 1L","63","2","5"
"08-06-2022","Hyderabad","Paneer 200g Cows Milk","2","0","0"
"08-06-2022","Hyderabad","A2 Value Pack 1L","121","0","0"
"08-06-2022","Hyderabad","Buffalo Ghee 500ml","2","0","0"
"08-06-2022","Hyderabad","A2 Gir Cow Paneer 200g","1","0","0"
"08-06-2022","Hyderabad","New A2 Value Pack 500ml","43","0","3"
"08-06-2022","Hyderabad","Insulated Door Bag","1","0","0"
"08-06-2022","Hyderabad","Buffalo Milk Value Pack 500ml","31","0","0"
"08-06-2022","Hyderabad","Dahi","4","0","0"
"08-06-2023","Hyderabad","Past Milk 1L","16","0","0"
"08-06-2023","Hyderabad","Raw Milk 1L","23","0","0"
"08-06-2023","Hyderabad","Ghee 500ml","1","0","0"
"08-06-2023","Hyderabad","A2 1L","49","1","0"
"08-06-2023","Hyderabad","A2 Ghee","5","0","0"
"08-06-2023","Hyderabad","Buffalo Milk 1L","42","1","3"
"08-06-2023","Hyderabad","Paneer 200g Cows Milk","2","0","0"
"08-06-2023","Hyderabad","A2 Value Pack 1L","335","8","3"
"08-06-2023","Hyderabad","Buffalo Ghee 500ml","2","0","0"
"08-06-2023","Hyderabad","A2 Gir Cow Paneer 200g","1","0","0"
"08-06-2023","Hyderabad","New A2 Value Pack 500ml","110","0","0"
"08-06-2023","Hyderabad","Insulated Door Bag","2","0","0"
"08-06-2023","Hyderabad","Buffalo Milk Value Pack 500ml","82","1","0"
"08-06-2023","Hyderabad","Dahi","18","0","0"
"08-06-2023","Hyderabad","Past Milk Value Pack 1L","16","0","0"
"08-06-2023","Hyderabad","Raw Value Pack 1L","40","0","0"
"08-06-2023","Hyderabad","Buffalo Value Pack 1L","175","9","0"
"08-06-2023","Hyderabad","Lactose Free Milk 0.5L","10","0","0"
"08-06-2023","Hyderabad","Past Milk Value Pack 0.5L","4","0","0"
"08-06-2023","Hyderabad","Raw Milk Value Pack 0.5L","17","0","0"
"08-07-2020","Hyderabad","Past Milk 1L","2","0","0"
"08-07-2020","Hyderabad","A2 1L","1","0","0"
"08-07-2021","Hyderabad","A2 1L","1","0","0"
"08-07-2021","Hyderabad","A2 Value Pack 1L","1","0","0"
"08-07-2022","Hyderabad","Past Milk 1L","15","0","0"
"08-07-2022","Hyderabad","Raw Milk 1L","11","0","0"
"08-07-2022","Hyderabad","A2 1L","56","0","2"
"08-07-2022","Hyderabad","A2 Ghee","1","0","0"
"08-07-2022","Hyderabad","Buffalo Milk 1L","58","2","0"
"08-07-2022","Hyderabad","Paneer 200g Cows Milk","3","0","0"
"08-07-2022","Hyderabad","A2 Value Pack 1L","137","0","0"
"08-07-2022","Hyderabad","Buffalo Ghee 500ml","1","0","0"
"08-07-2022","Hyderabad","Kharwas 120g","3","0","0"
"08-07-2022","Hyderabad","A2 Gir Cow Paneer 200g","2","0","0"
"08-07-2022","Hyderabad","New A2 Value Pack 500ml","71","0","0"
"08-07-2022","Hyderabad","Buffalo Milk Value Pack 500ml","31","0","0"
"08-07-2022","Hyderabad","Dahi","1","0","0"
"08-07-2022","Hyderabad","Past Milk Value Pack 1L","3","0","0"
"08-07-2022","Hyderabad","Raw Value Pack 1L","10","0","0"
"08-07-2022","Hyderabad","Buffalo Value Pack 1L","4","1","0"
"08-07-2022","Hyderabad","Lactose Free Milk 0.5L","3","0","0"
"08-07-2023","Hyderabad","Past Milk 1L","15","0","0"
"08-07-2023","Hyderabad","Raw Milk 1L","15","0","0"
"08-07-2023","Hyderabad","Ghee 500ml","2","0","0"
"08-07-2023","Hyderabad","A2 1L","61","1","0"
"08-07-2023","Hyderabad","Curd Culture","3","0","0"
"08-07-2023","Hyderabad","A2 Ghee","5","0","0"
"08-07-2023","Hyderabad","Buffalo Milk 1L","46","0","0"
"08-07-2023","Hyderabad","Paneer 200g Cows Milk","10","0","0"
"08-07-2023","Hyderabad","A2 Value Pack 1L","415","2","4"
"08-07-2023","Hyderabad","Buffalo Ghee 500ml","1","0","0"
"08-07-2023","Hyderabad","Kharwas 120g","7","0","0"
"08-07-2023","Hyderabad","A2 Gir Cow Paneer 200g","4","0","0"
"08-07-2023","Hyderabad","New A2 Value Pack 500ml","134","0","0"
"08-07-2023","Hyderabad","Insulated Door Bag","1","0","0"
"08-07-2023","Hyderabad","Buffalo Milk Value Pack 500ml","86","2","0"
"08-07-2023","Hyderabad","Dahi","12","0","0"
"08-07-2023","Hyderabad","Past Milk Value Pack 1L","16","0","0"
"08-07-2023","Hyderabad","Raw Value Pack 1L","42","0","1"
"08-07-2023","Hyderabad","Buffalo Value Pack 1L","196","0","4"
"08-07-2023","Hyderabad","Lactose Free Milk 0.5L","14","0","0"
"08-07-2023","Hyderabad","Past Milk Value Pack 0.5L","5","0","0"
"08-07-2023","Hyderabad","Raw Milk Value Pack 0.5L","19","0","0"
"08-08-2020","Hyderabad","Past Milk 1L","2","0","0"
"08-08-2020","Hyderabad","A2 Value Pack 1L","1","0","0"
"08-08-2021","Hyderabad","A2 1L","1","0","0"
"08-08-2021","Hyderabad","A2 Value Pack 1L","1","0","0"
"08-08-2022","Hyderabad","Past Milk 1L","25","0","0"
"08-08-2022","Hyderabad","Raw Milk 1L","14","0","0"
"08-08-2022","Hyderabad","Ghee 500ml","1","0","0"
"08-08-2022","Hyderabad","A2 1L","49","0","0"
"08-08-2022","Hyderabad","A2 Ghee","3","0","0"
"08-08-2022","Hyderabad","Buffalo Milk 1L","41","0","0"
"08-08-2022","Hyderabad","Paneer 200g Cows Milk","3","0","0"
"08-08-2022","Hyderabad","A2 Value Pack 1L","116","0","0"
"08-08-2022","Hyderabad","A2 Gir Cow Paneer 200g","3","0","0"
"08-08-2022","Hyderabad","New A2 Value Pack 500ml","66","0","0"
"08-08-2022","Hyderabad","Buffalo Milk Value Pack 500ml","24","0","0"
"08-08-2022","Hyderabad","Dahi","4","0","0"
"08-08-2022","Hyderabad","Past Milk Value Pack 1L","8","0","0"
"08-08-2022","Hyderabad","Raw Value Pack 1L","13","0","0"
"08-08-2022","Hyderabad","Buffalo Value Pack 1L","14","0","0"
"08-08-2022","Hyderabad","Lactose Free Milk 0.5L","3","0","0"
"08-08-2023","Hyderabad","Past Milk 1L","25","0","0"
"08-08-2023","Hyderabad","Raw Milk 1L","15","0","0"
"08-08-2023","Hyderabad","Ghee 500ml","2","0","0"
"08-08-2023","Hyderabad","A2 1L","75","0","0"
"08-08-2023","Hyderabad","Curd Culture","2","0","1"
"08-08-2023","Hyderabad","A2 Ghee","1","0","0"
"08-08-2023","Hyderabad","Buffalo Milk 1L","48","0","2"
"08-08-2023","Hyderabad","Paneer 200g Cows Milk","7","0","0"
"08-08-2023","Hyderabad","A2 Value Pack 1L","410","2","0"
"08-08-2023","Hyderabad","Buffalo Ghee 500ml","1","0","0"
"08-08-2023","Hyderabad","Kharwas 120g","6","0","0"
"08-08-2023","Hyderabad","New A2 Value Pack 500ml","177","0","0"
"08-08-2023","Hyderabad","Insulated Door Bag","1","0","0"
"08-08-2023","Hyderabad","Buffalo Milk Value Pack 500ml","97","0","0"
"08-08-2023","Hyderabad","Dahi","9","0","0"
"08-08-2023","Hyderabad","Past Milk Value Pack 1L","19","0","0"
"08-08-2023","Hyderabad","Raw Value Pack 1L","60","0","0"
"08-08-2023","Hyderabad","Buffalo Value Pack 1L","226","1","3"
"08-08-2023","Hyderabad","Lactose Free Milk 0.5L","7","0","0"
"08-08-2023","Hyderabad","Past Milk Value Pack 0.5L","18","0","0"
"08-08-2023","Hyderabad","Raw Milk Value Pack 0.5L","25","0","0"
"08-09-2020","Hyderabad","Past Milk 1L","1","0","0"
"08-09-2020","Hyderabad","A2 1L","1","0","0"
"08-09-2021","Hyderabad","A2 1L","1","0","0"
"08-09-2021","Hyderabad","A2 Value Pack 1L","1","0","0"
"08-09-2022","Hyderabad","Past Milk 1L","17","0","1"
"08-09-2022","Hyderabad","Raw Milk 1L","21","0","0"
"08-09-2022","Hyderabad","Ghee 500ml","2","0","0"
"08-09-2022","Hyderabad","A2 1L","44","0","3"
"08-09-2022","Hyderabad","Curd Culture","1","0","0"
"08-09-2022","Hyderabad","A2 Ghee","1","0","0"
"08-09-2022","Hyderabad","Buffalo Milk 1L","48","0","5"
"08-09-2022","Hyderabad","A2 Value Pack 1L","138","0","0"
"08-09-2022","Hyderabad","Buffalo Ghee 500ml","1","0","0"
"08-09-2022","Hyderabad","Kharwas 120g","3","0","0"
"08-09-2022","Hyderabad","A2 Gir Cow Paneer 200g","3","0","0"
"08-09-2022","Hyderabad","New A2 Value Pack 500ml","75","0","0"
"08-09-2022","Hyderabad","Buffalo Milk Value Pack 500ml","36","0","2"
"08-09-2022","Hyderabad","Dahi","8","0","0"
"08-09-2022","Hyderabad","Past Milk Value Pack 1L","6","0","0"
"08-09-2022","Hyderabad","Raw Value Pack 1L","17","0","0"
"08-09-2022","Hyderabad","Buffalo Value Pack 1L","15","0","0"
"08-09-2022","Hyderabad","Lactose Free Milk 0.5L","7","0","0"
"08-09-2023","Hyderabad","Past Milk 1L","24","0","0"
"08-09-2023","Hyderabad","Raw Milk 1L","15","0","0"
"08-09-2023","Hyderabad","Ghee 500ml","5","0","0"
"08-09-2023","Hyderabad","A2 1L","61","0","1"
"08-09-2023","Hyderabad","Curd Culture","4","0","0"
"08-09-2023","Hyderabad","A2 Ghee","4","0","0"
"08-09-2023","Hyderabad","Buffalo Milk 1L","60","0","0"
"08-09-2023","Hyderabad","Paneer 200g Cows Milk","9","0","0"
"08-09-2023","Hyderabad","A2 Value Pack 1L","483","1","6"
"08-09-2023","Hyderabad","Buffalo Ghee 500ml","2","0","0"
"08-09-2023","Hyderabad","Kharwas 120g","7","0","0"
"08-09-2023","Hyderabad","A2 Gir Cow Paneer 200g","12","0","0"
"08-09-2023","Hyderabad","New A2 Value Pack 500ml","166","0","0"
"08-09-2023","Hyderabad","Buffalo Milk Value Pack 500ml","148","0","0"
"08-09-2023","Hyderabad","Dahi","19","0","0"
"08-09-2023","Hyderabad","Past Milk Value Pack 1L","19","0","0"
"08-09-2023","Hyderabad","Raw Value Pack 1L","65","0","0"
"08-09-2023","Hyderabad","Buffalo Value Pack 1L","234","2","7"
"08-09-2023","Hyderabad","Lactose Free Milk 0.5L","10","0","0"
"08-09-2023","Hyderabad","Past Milk Value Pack 0.5L","12","0","1"
"08-09-2023","Hyderabad","Raw Milk Value Pack 0.5L","16","0","0"
"08-10-2020","Hyderabad","Past Milk 1L","1","0","0"
"08-10-2020","Hyderabad","A2 Value Pack 1L","1","0","0"
"08-10-2021","Hyderabad","A2 1L","1","0","0"
"08-10-2021","Hyderabad","A2 Value Pack 1L","1","0","0"
"08-10-2022","Hyderabad","Past Milk 1L","19","0","0"
"08-10-2022","Hyderabad","Raw Milk 1L","15","0","0"
"08-10-2022","Hyderabad","Ghee 500ml","1","0","0"
"08-10-2022","Hyderabad","A2 1L","53","1","0"
"08-10-2022","Hyderabad","A2 Ghee","3","0","0"
"08-10-2022","Hyderabad","Buffalo Milk 1L","54","1","0"
"08-10-2022","Hyderabad","Paneer 200g Cows Milk","5","0","0"
"08-10-2022","Hyderabad","A2 Value Pack 1L","114","0","0"
"08-10-2022","Hyderabad","Kharwas 120g","4","0","0"
"08-10-2022","Hyderabad","A2 Gir Cow Paneer 200g","1","0","0"
"08-10-2022","Hyderabad","New A2 Value Pack 500ml","78","0","1"
"08-10-2022","Hyderabad","Buffalo Milk Value Pack 500ml","38","0","1"
"08-10-2022","Hyderabad","Dahi","10","0","0"
"08-10-2022","Hyderabad","Past Milk Value Pack 1L","8","0","0"
"08-10-2022","Hyderabad","Raw Value Pack 1L","17","0","1"
"08-10-2022","Hyderabad","Buffalo Value Pack 1L","14","0","0"
"08-10-2022","Hyderabad","Lactose Free Milk 0.5L","12","0","0"
"08-10-2023","Hyderabad","Past Milk 1L","18","0","0"
"08-10-2023","Hyderabad","Raw Milk 1L","13","0","0"
"08-10-2023","Hyderabad","Ghee 500ml","3","0","0"
"08-10-2023","Hyderabad","A2 1L","56","0","0"
"08-10-2023","Hyderabad","Curd Culture","3","0","0"
"08-10-2023","Hyderabad","A2 Ghee","3","0","0"
"08-10-2023","Hyderabad","Buffalo Milk 1L","55","0","9"
"08-10-2023","Hyderabad","Paneer 200g Cows Milk","6","0","0"
"08-10-2023","Hyderabad","A2 Value Pack 1L","490","0","2"
"08-10-2023","Hyderabad","Buffalo Ghee 500ml","1","0","0"
"08-10-2023","Hyderabad","Kharwas 120g","6","0","0"
"08-10-2023","Hyderabad","A2 Gir Cow Paneer 200g","5","0","0"
"08-10-2023","Hyderabad","New A2 Value Pack 500ml","157","0","0"
"08-10-2023","Hyderabad","Buffalo Milk Value Pack 500ml","128","0","0"
"08-10-2023","Hyderabad","Dahi","24","0","0"
"08-10-2023","Hyderabad","Past Milk Value Pack 1L","20","0","0"
"08-10-2023","Hyderabad","Raw Value Pack 1L","46","1","2"
"08-10-2023","Hyderabad","Buffalo Value Pack 1L","264","0","5"
"08-10-2023","Hyderabad","Lactose Free Milk 0.5L","8","0","0"
"08-10-2023","Hyderabad","Past Milk Value Pack 0.5L","15","0","0"
"08-10-2023","Hyderabad","Raw Milk Value Pack 0.5L","22","0","0"
"08-11-2020","Hyderabad","Past Milk 1L","1","0","0"
"08-11-2020","Hyderabad","A2 1L","1","0","0"
"08-11-2020","Hyderabad","A2 Value Pack 1L","2","0","0"
"08-11-2021","Hyderabad","A2 Value Pack 1L","2","0","0"
"08-11-2021","Hyderabad","Tender Coconut","2","0","0"
"08-11-2022","Hyderabad","Past Milk 1L","20","1","1"
"08-11-2022","Hyderabad","Raw Milk 1L","13","0","0"
"08-11-2022","Hyderabad","Ghee 500ml","1","0","0"
"08-11-2022","Hyderabad","A2 1L","46","0","9"
"08-11-2022","Hyderabad","Curd Culture","2","0","1"
"08-11-2022","Hyderabad","Buffalo Milk 1L","64","2","10"
"08-11-2022","Hyderabad","Paneer 200g Cows Milk","2","0","0"
"08-11-2022","Hyderabad","A2 Value Pack 1L","156","0","1"
"08-11-2022","Hyderabad","Buffalo Ghee 500ml","1","0","0"
"08-11-2022","Hyderabad","Kharwas 120g","5","0","0"
"08-11-2022","Hyderabad","A2 Gir Cow Paneer 200g","4","0","0"
"08-11-2022","Hyderabad","New A2 Value Pack 500ml","81","0","3"
"08-11-2022","Hyderabad","Buffalo Milk Value Pack 500ml","38","0","2"
"08-11-2022","Hyderabad","Dahi","9","0","0"
"08-11-2022","Hyderabad","Past Milk Value Pack 1L","11","1","0"
"08-11-2022","Hyderabad","Raw Value Pack 1L","21","0","0"
"08-11-2022","Hyderabad","Buffalo Value Pack 1L","25","1","0"
"08-11-2022","Hyderabad","Lactose Free Milk 0.5L","10","0","0"
"08-11-2022","Hyderabad","Past Milk Value Pack 0.5L","3","0","0"
"08-11-2022","Hyderabad","Raw Milk Value Pack 0.5L","3","0","1"
"08-11-2023","Hyderabad","Past Milk 1L","18","0","0"
"08-11-2023","Hyderabad","Raw Milk 1L","15","0","0"
"08-11-2023","Hyderabad","Ghee 500ml","3","0","0"
"08-11-2023","Hyderabad","A2 1L","70","0","2"
"08-11-2023","Hyderabad","Curd Culture","3","0","0"
"08-11-2023","Hyderabad","A2 Ghee","4","0","0"
"08-11-2023","Hyderabad","Buffalo Milk 1L","44","0","0"
"08-11-2023","Hyderabad","Paneer 200g Cows Milk","10","0","0"
"08-11-2023","Hyderabad","A2 Value Pack 1L","497","1","1"
"08-11-2023","Hyderabad","Buffalo Ghee 500ml","1","0","0"
"08-11-2023","Hyderabad","Kharwas 120g","3","0","0"
"08-11-2023","Hyderabad","A2 Gir Cow Paneer 200g","2","0","0"
"08-11-2023","Hyderabad","New A2 Value Pack 500ml","186","0","0"
"08-11-2023","Hyderabad","Buffalo Milk Value Pack 500ml","141","0","1"
"08-11-2023","Hyderabad","Dahi","19","0","0"
"08-11-2023","Hyderabad","Past Milk Value Pack 1L","20","0","0"
"08-11-2023","Hyderabad","Raw Value Pack 1L","53","0","0"
"08-11-2023","Hyderabad","Buffalo Value Pack 1L","286","0","1"
"08-11-2023","Hyderabad","Lactose Free Milk 0.5L","8","0","0"
"08-11-2023","Hyderabad","Past Milk Value Pack 0.5L","12","0","0"
"08-11-2023","Hyderabad","Raw Milk Value Pack 0.5L","18","0","0"
"08-12-2020","Hyderabad","Buffalo Milk 1L","1","0","0"
"08-12-2020","Hyderabad","A2 Value Pack 1L","2","0","0"
"08-12-2021","Hyderabad","Past Milk 1L","1","0","0"
"08-12-2021","Hyderabad","Raw Milk 1L","0","0","1"
"08-12-2021","Hyderabad","A2 Value Pack 1L","1","0","0"
"08-12-2021","Hyderabad","Kharwas 120g","1","0","0"
"08-12-2022","Hyderabad","Past Milk 1L","22","0","0"
"08-12-2022","Hyderabad","Raw Milk 1L","16","0","0"
"08-12-2022","Hyderabad","Ghee 500ml","1","0","0"
"08-12-2022","Hyderabad","A2 1L","48","0","4"
"08-12-2022","Hyderabad","Curd Culture","1","0","0"
"08-12-2022","Hyderabad","Buffalo Milk 1L","60","0","9"
"08-12-2022","Hyderabad","Paneer 200g Cows Milk","3","0","0"
"08-12-2022","Hyderabad","A2 Value Pack 1L","173","1","3"
"08-12-2022","Hyderabad","New A2 Value Pack 500ml","103","0","1"
"08-12-2022","Hyderabad","Buffalo Milk Value Pack 500ml","33","0","6"
"08-12-2022","Hyderabad","Dahi","13","0","0"
"08-12-2022","Hyderabad","Past Milk Value Pack 1L","9","0","0"
"08-12-2022","Hyderabad","Raw Value Pack 1L","27","0","0"
"08-12-2022","Hyderabad","Buffalo Value Pack 1L","46","0","6"
"08-12-2022","Hyderabad","Lactose Free Milk 0.5L","7","0","0"
"08-12-2022","Hyderabad","Past Milk Value Pack 0.5L","2","0","0"
"08-12-2022","Hyderabad","Raw Milk Value Pack 0.5L","12","0","0"
"08-12-2023","Hyderabad","Past Milk 1L","20","0","0"
"08-12-2023","Hyderabad","Raw Milk 1L","11","0","0"
"08-12-2023","Hyderabad","Ghee 500ml","1","0","0"
"08-12-2023","Hyderabad","A2 1L","50","0","0"
"08-12-2023","Hyderabad","Curd Culture","2","0","0"
"08-12-2023","Hyderabad","A2 Ghee","2","0","0"
"08-12-2023","Hyderabad","Buffalo Milk 1L","38","0","2"
"08-12-2023","Hyderabad","Paneer 200g Cows Milk","12","0","0"
"08-12-2023","Hyderabad","A2 Value Pack 1L","512","2","3"
"08-12-2023","Hyderabad","Buffalo Ghee 500ml","1","0","0"
"08-12-2023","Hyderabad","Kharwas 120g","9","0","0"
"08-12-2023","Hyderabad","A2 Gir Cow Paneer 200g","3","0","0"
"08-12-2023","Hyderabad","New A2 Value Pack 500ml","208","0","2"
"08-12-2023","Hyderabad","Buffalo Milk Value Pack 500ml","143","0","0"
"08-12-2023","Hyderabad","Dahi","19","0","0"
"08-12-2023","Hyderabad","Past Milk Value Pack 1L","22","0","0"
"08-12-2023","Hyderabad","Raw Value Pack 1L","65","0","3"
"08-12-2023","Hyderabad","Buffalo Value Pack 1L","313","1","8"
"08-12-2023","Hyderabad","Lactose Free Milk 0.5L","8","0","0"
"08-12-2023","Hyderabad","Past Milk Value Pack 0.5L","20","0","0"
"08-12-2023","Hyderabad","Raw Milk Value Pack 0.5L","21","0","0"
"09-01-2021","Hyderabad","Buffalo Milk 1L","1","0","0"
"09-01-2021","Hyderabad","A2 Value Pack 1L","2","0","0"
"09-01-2022","Hyderabad","A2 Value Pack 1L","1","0","0"
"09-01-2023","Hyderabad","Past Milk 1L","23","0","0"
"09-01-2023","Hyderabad","Raw Milk 1L","20","0","0"
"09-01-2023","Hyderabad","A2 1L","56","0","0"
"09-01-2023","Hyderabad","Curd Culture","1","0","0"
"09-01-2023","Hyderabad","A2 Ghee","1","0","0"
"09-01-2023","Hyderabad","Buffalo Milk 1L","50","0","0"
"09-01-2023","Hyderabad","Paneer 200g Cows Milk","3","0","0"
"09-01-2023","Hyderabad","A2 Value Pack 1L","208","1","0"
"09-01-2023","Hyderabad","Kharwas 120g","3","0","0"
"09-01-2023","Hyderabad","A2 Gir Cow Paneer 200g","6","0","0"
"09-01-2023","Hyderabad","New A2 Value Pack 500ml","88","0","1"
"09-01-2023","Hyderabad","Buffalo Milk Value Pack 500ml","36","0","2"
"09-01-2023","Hyderabad","Dahi","4","0","0"
"09-01-2023","Hyderabad","Past Milk Value Pack 1L","12","0","0"
"09-01-2023","Hyderabad","Raw Value Pack 1L","30","0","0"
"09-01-2023","Hyderabad","Buffalo Value Pack 1L","85","1","0"
"09-01-2023","Hyderabad","Lactose Free Milk 0.5L","10","0","0"
"09-01-2023","Hyderabad","Past Milk Value Pack 0.5L","2","0","0"
"09-01-2023","Hyderabad","Raw Milk Value Pack 0.5L","16","0","0"
"09-01-2024","Hyderabad","Past Milk 1L","17","0","0"
"09-01-2024","Hyderabad","Raw Milk 1L","12","0","0"
"09-01-2024","Hyderabad","Ghee 500ml","3","0","0"
"09-01-2024","Hyderabad","A2 1L","74","0","1"
"09-01-2024","Hyderabad","Curd Culture","4","0","0"
"09-01-2024","Hyderabad","A2 Ghee","3","0","0"
"09-01-2024","Hyderabad","Buffalo Milk 1L","40","0","0"
"09-01-2024","Hyderabad","Paneer 200g Cows Milk","12","0","0"
"09-01-2024","Hyderabad","A2 Value Pack 1L","531","0","2"
"09-01-2024","Hyderabad","Buffalo Ghee 500ml","3","0","0"
"09-01-2024","Hyderabad","Kharwas 120g","4","0","0"
"09-01-2024","Hyderabad","A2 Gir Cow Paneer 200g","1","0","0"
"09-01-2024","Hyderabad","New A2 Value Pack 500ml","203","0","1"
"09-01-2024","Hyderabad","Buffalo Milk Value Pack 500ml","128","0","0"
"09-01-2024","Hyderabad","Dahi","13","0","0"
"09-01-2024","Hyderabad","Past Milk Value Pack 1L","26","0","0"
"09-01-2024","Hyderabad","Raw Value Pack 1L","57","1","1"
"09-01-2024","Hyderabad","Buffalo Value Pack 1L","335","0","0"
"09-01-2024","Hyderabad","Lactose Free Milk 0.5L","8","0","0"
"09-01-2024","Hyderabad","Past Milk Value Pack 0.5L","18","0","0"
"09-01-2024","Hyderabad","Raw Milk Value Pack 0.5L","18","0","0"
"09-02-2020","Hyderabad","Past Milk 1L","2","0","0"
"09-02-2020","Hyderabad","A2 Value Pack 1L","2","0","0"
"09-02-2021","Hyderabad","A2 1L","1","0","0"
"09-02-2021","Hyderabad","Buffalo Milk 1L","1","0","0"
"09-02-2021","Hyderabad","A2 Value Pack 1L","1","0","0"
"09-02-2022","Hyderabad","Past Milk 1L","5","0","0"
"09-02-2022","Hyderabad","Raw Milk 1L","6","0","1"
"09-02-2022","Hyderabad","Past Milk 0.5L","2","0","0"
"09-02-2022","Hyderabad","Ghee 500ml","1","0","0"
"09-02-2022","Hyderabad","A2 1L","8","0","7"
"09-02-2022","Hyderabad","Curd Culture","5","0","0"
"09-02-2022","Hyderabad","A2 Ghee","1","0","0"
"09-02-2022","Hyderabad","Buffalo Milk 1L","9","0","6"
"09-02-2022","Hyderabad","A2 Value Pack 1L","18","0","0"
"09-02-2022","Hyderabad","New A2 Value Pack 500ml","10","0","0"
"09-02-2022","Hyderabad","Buffalo Milk Value Pack 500ml","9","0","1"
"09-02-2023","Hyderabad","Past Milk 1L","14","0","0"
"09-02-2023","Hyderabad","Raw Milk 1L","17","0","0"
"09-02-2023","Hyderabad","A2 1L","42","0","0"
"09-02-2023","Hyderabad","Curd Culture","1","0","0"
"09-02-2023","Hyderabad","A2 Ghee","1","0","0"
"09-02-2023","Hyderabad","Buffalo Milk 1L","58","0","0"
"09-02-2023","Hyderabad","Paneer 200g Cows Milk","8","0","0"
"09-02-2023","Hyderabad","A2 Value Pack 1L","247","3","0"
"09-02-2023","Hyderabad","Kharwas 120g","4","0","0"
"09-02-2023","Hyderabad","A2 Gir Cow Paneer 200g","3","0","0"
"09-02-2023","Hyderabad","New A2 Value Pack 500ml","97","1","1"
"09-02-2023","Hyderabad","Insulated Door Bag","1","0","0"
"09-02-2023","Hyderabad","Buffalo Milk Value Pack 500ml","50","0","1"
"09-02-2023","Hyderabad","Dahi","10","0","0"
"09-02-2023","Hyderabad","Past Milk Value Pack 1L","11","0","0"
"09-02-2023","Hyderabad","Raw Value Pack 1L","29","1","0"
"09-02-2023","Hyderabad","Buffalo Value Pack 1L","116","1","3"
"09-02-2023","Hyderabad","Lactose Free Milk 0.5L","7","0","0"
"09-02-2023","Hyderabad","Past Milk Value Pack 0.5L","8","0","0"
"09-02-2023","Hyderabad","Raw Milk Value Pack 0.5L","13","0","0"
"09-02-2024","Hyderabad","Past Milk 1L","18","0","0"
"09-02-2024","Hyderabad","Raw Milk 1L","12","0","0"
"09-02-2024","Hyderabad","A2 1L","64","0","4"
"09-02-2024","Hyderabad","Curd Culture","3","0","0"
"09-02-2024","Hyderabad","A2 Ghee","2","0","0"
"09-02-2024","Hyderabad","Buffalo Milk 1L","46","1","3"
"09-02-2024","Hyderabad","Paneer 200g Cows Milk","13","0","0"
"09-02-2024","Hyderabad","A2 Value Pack 1L","574","2","2"
"09-02-2024","Hyderabad","Buffalo Ghee 500ml","2","0","0"
"09-02-2024","Hyderabad","Kharwas 120g","5","0","0"
"09-02-2024","Hyderabad","A2 Gir Cow Paneer 200g","3","0","0"
"09-02-2024","Hyderabad","New A2 Value Pack 500ml","214","1","0"
"09-02-2024","Hyderabad","Buffalo Milk Value Pack 500ml","142","1","0"
"09-02-2024","Hyderabad","Dahi","8","0","0"
"09-02-2024","Hyderabad","Past Milk Value Pack 1L","24","0","0"
"09-02-2024","Hyderabad","Raw Value Pack 1L","64","0","0"
"09-02-2024","Hyderabad","Buffalo Value Pack 1L","347","0","0"
"09-02-2024","Hyderabad","Lactose Free Milk 0.5L","11","0","0"
"09-02-2024","Hyderabad","Past Milk Value Pack 0.5L","20","0","0"
"09-02-2024","Hyderabad","Raw Milk Value Pack 0.5L","22","0","0"
"09-03-2020","Hyderabad","Past Milk 1L","1","0","0"
"09-03-2020","Hyderabad","A2 Value Pack 1L","1","0","0"
"09-03-2021","Hyderabad","A2 1L","1","0","0"
"09-03-2021","Hyderabad","A2 Value Pack 1L","2","0","0"
"09-03-2022","Hyderabad","Past Milk 1L","10","0","1"
"09-03-2022","Hyderabad","Raw Milk 1L","14","0","0"
"09-03-2022","Hyderabad","Past Milk 0.5L","3","0","0"
"09-03-2022","Hyderabad","Ghee 500ml","1","0","0"
"09-03-2022","Hyderabad","A2 1L","20","0","2"
"09-03-2022","Hyderabad","Buffalo Milk 1L","32","0","7"
"09-03-2022","Hyderabad","Paneer 200g Cows Milk","1","0","0"
"09-03-2022","Hyderabad","A2 Value Pack 1L","50","0","0"
"09-03-2022","Hyderabad","Buffalo Ghee 500ml","1","0","0"
"09-03-2022","Hyderabad","Kharwas 120g","2","0","0"
"09-03-2022","Hyderabad","New A2 Value Pack 500ml","26","0","0"
"09-03-2022","Hyderabad","Buffalo Milk Value Pack 500ml","18","0","0"
"09-03-2022","Hyderabad","Tender Coconut","1","0","0"
"09-03-2022","Hyderabad","Dahi","1","0","0"
"09-03-2023","Hyderabad","Past Milk 1L","21","0","0"
"09-03-2023","Hyderabad","Raw Milk 1L","17","0","2"
"09-03-2023","Hyderabad","Ghee 500ml","1","0","0"
"09-03-2023","Hyderabad","A2 1L","71","0","0"
"09-03-2023","Hyderabad","Curd Culture","2","0","0"
"09-03-2023","Hyderabad","Buffalo Milk 1L","53","1","6"
"09-03-2023","Hyderabad","Paneer 200g Cows Milk","3","0","0"
"09-03-2023","Hyderabad","A2 Value Pack 1L","258","0","4"
"09-03-2023","Hyderabad","Kharwas 120g","4","0","0"
"09-03-2023","Hyderabad","A2 Gir Cow Paneer 200g","1","0","0"
"09-03-2023","Hyderabad","New A2 Value Pack 500ml","104","0","0"
"09-03-2023","Hyderabad","Insulated Door Bag","1","0","0"
"09-03-2023","Hyderabad","Buffalo Milk Value Pack 500ml","66","0","4"
"09-03-2023","Hyderabad","Dahi","8","0","0"
"09-03-2023","Hyderabad","Past Milk Value Pack 1L","20","0","0"
"09-03-2023","Hyderabad","Raw Value Pack 1L","37","2","1"
"09-03-2023","Hyderabad","Buffalo Value Pack 1L","118","1","5"
"09-03-2023","Hyderabad","Lactose Free Milk 0.5L","7","0","0"
"09-03-2023","Hyderabad","Past Milk Value Pack 0.5L","10","0","0"
"09-03-2023","Hyderabad","Raw Milk Value Pack 0.5L","16","0","2"
"09-03-2024","Hyderabad","Past Milk 1L","16","0","0"
"09-03-2024","Hyderabad","Raw Milk 1L","11","0","0"
"09-03-2024","Hyderabad","Ghee 500ml","1","0","0"
"09-03-2024","Hyderabad","A2 1L","50","0","3"
"09-03-2024","Hyderabad","Curd Culture","2","0","0"
"09-03-2024","Hyderabad","A2 Ghee","4","0","0"
"09-03-2024","Hyderabad","Buffalo Milk 1L","49","1","7"
"09-03-2024","Hyderabad","Paneer 200g Cows Milk","15","0","0"
"09-03-2024","Hyderabad","A2 Value Pack 1L","568","0","0"
"09-03-2024","Hyderabad","Kharwas 120g","6","0","0"
"09-03-2024","Hyderabad","A2 Gir Cow Paneer 200g","5","0","0"
"09-03-2024","Hyderabad","New A2 Value Pack 500ml","198","1","1"
"09-03-2024","Hyderabad","Insulated Door Bag","2","0","0"
"09-03-2024","Hyderabad","Buffalo Milk Value Pack 500ml","170","1","2"
"09-03-2024","Hyderabad","Dahi","18","0","0"
"09-03-2024","Hyderabad","Past Milk Value Pack 1L","17","0","0"
"09-03-2024","Hyderabad","Raw Value Pack 1L","73","0","0"
"09-03-2024","Hyderabad","Buffalo Value Pack 1L","362","1","0"
"09-03-2024","Hyderabad","Lactose Free Milk 0.5L","18","0","0"
"09-03-2024","Hyderabad","Past Milk Value Pack 0.5L","18","0","0"
"09-03-2024","Hyderabad","Raw Milk Value Pack 0.5L","17","0","0"
"09-04-2020","Hyderabad","Past Milk 1L","2","0","0"
"09-04-2020","Hyderabad","A2 Value Pack 1L","3","0","0"
"09-04-2021","Hyderabad","Buffalo Milk 1L","1","0","0"
"09-04-2021","Hyderabad","A2 Value Pack 1L","1","0","0"
"09-04-2022","Hyderabad","Past Milk 1L","14","0","1"
"09-04-2022","Hyderabad","Raw Milk 1L","12","0","0"
"09-04-2022","Hyderabad","Past Milk 0.5L","5","0","0"
"09-04-2022","Hyderabad","Ghee 500ml","1","0","0"
"09-04-2022","Hyderabad","A2 1L","40","0","1"
"09-04-2022","Hyderabad","Curd Culture","1","0","0"
"09-04-2022","Hyderabad","A2 Ghee","1","0","0"
"09-04-2022","Hyderabad","Buffalo Milk 1L","38","0","1"
"09-04-2022","Hyderabad","Paneer 200g Cows Milk","3","0","0"
"09-04-2022","Hyderabad","A2 Value Pack 1L","60","0","0"
"09-04-2022","Hyderabad","Kharwas 120g","1","0","0"
"09-04-2022","Hyderabad","New A2 Value Pack 500ml","31","0","2"
"09-04-2022","Hyderabad","Buffalo Milk Value Pack 500ml","25","0","0"
"09-04-2022","Hyderabad","Dahi","4","0","0"
"09-04-2023","Hyderabad","Past Milk 1L","15","0","0"
"09-04-2023","Hyderabad","Raw Milk 1L","25","0","0"
"09-04-2023","Hyderabad","A2 1L","50","0","0"
"09-04-2023","Hyderabad","Curd Culture","1","0","0"
"09-04-2023","Hyderabad","A2 Ghee","5","0","0"
"09-04-2023","Hyderabad","Buffalo Milk 1L","54","1","0"
"09-04-2023","Hyderabad","Paneer 200g Cows Milk","3","0","0"
"09-04-2023","Hyderabad","A2 Value Pack 1L","258","1","0"
"09-04-2023","Hyderabad","Kharwas 120g","2","0","0"
"09-04-2023","Hyderabad","New A2 Value Pack 500ml","111","0","0"
"09-04-2023","Hyderabad","Buffalo Milk Value Pack 500ml","91","0","0"
"09-04-2023","Hyderabad","Dahi","5","0","0"
"09-04-2023","Hyderabad","Past Milk Value Pack 1L","18","0","0"
"09-04-2023","Hyderabad","Raw Value Pack 1L","45","0","0"
"09-04-2023","Hyderabad","Buffalo Value Pack 1L","165","0","0"
"09-04-2023","Hyderabad","Lactose Free Milk 0.5L","8","0","0"
"09-04-2023","Hyderabad","Past Milk Value Pack 0.5L","4","0","0"
"09-04-2023","Hyderabad","Raw Milk Value Pack 0.5L","22","0","0"
"09-04-2024","Hyderabad","Past Milk 1L","17","0","0"
"09-04-2024","Hyderabad","Raw Milk 1L","20","0","0"
"09-04-2024","Hyderabad","Ghee 500ml","5","0","0"
"09-04-2024","Hyderabad","A2 1L","72","1","1"
"09-04-2024","Hyderabad","Curd Culture","3","0","0"
"09-04-2024","Hyderabad","A2 Ghee","7","0","1"
"09-04-2024","Hyderabad","Buffalo Milk 1L","57","0","5"
"09-04-2024","Hyderabad","Paneer 200g Cows Milk","6","0","0"
"09-04-2024","Hyderabad","A2 Value Pack 1L","574","1","0"
"09-04-2024","Hyderabad","Buffalo Ghee 500ml","5","0","0"
"09-04-2024","Hyderabad","Kharwas 120g","12","0","0"
"09-04-2024","Hyderabad","A2 Gir Cow Paneer 200g","2","0","0"
"09-04-2024","Hyderabad","New A2 Value Pack 500ml","230","1","1"
"09-04-2024","Hyderabad","Buffalo Milk Value Pack 500ml","173","0","2"
"09-04-2024","Hyderabad","Dahi","23","0","0"
"09-04-2024","Hyderabad","Past Milk Value Pack 1L","18","1","0"
"09-04-2024","Hyderabad","Raw Value Pack 1L","65","0","0"
"09-04-2024","Hyderabad","Buffalo Value Pack 1L","384","1","0"
"09-04-2024","Hyderabad","Lactose Free Milk 0.5L","18","0","0"
"09-04-2024","Hyderabad","Past Milk Value Pack 0.5L","15","0","1"
"09-04-2024","Hyderabad","Raw Milk Value Pack 0.5L","28","1","1"
"09-05-2020","Hyderabad","Past Milk 1L","2","0","0"
"09-05-2020","Hyderabad","A2 1L","1","0","0"
"09-05-2020","Hyderabad","A2 Value Pack 1L","1","0","0"
"09-05-2021","Hyderabad","Buffalo Milk 1L","1","0","0"
"09-05-2021","Hyderabad","A2 Value Pack 1L","1","0","0"
"09-05-2022","Hyderabad","Past Milk 1L","8","0","0"
"09-05-2022","Hyderabad","Raw Milk 1L","18","0","0"
"09-05-2022","Hyderabad","Past Milk 0.5L","1","0","0"
"09-05-2022","Hyderabad","Ghee 500ml","1","0","0"
"09-05-2022","Hyderabad","A2 1L","45","0","0"
"09-05-2022","Hyderabad","A2 Ghee","1","0","0"
"09-05-2022","Hyderabad","Buffalo Milk 1L","39","0","1"
"09-05-2022","Hyderabad","Paneer 200g Cows Milk","1","0","0"
"09-05-2022","Hyderabad","A2 Value Pack 1L","84","0","0"
"09-05-2022","Hyderabad","Kharwas 120g","1","0","0"
"09-05-2022","Hyderabad","A2 Gir Cow Paneer 200g","2","0","0"
"09-05-2022","Hyderabad","New A2 Value Pack 500ml","28","0","0"
"09-05-2022","Hyderabad","Buffalo Milk Value Pack 500ml","27","0","0"
"09-05-2023","Hyderabad","Past Milk 1L","19","0","0"
"09-05-2023","Hyderabad","Raw Milk 1L","17","0","1"
"09-05-2023","Hyderabad","Ghee 500ml","4","0","0"
"09-05-2023","Hyderabad","A2 1L","60","6","4"
"09-05-2023","Hyderabad","Curd Culture","2","0","0"
"09-05-2023","Hyderabad","A2 Ghee","2","0","0"
"09-05-2023","Hyderabad","Buffalo Milk 1L","46","6","2"
"09-05-2023","Hyderabad","Paneer 200g Cows Milk","3","0","0"
"09-05-2023","Hyderabad","A2 Value Pack 1L","246","12","0"
"09-05-2023","Hyderabad","Buffalo Ghee 500ml","1","0","0"
"09-05-2023","Hyderabad","Kharwas 120g","6","0","0"
"09-05-2023","Hyderabad","A2 Gir Cow Paneer 200g","4","0","0"
"09-05-2023","Hyderabad","New A2 Value Pack 500ml","102","1","0"
"09-05-2023","Hyderabad","Buffalo Milk Value Pack 500ml","87","12","4"
"09-05-2023","Hyderabad","Dahi","14","0","0"
"09-05-2023","Hyderabad","Past Milk Value Pack 1L","16","0","0"
"09-05-2023","Hyderabad","Raw Value Pack 1L","33","2","1"
"09-05-2023","Hyderabad","Buffalo Value Pack 1L","142","13","0"
"09-05-2023","Hyderabad","Lactose Free Milk 0.5L","6","0","0"
"09-05-2023","Hyderabad","Past Milk Value Pack 0.5L","5","0","0"
"09-05-2023","Hyderabad","Raw Milk Value Pack 0.5L","14","0","0"
"09-06-2020","Hyderabad","Past Milk 1L","2","0","0"
"09-06-2020","Hyderabad","A2 Value Pack 1L","1","0","0"
"09-06-2021","Hyderabad","A2 1L","1","0","0"
"09-06-2021","Hyderabad","Buffalo Milk 1L","1","0","0"
"09-06-2021","Hyderabad","A2 Value Pack 1L","1","0","0"
"09-06-2022","Hyderabad","Past Milk 1L","13","0","1"
"09-06-2022","Hyderabad","Raw Milk 1L","18","0","1"
"09-06-2022","Hyderabad","Past Milk 0.5L","5","0","1"
"09-06-2022","Hyderabad","Ghee 500ml","1","0","0"
"09-06-2022","Hyderabad","A2 1L","46","1","2"
"09-06-2022","Hyderabad","Curd Culture","1","0","0"
"09-06-2022","Hyderabad","A2 Ghee","3","0","0"
"09-06-2022","Hyderabad","Buffalo Milk 1L","67","2","3"
"09-06-2022","Hyderabad","Paneer 200g Cows Milk","2","0","0"
"09-06-2022","Hyderabad","A2 Value Pack 1L","119","1","0"
"09-06-2022","Hyderabad","Buffalo Ghee 500ml","1","0","0"
"09-06-2022","Hyderabad","A2 Gir Cow Paneer 200g","1","0","0"
"09-06-2022","Hyderabad","New A2 Value Pack 500ml","46","0","1"
"09-06-2022","Hyderabad","Buffalo Milk Value Pack 500ml","30","0","5"
"09-06-2022","Hyderabad","Dahi","3","0","0"
"09-06-2023","Hyderabad","Past Milk 1L","10","1","0"
"09-06-2023","Hyderabad","Raw Milk 1L","21","0","0"
"09-06-2023","Hyderabad","Ghee 500ml","6","0","0"
"09-06-2023","Hyderabad","A2 1L","57","1","0"
"09-06-2023","Hyderabad","Curd Culture","1","0","0"
"09-06-2023","Hyderabad","A2 Ghee","3","0","0"
"09-06-2023","Hyderabad","Buffalo Milk 1L","35","0","0"
"09-06-2023","Hyderabad","Paneer 200g Cows Milk","3","0","0"
"09-06-2023","Hyderabad","A2 Value Pack 1L","333","6","2"
"09-06-2023","Hyderabad","Kharwas 120g","1","0","0"
"09-06-2023","Hyderabad","A2 Gir Cow Paneer 200g","3","0","0"
"09-06-2023","Hyderabad","New A2 Value Pack 500ml","121","0","0"
"09-06-2023","Hyderabad","Buffalo Milk Value Pack 500ml","60","1","0"
"09-06-2023","Hyderabad","Dahi","6","0","0"
"09-06-2023","Hyderabad","Past Milk Value Pack 1L","16","0","0"
"09-06-2023","Hyderabad","Raw Value Pack 1L","39","1","1"
"09-06-2023","Hyderabad","Buffalo Value Pack 1L","169","11","3"
"09-06-2023","Hyderabad","Lactose Free Milk 0.5L","7","0","0"
"09-06-2023","Hyderabad","Past Milk Value Pack 0.5L","7","0","1"
"09-06-2023","Hyderabad","Raw Milk Value Pack 0.5L","16","0","0"
"09-07-2020","Hyderabad","Past Milk 1L","2","0","0"
"09-07-2020","Hyderabad","A2 Value Pack 1L","1","0","0"
"09-07-2021","Hyderabad","A2 1L","1","0","0"
"09-07-2021","Hyderabad","Curd Culture","1","0","0"
"09-07-2021","Hyderabad","Buffalo Milk 1L","1","0","0"
"09-07-2021","Hyderabad","A2 Value Pack 1L","1","0","0"
"09-07-2022","Hyderabad","Past Milk 1L","22","0","0"
"09-07-2022","Hyderabad","Raw Milk 1L","12","0","0"
"09-07-2022","Hyderabad","Ghee 500ml","1","0","0"
"09-07-2022","Hyderabad","A2 1L","48","0","1"
"09-07-2022","Hyderabad","A2 Ghee","1","0","0"
"09-07-2022","Hyderabad","Buffalo Milk 1L","72","1","1"
"09-07-2022","Hyderabad","Paneer 200g Cows Milk","2","0","0"
"09-07-2022","Hyderabad","A2 Value Pack 1L","126","0","0"
"09-07-2022","Hyderabad","Buffalo Ghee 500ml","1","0","0"
"09-07-2022","Hyderabad","Kharwas 120g","2","0","0"
"09-07-2022","Hyderabad","New A2 Value Pack 500ml","68","0","0"
"09-07-2022","Hyderabad","Buffalo Milk Value Pack 500ml","22","0","0"
"09-07-2022","Hyderabad","Dahi","2","0","0"
"09-07-2022","Hyderabad","Past Milk Value Pack 1L","2","0","0"
"09-07-2022","Hyderabad","Raw Value Pack 1L","8","0","0"
"09-07-2022","Hyderabad","Buffalo Value Pack 1L","4","1","0"
"09-07-2022","Hyderabad","Lactose Free Milk 0.5L","3","0","0"
"09-07-2023","Hyderabad","Past Milk 1L","15","0","0"
"09-07-2023","Hyderabad","Raw Milk 1L","22","0","0"
"09-07-2023","Hyderabad","Ghee 500ml","1","0","0"
"09-07-2023","Hyderabad","A2 1L","78","1","1"
"09-07-2023","Hyderabad","Curd Culture","2","0","0"
"09-07-2023","Hyderabad","A2 Ghee","3","0","0"
"09-07-2023","Hyderabad","Buffalo Milk 1L","39","3","2"
"09-07-2023","Hyderabad","Paneer 200g Cows Milk","4","0","0"
"09-07-2023","Hyderabad","A2 Value Pack 1L","420","5","11"
"09-07-2023","Hyderabad","Buffalo Ghee 500ml","2","0","0"
"09-07-2023","Hyderabad","Kharwas 120g","5","0","0"
"09-07-2023","Hyderabad","New A2 Value Pack 500ml","136","0","0"
"09-07-2023","Hyderabad","Buffalo Milk Value Pack 500ml","92","0","1"
"09-07-2023","Hyderabad","Dahi","16","0","0"
"09-07-2023","Hyderabad","Past Milk Value Pack 1L","20","0","0"
"09-07-2023","Hyderabad","Raw Value Pack 1L","43","0","2"
"09-07-2023","Hyderabad","Buffalo Value Pack 1L","189","3","6"
"09-07-2023","Hyderabad","Lactose Free Milk 0.5L","9","0","0"
"09-07-2023","Hyderabad","Past Milk Value Pack 0.5L","5","0","1"
"09-07-2023","Hyderabad","Raw Milk Value Pack 0.5L","15","0","3"
"09-08-2020","Hyderabad","Past Milk 1L","2","0","0"
"09-08-2020","Hyderabad","A2 1L","1","0","0"
"09-08-2021","Hyderabad","A2 1L","1","0","0"
"09-08-2021","Hyderabad","A2 Value Pack 1L","1","0","0"
"09-08-2022","Hyderabad","Past Milk 1L","18","0","0"
"09-08-2022","Hyderabad","Raw Milk 1L","13","1","0"
"09-08-2022","Hyderabad","Ghee 500ml","1","0","0"
"09-08-2022","Hyderabad","A2 1L","41","0","2"
"09-08-2022","Hyderabad","Curd Culture","1","0","0"
"09-08-2022","Hyderabad","Buffalo Milk 1L","47","0","3"
"09-08-2022","Hyderabad","Paneer 200g Cows Milk","6","0","0"
"09-08-2022","Hyderabad","A2 Value Pack 1L","133","0","0"
"09-08-2022","Hyderabad","A2 Gir Cow Paneer 200g","3","0","0"
"09-08-2022","Hyderabad","New A2 Value Pack 500ml","80","0","0"
"09-08-2022","Hyderabad","Buffalo Milk Value Pack 500ml","27","0","0"
"09-08-2022","Hyderabad","Dahi","3","0","0"
"09-08-2022","Hyderabad","Past Milk Value Pack 1L","1","0","0"
"09-08-2022","Hyderabad","Raw Value Pack 1L","10","0","0"
"09-08-2022","Hyderabad","Buffalo Value Pack 1L","9","0","0"
"09-08-2022","Hyderabad","Lactose Free Milk 0.5L","10","0","0"
"09-08-2023","Hyderabad","Past Milk 1L","26","0","0"
"09-08-2023","Hyderabad","Raw Milk 1L","17","0","0"
"09-08-2023","Hyderabad","Ghee 500ml","4","0","0"
"09-08-2023","Hyderabad","A2 1L","62","0","0"
"09-08-2023","Hyderabad","Curd Culture","2","0","1"
"09-08-2023","Hyderabad","A2 Ghee","2","0","0"
"09-08-2023","Hyderabad","Buffalo Milk 1L","56","0","0"
"09-08-2023","Hyderabad","Paneer 200g Cows Milk","5","0","0"
"09-08-2023","Hyderabad","A2 Value Pack 1L","415","0","3"
"09-08-2023","Hyderabad","Buffalo Ghee 500ml","1","0","0"
"09-08-2023","Hyderabad","Kharwas 120g","5","0","0"
"09-08-2023","Hyderabad","A2 Gir Cow Paneer 200g","5","0","0"
"09-08-2023","Hyderabad","New A2 Value Pack 500ml","163","0","0"
"09-08-2023","Hyderabad","Insulated Door Bag","1","0","0"
"09-08-2023","Hyderabad","Buffalo Milk Value Pack 500ml","123","0","0"
"09-08-2023","Hyderabad","Dahi","11","0","0"
"09-08-2023","Hyderabad","Past Milk Value Pack 1L","20","0","0"
"09-08-2023","Hyderabad","Raw Value Pack 1L","65","0","0"
"09-08-2023","Hyderabad","Buffalo Value Pack 1L","223","3","3"
"09-08-2023","Hyderabad","Lactose Free Milk 0.5L","12","0","0"
"09-08-2023","Hyderabad","Past Milk Value Pack 0.5L","15","0","0"
"09-08-2023","Hyderabad","Raw Milk Value Pack 0.5L","20","0","0"
"09-09-2020","Hyderabad","Buffalo Milk 1L","1","0","0"
"09-09-2020","Hyderabad","A2 Value Pack 1L","1","0","0"
"09-09-2021","Hyderabad","A2 Value Pack 1L","2","0","0"
"09-09-2022","Hyderabad","Past Milk 1L","16","0","0"
"09-09-2022","Hyderabad","Raw Milk 1L","15","0","0"
"09-09-2022","Hyderabad","Ghee 500ml","1","0","0"
"09-09-2022","Hyderabad","A2 1L","39","0","2"
"09-09-2022","Hyderabad","Curd Culture","1","0","0"
"09-09-2022","Hyderabad","A2 Ghee","2","0","0"
"09-09-2022","Hyderabad","Buffalo Milk 1L","46","0","2"
"09-09-2022","Hyderabad","Paneer 200g Cows Milk","2","0","0"
"09-09-2022","Hyderabad","A2 Value Pack 1L","131","0","0"
"09-09-2022","Hyderabad","Kharwas 120g","4","0","0"
"09-09-2022","Hyderabad","A2 Gir Cow Paneer 200g","1","0","0"
"09-09-2022","Hyderabad","New A2 Value Pack 500ml","77","0","1"
"09-09-2022","Hyderabad","Insulated Door Bag","1","0","0"
"09-09-2022","Hyderabad","Buffalo Milk Value Pack 500ml","35","0","1"
"09-09-2022","Hyderabad","Dahi","7","0","0"
"09-09-2022","Hyderabad","Past Milk Value Pack 1L","5","0","0"
"09-09-2022","Hyderabad","Raw Value Pack 1L","15","0","0"
"09-09-2022","Hyderabad","Buffalo Value Pack 1L","14","0","0"
"09-09-2022","Hyderabad","Lactose Free Milk 0.5L","2","0","0"
"09-09-2023","Hyderabad","Past Milk 1L","24","0","0"
"09-09-2023","Hyderabad","Raw Milk 1L","13","0","2"
"09-09-2023","Hyderabad","Ghee 500ml","4","0","0"
"09-09-2023","Hyderabad","A2 1L","59","1","0"
"09-09-2023","Hyderabad","Curd Culture","3","0","0"
"09-09-2023","Hyderabad","A2 Ghee","2","0","0"
"09-09-2023","Hyderabad","Buffalo Milk 1L","46","1","0"
"09-09-2023","Hyderabad","Paneer 200g Cows Milk","7","0","0"
"09-09-2023","Hyderabad","A2 Value Pack 1L","462","2","4"
"09-09-2023","Hyderabad","Buffalo Ghee 500ml","1","0","0"
"09-09-2023","Hyderabad","Kharwas 120g","12","0","0"
"09-09-2023","Hyderabad","A2 Gir Cow Paneer 200g","9","0","0"
"09-09-2023","Hyderabad","New A2 Value Pack 500ml","161","1","0"
"09-09-2023","Hyderabad","Buffalo Milk Value Pack 500ml","123","1","0"
"09-09-2023","Hyderabad","Dahi","21","0","0"
"09-09-2023","Hyderabad","Past Milk Value Pack 1L","22","0","0"
"09-09-2023","Hyderabad","Raw Value Pack 1L","58","0","0"
"09-09-2023","Hyderabad","Buffalo Value Pack 1L","252","3","3"
"09-09-2023","Hyderabad","Lactose Free Milk 0.5L","11","0","0"
"09-09-2023","Hyderabad","Past Milk Value Pack 0.5L","12","0","0"
"09-09-2023","Hyderabad","Raw Milk Value Pack 0.5L","18","0","0"
"09-10-2020","Hyderabad","Past Milk 1L","1","0","0"
"09-10-2020","Hyderabad","A2 1L","1","0","0"
"09-10-2020","Hyderabad","A2 Value Pack 1L","1","0","0"
"09-10-2021","Hyderabad","A2 Value Pack 1L","2","0","0"
"09-10-2022","Hyderabad","Past Milk 1L","20","0","1"
"09-10-2022","Hyderabad","Raw Milk 1L","17","0","1"
"09-10-2022","Hyderabad","Ghee 500ml","1","0","0"
"09-10-2022","Hyderabad","A2 1L","50","1","6"
"09-10-2022","Hyderabad","Curd Culture","1","0","0"
"09-10-2022","Hyderabad","A2 Ghee","2","0","0"
"09-10-2022","Hyderabad","Buffalo Milk 1L","55","1","2"
"09-10-2022","Hyderabad","Paneer 200g Cows Milk","2","0","0"
"09-10-2022","Hyderabad","A2 Value Pack 1L","117","1","0"
"09-10-2022","Hyderabad","Kharwas 120g","3","0","0"
"09-10-2022","Hyderabad","A2 Gir Cow Paneer 200g","3","0","0"
"09-10-2022","Hyderabad","New A2 Value Pack 500ml","71","0","1"
"09-10-2022","Hyderabad","Buffalo Milk Value Pack 500ml","38","0","1"
"09-10-2022","Hyderabad","Dahi","8","0","0"
"09-10-2022","Hyderabad","Past Milk Value Pack 1L","10","0","0"
"09-10-2022","Hyderabad","Raw Value Pack 1L","16","0","0"
"09-10-2022","Hyderabad","Buffalo Value Pack 1L","14","0","0"
"09-10-2022","Hyderabad","Lactose Free Milk 0.5L","9","0","1"
"09-10-2023","Hyderabad","Past Milk 1L","17","0","0"
"09-10-2023","Hyderabad","Raw Milk 1L","14","0","0"
"09-10-2023","Hyderabad","Ghee 500ml","2","0","0"
"09-10-2023","Hyderabad","A2 1L","57","0","0"
"09-10-2023","Hyderabad","Curd Culture","2","0","0"
"09-10-2023","Hyderabad","A2 Ghee","2","0","0"
"09-10-2023","Hyderabad","Buffalo Milk 1L","44","0","0"
"09-10-2023","Hyderabad","Paneer 200g Cows Milk","5","0","0"
"09-10-2023","Hyderabad","A2 Value Pack 1L","492","2","0"
"09-10-2023","Hyderabad","Buffalo Ghee 500ml","1","0","0"
"09-10-2023","Hyderabad","Kharwas 120g","5","0","0"
"09-10-2023","Hyderabad","A2 Gir Cow Paneer 200g","6","0","0"
"09-10-2023","Hyderabad","New A2 Value Pack 500ml","167","0","0"
"09-10-2023","Hyderabad","Buffalo Milk Value Pack 500ml","109","0","0"
"09-10-2023","Hyderabad","Dahi","20","0","0"
"09-10-2023","Hyderabad","Past Milk Value Pack 1L","22","0","0"
"09-10-2023","Hyderabad","Raw Value Pack 1L","59","0","0"
"09-10-2023","Hyderabad","Buffalo Value Pack 1L","324","1","2"
"09-10-2023","Hyderabad","Lactose Free Milk 0.5L","8","0","0"
"09-10-2023","Hyderabad","Past Milk Value Pack 0.5L","20","0","0"
"09-10-2023","Hyderabad","Raw Milk Value Pack 0.5L","24","0","0"
"09-11-2020","Hyderabad","Past Milk 1L","1","0","0"
"09-11-2020","Hyderabad","A2 Value Pack 1L","1","0","0"
"09-11-2021","Hyderabad","Past Milk 1L","1","0","0"
"09-11-2021","Hyderabad","A2 1L","1","0","0"
"09-11-2021","Hyderabad","A2 Value Pack 1L","2","0","0"
"09-11-2022","Hyderabad","Past Milk 1L","16","0","1"
"09-11-2022","Hyderabad","Raw Milk 1L","14","0","3"
"09-11-2022","Hyderabad","A2 1L","49","0","8"
"09-11-2022","Hyderabad","Buffalo Milk 1L","54","2","14"
"09-11-2022","Hyderabad","Paneer 200g Cows Milk","3","0","0"
"09-11-2022","Hyderabad","A2 Value Pack 1L","154","1","1"
"09-11-2022","Hyderabad","Buffalo Ghee 500ml","1","0","0"
"09-11-2022","Hyderabad","Kharwas 120g","1","0","0"
"09-11-2022","Hyderabad","A2 Gir Cow Paneer 200g","1","0","0"
"09-11-2022","Hyderabad","New A2 Value Pack 500ml","79","0","1"
"09-11-2022","Hyderabad","Buffalo Milk Value Pack 500ml","35","0","1"
"09-11-2022","Hyderabad","Dahi","9","0","0"
"09-11-2022","Hyderabad","Past Milk Value Pack 1L","5","1","0"
"09-11-2022","Hyderabad","Raw Value Pack 1L","24","0","0"
"09-11-2022","Hyderabad","Buffalo Value Pack 1L","29","0","6"
"09-11-2022","Hyderabad","Lactose Free Milk 0.5L","9","0","0"
"09-11-2022","Hyderabad","Past Milk Value Pack 0.5L","3","0","0"
"09-11-2022","Hyderabad","Raw Milk Value Pack 0.5L","2","0","1"
"09-11-2023","Hyderabad","Past Milk 1L","14","0","0"
"09-11-2023","Hyderabad","Raw Milk 1L","15","0","0"
"09-11-2023","Hyderabad","Ghee 500ml","6","0","0"
"09-11-2023","Hyderabad","A2 1L","73","1","2"
"09-11-2023","Hyderabad","Curd Culture","2","0","0"
"09-11-2023","Hyderabad","A2 Ghee","7","2","0"
"09-11-2023","Hyderabad","Buffalo Milk 1L","58","0","1"
"09-11-2023","Hyderabad","Paneer 200g Cows Milk","4","0","0"
"09-11-2023","Hyderabad","A2 Value Pack 1L","509","0","0"
"09-11-2023","Hyderabad","Buffalo Ghee 500ml","1","0","0"
"09-11-2023","Hyderabad","Kharwas 120g","10","0","0"
"09-11-2023","Hyderabad","A2 Gir Cow Paneer 200g","4","0","0"
"09-11-2023","Hyderabad","New A2 Value Pack 500ml","168","1","0"
"09-11-2023","Hyderabad","Buffalo Milk Value Pack 500ml","137","0","0"
"09-11-2023","Hyderabad","Dahi","17","0","0"
"09-11-2023","Hyderabad","Past Milk Value Pack 1L","25","0","0"
"09-11-2023","Hyderabad","Raw Value Pack 1L","56","0","1"
"09-11-2023","Hyderabad","Buffalo Value Pack 1L","282","0","3"
"09-11-2023","Hyderabad","Lactose Free Milk 0.5L","12","0","0"
"09-11-2023","Hyderabad","Past Milk Value Pack 0.5L","12","0","0"
"09-11-2023","Hyderabad","Raw Milk Value Pack 0.5L","21","0","0"
"09-12-2020","Hyderabad","Buffalo Milk 1L","1","0","0"
"09-12-2020","Hyderabad","A2 Value Pack 1L","1","0","0"
"09-12-2021","Hyderabad","Past Milk 1L","1","0","0"
"09-12-2021","Hyderabad","A2 Value Pack 1L","2","0","0"
"09-12-2022","Hyderabad","Past Milk 1L","15","0","1"
"09-12-2022","Hyderabad","Raw Milk 1L","10","0","2"
"09-12-2022","Hyderabad","A2 1L","71","1","1"
"09-12-2022","Hyderabad","Curd Culture","2","0","0"
"09-12-2022","Hyderabad","A2 Ghee","1","0","0"
"09-12-2022","Hyderabad","Buffalo Milk 1L","61","0","5"
"09-12-2022","Hyderabad","Paneer 200g Cows Milk","6","0","0"
"09-12-2022","Hyderabad","A2 Value Pack 1L","199","0","0"
"09-12-2022","Hyderabad","Kharwas 120g","3","0","0"
"09-12-2022","Hyderabad","A2 Gir Cow Paneer 200g","4","0","0"
"09-12-2022","Hyderabad","New A2 Value Pack 500ml","95","0","1"
"09-12-2022","Hyderabad","Buffalo Milk Value Pack 500ml","35","1","1"
"09-12-2022","Hyderabad","Dahi","10","0","0"
"09-12-2022","Hyderabad","Past Milk Value Pack 1L","6","0","0"
"09-12-2022","Hyderabad","Raw Value Pack 1L","31","0","0"
"09-12-2022","Hyderabad","Buffalo Value Pack 1L","58","0","3"
"09-12-2022","Hyderabad","Lactose Free Milk 0.5L","5","0","0"
"09-12-2022","Hyderabad","Past Milk Value Pack 0.5L","1","0","0"
"09-12-2022","Hyderabad","Raw Milk Value Pack 0.5L","8","0","0"
"09-12-2023","Hyderabad","Past Milk 1L","23","0","0"
"09-12-2023","Hyderabad","Raw Milk 1L","14","0","0"
"09-12-2023","Hyderabad","Ghee 500ml","3","0","0"
"09-12-2023","Hyderabad","A2 1L","48","0","0"
"09-12-2023","Hyderabad","Curd Culture","3","0","0"
"09-12-2023","Hyderabad","A2 Ghee","1","0","1"
"09-12-2023","Hyderabad","Buffalo Milk 1L","52","0","2"
"09-12-2023","Hyderabad","Paneer 200g Cows Milk","12","0","0"
"09-12-2023","Hyderabad","A2 Value Pack 1L","520","2","7"
"09-12-2023","Hyderabad","Buffalo Ghee 500ml","2","0","0"
"09-12-2023","Hyderabad","Kharwas 120g","8","0","2"
"09-12-2023","Hyderabad","A2 Gir Cow Paneer 200g","2","0","1"
"09-12-2023","Hyderabad","New A2 Value Pack 500ml","203","0","2"
"09-12-2023","Hyderabad","Buffalo Milk Value Pack 500ml","135","1","2"
"09-12-2023","Hyderabad","Dahi","14","0","0"
"09-12-2023","Hyderabad","Past Milk Value Pack 1L","21","0","0"
"09-12-2023","Hyderabad","Raw Value Pack 1L","59","0","1"
"09-12-2023","Hyderabad","Buffalo Value Pack 1L","305","1","9"
"09-12-2023","Hyderabad","Lactose Free Milk 0.5L","11","0","0"
"09-12-2023","Hyderabad","Past Milk Value Pack 0.5L","19","0","1"
"09-12-2023","Hyderabad","Raw Milk Value Pack 0.5L","25","0","0"
"10-01-2020","Hyderabad","Past Milk 1L","2","0","0"
"10-01-2021","Hyderabad","A2 1L","1","0","0"
"10-01-2021","Hyderabad","Buffalo Milk 1L","1","0","0"
"10-01-2021","Hyderabad","A2 Value Pack 1L","1","0","0"
"10-01-2022","Hyderabad","A2 Value Pack 1L","2","0","0"
"10-01-2023","Hyderabad","Past Milk 1L","13","0","0"
"10-01-2023","Hyderabad","Raw Milk 1L","13","0","1"
"10-01-2023","Hyderabad","Ghee 500ml","2","0","0"
"10-01-2023","Hyderabad","A2 1L","48","0","5"
"10-01-2023","Hyderabad","Curd Culture","3","0","0"
"10-01-2023","Hyderabad","A2 Ghee","4","0","0"
"10-01-2023","Hyderabad","Buffalo Milk 1L","44","0","6"
"10-01-2023","Hyderabad","Paneer 200g Cows Milk","1","0","0"
"10-01-2023","Hyderabad","A2 Value Pack 1L","193","0","2"
"10-01-2023","Hyderabad","Buffalo Ghee 500ml","4","0","0"
"10-01-2023","Hyderabad","A2 Gir Cow Paneer 200g","1","0","0"
"10-01-2023","Hyderabad","New A2 Value Pack 500ml","101","2","1"
"10-01-2023","Hyderabad","Buffalo Milk Value Pack 500ml","37","0","3"
"10-01-2023","Hyderabad","Dahi","10","0","0"
"10-01-2023","Hyderabad","Past Milk Value Pack 1L","13","0","0"
"10-01-2023","Hyderabad","Raw Value Pack 1L","31","0","0"
"10-01-2023","Hyderabad","Buffalo Value Pack 1L","79","0","3"
"10-01-2023","Hyderabad","Lactose Free Milk 0.5L","6","0","0"
"10-01-2023","Hyderabad","Past Milk Value Pack 0.5L","8","0","0"
"10-01-2023","Hyderabad","Raw Milk Value Pack 0.5L","14","0","1"
"10-01-2024","Hyderabad","Past Milk 1L","22","0","0"
"10-01-2024","Hyderabad","Raw Milk 1L","15","0","0"
"10-01-2024","Hyderabad","Ghee 500ml","4","0","0"
"10-01-2024","Hyderabad","A2 1L","73","0","1"
"10-01-2024","Hyderabad","Curd Culture","4","0","0"
"10-01-2024","Hyderabad","A2 Ghee","10","0","0"
"10-01-2024","Hyderabad","Buffalo Milk 1L","39","1","0"
"10-01-2024","Hyderabad","Paneer 200g Cows Milk","10","0","0"
"10-01-2024","Hyderabad","A2 Value Pack 1L","545","1","8"
"10-01-2024","Hyderabad","Buffalo Ghee 500ml","1","0","0"
"10-01-2024","Hyderabad","Kharwas 120g","5","0","0"
"10-01-2024","Hyderabad","A2 Gir Cow Paneer 200g","3","0","0"
"10-01-2024","Hyderabad","New A2 Value Pack 500ml","200","1","2"
"10-01-2024","Hyderabad","Insulated Door Bag","2","0","0"
"10-01-2024","Hyderabad","Buffalo Milk Value Pack 500ml","131","0","1"
"10-01-2024","Hyderabad","Dahi","11","0","0"
"10-01-2024","Hyderabad","Past Milk Value Pack 1L","29","0","0"
"10-01-2024","Hyderabad","Raw Value Pack 1L","67","0","2"
"10-01-2024","Hyderabad","Buffalo Value Pack 1L","318","2","8"
"10-01-2024","Hyderabad","Lactose Free Milk 0.5L","11","1","0"
"10-01-2024","Hyderabad","Past Milk Value Pack 0.5L","21","0","0"
"10-01-2024","Hyderabad","Raw Milk Value Pack 0.5L","21","0","2"
"10-02-2020","Hyderabad","Past Milk 1L","2","0","0"
"10-02-2020","Hyderabad","A2 Value Pack 1L","1","0","0"
"10-02-2021","Hyderabad","Buffalo Milk 1L","1","0","0"
"10-02-2021","Hyderabad","A2 Value Pack 1L","2","0","0"
"10-02-2022","Hyderabad","Past Milk 1L","4","0","1"
"10-02-2022","Hyderabad","Raw Milk 1L","3","0","1"
"10-02-2022","Hyderabad","A2 1L","18","0","2"
"10-02-2022","Hyderabad","Curd Culture","1","0","0"
"10-02-2022","Hyderabad","Buffalo Milk 1L","8","0","7"
"10-02-2022","Hyderabad","A2 Value Pack 1L","21","0","6"
"10-02-2022","Hyderabad","A2 Gir Cow Paneer 200g","1","0","0"
"10-02-2022","Hyderabad","New A2 Value Pack 500ml","12","0","1"
"10-02-2022","Hyderabad","Buffalo Milk Value Pack 500ml","7","0","1"
"10-02-2022","Hyderabad","Dahi","1","0","0"
"10-02-2023","Hyderabad","Past Milk 1L","23","0","0"
"10-02-2023","Hyderabad","Raw Milk 1L","16","0","0"
"10-02-2023","Hyderabad","Ghee 500ml","4","0","0"
"10-02-2023","Hyderabad","A2 1L","66","0","0"
"10-02-2023","Hyderabad","Curd Culture","5","0","0"
"10-02-2023","Hyderabad","A2 Ghee","1","0","0"
"10-02-2023","Hyderabad","Buffalo Milk 1L","52","0","0"
"10-02-2023","Hyderabad","Paneer 200g Cows Milk","7","0","0"
"10-02-2023","Hyderabad","A2 Value Pack 1L","248","0","4"
"10-02-2023","Hyderabad","Kharwas 120g","2","0","0"
"10-02-2023","Hyderabad","A2 Gir Cow Paneer 200g","1","0","0"
"10-02-2023","Hyderabad","New A2 Value Pack 500ml","98","0","0"
"10-02-2023","Hyderabad","Buffalo Milk Value Pack 500ml","54","0","0"
"10-02-2023","Hyderabad","Dahi","10","0","0"
"10-02-2023","Hyderabad","Past Milk Value Pack 1L","13","0","0"
"10-02-2023","Hyderabad","Raw Value Pack 1L","33","0","0"
"10-02-2023","Hyderabad","Buffalo Value Pack 1L","123","0","2"
"10-02-2023","Hyderabad","Lactose Free Milk 0.5L","7","0","0"
"10-02-2023","Hyderabad","Past Milk Value Pack 0.5L","6","0","0"
"10-02-2023","Hyderabad","Raw Milk Value Pack 0.5L","15","0","0"
"10-02-2024","Hyderabad","Past Milk 1L","17","0","0"
"10-02-2024","Hyderabad","Raw Milk 1L","14","0","1"
"10-02-2024","Hyderabad","Ghee 500ml","1","0","0"
"10-02-2024","Hyderabad","A2 1L","60","0","2"
"10-02-2024","Hyderabad","Curd Culture","6","0","0"
"10-02-2024","Hyderabad","A2 Ghee","2","0","0"
"10-02-2024","Hyderabad","Buffalo Milk 1L","45","0","5"
"10-02-2024","Hyderabad","Paneer 200g Cows Milk","9","0","0"
"10-02-2024","Hyderabad","A2 Value Pack 1L","565","0","4"
"10-02-2024","Hyderabad","Buffalo Ghee 500ml","2","0","0"
"10-02-2024","Hyderabad","Kharwas 120g","14","0","0"
"10-02-2024","Hyderabad","A2 Gir Cow Paneer 200g","3","0","0"
"10-02-2024","Hyderabad","New A2 Value Pack 500ml","201","0","1"
"10-02-2024","Hyderabad","Buffalo Milk Value Pack 500ml","154","0","1"
"10-02-2024","Hyderabad","Dahi","11","0","0"
"10-02-2024","Hyderabad","Past Milk Value Pack 1L","25","0","0"
"10-02-2024","Hyderabad","Raw Value Pack 1L","64","0","2"
"10-02-2024","Hyderabad","Buffalo Value Pack 1L","351","1","0"
"10-02-2024","Hyderabad","Lactose Free Milk 0.5L","10","0","0"
"10-02-2024","Hyderabad","Past Milk Value Pack 0.5L","20","0","0"
"10-02-2024","Hyderabad","Raw Milk Value Pack 0.5L","15","0","0"
"10-03-2020","Hyderabad","Past Milk 1L","1","0","0"
"10-03-2020","Hyderabad","A2 Value Pack 1L","1","0","0"
"10-03-2021","Hyderabad","A2 Value Pack 1L","2","0","0"
"10-03-2022","Hyderabad","Past Milk 1L","10","0","0"
"10-03-2022","Hyderabad","Raw Milk 1L","13","0","1"
"10-03-2022","Hyderabad","Past Milk 0.5L","4","0","1"
"10-03-2022","Hyderabad","A2 1L","24","0","5"
"10-03-2022","Hyderabad","Curd Culture","2","0","0"
"10-03-2022","Hyderabad","A2 Ghee","1","0","0"
"10-03-2022","Hyderabad","Buffalo Milk 1L","28","0","2"
"10-03-2022","Hyderabad","Paneer 200g Cows Milk","1","0","0"
"10-03-2022","Hyderabad","A2 Value Pack 1L","51","0","1"
"10-03-2022","Hyderabad","New A2 Value Pack 500ml","34","0","0"
"10-03-2022","Hyderabad","Insulated Door Bag","1","0","0"
"10-03-2022","Hyderabad","Buffalo Milk Value Pack 500ml","17","0","0"
"10-03-2022","Hyderabad","Dahi","2","0","0"
"10-03-2023","Hyderabad","Past Milk 1L","15","0","1"
"10-03-2023","Hyderabad","Raw Milk 1L","18","0","0"
"10-03-2023","Hyderabad","Ghee 500ml","1","0","0"
"10-03-2023","Hyderabad","A2 1L","58","1","1"
"10-03-2023","Hyderabad","Curd Culture","1","0","0"
"10-03-2023","Hyderabad","A2 Ghee","5","0","0"
"10-03-2023","Hyderabad","Buffalo Milk 1L","66","2","4"
"10-03-2023","Hyderabad","Paneer 200g Cows Milk","6","0","0"
"10-03-2023","Hyderabad","A2 Value Pack 1L","259","1","0"
"10-03-2023","Hyderabad","Kharwas 120g","5","0","0"
"10-03-2023","Hyderabad","New A2 Value Pack 500ml","99","0","1"
"10-03-2023","Hyderabad","Buffalo Milk Value Pack 500ml","66","0","3"
"10-03-2023","Hyderabad","Dahi","10","0","0"
"10-03-2023","Hyderabad","Past Milk Value Pack 1L","28","0","0"
"10-03-2023","Hyderabad","Raw Value Pack 1L","35","0","1"
"10-03-2023","Hyderabad","Buffalo Value Pack 1L","128","0","4"
"10-03-2023","Hyderabad","Lactose Free Milk 0.5L","6","0","0"
"10-03-2023","Hyderabad","Past Milk Value Pack 0.5L","7","0","0"
"10-03-2023","Hyderabad","Raw Milk Value Pack 0.5L","30","0","1"
"10-03-2024","Hyderabad","Past Milk 1L","25","0","0"
"10-03-2024","Hyderabad","Raw Milk 1L","12","0","1"
"10-03-2024","Hyderabad","Ghee 500ml","6","0","0"
"10-03-2024","Hyderabad","A2 1L","58","2","7"
"10-03-2024","Hyderabad","Curd Culture","5","0","0"
"10-03-2024","Hyderabad","A2 Ghee","1","0","0"
"10-03-2024","Hyderabad","Buffalo Milk 1L","49","0","10"
"10-03-2024","Hyderabad","Paneer 200g Cows Milk","4","0","0"
"10-03-2024","Hyderabad","A2 Value Pack 1L","583","1","0"
"10-03-2024","Hyderabad","Buffalo Ghee 500ml","2","0","0"
"10-03-2024","Hyderabad","Kharwas 120g","6","0","0"
"10-03-2024","Hyderabad","A2 Gir Cow Paneer 200g","2","0","0"
"10-03-2024","Hyderabad","New A2 Value Pack 500ml","203","0","0"
"10-03-2024","Hyderabad","Buffalo Milk Value Pack 500ml","160","1","0"
"10-03-2024","Hyderabad","Dahi","10","0","0"
"10-03-2024","Hyderabad","Past Milk Value Pack 1L","25","0","0"
"10-03-2024","Hyderabad","Raw Value Pack 1L","64","0","2"
"10-03-2024","Hyderabad","Buffalo Value Pack 1L","368","0","1"
"10-03-2024","Hyderabad","Lactose Free Milk 0.5L","14","0","0"
"10-03-2024","Hyderabad","Past Milk Value Pack 0.5L","20","0","0"
"10-03-2024","Hyderabad","Raw Milk Value Pack 0.5L","19","0","1"
"10-04-2020","Hyderabad","Past Milk 1L","3","0","0"
"10-04-2021","Hyderabad","A2 1L","1","0","0"
"10-04-2021","Hyderabad","A2 Value Pack 1L","3","0","0"
"10-04-2022","Hyderabad","Past Milk 1L","10","0","0"
"10-04-2022","Hyderabad","Raw Milk 1L","11","0","0"
"10-04-2022","Hyderabad","Past Milk 0.5L","2","0","0"
"10-04-2022","Hyderabad","Ghee 500ml","1","0","0"
"10-04-2022","Hyderabad","A2 1L","37","0","4"
"10-04-2022","Hyderabad","Curd Culture","1","0","0"
"10-04-2022","Hyderabad","Buffalo Milk 1L","35","0","1"
"10-04-2022","Hyderabad","Paneer 200g Cows Milk","1","0","0"
"10-04-2022","Hyderabad","A2 Value Pack 1L","78","0","0"
"10-04-2022","Hyderabad","Kharwas 120g","1","0","0"
"10-04-2022","Hyderabad","A2 Gir Cow Paneer 200g","2","0","0"
"10-04-2022","Hyderabad","New A2 Value Pack 500ml","27","0","0"
"10-04-2022","Hyderabad","Insulated Door Bag","1","0","0"
"10-04-2022","Hyderabad","Buffalo Milk Value Pack 500ml","13","0","3"
"10-04-2022","Hyderabad","Dahi","2","0","0"
"10-04-2023","Hyderabad","Past Milk 1L","17","0","0"
"10-04-2023","Hyderabad","Raw Milk 1L","16","0","0"
"10-04-2023","Hyderabad","Ghee 500ml","1","0","0"
"10-04-2023","Hyderabad","A2 1L","52","0","0"
"10-04-2023","Hyderabad","Curd Culture","2","0","0"
"10-04-2023","Hyderabad","A2 Ghee","2","0","0"
"10-04-2023","Hyderabad","Buffalo Milk 1L","55","0","0"
"10-04-2023","Hyderabad","Paneer 200g Cows Milk","2","0","0"
"10-04-2023","Hyderabad","A2 Value Pack 1L","288","0","0"
"10-04-2023","Hyderabad","Buffalo Ghee 500ml","6","0","0"
"10-04-2023","Hyderabad","Kharwas 120g","8","0","0"
"10-04-2023","Hyderabad","A2 Gir Cow Paneer 200g","6","0","0"
"10-04-2023","Hyderabad","New A2 Value Pack 500ml","111","0","0"
"10-04-2023","Hyderabad","Buffalo Milk Value Pack 500ml","58","0","0"
"10-04-2023","Hyderabad","Dahi","17","0","0"
"10-04-2023","Hyderabad","Past Milk Value Pack 1L","20","0","0"
"10-04-2023","Hyderabad","Raw Value Pack 1L","42","0","0"
"10-04-2023","Hyderabad","Buffalo Value Pack 1L","150","0","0"
"10-04-2023","Hyderabad","Lactose Free Milk 0.5L","4","0","0"
"10-04-2023","Hyderabad","Past Milk Value Pack 0.5L","9","0","0"
"10-04-2023","Hyderabad","Raw Milk Value Pack 0.5L","20","0","0"
"10-04-2024","Hyderabad","Past Milk 1L","20","0","0"
"10-04-2024","Hyderabad","Raw Milk 1L","20","0","0"
"10-04-2024","Hyderabad","Ghee 500ml","3","0","0"
"10-04-2024","Hyderabad","A2 1L","66","0","1"
"10-04-2024","Hyderabad","Curd Culture","7","0","0"
"10-04-2024","Hyderabad","A2 Ghee","1","0","0"
"10-04-2024","Hyderabad","Buffalo Milk 1L","38","0","0"
"10-04-2024","Hyderabad","Paneer 200g Cows Milk","7","0","0"
"10-04-2024","Hyderabad","A2 Value Pack 1L","573","0","0"
"10-04-2024","Hyderabad","Buffalo Ghee 500ml","2","0","0"
"10-04-2024","Hyderabad","Kharwas 120g","3","0","0"
"10-04-2024","Hyderabad","A2 Gir Cow Paneer 200g","5","0","0"
"10-04-2024","Hyderabad","New A2 Value Pack 500ml","235","1","1"
"10-04-2024","Hyderabad","Buffalo Milk Value Pack 500ml","191","0","0"
"10-04-2024","Hyderabad","Dahi","20","0","0"
"10-04-2024","Hyderabad","Past Milk Value Pack 1L","21","1","0"
"10-04-2024","Hyderabad","Raw Value Pack 1L","64","0","0"
"10-04-2024","Hyderabad","Buffalo Value Pack 1L","396","2","0"
"10-04-2024","Hyderabad","Lactose Free Milk 0.5L","14","0","1"
"10-04-2024","Hyderabad","Past Milk Value Pack 0.5L","15","0","0"
"10-04-2024","Hyderabad","Raw Milk Value Pack 0.5L","26","0","0"
"10-05-2020","Hyderabad","Past Milk 1L","2","0","0"
"10-05-2021","Hyderabad","A2 1L","2","0","0"
"10-05-2021","Hyderabad","A2 Value Pack 1L","1","0","0"
"10-05-2022","Hyderabad","Past Milk 1L","11","0","1"
"10-05-2022","Hyderabad","Raw Milk 1L","20","0","0"
"10-05-2022","Hyderabad","Past Milk 0.5L","2","0","0"
"10-05-2022","Hyderabad","A2 1L","43","0","2"
"10-05-2022","Hyderabad","Curd Culture","2","0","0"
"10-05-2022","Hyderabad","A2 Ghee","1","0","0"
"10-05-2022","Hyderabad","Buffalo Milk 1L","44","0","1"
"10-05-2022","Hyderabad","Paneer 200g Cows Milk","1","0","0"
"10-05-2022","Hyderabad","A2 Value Pack 1L","78","0","0"
"10-05-2022","Hyderabad","A2 Gir Cow Paneer 200g","1","0","0"
"10-05-2022","Hyderabad","New A2 Value Pack 500ml","27","0","0"
"10-05-2022","Hyderabad","Insulated Door Bag","1","0","0"
"10-05-2022","Hyderabad","Buffalo Milk Value Pack 500ml","31","0","0"
"10-05-2022","Hyderabad","Dahi","1","0","0"
"10-05-2023","Hyderabad","Past Milk 1L","11","0","0"
"10-05-2023","Hyderabad","Raw Milk 1L","16","0","0"
"10-05-2023","Hyderabad","A2 1L","58","5","0"
"10-05-2023","Hyderabad","Curd Culture","4","0","0"
"10-05-2023","Hyderabad","A2 Ghee","2","0","0"
"10-05-2023","Hyderabad","Buffalo Milk 1L","37","7","5"
"10-05-2023","Hyderabad","Paneer 200g Cows Milk","6","0","0"
"10-05-2023","Hyderabad","A2 Value Pack 1L","249","15","1"
"10-05-2023","Hyderabad","Buffalo Ghee 500ml","2","0","0"
"10-05-2023","Hyderabad","Kharwas 120g","2","0","0"
"10-05-2023","Hyderabad","A2 Gir Cow Paneer 200g","3","0","0"
"10-05-2023","Hyderabad","New A2 Value Pack 500ml","107","3","1"
"10-05-2023","Hyderabad","Buffalo Milk Value Pack 500ml","78","8","6"
"10-05-2023","Hyderabad","Dahi","7","0","0"
"10-05-2023","Hyderabad","Past Milk Value Pack 1L","15","0","1"
"10-05-2023","Hyderabad","Raw Value Pack 1L","33","1","1"
"10-05-2023","Hyderabad","Buffalo Value Pack 1L","142","15","0"
"10-05-2023","Hyderabad","Lactose Free Milk 0.5L","7","0","0"
"10-05-2023","Hyderabad","Past Milk Value Pack 0.5L","6","0","0"
"10-05-2023","Hyderabad","Raw Milk Value Pack 0.5L","15","0","0"
"10-06-2020","Hyderabad","Past Milk 1L","2","0","0"
"10-06-2020","Hyderabad","A2 1L","1","0","0"
"10-06-2021","Hyderabad","A2 1L","1","0","0"
"10-06-2021","Hyderabad","A2 Value Pack 1L","1","0","0"
"10-06-2022","Hyderabad","Past Milk 1L","13","0","0"
"10-06-2022","Hyderabad","Raw Milk 1L","18","0","1"
"10-06-2022","Hyderabad","Past Milk 0.5L","4","0","1"
"10-06-2022","Hyderabad","A2 1L","55","3","2"
"10-06-2022","Hyderabad","Buffalo Milk 1L","58","1","3"
"10-06-2022","Hyderabad","Paneer 200g Cows Milk","3","0","0"
"10-06-2022","Hyderabad","A2 Value Pack 1L","121","1","3"
"10-06-2022","Hyderabad","Buffalo Ghee 500ml","2","0","0"
"10-06-2022","Hyderabad","Kharwas 120g","3","0","0"
"10-06-2022","Hyderabad","New A2 Value Pack 500ml","47","0","0"
"10-06-2022","Hyderabad","Insulated Door Bag","1","0","0"
"10-06-2022","Hyderabad","Buffalo Milk Value Pack 500ml","29","0","1"
"10-06-2022","Hyderabad","Dahi","2","0","0"
"10-06-2023","Hyderabad","Past Milk 1L","21","1","0"
"10-06-2023","Hyderabad","Raw Milk 1L","20","0","0"
"10-06-2023","Hyderabad","A2 1L","51","1","0"
"10-06-2023","Hyderabad","Curd Culture","3","0","0"
"10-06-2023","Hyderabad","A2 Ghee","2","0","0"
"10-06-2023","Hyderabad","Buffalo Milk 1L","37","0","1"
"10-06-2023","Hyderabad","Paneer 200g Cows Milk","4","0","0"
"10-06-2023","Hyderabad","A2 Value Pack 1L","331","7","1"
"10-06-2023","Hyderabad","Buffalo Ghee 500ml","1","0","0"
"10-06-2023","Hyderabad","Kharwas 120g","3","0","0"
"10-06-2023","Hyderabad","A2 Gir Cow Paneer 200g","3","0","0"
"10-06-2023","Hyderabad","New A2 Value Pack 500ml","115","0","0"
"10-06-2023","Hyderabad","Buffalo Milk Value Pack 500ml","69","0","0"
"10-06-2023","Hyderabad","Dahi","10","0","0"
"10-06-2023","Hyderabad","Past Milk Value Pack 1L","15","0","0"
"10-06-2023","Hyderabad","Raw Value Pack 1L","36","0","1"
"10-06-2023","Hyderabad","Buffalo Value Pack 1L","173","9","3"
"10-06-2023","Hyderabad","Lactose Free Milk 0.5L","7","0","0"
"10-06-2023","Hyderabad","Past Milk Value Pack 0.5L","4","0","0"
"10-06-2023","Hyderabad","Raw Milk Value Pack 0.5L","16","0","0"
"10-07-2020","Hyderabad","Past Milk 1L","2","0","0"
"10-07-2020","Hyderabad","A2 1L","1","0","0"
"10-07-2021","Hyderabad","A2 1L","1","0","0"
"10-07-2021","Hyderabad","A2 Value Pack 1L","2","0","0"
"10-07-2022","Hyderabad","Past Milk 1L","22","0","0"
"10-07-2022","Hyderabad","Raw Milk 1L","14","0","0"
"10-07-2022","Hyderabad","A2 1L","34","1","0"
"10-07-2022","Hyderabad","A2 Ghee","1","0","0"
"10-07-2022","Hyderabad","Buffalo Milk 1L","64","0","1"
"10-07-2022","Hyderabad","A2 Value Pack 1L","137","0","0"
"10-07-2022","Hyderabad","Buffalo Ghee 500ml","1","0","0"
"10-07-2022","Hyderabad","Kharwas 120g","2","0","0"
"10-07-2022","Hyderabad","A2 Gir Cow Paneer 200g","1","0","0"
"10-07-2022","Hyderabad","New A2 Value Pack 500ml","67","0","1"
"10-07-2022","Hyderabad","Buffalo Milk Value Pack 500ml","31","0","0"
"10-07-2022","Hyderabad","Dahi","1","0","0"
"10-07-2022","Hyderabad","Past Milk Value Pack 1L","2","0","0"
"10-07-2022","Hyderabad","Raw Value Pack 1L","4","0","0"
"10-07-2022","Hyderabad","Buffalo Value Pack 1L","3","1","0"
"10-07-2022","Hyderabad","Lactose Free Milk 0.5L","3","0","0"
"10-07-2023","Hyderabad","Past Milk 1L","16","0","0"
"10-07-2023","Hyderabad","Raw Milk 1L","13","0","0"
"10-07-2023","Hyderabad","Ghee 500ml","5","0","0"
"10-07-2023","Hyderabad","A2 1L","73","1","0"
"10-07-2023","Hyderabad","Curd Culture","2","0","0"
"10-07-2023","Hyderabad","A2 Ghee","3","0","0"
"10-07-2023","Hyderabad","Buffalo Milk 1L","38","1","0"
"10-07-2023","Hyderabad","Paneer 200g Cows Milk","9","0","0"
"10-07-2023","Hyderabad","A2 Value Pack 1L","427","2","0"
"10-07-2023","Hyderabad","Kharwas 120g","6","0","0"
"10-07-2023","Hyderabad","A2 Gir Cow Paneer 200g","4","0","0"
"10-07-2023","Hyderabad","New A2 Value Pack 500ml","146","0","0"
"10-07-2023","Hyderabad","Buffalo Milk Value Pack 500ml","90","0","0"
"10-07-2023","Hyderabad","Dahi","19","0","0"
"10-07-2023","Hyderabad","Past Milk Value Pack 1L","16","0","0"
"10-07-2023","Hyderabad","Raw Value Pack 1L","52","0","1"
"10-07-2023","Hyderabad","Buffalo Value Pack 1L","225","0","0"
"10-07-2023","Hyderabad","Lactose Free Milk 0.5L","14","0","0"
"10-07-2023","Hyderabad","Past Milk Value Pack 0.5L","6","0","0"
"10-07-2023","Hyderabad","Raw Milk Value Pack 0.5L","20","0","0"
"10-08-2020","Hyderabad","Past Milk 1L","1","0","0"
"10-08-2020","Hyderabad","A2 Value Pack 1L","1","0","0"
"10-08-2021","Hyderabad","A2 1L","1","0","0"
"10-08-2021","Hyderabad","A2 Value Pack 1L","1","0","0"
"10-08-2022","Hyderabad","Past Milk 1L","16","0","0"
"10-08-2022","Hyderabad","Raw Milk 1L","16","0","0"
"10-08-2022","Hyderabad","Ghee 500ml","2","0","0"
"10-08-2022","Hyderabad","A2 1L","42","1","2"
"10-08-2022","Hyderabad","Buffalo Milk 1L","42","0","0"
"10-08-2022","Hyderabad","A2 Value Pack 1L","112","0","0"
"10-08-2022","Hyderabad","Kharwas 120g","1","0","0"
"10-08-2022","Hyderabad","A2 Gir Cow Paneer 200g","1","0","0"
"10-08-2022","Hyderabad","New A2 Value Pack 500ml","69","0","0"
"10-08-2022","Hyderabad","Buffalo Milk Value Pack 500ml","26","0","0"
"10-08-2022","Hyderabad","Past Milk Value Pack 1L","7","0","0"
"10-08-2022","Hyderabad","Raw Value Pack 1L","15","0","0"
"10-08-2022","Hyderabad","Buffalo Value Pack 1L","14","0","0"
"10-08-2022","Hyderabad","Lactose Free Milk 0.5L","3","0","0"
"10-08-2023","Hyderabad","Past Milk 1L","24","0","0"
"10-08-2023","Hyderabad","Raw Milk 1L","16","0","0"
"10-08-2023","Hyderabad","Ghee 500ml","1","0","0"
"10-08-2023","Hyderabad","A2 1L","69","0","1"
"10-08-2023","Hyderabad","Curd Culture","4","0","0"
"10-08-2023","Hyderabad","A2 Ghee","1","0","0"
"10-08-2023","Hyderabad","Buffalo Milk 1L","50","0","0"
"10-08-2023","Hyderabad","Paneer 200g Cows Milk","2","0","0"
"10-08-2023","Hyderabad","A2 Value Pack 1L","423","1","0"
"10-08-2023","Hyderabad","Buffalo Ghee 500ml","1","0","0"
"10-08-2023","Hyderabad","Kharwas 120g","5","0","0"
"10-08-2023","Hyderabad","A2 Gir Cow Paneer 200g","2","0","0"
"10-08-2023","Hyderabad","New A2 Value Pack 500ml","161","0","0"
"10-08-2023","Hyderabad","Insulated Door Bag","1","0","0"
"10-08-2023","Hyderabad","Buffalo Milk Value Pack 500ml","111","0","0"
"10-08-2023","Hyderabad","Dahi","11","0","0"
"10-08-2023","Hyderabad","Past Milk Value Pack 1L","18","0","0"
"10-08-2023","Hyderabad","Raw Value Pack 1L","64","0","1"
"10-08-2023","Hyderabad","Buffalo Value Pack 1L","231","1","2"
"10-08-2023","Hyderabad","Lactose Free Milk 0.5L","10","0","0"
"10-08-2023","Hyderabad","Past Milk Value Pack 0.5L","12","0","0"
"10-08-2023","Hyderabad","Raw Milk Value Pack 0.5L","22","0","0"
"10-09-2020","Hyderabad","Past Milk 1L","1","0","0"
"10-09-2020","Hyderabad","A2 1L","1","0","0"
"10-09-2021","Hyderabad","A2 1L","1","0","0"
"10-09-2021","Hyderabad","A2 Value Pack 1L","1","0","0"
"10-09-2022","Hyderabad","Past Milk 1L","16","0","0"
"10-09-2022","Hyderabad","Raw Milk 1L","16","0","0"
"10-09-2022","Hyderabad","Ghee 500ml","2","0","0"
"10-09-2022","Hyderabad","A2 1L","49","0","5"
"10-09-2022","Hyderabad","Curd Culture","1","0","0"
"10-09-2022","Hyderabad","A2 Ghee","1","0","0"
"10-09-2022","Hyderabad","Buffalo Milk 1L","45","0","4"
"10-09-2022","Hyderabad","Paneer 200g Cows Milk","1","0","0"
"10-09-2022","Hyderabad","A2 Value Pack 1L","137","0","0"
"10-09-2022","Hyderabad","A2 Gir Cow Paneer 200g","1","0","0"
"10-09-2022","Hyderabad","New A2 Value Pack 500ml","87","0","1"
"10-09-2022","Hyderabad","Insulated Door Bag","1","0","0"
"10-09-2022","Hyderabad","Buffalo Milk Value Pack 500ml","38","0","1"
"10-09-2022","Hyderabad","Dahi","4","0","0"
"10-09-2022","Hyderabad","Past Milk Value Pack 1L","6","0","0"
"10-09-2022","Hyderabad","Raw Value Pack 1L","17","0","0"
"10-09-2022","Hyderabad","Buffalo Value Pack 1L","17","0","0"
"10-09-2022","Hyderabad","Lactose Free Milk 0.5L","4","0","0"
"10-09-2023","Hyderabad","Past Milk 1L","24","0","0"
"10-09-2023","Hyderabad","Raw Milk 1L","16","0","0"
"10-09-2023","Hyderabad","Ghee 500ml","2","0","0"
"10-09-2023","Hyderabad","A2 1L","56","0","0"
"10-09-2023","Hyderabad","Curd Culture","2","0","0"
"10-09-2023","Hyderabad","A2 Ghee","1","0","0"
"10-09-2023","Hyderabad","Buffalo Milk 1L","52","0","1"
"10-09-2023","Hyderabad","Paneer 200g Cows Milk","3","0","0"
"10-09-2023","Hyderabad","A2 Value Pack 1L","450","5","0"
"10-09-2023","Hyderabad","Buffalo Ghee 500ml","2","0","0"
"10-09-2023","Hyderabad","Kharwas 120g","5","0","0"
"10-09-2023","Hyderabad","A2 Gir Cow Paneer 200g","4","0","0"
"10-09-2023","Hyderabad","New A2 Value Pack 500ml","149","0","1"
"10-09-2023","Hyderabad","Insulated Door Bag","1","0","0"
"10-09-2023","Hyderabad","Buffalo Milk Value Pack 500ml","134","0","1"
"10-09-2023","Hyderabad","Dahi","16","0","0"
"10-09-2023","Hyderabad","Past Milk Value Pack 1L","22","0","0"
"10-09-2023","Hyderabad","Raw Value Pack 1L","57","0","1"
"10-09-2023","Hyderabad","Buffalo Value Pack 1L","234","3","5"
"10-09-2023","Hyderabad","Lactose Free Milk 0.5L","8","0","0"
"10-09-2023","Hyderabad","Past Milk Value Pack 0.5L","15","0","0"
"10-09-2023","Hyderabad","Raw Milk Value Pack 0.5L","20","0","0"
"10-10-2020","Hyderabad","Past Milk 1L","1","0","0"
"10-10-2020","Hyderabad","A2 Value Pack 1L","1","0","0"
"10-10-2021","Hyderabad","A2 1L","1","0","0"
"10-10-2021","Hyderabad","A2 Value Pack 1L","1","0","0"
"10-10-2022","Hyderabad","Past Milk 1L","21","0","0"
"10-10-2022","Hyderabad","Raw Milk 1L","13","0","0"
"10-10-2022","Hyderabad","Ghee 500ml","2","0","0"
"10-10-2022","Hyderabad","A2 1L","50","0","0"
"10-10-2022","Hyderabad","Curd Culture","5","0","0"
"10-10-2022","Hyderabad","A2 Ghee","1","0","0"
"10-10-2022","Hyderabad","Buffalo Milk 1L","71","0","0"
"10-10-2022","Hyderabad","Paneer 200g Cows Milk","2","0","0"
"10-10-2022","Hyderabad","A2 Value Pack 1L","160","0","0"
"10-10-2022","Hyderabad","Buffalo Ghee 500ml","1","0","0"
"10-10-2022","Hyderabad","Kharwas 120g","1","0","0"
"10-10-2022","Hyderabad","A2 Gir Cow Paneer 200g","5","0","0"
"10-10-2022","Hyderabad","New A2 Value Pack 500ml","94","0","0"
"10-10-2022","Hyderabad","Buffalo Milk Value Pack 500ml","46","0","0"
"10-10-2022","Hyderabad","Dahi","14","0","0"
"10-10-2022","Hyderabad","Past Milk Value Pack 1L","8","0","0"
"10-10-2022","Hyderabad","Raw Value Pack 1L","19","0","0"
"10-10-2022","Hyderabad","Buffalo Value Pack 1L","15","0","0"
"10-10-2022","Hyderabad","Lactose Free Milk 0.5L","9","0","0"
"10-10-2022","Hyderabad","Raw Milk Value Pack 0.5L","1","0","0"
"10-10-2023","Hyderabad","Past Milk 1L","19","0","1"
"10-10-2023","Hyderabad","Raw Milk 1L","14","0","0"
"10-10-2023","Hyderabad","Ghee 500ml","2","0","0"
"10-10-2023","Hyderabad","A2 1L","63","0","0"
"10-10-2023","Hyderabad","Curd Culture","5","0","0"
"10-10-2023","Hyderabad","A2 Ghee","1","0","0"
"10-10-2023","Hyderabad","Buffalo Milk 1L","46","0","1"
"10-10-2023","Hyderabad","Paneer 200g Cows Milk","7","0","0"
"10-10-2023","Hyderabad","A2 Value Pack 1L","511","1","3"
"10-10-2023","Hyderabad","Buffalo Ghee 500ml","4","0","0"
"10-10-2023","Hyderabad","Kharwas 120g","8","0","0"
"10-10-2023","Hyderabad","A2 Gir Cow Paneer 200g","2","0","0"
"10-10-2023","Hyderabad","New A2 Value Pack 500ml","174","0","0"
"10-10-2023","Hyderabad","Buffalo Milk Value Pack 500ml","128","1","0"
"10-10-2023","Hyderabad","Dahi","22","0","0"
"10-10-2023","Hyderabad","Past Milk Value Pack 1L","22","0","0"
"10-10-2023","Hyderabad","Raw Value Pack 1L","55","1","2"
"10-10-2023","Hyderabad","Buffalo Value Pack 1L","269","1","6"
"10-10-2023","Hyderabad","Lactose Free Milk 0.5L","7","0","0"
"10-10-2023","Hyderabad","Past Milk Value Pack 0.5L","20","0","0"
"10-10-2023","Hyderabad","Raw Milk Value Pack 0.5L","24","0","0"
"10-11-2020","Hyderabad","Past Milk 1L","1","0","0"
"10-11-2020","Hyderabad","A2 1L","1","0","0"
"10-11-2020","Hyderabad","A2 Value Pack 1L","1","0","0"
"10-11-2021","Hyderabad","Past Milk 1L","1","0","0"
"10-11-2021","Hyderabad","A2 Value Pack 1L","1","0","0"
"10-11-2022","Hyderabad","Past Milk 1L","23","0","3"
"10-11-2022","Hyderabad","Raw Milk 1L","13","0","2"
"10-11-2022","Hyderabad","A2 1L","51","0","7"
"10-11-2022","Hyderabad","Curd Culture","2","0","0"
"10-11-2022","Hyderabad","A2 Ghee","3","0","0"
"10-11-2022","Hyderabad","Buffalo Milk 1L","65","0","10"
"10-11-2022","Hyderabad","A2 Value Pack 1L","151","0","0"
"10-11-2022","Hyderabad","Kharwas 120g","7","0","0"
"10-11-2022","Hyderabad","A2 Gir Cow Paneer 200g","2","0","0"
"10-11-2022","Hyderabad","New A2 Value Pack 500ml","82","1","2"
"10-11-2022","Hyderabad","Insulated Door Bag","3","0","0"
"10-11-2022","Hyderabad","Buffalo Milk Value Pack 500ml","27","0","5"
"10-11-2022","Hyderabad","Dahi","7","0","0"
"10-11-2022","Hyderabad","Past Milk Value Pack 1L","10","0","0"
"10-11-2022","Hyderabad","Raw Value Pack 1L","19","0","0"
"10-11-2022","Hyderabad","Buffalo Value Pack 1L","23","0","6"
"10-11-2022","Hyderabad","Lactose Free Milk 0.5L","7","0","2"
"10-11-2022","Hyderabad","Past Milk Value Pack 0.5L","2","0","0"
"10-11-2022","Hyderabad","Raw Milk Value Pack 0.5L","1","0","0"
"10-11-2023","Hyderabad","Past Milk 1L","20","0","0"
"10-11-2023","Hyderabad","Raw Milk 1L","14","0","0"
"10-11-2023","Hyderabad","Ghee 500ml","2","0","0"
"10-11-2023","Hyderabad","A2 1L","65","0","2"
"10-11-2023","Hyderabad","Curd Culture","2","0","0"
"10-11-2023","Hyderabad","A2 Ghee","1","6","0"
"10-11-2023","Hyderabad","Buffalo Milk 1L","40","1","0"
"10-11-2023","Hyderabad","Paneer 200g Cows Milk","7","0","0"
"10-11-2023","Hyderabad","A2 Value Pack 1L","490","0","0"
"10-11-2023","Hyderabad","Buffalo Ghee 500ml","1","0","0"
"10-11-2023","Hyderabad","Kharwas 120g","5","0","0"
"10-11-2023","Hyderabad","A2 Gir Cow Paneer 200g","4","0","0"
"10-11-2023","Hyderabad","New A2 Value Pack 500ml","180","0","0"
"10-11-2023","Hyderabad","Buffalo Milk Value Pack 500ml","152","0","0"
"10-11-2023","Hyderabad","Dahi","13","0","0"
"10-11-2023","Hyderabad","Past Milk Value Pack 1L","25","0","0"
"10-11-2023","Hyderabad","Raw Value Pack 1L","55","0","0"
"10-11-2023","Hyderabad","Buffalo Value Pack 1L","289","1","5"
"10-11-2023","Hyderabad","Lactose Free Milk 0.5L","5","0","0"
"10-11-2023","Hyderabad","Past Milk Value Pack 0.5L","14","0","0"
"10-11-2023","Hyderabad","Raw Milk Value Pack 0.5L","24","0","0"
"10-12-2020","Hyderabad","Buffalo Milk 1L","1","0","0"
"10-12-2020","Hyderabad","A2 Value Pack 1L","2","0","0"
"10-12-2021","Hyderabad","Past Milk 0.5L","1","0","0"
"10-12-2021","Hyderabad","A2 Value Pack 1L","1","0","0"
"10-12-2022","Hyderabad","Past Milk 1L","29","0","0"
"10-12-2022","Hyderabad","Raw Milk 1L","14","0","0"
"10-12-2022","Hyderabad","Ghee 500ml","5","0","0"
"10-12-2022","Hyderabad","A2 1L","55","0","0"
"10-12-2022","Hyderabad","Curd Culture","1","0","0"
"10-12-2022","Hyderabad","A2 Ghee","1","0","0"
"10-12-2022","Hyderabad","Buffalo Milk 1L","59","2","2"
"10-12-2022","Hyderabad","Paneer 200g Cows Milk","4","0","0"
"10-12-2022","Hyderabad","A2 Value Pack 1L","177","1","3"
"10-12-2022","Hyderabad","Buffalo Ghee 500ml","1","0","0"
"10-12-2022","Hyderabad","Kharwas 120g","7","0","0"
"10-12-2022","Hyderabad","A2 Gir Cow Paneer 200g","3","0","0"
"10-12-2022","Hyderabad","New A2 Value Pack 500ml","88","0","0"
"10-12-2022","Hyderabad","Buffalo Milk Value Pack 500ml","36","1","0"
"10-12-2022","Hyderabad","Dahi","16","0","0"
"10-12-2022","Hyderabad","Past Milk Value Pack 1L","8","0","0"
"10-12-2022","Hyderabad","Raw Value Pack 1L","26","0","0"
"10-12-2022","Hyderabad","Buffalo Value Pack 1L","52","0","4"
"10-12-2022","Hyderabad","Lactose Free Milk 0.5L","10","0","0"
"10-12-2022","Hyderabad","Raw Milk Value Pack 0.5L","13","0","0"
"10-12-2023","Hyderabad","Past Milk 1L","19","1","0"
"10-12-2023","Hyderabad","Raw Milk 1L","13","0","0"
"10-12-2023","Hyderabad","Ghee 500ml","4","0","0"
"10-12-2023","Hyderabad","A2 1L","50","0","0"
"10-12-2023","Hyderabad","Curd Culture","2","0","0"
"10-12-2023","Hyderabad","A2 Ghee","3","0","0"
"10-12-2023","Hyderabad","Buffalo Milk 1L","31","1","8"
"10-12-2023","Hyderabad","Paneer 200g Cows Milk","11","0","0"
"10-12-2023","Hyderabad","A2 Value Pack 1L","501","0","6"
"10-12-2023","Hyderabad","Buffalo Ghee 500ml","2","0","0"
"10-12-2023","Hyderabad","Kharwas 120g","3","0","0"
"10-12-2023","Hyderabad","A2 Gir Cow Paneer 200g","1","0","0"
"10-12-2023","Hyderabad","New A2 Value Pack 500ml","171","1","0"
"10-12-2023","Hyderabad","Insulated Door Bag","1","0","0"
"10-12-2023","Hyderabad","Buffalo Milk Value Pack 500ml","138","0","5"
"10-12-2023","Hyderabad","Dahi","12","0","0"
"10-12-2023","Hyderabad","Past Milk Value Pack 1L","20","0","0"
"10-12-2023","Hyderabad","Raw Value Pack 1L","60","0","0"
"10-12-2023","Hyderabad","Buffalo Value Pack 1L","309","1","6"
"10-12-2023","Hyderabad","Lactose Free Milk 0.5L","12","0","0"
"10-12-2023","Hyderabad","Past Milk Value Pack 0.5L","15","0","0"
"10-12-2023","Hyderabad","Raw Milk Value Pack 0.5L","24","0","0"
"11-01-2020","Hyderabad","Past Milk 1L","2","0","0"
"11-01-2020","Hyderabad","A2 Value Pack 1L","1","0","0"
"11-01-2021","Hyderabad","Buffalo Milk 1L","1","0","0"
"11-01-2021","Hyderabad","A2 Value Pack 1L","1","0","0"
"11-01-2022","Hyderabad","A2 Value Pack 1L","2","0","0"
"11-01-2023","Hyderabad","Past Milk 1L","21","0","0"
"11-01-2023","Hyderabad","Raw Milk 1L","13","0","1"
"11-01-2023","Hyderabad","A2 1L","52","0","2"
"11-01-2023","Hyderabad","Curd Culture","1","0","0"
"11-01-2023","Hyderabad","Buffalo Milk 1L","50","1","4"
"11-01-2023","Hyderabad","Paneer 200g Cows Milk","3","0","0"
"11-01-2023","Hyderabad","A2 Value Pack 1L","207","2","1"
"11-01-2023","Hyderabad","Kharwas 120g","1","0","0"
"11-01-2023","Hyderabad","A2 Gir Cow Paneer 200g","1","0","0"
"11-01-2023","Hyderabad","New A2 Value Pack 500ml","84","1","1"
"11-01-2023","Hyderabad","Buffalo Milk Value Pack 500ml","36","1","2"
"11-01-2023","Hyderabad","Dahi","24","0","0"
"11-01-2023","Hyderabad","Past Milk Value Pack 1L","8","0","0"
"11-01-2023","Hyderabad","Raw Value Pack 1L","30","1","2"
"11-01-2023","Hyderabad","Buffalo Value Pack 1L","89","3","14"
"11-01-2023","Hyderabad","Lactose Free Milk 0.5L","13","0","0"
"11-01-2023","Hyderabad","Past Milk Value Pack 0.5L","4","0","0"
"11-01-2023","Hyderabad","Raw Milk Value Pack 0.5L","9","0","0"
"11-01-2024","Hyderabad","Past Milk 1L","18","0","0"
"11-01-2024","Hyderabad","Raw Milk 1L","15","0","0"
"11-01-2024","Hyderabad","Ghee 500ml","8","0","0"
"11-01-2024","Hyderabad","A2 1L","64","1","1"
"11-01-2024","Hyderabad","Curd Culture","1","0","0"
"11-01-2024","Hyderabad","A2 Ghee","4","0","0"
"11-01-2024","Hyderabad","Buffalo Milk 1L","39","0","1"
"11-01-2024","Hyderabad","Paneer 200g Cows Milk","11","0","0"
"11-01-2024","Hyderabad","A2 Value Pack 1L","519","1","7"
"11-01-2024","Hyderabad","Buffalo Ghee 500ml","5","0","0"
"11-01-2024","Hyderabad","Kharwas 120g","7","0","0"
"11-01-2024","Hyderabad","A2 Gir Cow Paneer 200g","5","0","0"
"11-01-2024","Hyderabad","New A2 Value Pack 500ml","209","0","1"
"11-01-2024","Hyderabad","Insulated Door Bag","1","0","0"
"11-01-2024","Hyderabad","Buffalo Milk Value Pack 500ml","133","0","1"
"11-01-2024","Hyderabad","Dahi","13","0","0"
"11-01-2024","Hyderabad","Past Milk Value Pack 1L","23","0","0"
"11-01-2024","Hyderabad","Raw Value Pack 1L","60","2","0"
"11-01-2024","Hyderabad","Buffalo Value Pack 1L","322","2","5"
"11-01-2024","Hyderabad","Lactose Free Milk 0.5L","10","0","0"
"11-01-2024","Hyderabad","Past Milk Value Pack 0.5L","20","0","0"
"11-01-2024","Hyderabad","Raw Milk Value Pack 0.5L","19","0","0"
"11-02-2020","Hyderabad","Past Milk 1L","2","0","0"
"11-02-2020","Hyderabad","A2 Value Pack 1L","2","0","0"
"11-02-2021","Hyderabad","Buffalo Milk 1L","1","0","0"
"11-02-2021","Hyderabad","A2 Value Pack 1L","1","0","0"
"11-02-2022","Hyderabad","Past Milk 1L","2","0","0"
"11-02-2022","Hyderabad","Raw Milk 1L","7","0","2"
"11-02-2022","Hyderabad","Past Milk 0.5L","1","0","1"
"11-02-2022","Hyderabad","Ghee 500ml","1","0","0"
"11-02-2022","Hyderabad","A2 1L","9","0","6"
"11-02-2022","Hyderabad","Curd Culture","4","0","0"
"11-02-2022","Hyderabad","Buffalo Milk 1L","10","0","5"
"11-02-2022","Hyderabad","Paneer 200g Cows Milk","1","0","0"
"11-02-2022","Hyderabad","A2 Value Pack 1L","19","0","3"
"11-02-2022","Hyderabad","A2 Gir Cow Paneer 200g","2","0","0"
"11-02-2022","Hyderabad","New A2 Value Pack 500ml","10","0","1"
"11-02-2022","Hyderabad","Buffalo Milk Value Pack 500ml","8","0","1"
"11-02-2022","Hyderabad","Dahi","0","0","1"
"11-02-2023","Hyderabad","Past Milk 1L","21","0","0"
"11-02-2023","Hyderabad","Raw Milk 1L","22","0","0"
"11-02-2023","Hyderabad","A2 1L","60","0","0"
"11-02-2023","Hyderabad","Curd Culture","1","0","0"
"11-02-2023","Hyderabad","A2 Ghee","2","0","0"
"11-02-2023","Hyderabad","Buffalo Milk 1L","57","1","1"
"11-02-2023","Hyderabad","Paneer 200g Cows Milk","5","0","0"
"11-02-2023","Hyderabad","A2 Value Pack 1L","248","1","0"
"11-02-2023","Hyderabad","Buffalo Ghee 500ml","1","0","0"
"11-02-2023","Hyderabad","Kharwas 120g","11","0","0"
"11-02-2023","Hyderabad","A2 Gir Cow Paneer 200g","5","0","0"
"11-02-2023","Hyderabad","New A2 Value Pack 500ml","96","0","0"
"11-02-2023","Hyderabad","Buffalo Milk Value Pack 500ml","54","0","1"
"11-02-2023","Hyderabad","Dahi","7","0","0"
"11-02-2023","Hyderabad","Past Milk Value Pack 1L","13","0","0"
"11-02-2023","Hyderabad","Raw Value Pack 1L","32","2","1"
"11-02-2023","Hyderabad","Buffalo Value Pack 1L","126","0","0"
"11-02-2023","Hyderabad","Lactose Free Milk 0.5L","6","0","0"
"11-02-2023","Hyderabad","Past Milk Value Pack 0.5L","11","0","0"
"11-02-2023","Hyderabad","Raw Milk Value Pack 0.5L","13","0","0"
"11-02-2024","Hyderabad","Past Milk 1L","21","0","0"
"11-02-2024","Hyderabad","Raw Milk 1L","12","0","0"
"11-02-2024","Hyderabad","Ghee 500ml","2","0","0"
"11-02-2024","Hyderabad","A2 1L","44","0","22"
"11-02-2024","Hyderabad","Curd Culture","4","0","0"
"11-02-2024","Hyderabad","A2 Ghee","2","1","0"
"11-02-2024","Hyderabad","Buffalo Milk 1L","38","1","7"
"11-02-2024","Hyderabad","Paneer 200g Cows Milk","6","0","0"
"11-02-2024","Hyderabad","A2 Value Pack 1L","547","1","3"
"11-02-2024","Hyderabad","Buffalo Ghee 500ml","4","0","0"
"11-02-2024","Hyderabad","Kharwas 120g","12","0","0"
"11-02-2024","Hyderabad","A2 Gir Cow Paneer 200g","3","0","0"
"11-02-2024","Hyderabad","New A2 Value Pack 500ml","184","0","1"
"11-02-2024","Hyderabad","Buffalo Milk Value Pack 500ml","141","0","0"
"11-02-2024","Hyderabad","Dahi","10","0","0"
"11-02-2024","Hyderabad","Past Milk Value Pack 1L","25","0","2"
"11-02-2024","Hyderabad","Raw Value Pack 1L","65","0","0"
"11-02-2024","Hyderabad","Buffalo Value Pack 1L","364","1","2"
"11-02-2024","Hyderabad","Lactose Free Milk 0.5L","10","0","0"
"11-02-2024","Hyderabad","Past Milk Value Pack 0.5L","18","0","0"
"11-02-2024","Hyderabad","Raw Milk Value Pack 0.5L","16","0","0"
"11-03-2020","Hyderabad","Past Milk 1L","2","0","0"
"11-03-2020","Hyderabad","A2 Value Pack 1L","1","0","0"
"11-03-2021","Hyderabad","A2 1L","1","0","0"
"11-03-2021","Hyderabad","A2 Value Pack 1L","2","0","0"
"11-03-2022","Hyderabad","Past Milk 1L","11","0","2"
"11-03-2022","Hyderabad","Raw Milk 1L","12","0","1"
"11-03-2022","Hyderabad","Past Milk 0.5L","3","0","0"
"11-03-2022","Hyderabad","A2 1L","20","0","4"
"11-03-2022","Hyderabad","Buffalo Milk 1L","25","0","5"
"11-03-2022","Hyderabad","Paneer 200g Cows Milk","1","0","0"
"11-03-2022","Hyderabad","A2 Value Pack 1L","53","0","0"
"11-03-2022","Hyderabad","Kharwas 120g","2","0","0"
"11-03-2022","Hyderabad","New A2 Value Pack 500ml","24","0","2"
"11-03-2022","Hyderabad","Buffalo Milk Value Pack 500ml","15","0","7"
"11-03-2023","Hyderabad","Past Milk 1L","30","0","0"
"11-03-2023","Hyderabad","Raw Milk 1L","23","0","1"
"11-03-2023","Hyderabad","Ghee 500ml","2","0","0"
"11-03-2023","Hyderabad","A2 1L","66","3","4"
"11-03-2023","Hyderabad","Curd Culture","1","0","0"
"11-03-2023","Hyderabad","A2 Ghee","1","0","0"
"11-03-2023","Hyderabad","Buffalo Milk 1L","56","1","0"
"11-03-2023","Hyderabad","Paneer 200g Cows Milk","5","0","0"
"11-03-2023","Hyderabad","A2 Value Pack 1L","258","2","3"
"11-03-2023","Hyderabad","Buffalo Ghee 500ml","1","0","0"
"11-03-2023","Hyderabad","Kharwas 120g","6","0","0"
"11-03-2023","Hyderabad","A2 Gir Cow Paneer 200g","5","0","0"
"11-03-2023","Hyderabad","New A2 Value Pack 500ml","92","1","1"
"11-03-2023","Hyderabad","Insulated Door Bag","1","0","0"
"11-03-2023","Hyderabad","Buffalo Milk Value Pack 500ml","66","0","2"
"11-03-2023","Hyderabad","Dahi","9","0","0"
"11-03-2023","Hyderabad","Past Milk Value Pack 1L","18","0","1"
"11-03-2023","Hyderabad","Raw Value Pack 1L","38","0","0"
"11-03-2023","Hyderabad","Buffalo Value Pack 1L","128","1","6"
"11-03-2023","Hyderabad","Lactose Free Milk 0.5L","7","0","0"
"11-03-2023","Hyderabad","Past Milk Value Pack 0.5L","5","1","1"
"11-03-2023","Hyderabad","Raw Milk Value Pack 0.5L","20","0","0"
"11-03-2024","Hyderabad","Past Milk 1L","24","0","0"
"11-03-2024","Hyderabad","Raw Milk 1L","10","0","1"
"11-03-2024","Hyderabad","Ghee 500ml","1","0","0"
"11-03-2024","Hyderabad","A2 1L","62","0","1"
"11-03-2024","Hyderabad","Curd Culture","2","0","0"
"11-03-2024","Hyderabad","A2 Ghee","1","0","0"
"11-03-2024","Hyderabad","Buffalo Milk 1L","40","0","1"
"11-03-2024","Hyderabad","Paneer 200g Cows Milk","13","0","0"
"11-03-2024","Hyderabad","A2 Value Pack 1L","610","3","0"
"11-03-2024","Hyderabad","Buffalo Ghee 500ml","4","0","0"
"11-03-2024","Hyderabad","Kharwas 120g","4","0","0"
"11-03-2024","Hyderabad","A2 Gir Cow Paneer 200g","3","0","0"
"11-03-2024","Hyderabad","New A2 Value Pack 500ml","200","0","1"
"11-03-2024","Hyderabad","Insulated Door Bag","1","0","0"
"11-03-2024","Hyderabad","Buffalo Milk Value Pack 500ml","179","1","0"
"11-03-2024","Hyderabad","Dahi","23","0","0"
"11-03-2024","Hyderabad","Past Milk Value Pack 1L","18","0","0"
"11-03-2024","Hyderabad","Raw Value Pack 1L","67","0","1"
"11-03-2024","Hyderabad","Buffalo Value Pack 1L","372","1","0"
"11-03-2024","Hyderabad","Lactose Free Milk 0.5L","19","0","1"
"11-03-2024","Hyderabad","Past Milk Value Pack 0.5L","20","0","0"
"11-03-2024","Hyderabad","Raw Milk Value Pack 0.5L","19","0","1"
"11-04-2020","Hyderabad","Past Milk 1L","2","0","0"
"11-04-2020","Hyderabad","A2 Value Pack 1L","3","0","0"
"11-04-2021","Hyderabad","Buffalo Milk 1L","1","0","0"
"11-04-2022","Hyderabad","Past Milk 1L","17","0","0"
"11-04-2022","Hyderabad","Raw Milk 1L","15","0","0"
"11-04-2022","Hyderabad","Past Milk 0.5L","3","0","0"
"11-04-2022","Hyderabad","Ghee 500ml","1","0","0"
"11-04-2022","Hyderabad","A2 1L","36","0","0"
"11-04-2022","Hyderabad","Curd Culture","1","0","0"
"11-04-2022","Hyderabad","A2 Ghee","1","0","0"
"11-04-2022","Hyderabad","Buffalo Milk 1L","37","0","0"
"11-04-2022","Hyderabad","Paneer 200g Cows Milk","2","0","0"
"11-04-2022","Hyderabad","A2 Value Pack 1L","62","0","0"
"11-04-2022","Hyderabad","Buffalo Ghee 500ml","1","0","0"
"11-04-2022","Hyderabad","New A2 Value Pack 500ml","31","0","0"
"11-04-2022","Hyderabad","Buffalo Milk Value Pack 500ml","7","0","0"
"11-04-2022","Hyderabad","Tender Coconut","1","0","0"
"11-04-2022","Hyderabad","Dahi","1","0","0"
"11-04-2023","Hyderabad","Past Milk 1L","19","0","0"
"11-04-2023","Hyderabad","Raw Milk 1L","21","0","0"
"11-04-2023","Hyderabad","A2 1L","59","0","0"
"11-04-2023","Hyderabad","Curd Culture","4","0","0"
"11-04-2023","Hyderabad","A2 Ghee","1","0","0"
"11-04-2023","Hyderabad","Buffalo Milk 1L","58","0","3"
"11-04-2023","Hyderabad","Paneer 200g Cows Milk","5","0","0"
"11-04-2023","Hyderabad","A2 Value Pack 1L","284","1","0"
"11-04-2023","Hyderabad","Buffalo Ghee 500ml","2","0","0"
"11-04-2023","Hyderabad","Kharwas 120g","5","0","0"
"11-04-2023","Hyderabad","A2 Gir Cow Paneer 200g","3","0","0"
"11-04-2023","Hyderabad","New A2 Value Pack 500ml","120","0","0"
"11-04-2023","Hyderabad","Buffalo Milk Value Pack 500ml","75","0","0"
"11-04-2023","Hyderabad","Dahi","18","0","0"
"11-04-2023","Hyderabad","Past Milk Value Pack 1L","24","0","0"
"11-04-2023","Hyderabad","Raw Value Pack 1L","41","0","1"
"11-04-2023","Hyderabad","Buffalo Value Pack 1L","163","0","0"
"11-04-2023","Hyderabad","Lactose Free Milk 0.5L","8","0","0"
"11-04-2023","Hyderabad","Past Milk Value Pack 0.5L","9","0","0"
"11-04-2023","Hyderabad","Raw Milk Value Pack 0.5L","20","0","0"
"11-05-2020","Hyderabad","Past Milk 1L","2","0","0"
"11-05-2020","Hyderabad","A2 1L","1","0","0"
"11-05-2020","Hyderabad","A2 Value Pack 1L","1","0","0"
"11-05-2021","Hyderabad","A2 1L","1","0","0"
"11-05-2021","Hyderabad","Buffalo Milk 1L","1","0","0"
"11-05-2021","Hyderabad","A2 Value Pack 1L","1","0","0"
"11-05-2022","Hyderabad","Past Milk 1L","13","0","0"
"11-05-2022","Hyderabad","Raw Milk 1L","22","0","0"
"11-05-2022","Hyderabad","A2 1L","41","0","0"
"11-05-2022","Hyderabad","Curd Culture","1","0","0"
"11-05-2022","Hyderabad","A2 Ghee","2","0","0"
"11-05-2022","Hyderabad","Buffalo Milk 1L","51","0","0"
"11-05-2022","Hyderabad","Paneer 200g Cows Milk","1","0","0"
"11-05-2022","Hyderabad","A2 Value Pack 1L","92","0","0"
"11-05-2022","Hyderabad","Buffalo Ghee 500ml","2","0","0"
"11-05-2022","Hyderabad","Kharwas 120g","1","0","0"
"11-05-2022","Hyderabad","A2 Gir Cow Paneer 200g","3","0","0"
"11-05-2022","Hyderabad","New A2 Value Pack 500ml","28","0","1"
"11-05-2022","Hyderabad","Buffalo Milk Value Pack 500ml","24","0","1"
"11-05-2022","Hyderabad","Dahi","1","0","0"
"11-05-2023","Hyderabad","Past Milk 1L","20","0","0"
"11-05-2023","Hyderabad","Raw Milk 1L","17","1","0"
"11-05-2023","Hyderabad","A2 1L","72","5","1"
"11-05-2023","Hyderabad","Curd Culture","1","0","0"
"11-05-2023","Hyderabad","Buffalo Milk 1L","40","3","9"
"11-05-2023","Hyderabad","Paneer 200g Cows Milk","4","0","0"
"11-05-2023","Hyderabad","A2 Value Pack 1L","281","11","1"
"11-05-2023","Hyderabad","Buffalo Ghee 500ml","2","0","0"
"11-05-2023","Hyderabad","Kharwas 120g","3","0","0"
"11-05-2023","Hyderabad","A2 Gir Cow Paneer 200g","2","0","0"
"11-05-2023","Hyderabad","New A2 Value Pack 500ml","104","4","0"
"11-05-2023","Hyderabad","Buffalo Milk Value Pack 500ml","74","10","1"
"11-05-2023","Hyderabad","Dahi","10","0","0"
"11-05-2023","Hyderabad","Past Milk Value Pack 1L","15","0","0"
"11-05-2023","Hyderabad","Raw Value Pack 1L","42","2","1"
"11-05-2023","Hyderabad","Buffalo Value Pack 1L","160","14","2"
"11-05-2023","Hyderabad","Lactose Free Milk 0.5L","5","0","0"
"11-05-2023","Hyderabad","Past Milk Value Pack 0.5L","4","0","0"
"11-05-2023","Hyderabad","Raw Milk Value Pack 0.5L","12","0","0"
"11-06-2020","Hyderabad","Past Milk 1L","2","0","0"
"11-06-2020","Hyderabad","A2 Value Pack 1L","1","0","0"
"11-06-2021","Hyderabad","Buffalo Milk 1L","1","0","0"
"11-06-2021","Hyderabad","A2 Value Pack 1L","1","0","0"
"11-06-2022","Hyderabad","Past Milk 1L","10","0","0"
"11-06-2022","Hyderabad","Raw Milk 1L","21","2","1"
"11-06-2022","Hyderabad","Past Milk 0.5L","3","0","0"
"11-06-2022","Hyderabad","Ghee 500ml","2","0","0"
"11-06-2022","Hyderabad","A2 1L","55","2","3"
"11-06-2022","Hyderabad","Curd Culture","3","0","0"
"11-06-2022","Hyderabad","A2 Ghee","1","0","0"
"11-06-2022","Hyderabad","Buffalo Milk 1L","66","1","0"
"11-06-2022","Hyderabad","Paneer 200g Cows Milk","4","0","0"
"11-06-2022","Hyderabad","A2 Value Pack 1L","116","3","1"
"11-06-2022","Hyderabad","Kharwas 120g","1","0","0"
"11-06-2022","Hyderabad","A2 Gir Cow Paneer 200g","1","0","0"
"11-06-2022","Hyderabad","New A2 Value Pack 500ml","39","0","1"
"11-06-2022","Hyderabad","Insulated Door Bag","1","0","0"
"11-06-2022","Hyderabad","Buffalo Milk Value Pack 500ml","37","0","1"
"11-06-2022","Hyderabad","Dahi","2","0","0"
"11-06-2023","Hyderabad","Past Milk 1L","16","1","0"
"11-06-2023","Hyderabad","Raw Milk 1L","17","0","0"
"11-06-2023","Hyderabad","Ghee 500ml","1","0","0"
"11-06-2023","Hyderabad","A2 1L","54","2","0"
"11-06-2023","Hyderabad","Curd Culture","2","0","0"
"11-06-2023","Hyderabad","A2 Ghee","2","0","0"
"11-06-2023","Hyderabad","Buffalo Milk 1L","31","0","0"
"11-06-2023","Hyderabad","Paneer 200g Cows Milk","4","0","0"
"11-06-2023","Hyderabad","A2 Value Pack 1L","323","6","1"
"11-06-2023","Hyderabad","Kharwas 120g","1","0","0"
"11-06-2023","Hyderabad","A2 Gir Cow Paneer 200g","1","0","0"
"11-06-2023","Hyderabad","New A2 Value Pack 500ml","119","1","0"
"11-06-2023","Hyderabad","Insulated Door Bag","1","0","0"
"11-06-2023","Hyderabad","Buffalo Milk Value Pack 500ml","75","2","0"
"11-06-2023","Hyderabad","Dahi","11","0","0"
"11-06-2023","Hyderabad","Past Milk Value Pack 1L","15","0","0"
"11-06-2023","Hyderabad","Raw Value Pack 1L","37","2","0"
"11-06-2023","Hyderabad","Buffalo Value Pack 1L","184","7","3"
"11-06-2023","Hyderabad","Lactose Free Milk 0.5L","7","0","0"
"11-06-2023","Hyderabad","Past Milk Value Pack 0.5L","6","0","0"
"11-06-2023","Hyderabad","Raw Milk Value Pack 0.5L","15","0","0"
"11-07-2020","Hyderabad","Past Milk 1L","2","0","0"
"11-07-2020","Hyderabad","A2 Value Pack 1L","2","0","0"
"11-07-2021","Hyderabad","A2 1L","1","0","0"
"11-07-2021","Hyderabad","Buffalo Milk 1L","1","0","0"
"11-07-2021","Hyderabad","A2 Value Pack 1L","1","0","0"
"11-07-2022","Hyderabad","Past Milk 1L","22","0","0"
"11-07-2022","Hyderabad","Raw Milk 1L","18","0","0"
"11-07-2022","Hyderabad","A2 1L","46","1","0"
"11-07-2022","Hyderabad","A2 Ghee","1","0","0"
"11-07-2022","Hyderabad","Buffalo Milk 1L","64","1","1"
"11-07-2022","Hyderabad","Paneer 200g Cows Milk","5","0","0"
"11-07-2022","Hyderabad","A2 Value Pack 1L","132","0","0"
"11-07-2022","Hyderabad","Kharwas 120g","1","0","0"
"11-07-2022","Hyderabad","A2 Gir Cow Paneer 200g","3","0","0"
"11-07-2022","Hyderabad","New A2 Value Pack 500ml","63","0","0"
"11-07-2022","Hyderabad","Buffalo Milk Value Pack 500ml","33","0","0"
"11-07-2022","Hyderabad","Dahi","4","0","0"
"11-07-2022","Hyderabad","Past Milk Value Pack 1L","3","0","0"
"11-07-2022","Hyderabad","Raw Value Pack 1L","10","0","0"
"11-07-2022","Hyderabad","Buffalo Value Pack 1L","4","1","0"
"11-07-2022","Hyderabad","Lactose Free Milk 0.5L","3","0","0"
"11-07-2023","Hyderabad","Past Milk 1L","29","0","0"
"11-07-2023","Hyderabad","Raw Milk 1L","17","0","0"
"11-07-2023","Hyderabad","Ghee 500ml","4","0","0"
"11-07-2023","Hyderabad","A2 1L","190","0","3"
"11-07-2023","Hyderabad","Curd Culture","3","0","1"
"11-07-2023","Hyderabad","A2 Ghee","3","0","0"
"11-07-2023","Hyderabad","Buffalo Milk 1L","50","0","0"
"11-07-2023","Hyderabad","Paneer 200g Cows Milk","6","0","0"
"11-07-2023","Hyderabad","A2 Value Pack 1L","432","2","9"
"11-07-2023","Hyderabad","Kharwas 120g","4","0","0"
"11-07-2023","Hyderabad","A2 Gir Cow Paneer 200g","1","0","0"
"11-07-2023","Hyderabad","New A2 Value Pack 500ml","216","0","3"
"11-07-2023","Hyderabad","Insulated Door Bag","1","0","0"
"11-07-2023","Hyderabad","Buffalo Milk Value Pack 500ml","182","0","3"
"11-07-2023","Hyderabad","Dahi","18","0","0"
"11-07-2023","Hyderabad","Past Milk Value Pack 1L","20","0","0"
"11-07-2023","Hyderabad","Raw Value Pack 1L","47","1","2"
"11-07-2023","Hyderabad","Buffalo Value Pack 1L","224","1","5"
"11-07-2023","Hyderabad","Lactose Free Milk 0.5L","11","0","0"
"11-07-2023","Hyderabad","Past Milk Value Pack 0.5L","10","0","0"
"11-07-2023","Hyderabad","Raw Milk Value Pack 0.5L","21","0","1"
"11-08-2020","Hyderabad","Past Milk 1L","2","0","0"
"11-08-2020","Hyderabad","A2 1L","1","0","0"
"11-08-2021","Hyderabad","A2 1L","1","0","0"
"11-08-2021","Hyderabad","A2 Value Pack 1L","2","0","0"
"11-08-2022","Hyderabad","Past Milk 1L","13","0","0"
"11-08-2022","Hyderabad","Raw Milk 1L","12","0","0"
"11-08-2022","Hyderabad","Ghee 500ml","2","0","0"
"11-08-2022","Hyderabad","A2 1L","47","0","1"
"11-08-2022","Hyderabad","A2 Ghee","6","0","0"
"11-08-2022","Hyderabad","Buffalo Milk 1L","44","0","1"
"11-08-2022","Hyderabad","Paneer 200g Cows Milk","2","0","0"
"11-08-2022","Hyderabad","A2 Value Pack 1L","129","0","0"
"11-08-2022","Hyderabad","Buffalo Ghee 500ml","2","0","0"
"11-08-2022","Hyderabad","Kharwas 120g","2","0","0"
"11-08-2022","Hyderabad","A2 Gir Cow Paneer 200g","4","0","0"
"11-08-2022","Hyderabad","New A2 Value Pack 500ml","65","0","0"
"11-08-2022","Hyderabad","Insulated Door Bag","1","0","0"
"11-08-2022","Hyderabad","Buffalo Milk Value Pack 500ml","27","0","0"
"11-08-2022","Hyderabad","Dahi","5","0","0"
"11-08-2022","Hyderabad","Past Milk Value Pack 1L","12","0","0"
"11-08-2022","Hyderabad","Raw Value Pack 1L","10","0","0"
"11-08-2022","Hyderabad","Buffalo Value Pack 1L","11","0","0"
"11-08-2022","Hyderabad","Lactose Free Milk 0.5L","1","0","0"
"11-08-2023","Hyderabad","Past Milk 1L","24","0","0"
"11-08-2023","Hyderabad","Raw Milk 1L","18","0","0"
"11-08-2023","Hyderabad","Ghee 500ml","1","0","0"
"11-08-2023","Hyderabad","A2 1L","69","0","0"
"11-08-2023","Hyderabad","Curd Culture","6","0","0"
"11-08-2023","Hyderabad","Buffalo Milk 1L","58","0","2"
"11-08-2023","Hyderabad","Paneer 200g Cows Milk","9","0","0"
"11-08-2023","Hyderabad","A2 Value Pack 1L","421","1","2"
"11-08-2023","Hyderabad","Buffalo Ghee 500ml","6","0","0"
"11-08-2023","Hyderabad","Kharwas 120g","4","0","0"
"11-08-2023","Hyderabad","A2 Gir Cow Paneer 200g","1","0","0"
"11-08-2023","Hyderabad","New A2 Value Pack 500ml","155","0","1"
"11-08-2023","Hyderabad","Insulated Door Bag","1","0","0"
"11-08-2023","Hyderabad","Buffalo Milk Value Pack 500ml","122","0","0"
"11-08-2023","Hyderabad","Dahi","13","0","0"
"11-08-2023","Hyderabad","Past Milk Value Pack 1L","16","0","0"
"11-08-2023","Hyderabad","Raw Value Pack 1L","67","1","1"
"11-08-2023","Hyderabad","Buffalo Value Pack 1L","213","1","1"
"11-08-2023","Hyderabad","Lactose Free Milk 0.5L","11","0","0"
"11-08-2023","Hyderabad","Past Milk Value Pack 0.5L","14","0","0"
"11-08-2023","Hyderabad","Raw Milk Value Pack 0.5L","24","0","0"
"11-09-2020","Hyderabad","Past Milk 1L","1","0","0"
"11-09-2020","Hyderabad","A2 Value Pack 1L","1","0","0"
"11-09-2021","Hyderabad","A2 Value Pack 1L","2","0","0"
"11-09-2022","Hyderabad","Past Milk 1L","13","0","1"
"11-09-2022","Hyderabad","Raw Milk 1L","12","0","1"
"11-09-2022","Hyderabad","Ghee 500ml","1","0","0"
"11-09-2022","Hyderabad","A2 1L","38","0","5"
"11-09-2022","Hyderabad","Curd Culture","1","0","0"
"11-09-2022","Hyderabad","A2 Ghee","3","0","0"
"11-09-2022","Hyderabad","Buffalo Milk 1L","49","0","1"
"11-09-2022","Hyderabad","Paneer 200g Cows Milk","2","0","0"
"11-09-2022","Hyderabad","A2 Value Pack 1L","122","0","2"
"11-09-2022","Hyderabad","Buffalo Ghee 500ml","1","0","0"
"11-09-2022","Hyderabad","Kharwas 120g","1","0","0"
"11-09-2022","Hyderabad","New A2 Value Pack 500ml","82","0","2"
"11-09-2022","Hyderabad","Buffalo Milk Value Pack 500ml","38","0","0"
"11-09-2022","Hyderabad","Dahi","3","0","0"
"11-09-2022","Hyderabad","Past Milk Value Pack 1L","6","0","0"
"11-09-2022","Hyderabad","Raw Value Pack 1L","15","0","0"
"11-09-2022","Hyderabad","Buffalo Value Pack 1L","10","0","6"
"11-09-2022","Hyderabad","Lactose Free Milk 0.5L","3","0","0"
"11-09-2023","Hyderabad","Past Milk 1L","23","0","0"
"11-09-2023","Hyderabad","Raw Milk 1L","16","0","0"
"11-09-2023","Hyderabad","Ghee 500ml","3","0","0"
"11-09-2023","Hyderabad","A2 1L","67","1","1"
"11-09-2023","Hyderabad","Curd Culture","3","0","0"
"11-09-2023","Hyderabad","A2 Ghee","1","0","0"
"11-09-2023","Hyderabad","Buffalo Milk 1L","53","1","0"
"11-09-2023","Hyderabad","Paneer 200g Cows Milk","9","0","0"
"11-09-2023","Hyderabad","A2 Value Pack 1L","462","1","0"
"11-09-2023","Hyderabad","Buffalo Ghee 500ml","4","0","0"
"11-09-2023","Hyderabad","Kharwas 120g","4","0","0"
"11-09-2023","Hyderabad","A2 Gir Cow Paneer 200g","7","0","0"
"11-09-2023","Hyderabad","New A2 Value Pack 500ml","178","0","0"
"11-09-2023","Hyderabad","Insulated Door Bag","1","0","0"
"11-09-2023","Hyderabad","Buffalo Milk Value Pack 500ml","117","1","0"
"11-09-2023","Hyderabad","Dahi","14","0","0"
"11-09-2023","Hyderabad","Past Milk Value Pack 1L","22","0","0"
"11-09-2023","Hyderabad","Raw Value Pack 1L","63","0","0"
"11-09-2023","Hyderabad","Buffalo Value Pack 1L","249","0","1"
"11-09-2023","Hyderabad","Lactose Free Milk 0.5L","8","0","0"
"11-09-2023","Hyderabad","Past Milk Value Pack 0.5L","14","0","0"
"11-09-2023","Hyderabad","Raw Milk Value Pack 0.5L","22","0","0"
"11-10-2020","Hyderabad","Past Milk 1L","1","0","0"
"11-10-2020","Hyderabad","A2 1L","1","0","0"
"11-10-2020","Hyderabad","A2 Value Pack 1L","1","0","0"
"11-10-2021","Hyderabad","A2 Value Pack 1L","2","0","0"
"11-10-2022","Hyderabad","Past Milk 1L","15","0","0"
"11-10-2022","Hyderabad","Raw Milk 1L","16","0","0"
"11-10-2022","Hyderabad","Ghee 500ml","2","0","0"
"11-10-2022","Hyderabad","A2 1L","44","0","1"
"11-10-2022","Hyderabad","Curd Culture","2","0","0"
"11-10-2022","Hyderabad","Buffalo Milk 1L","55","0","2"
"11-10-2022","Hyderabad","Paneer 200g Cows Milk","3","0","0"
"11-10-2022","Hyderabad","A2 Value Pack 1L","147","0","1"
"11-10-2022","Hyderabad","Buffalo Ghee 500ml","1","0","0"
"11-10-2022","Hyderabad","A2 Gir Cow Paneer 200g","1","0","0"
"11-10-2022","Hyderabad","New A2 Value Pack 500ml","87","0","0"
"11-10-2022","Hyderabad","Buffalo Milk Value Pack 500ml","37","0","0"
"11-10-2022","Hyderabad","Dahi","11","0","0"
"11-10-2022","Hyderabad","Past Milk Value Pack 1L","11","0","0"
"11-10-2022","Hyderabad","Raw Value Pack 1L","19","0","0"
"11-10-2022","Hyderabad","Buffalo Value Pack 1L","14","0","0"
"11-10-2022","Hyderabad","Lactose Free Milk 0.5L","6","0","0"
"11-10-2023","Hyderabad","Past Milk 1L","21","0","0"
"11-10-2023","Hyderabad","Raw Milk 1L","15","0","0"
"11-10-2023","Hyderabad","Ghee 500ml","2","0","0"
"11-10-2023","Hyderabad","A2 1L","58","0","0"
"11-10-2023","Hyderabad","Curd Culture","5","0","1"
"11-10-2023","Hyderabad","Buffalo Milk 1L","84","0","1"
"11-10-2023","Hyderabad","Paneer 200g Cows Milk","8","0","0"
"11-10-2023","Hyderabad","A2 Value Pack 1L","490","1","2"
"11-10-2023","Hyderabad","Buffalo Ghee 500ml","5","0","0"
"11-10-2023","Hyderabad","Kharwas 120g","11","0","0"
"11-10-2023","Hyderabad","A2 Gir Cow Paneer 200g","1","0","0"
"11-10-2023","Hyderabad","New A2 Value Pack 500ml","159","0","0"
"11-10-2023","Hyderabad","Buffalo Milk Value Pack 500ml","116","0","0"
"11-10-2023","Hyderabad","Dahi","20","0","0"
"11-10-2023","Hyderabad","Past Milk Value Pack 1L","18","0","0"
"11-10-2023","Hyderabad","Raw Value Pack 1L","49","0","1"
"11-10-2023","Hyderabad","Buffalo Value Pack 1L","293","2","5"
"11-10-2023","Hyderabad","Lactose Free Milk 0.5L","10","0","0"
"11-10-2023","Hyderabad","Past Milk Value Pack 0.5L","17","0","0"
"11-10-2023","Hyderabad","Raw Milk Value Pack 0.5L","23","0","1"
"11-11-2020","Hyderabad","Past Milk 1L","1","0","0"
"11-11-2020","Hyderabad","A2 Value Pack 1L","1","0","0"
"11-11-2021","Hyderabad","Past Milk 1L","1","0","0"
"11-11-2021","Hyderabad","A2 1L","1","0","0"
"11-11-2021","Hyderabad","Curd Culture","1","0","0"
"11-11-2021","Hyderabad","Buffalo Milk 1L","1","0","0"
"11-11-2021","Hyderabad","A2 Value Pack 1L","1","0","0"
"11-11-2022","Hyderabad","Past Milk 1L","17","0","1"
"11-11-2022","Hyderabad","Raw Milk 1L","18","0","0"
"11-11-2022","Hyderabad","Ghee 500ml","1","0","0"
"11-11-2022","Hyderabad","A2 1L","51","1","4"
"11-11-2022","Hyderabad","Curd Culture","3","0","0"
"11-11-2022","Hyderabad","A2 Ghee","2","0","0"
"11-11-2022","Hyderabad","Buffalo Milk 1L","59","1","24"
"11-11-2022","Hyderabad","Paneer 200g Cows Milk","2","0","0"
"11-11-2022","Hyderabad","A2 Value Pack 1L","155","0","0"
"11-11-2022","Hyderabad","Buffalo Ghee 500ml","1","0","0"
"11-11-2022","Hyderabad","Kharwas 120g","1","0","0"
"11-11-2022","Hyderabad","A2 Gir Cow Paneer 200g","2","0","0"
"11-11-2022","Hyderabad","New A2 Value Pack 500ml","77","0","1"
"11-11-2022","Hyderabad","Insulated Door Bag","1","0","0"
"11-11-2022","Hyderabad","Buffalo Milk Value Pack 500ml","33","0","2"
"11-11-2022","Hyderabad","Dahi","6","0","0"
"11-11-2022","Hyderabad","Past Milk Value Pack 1L","8","0","0"
"11-11-2022","Hyderabad","Raw Value Pack 1L","19","0","0"
"11-11-2022","Hyderabad","Buffalo Value Pack 1L","27","1","2"
"11-11-2022","Hyderabad","Lactose Free Milk 0.5L","10","0","1"
"11-11-2022","Hyderabad","Past Milk Value Pack 0.5L","1","0","0"
"11-11-2022","Hyderabad","Raw Milk Value Pack 0.5L","1","0","0"
"11-11-2023","Hyderabad","Past Milk 1L","13","0","0"
"11-11-2023","Hyderabad","Raw Milk 1L","14","0","0"
"11-11-2023","Hyderabad","Ghee 500ml","4","0","0"
"11-11-2023","Hyderabad","A2 1L","62","0","0"
"11-11-2023","Hyderabad","Curd Culture","2","0","0"
"11-11-2023","Hyderabad","A2 Ghee","5","0","0"
"11-11-2023","Hyderabad","Buffalo Milk 1L","47","1","0"
"11-11-2023","Hyderabad","Paneer 200g Cows Milk","5","0","0"
"11-11-2023","Hyderabad","A2 Value Pack 1L","516","0","5"
"11-11-2023","Hyderabad","Buffalo Ghee 500ml","5","1","0"
"11-11-2023","Hyderabad","Kharwas 120g","9","0","0"
"11-11-2023","Hyderabad","New A2 Value Pack 500ml","181","1","2"
"11-11-2023","Hyderabad","Buffalo Milk Value Pack 500ml","155","2","1"
"11-11-2023","Hyderabad","Dahi","22","0","0"
"11-11-2023","Hyderabad","Past Milk Value Pack 1L","28","0","0"
"11-11-2023","Hyderabad","Raw Value Pack 1L","64","0","0"
"11-11-2023","Hyderabad","Buffalo Value Pack 1L","293","0","1"
"11-11-2023","Hyderabad","Lactose Free Milk 0.5L","10","0","0"
"11-11-2023","Hyderabad","Past Milk Value Pack 0.5L","13","0","0"
"11-11-2023","Hyderabad","Raw Milk Value Pack 0.5L","21","0","1"
"11-12-2020","Hyderabad","A2 1L","1","0","0"
"11-12-2020","Hyderabad","Buffalo Milk 1L","1","0","0"
"11-12-2021","Hyderabad","A2 Value Pack 1L","2","0","0"
"11-12-2021","Hyderabad","Kharwas 120g","1","0","0"
"11-12-2022","Hyderabad","Past Milk 1L","22","0","0"
"11-12-2022","Hyderabad","Raw Milk 1L","12","0","0"
"11-12-2022","Hyderabad","A2 1L","54","1","0"
"11-12-2022","Hyderabad","A2 Ghee","1","0","0"
"11-12-2022","Hyderabad","Buffalo Milk 1L","56","0","1"
"11-12-2022","Hyderabad","Paneer 200g Cows Milk","5","0","0"
"11-12-2022","Hyderabad","A2 Value Pack 1L","175","0","1"
"11-12-2022","Hyderabad","Kharwas 120g","3","0","0"
"11-12-2022","Hyderabad","A2 Gir Cow Paneer 200g","1","0","0"
"11-12-2022","Hyderabad","New A2 Value Pack 500ml","102","1","0"
"11-12-2022","Hyderabad","Buffalo Milk Value Pack 500ml","42","0","0"
"11-12-2022","Hyderabad","Dahi","10","0","0"
"11-12-2022","Hyderabad","Past Milk Value Pack 1L","8","0","0"
"11-12-2022","Hyderabad","Raw Value Pack 1L","22","0","0"
"11-12-2022","Hyderabad","Buffalo Value Pack 1L","50","0","0"
"11-12-2022","Hyderabad","Lactose Free Milk 0.5L","7","0","0"
"11-12-2022","Hyderabad","Past Milk Value Pack 0.5L","2","0","0"
"11-12-2022","Hyderabad","Raw Milk Value Pack 0.5L","8","0","0"
"11-12-2023","Hyderabad","Past Milk 1L","20","0","0"
"11-12-2023","Hyderabad","Raw Milk 1L","16","0","0"
"11-12-2023","Hyderabad","A2 1L","60","0","0"
"11-12-2023","Hyderabad","Curd Culture","3","0","0"
"11-12-2023","Hyderabad","A2 Ghee","5","0","0"
"11-12-2023","Hyderabad","Buffalo Milk 1L","45","0","0"
"11-12-2023","Hyderabad","Paneer 200g Cows Milk","13","0","0"
"11-12-2023","Hyderabad","A2 Value Pack 1L","534","1","1"
"11-12-2023","Hyderabad","Buffalo Ghee 500ml","3","0","0"
"11-12-2023","Hyderabad","Kharwas 120g","4","0","0"
"11-12-2023","Hyderabad","A2 Gir Cow Paneer 200g","2","0","0"
"11-12-2023","Hyderabad","New A2 Value Pack 500ml","220","0","0"
"11-12-2023","Hyderabad","Insulated Door Bag","3","0","0"
"11-12-2023","Hyderabad","Buffalo Milk Value Pack 500ml","137","0","0"
"11-12-2023","Hyderabad","Dahi","13","0","0"
"11-12-2023","Hyderabad","Past Milk Value Pack 1L","23","0","0"
"11-12-2023","Hyderabad","Raw Value Pack 1L","58","1","0"
"11-12-2023","Hyderabad","Buffalo Value Pack 1L","313","1","1"
"11-12-2023","Hyderabad","Lactose Free Milk 0.5L","7","0","0"
"11-12-2023","Hyderabad","Past Milk Value Pack 0.5L","18","0","0"
"11-12-2023","Hyderabad","Raw Milk Value Pack 0.5L","23","0","0"
"12-01-2020","Hyderabad","Past Milk 1L","2","0","0"
"12-01-2020","Hyderabad","Buffalo Milk 1L","1","0","0"
"12-01-2021","Hyderabad","A2 1L","1","0","0"
"12-01-2021","Hyderabad","Buffalo Milk 1L","1","0","0"
"12-01-2021","Hyderabad","A2 Value Pack 1L","1","0","0"
"12-01-2022","Hyderabad","A2 Value Pack 1L","2","0","0"
"12-01-2023","Hyderabad","Past Milk 1L","17","0","0"
"12-01-2023","Hyderabad","Raw Milk 1L","18","0","0"
"12-01-2023","Hyderabad","Ghee 500ml","1","0","0"
"12-01-2023","Hyderabad","A2 1L","54","0","2"
"12-01-2023","Hyderabad","A2 Ghee","6","0","0"
"12-01-2023","Hyderabad","Buffalo Milk 1L","51","1","0"
"12-01-2023","Hyderabad","Paneer 200g Cows Milk","4","0","0"
"12-01-2023","Hyderabad","A2 Value Pack 1L","197","1","2"
"12-01-2023","Hyderabad","Kharwas 120g","11","0","0"
"12-01-2023","Hyderabad","A2 Gir Cow Paneer 200g","5","0","0"
"12-01-2023","Hyderabad","New A2 Value Pack 500ml","98","0","1"
"12-01-2023","Hyderabad","Buffalo Milk Value Pack 500ml","41","0","3"
"12-01-2023","Hyderabad","Dahi","9","0","0"
"12-01-2023","Hyderabad","Past Milk Value Pack 1L","15","0","0"
"12-01-2023","Hyderabad","Raw Value Pack 1L","28","0","0"
"12-01-2023","Hyderabad","Buffalo Value Pack 1L","78","1","16"
"12-01-2023","Hyderabad","Lactose Free Milk 0.5L","8","0","0"
"12-01-2023","Hyderabad","Past Milk Value Pack 0.5L","8","0","0"
"12-01-2023","Hyderabad","Raw Milk Value Pack 0.5L","13","0","1"
"12-01-2024","Hyderabad","Past Milk 1L","23","0","0"
"12-01-2024","Hyderabad","Raw Milk 1L","17","0","0"
"12-01-2024","Hyderabad","Ghee 500ml","6","0","0"
"12-01-2024","Hyderabad","A2 1L","70","1","1"
"12-01-2024","Hyderabad","Curd Culture","2","0","0"
"12-01-2024","Hyderabad","A2 Ghee","2","1","0"
"12-01-2024","Hyderabad","Buffalo Milk 1L","50","0","1"
"12-01-2024","Hyderabad","Paneer 200g Cows Milk","8","0","0"
"12-01-2024","Hyderabad","A2 Value Pack 1L","535","0","6"
"12-01-2024","Hyderabad","Kharwas 120g","2","0","0"
"12-01-2024","Hyderabad","A2 Gir Cow Paneer 200g","4","0","0"
"12-01-2024","Hyderabad","New A2 Value Pack 500ml","188","0","0"
"12-01-2024","Hyderabad","Buffalo Milk Value Pack 500ml","125","0","1"
"12-01-2024","Hyderabad","Dahi","13","0","0"
"12-01-2024","Hyderabad","Past Milk Value Pack 1L","23","0","3"
"12-01-2024","Hyderabad","Raw Value Pack 1L","60","0","2"
"12-01-2024","Hyderabad","Buffalo Value Pack 1L","281","1","2"
"12-01-2024","Hyderabad","Lactose Free Milk 0.5L","10","0","0"
"12-01-2024","Hyderabad","Past Milk Value Pack 0.5L","24","0","0"
"12-01-2024","Hyderabad","Raw Milk Value Pack 0.5L","23","0","1"
"12-02-2020","Hyderabad","Past Milk 1L","2","0","0"
"12-02-2020","Hyderabad","Curd Culture","1","0","0"
"12-02-2020","Hyderabad","A2 Value Pack 1L","1","0","0"
"12-02-2021","Hyderabad","Buffalo Milk 1L","1","0","0"
"12-02-2021","Hyderabad","A2 Value Pack 1L","2","0","0"
"12-02-2022","Hyderabad","Past Milk 1L","4","0","0"
"12-02-2022","Hyderabad","Raw Milk 1L","5","0","0"
"12-02-2022","Hyderabad","Past Milk 0.5L","1","0","0"
"12-02-2022","Hyderabad","A2 1L","10","0","5"
"12-02-2022","Hyderabad","A2 Ghee","1","0","0"
"12-02-2022","Hyderabad","Buffalo Milk 1L","12","0","3"
"12-02-2022","Hyderabad","A2 Value Pack 1L","23","0","0"
"12-02-2022","Hyderabad","Buffalo Ghee 500ml","1","0","0"
"12-02-2022","Hyderabad","New A2 Value Pack 500ml","13","0","1"
"12-02-2022","Hyderabad","Buffalo Milk Value Pack 500ml","8","0","2"
"12-02-2022","Hyderabad","Dahi","1","0","0"
"12-02-2023","Hyderabad","Past Milk 1L","24","0","0"
"12-02-2023","Hyderabad","Raw Milk 1L","22","0","0"
"12-02-2023","Hyderabad","A2 1L","67","1","1"
"12-02-2023","Hyderabad","Curd Culture","3","0","0"
"12-02-2023","Hyderabad","A2 Ghee","2","0","0"
"12-02-2023","Hyderabad","Buffalo Milk 1L","55","0","0"
"12-02-2023","Hyderabad","Paneer 200g Cows Milk","7","0","0"
"12-02-2023","Hyderabad","A2 Value Pack 1L","235","0","0"
"12-02-2023","Hyderabad","Kharwas 120g","3","0","0"
"12-02-2023","Hyderabad","New A2 Value Pack 500ml","91","0","0"
"12-02-2023","Hyderabad","Buffalo Milk Value Pack 500ml","50","0","0"
"12-02-2023","Hyderabad","Dahi","13","0","0"
"12-02-2023","Hyderabad","Past Milk Value Pack 1L","15","0","0"
"12-02-2023","Hyderabad","Raw Value Pack 1L","41","0","0"
"12-02-2023","Hyderabad","Buffalo Value Pack 1L","107","1","2"
"12-02-2023","Hyderabad","Lactose Free Milk 0.5L","10","0","0"
"12-02-2023","Hyderabad","Past Milk Value Pack 0.5L","6","0","0"
"12-02-2023","Hyderabad","Raw Milk Value Pack 0.5L","16","0","0"
"12-02-2024","Hyderabad","Past Milk 1L","16","0","0"
"12-02-2024","Hyderabad","Raw Milk 1L","13","0","0"
"12-02-2024","Hyderabad","Ghee 500ml","2","0","0"
"12-02-2024","Hyderabad","A2 1L","60","0","12"
"12-02-2024","Hyderabad","Curd Culture","4","0","0"
"12-02-2024","Hyderabad","A2 Ghee","5","0","0"
"12-02-2024","Hyderabad","Buffalo Milk 1L","40","1","2"
"12-02-2024","Hyderabad","Paneer 200g Cows Milk","7","0","0"
"12-02-2024","Hyderabad","A2 Value Pack 1L","572","0","0"
"12-02-2024","Hyderabad","Buffalo Ghee 500ml","2","0","0"
"12-02-2024","Hyderabad","Kharwas 120g","1","0","0"
"12-02-2024","Hyderabad","A2 Gir Cow Paneer 200g","2","0","0"
"12-02-2024","Hyderabad","New A2 Value Pack 500ml","212","0","0"
"12-02-2024","Hyderabad","Buffalo Milk Value Pack 500ml","147","0","0"
"12-02-2024","Hyderabad","Dahi","18","0","0"
"12-02-2024","Hyderabad","Past Milk Value Pack 1L","21","0","0"
"12-02-2024","Hyderabad","Raw Value Pack 1L","67","0","0"
"12-02-2024","Hyderabad","Buffalo Value Pack 1L","357","1","1"
"12-02-2024","Hyderabad","Lactose Free Milk 0.5L","7","0","1"
"12-02-2024","Hyderabad","Past Milk Value Pack 0.5L","16","0","0"
"12-02-2024","Hyderabad","Raw Milk Value Pack 0.5L","15","0","0"
"12-03-2020","Hyderabad","Past Milk 1L","2","0","0"
"12-03-2020","Hyderabad","A2 Value Pack 1L","2","0","0"
"12-03-2021","Hyderabad","A2 Value Pack 1L","2","0","0"
"12-03-2022","Hyderabad","Past Milk 1L","8","0","1"
"12-03-2022","Hyderabad","Raw Milk 1L","11","0","0"
"12-03-2022","Hyderabad","Past Milk 0.5L","3","0","1"
"12-03-2022","Hyderabad","A2 1L","27","0","2"
"12-03-2022","Hyderabad","Buffalo Milk 1L","33","0","1"
"12-03-2022","Hyderabad","Paneer 200g Cows Milk","2","0","0"
"12-03-2022","Hyderabad","A2 Value Pack 1L","51","0","0"
"12-03-2022","Hyderabad","Kharwas 120g","1","0","0"
"12-03-2022","Hyderabad","A2 Gir Cow Paneer 200g","1","0","0"
"12-03-2022","Hyderabad","New A2 Value Pack 500ml","30","0","1"
"12-03-2022","Hyderabad","Buffalo Milk Value Pack 500ml","14","0","3"
"12-03-2022","Hyderabad","Dahi","2","0","0"
"12-03-2023","Hyderabad","Past Milk 1L","19","0","0"
"12-03-2023","Hyderabad","Raw Milk 1L","22","0","0"
"12-03-2023","Hyderabad","Ghee 500ml","1","0","0"
"12-03-2023","Hyderabad","A2 1L","70","2","0"
"12-03-2023","Hyderabad","Curd Culture","3","0","0"
"12-03-2023","Hyderabad","A2 Ghee","4","0","0"
"12-03-2023","Hyderabad","Buffalo Milk 1L","55","1","4"
"12-03-2023","Hyderabad","Paneer 200g Cows Milk","4","0","0"
"12-03-2023","Hyderabad","A2 Value Pack 1L","250","0","7"
"12-03-2023","Hyderabad","Kharwas 120g","6","0","0"
"12-03-2023","Hyderabad","A2 Gir Cow Paneer 200g","4","0","0"
"12-03-2023","Hyderabad","New A2 Value Pack 500ml","107","1","2"
"12-03-2023","Hyderabad","Insulated Door Bag","1","0","0"
"12-03-2023","Hyderabad","Buffalo Milk Value Pack 500ml","69","0","1"
"12-03-2023","Hyderabad","Dahi","10","0","0"
"12-03-2023","Hyderabad","Past Milk Value Pack 1L","13","0","0"
"12-03-2023","Hyderabad","Raw Value Pack 1L","40","0","1"
"12-03-2023","Hyderabad","Buffalo Value Pack 1L","128","0","3"
"12-03-2023","Hyderabad","Lactose Free Milk 0.5L","8","0","0"
"12-03-2023","Hyderabad","Past Milk Value Pack 0.5L","8","0","0"
"12-03-2023","Hyderabad","Raw Milk Value Pack 0.5L","22","0","0"
"12-03-2024","Hyderabad","Past Milk 1L","25","0","0"
"12-03-2024","Hyderabad","Raw Milk 1L","12","0","1"
"12-03-2024","Hyderabad","Ghee 500ml","2","0","0"
"12-03-2024","Hyderabad","A2 1L","70","0","6"
"12-03-2024","Hyderabad","Curd Culture","2","0","0"
"12-03-2024","Hyderabad","A2 Ghee","8","0","0"
"12-03-2024","Hyderabad","Buffalo Milk 1L","53","0","10"
"12-03-2024","Hyderabad","Paneer 200g Cows Milk","14","0","0"
"12-03-2024","Hyderabad","A2 Value Pack 1L","608","1","1"
"12-03-2024","Hyderabad","Buffalo Ghee 500ml","1","0","0"
"12-03-2024","Hyderabad","Kharwas 120g","4","0","0"
"12-03-2024","Hyderabad","A2 Gir Cow Paneer 200g","2","0","0"
"12-03-2024","Hyderabad","New A2 Value Pack 500ml","217","0","1"
"12-03-2024","Hyderabad","Buffalo Milk Value Pack 500ml","163","1","1"
"12-03-2024","Hyderabad","Dahi","11","0","0"
"12-03-2024","Hyderabad","Past Milk Value Pack 1L","23","0","0"
"12-03-2024","Hyderabad","Raw Value Pack 1L","69","0","0"
"12-03-2024","Hyderabad","Buffalo Value Pack 1L","357","1","0"
"12-03-2024","Hyderabad","Lactose Free Milk 0.5L","15","0","0"
"12-03-2024","Hyderabad","Past Milk Value Pack 0.5L","20","0","0"
"12-03-2024","Hyderabad","Raw Milk Value Pack 0.5L","20","0","1"
"12-04-2020","Hyderabad","Past Milk 1L","3","0","0"
"12-04-2021","Hyderabad","A2 1L","1","0","0"
"12-04-2021","Hyderabad","Buffalo Milk 1L","1","0","0"
"12-04-2021","Hyderabad","A2 Value Pack 1L","2","0","0"
"12-04-2022","Hyderabad","Past Milk 1L","16","0","1"
"12-04-2022","Hyderabad","Raw Milk 1L","11","0","0"
"12-04-2022","Hyderabad","Past Milk 0.5L","7","0","0"
"12-04-2022","Hyderabad","A2 1L","34","0","5"
"12-04-2022","Hyderabad","Buffalo Milk 1L","38","0","6"
"12-04-2022","Hyderabad","Paneer 200g Cows Milk","2","0","0"
"12-04-2022","Hyderabad","A2 Value Pack 1L","64","0","1"
"12-04-2022","Hyderabad","New A2 Value Pack 500ml","29","0","1"
"12-04-2022","Hyderabad","Buffalo Milk Value Pack 500ml","15","0","0"
"12-04-2022","Hyderabad","Dahi","2","0","0"
"12-04-2023","Hyderabad","Past Milk 1L","15","0","0"
"12-04-2023","Hyderabad","Raw Milk 1L","19","0","0"
"12-04-2023","Hyderabad","A2 1L","67","1","0"
"12-04-2023","Hyderabad","A2 Ghee","3","0","0"
"12-04-2023","Hyderabad","Buffalo Milk 1L","45","0","0"
"12-04-2023","Hyderabad","Paneer 200g Cows Milk","4","0","0"
"12-04-2023","Hyderabad","A2 Value Pack 1L","285","0","1"
"12-04-2023","Hyderabad","Kharwas 120g","4","0","0"
"12-04-2023","Hyderabad","A2 Gir Cow Paneer 200g","1","0","0"
"12-04-2023","Hyderabad","New A2 Value Pack 500ml","123","0","0"
"12-04-2023","Hyderabad","Insulated Door Bag","1","0","0"
"12-04-2023","Hyderabad","Buffalo Milk Value Pack 500ml","87","0","0"
"12-04-2023","Hyderabad","Dahi","13","0","0"
"12-04-2023","Hyderabad","Past Milk Value Pack 1L","17","0","0"
"12-04-2023","Hyderabad","Raw Value Pack 1L","42","0","0"
"12-04-2023","Hyderabad","Buffalo Value Pack 1L","150","0","0"
"12-04-2023","Hyderabad","Lactose Free Milk 0.5L","8","0","0"
"12-04-2023","Hyderabad","Past Milk Value Pack 0.5L","11","0","0"
"12-04-2023","Hyderabad","Raw Milk Value Pack 0.5L","22","0","0"
"12-05-2020","Hyderabad","Past Milk 1L","2","0","0"
"12-05-2021","Hyderabad","A2 1L","1","0","0"
"12-05-2021","Hyderabad","A2 Value Pack 1L","1","0","0"
"12-05-2022","Hyderabad","Past Milk 1L","17","0","0"
"12-05-2022","Hyderabad","Raw Milk 1L","17","0","0"
"12-05-2022","Hyderabad","Past Milk 0.5L","1","0","1"
"12-05-2022","Hyderabad","Ghee 500ml","1","0","0"
"12-05-2022","Hyderabad","A2 1L","45","0","2"
"12-05-2022","Hyderabad","Curd Culture","1","0","0"
"12-05-2022","Hyderabad","A2 Ghee","1","0","0"
"12-05-2022","Hyderabad","Buffalo Milk 1L","39","0","3"
"12-05-2022","Hyderabad","Paneer 200g Cows Milk","4","0","0"
"12-05-2022","Hyderabad","A2 Value Pack 1L","81","0","0"
"12-05-2022","Hyderabad","A2 Gir Cow Paneer 200g","4","0","0"
"12-05-2022","Hyderabad","New A2 Value Pack 500ml","27","0","1"
"12-05-2022","Hyderabad","Buffalo Milk Value Pack 500ml","27","0","1"
"12-05-2022","Hyderabad","Dahi","4","0","0"
"12-05-2023","Hyderabad","Past Milk 1L","14","0","0"
"12-05-2023","Hyderabad","Raw Milk 1L","17","0","1"
"12-05-2023","Hyderabad","Ghee 500ml","1","0","0"
"12-05-2023","Hyderabad","A2 1L","69","1","1"
"12-05-2023","Hyderabad","Curd Culture","3","0","0"
"12-05-2023","Hyderabad","A2 Ghee","2","0","0"
"12-05-2023","Hyderabad","Buffalo Milk 1L","43","5","2"
"12-05-2023","Hyderabad","Paneer 200g Cows Milk","5","0","0"
"12-05-2023","Hyderabad","A2 Value Pack 1L","271","18","1"
"12-05-2023","Hyderabad","Kharwas 120g","6","0","0"
"12-05-2023","Hyderabad","A2 Gir Cow Paneer 200g","6","0","0"
"12-05-2023","Hyderabad","New A2 Value Pack 500ml","103","6","1"
"12-05-2023","Hyderabad","Buffalo Milk Value Pack 500ml","74","7","0"
"12-05-2023","Hyderabad","Dahi","15","0","0"
"12-05-2023","Hyderabad","Past Milk Value Pack 1L","10","1","0"
"12-05-2023","Hyderabad","Raw Value Pack 1L","37","2","0"
"12-05-2023","Hyderabad","Buffalo Value Pack 1L","146","13","3"
"12-05-2023","Hyderabad","Lactose Free Milk 0.5L","3","0","0"
"12-05-2023","Hyderabad","Past Milk Value Pack 0.5L","5","1","0"
"12-05-2023","Hyderabad","Raw Milk Value Pack 0.5L","15","0","0"
"12-06-2020","Hyderabad","Past Milk 1L","2","0","0"
"12-06-2020","Hyderabad","A2 1L","1","0","0"
"12-06-2021","Hyderabad","A2 1L","1","0","0"
"12-06-2021","Hyderabad","A2 Value Pack 1L","2","0","0"
"12-06-2022","Hyderabad","Past Milk 1L","17","0","0"
"12-06-2022","Hyderabad","Raw Milk 1L","14","0","0"
"12-06-2022","Hyderabad","Past Milk 0.5L","7","0","0"
"12-06-2022","Hyderabad","A2 1L","53","2","3"
"12-06-2022","Hyderabad","A2 Ghee","1","0","0"
"12-06-2022","Hyderabad","Buffalo Milk 1L","62","0","4"
"12-06-2022","Hyderabad","Paneer 200g Cows Milk","5","0","0"
"12-06-2022","Hyderabad","A2 Value Pack 1L","130","0","0"
"12-06-2022","Hyderabad","Buffalo Ghee 500ml","2","0","0"
"12-06-2022","Hyderabad","Kharwas 120g","3","0","0"
"12-06-2022","Hyderabad","New A2 Value Pack 500ml","44","0","0"
"12-06-2022","Hyderabad","Buffalo Milk Value Pack 500ml","33","0","0"
"12-06-2022","Hyderabad","Dahi","3","0","0"
"12-06-2023","Hyderabad","Past Milk 1L","22","0","1"
"12-06-2023","Hyderabad","Raw Milk 1L","17","1","0"
"12-06-2023","Hyderabad","Ghee 500ml","2","0","0"
"12-06-2023","Hyderabad","A2 1L","55","1","0"
"12-06-2023","Hyderabad","A2 Ghee","3","0","0"
"12-06-2023","Hyderabad","Buffalo Milk 1L","39","1","0"
"12-06-2023","Hyderabad","Paneer 200g Cows Milk","6","0","0"
"12-06-2023","Hyderabad","A2 Value Pack 1L","354","11","0"
"12-06-2023","Hyderabad","Buffalo Ghee 500ml","1","0","0"
"12-06-2023","Hyderabad","Kharwas 120g","3","0","0"
"12-06-2023","Hyderabad","A2 Gir Cow Paneer 200g","3","0","0"
"12-06-2023","Hyderabad","New A2 Value Pack 500ml","122","1","0"
"12-06-2023","Hyderabad","Buffalo Milk Value Pack 500ml","70","3","0"
"12-06-2023","Hyderabad","Dahi","11","0","0"
"12-06-2023","Hyderabad","Past Milk Value Pack 1L","18","0","0"
"12-06-2023","Hyderabad","Raw Value Pack 1L","48","2","0"
"12-06-2023","Hyderabad","Buffalo Value Pack 1L","192","7","0"
"12-06-2023","Hyderabad","Lactose Free Milk 0.5L","8","0","0"
"12-06-2023","Hyderabad","Past Milk Value Pack 0.5L","8","0","0"
"12-06-2023","Hyderabad","Raw Milk Value Pack 0.5L","16","0","0"
"12-07-2020","Hyderabad","Past Milk 1L","1","0","0"
"12-07-2020","Hyderabad","A2 1L","1","0","0"
"12-07-2020","Hyderabad","A2 Value Pack 1L","1","0","0"
"12-07-2021","Hyderabad","A2 1L","1","0","0"
"12-07-2021","Hyderabad","Buffalo Milk 1L","1","0","0"
"12-07-2021","Hyderabad","A2 Value Pack 1L","1","0","0"
"12-07-2022","Hyderabad","Past Milk 1L","19","0","0"
"12-07-2022","Hyderabad","Raw Milk 1L","14","0","0"
"12-07-2022","Hyderabad","A2 1L","46","1","2"
"12-07-2022","Hyderabad","A2 Ghee","1","0","0"
"12-07-2022","Hyderabad","Buffalo Milk 1L","58","0","0"
"12-07-2022","Hyderabad","Paneer 200g Cows Milk","2","0","0"
"12-07-2022","Hyderabad","A2 Value Pack 1L","136","0","1"
"12-07-2022","Hyderabad","Kharwas 120g","1","0","0"
"12-07-2022","Hyderabad","New A2 Value Pack 500ml","64","0","0"
"12-07-2022","Hyderabad","Buffalo Milk Value Pack 500ml","38","0","1"
"12-07-2022","Hyderabad","Dahi","2","0","0"
"12-07-2022","Hyderabad","Past Milk Value Pack 1L","5","0","0"
"12-07-2022","Hyderabad","Raw Value Pack 1L","9","0","0"
"12-07-2022","Hyderabad","Buffalo Value Pack 1L","4","1","0"
"12-07-2022","Hyderabad","Lactose Free Milk 0.5L","4","0","0"
"12-07-2023","Hyderabad","Past Milk 1L","25","0","0"
"12-07-2023","Hyderabad","Raw Milk 1L","20","0","0"
"12-07-2023","Hyderabad","Ghee 500ml","2","0","0"
"12-07-2023","Hyderabad","A2 1L","93","1","0"
"12-07-2023","Hyderabad","Curd Culture","2","0","1"
"12-07-2023","Hyderabad","A2 Ghee","2","0","0"
"12-07-2023","Hyderabad","Buffalo Milk 1L","41","1","2"
"12-07-2023","Hyderabad","Paneer 200g Cows Milk","10","0","0"
"12-07-2023","Hyderabad","A2 Value Pack 1L","454","2","3"
"12-07-2023","Hyderabad","Kharwas 120g","4","0","0"
"12-07-2023","Hyderabad","A2 Gir Cow Paneer 200g","2","0","0"
"12-07-2023","Hyderabad","New A2 Value Pack 500ml","162","0","1"
"12-07-2023","Hyderabad","Buffalo Milk Value Pack 500ml","101","1","2"
"12-07-2023","Hyderabad","Dahi","13","0","0"
"12-07-2023","Hyderabad","Past Milk Value Pack 1L","20","0","0"
"12-07-2023","Hyderabad","Raw Value Pack 1L","51","0","1"
"12-07-2023","Hyderabad","Buffalo Value Pack 1L","216","1","3"
"12-07-2023","Hyderabad","Lactose Free Milk 0.5L","14","0","0"
"12-07-2023","Hyderabad","Past Milk Value Pack 0.5L","10","0","0"
"12-07-2023","Hyderabad","Raw Milk Value Pack 0.5L","18","0","0"
"12-08-2020","Hyderabad","Past Milk 1L","2","0","0"
"12-08-2020","Hyderabad","A2 Value Pack 1L","1","0","0"
"12-08-2021","Hyderabad","A2 1L","1","0","0"
"12-08-2021","Hyderabad","A2 Value Pack 1L","1","0","0"
"12-08-2022","Hyderabad","Past Milk 1L","15","0","0"
"12-08-2022","Hyderabad","Raw Milk 1L","14","0","0"
"12-08-2022","Hyderabad","Ghee 500ml","2","0","0"
"12-08-2022","Hyderabad","A2 1L","43","0","0"
"12-08-2022","Hyderabad","Curd Culture","1","0","0"
"12-08-2022","Hyderabad","A2 Ghee","2","0","0"
"12-08-2022","Hyderabad","Buffalo Milk 1L","42","0","0"
"12-08-2022","Hyderabad","A2 Value Pack 1L","115","0","0"
"12-08-2022","Hyderabad","Buffalo Ghee 500ml","1","0","0"
"12-08-2022","Hyderabad","Kharwas 120g","2","0","0"
"12-08-2022","Hyderabad","New A2 Value Pack 500ml","61","0","0"
"12-08-2022","Hyderabad","Buffalo Milk Value Pack 500ml","24","0","0"
"12-08-2022","Hyderabad","Dahi","2","0","0"
"12-08-2022","Hyderabad","Past Milk Value Pack 1L","8","0","0"
"12-08-2022","Hyderabad","Raw Value Pack 1L","11","0","0"
"12-08-2022","Hyderabad","Buffalo Value Pack 1L","14","0","0"
"12-08-2022","Hyderabad","Lactose Free Milk 0.5L","4","0","0"
"12-08-2023","Hyderabad","Past Milk 1L","25","0","0"
"12-08-2023","Hyderabad","Raw Milk 1L","20","0","0"
"12-08-2023","Hyderabad","Ghee 500ml","4","0","0"
"12-08-2023","Hyderabad","A2 1L","66","1","1"
"12-08-2023","Hyderabad","Curd Culture","1","0","0"
"12-08-2023","Hyderabad","A2 Ghee","2","0","0"
"12-08-2023","Hyderabad","Buffalo Milk 1L","51","0","0"
"12-08-2023","Hyderabad","Paneer 200g Cows Milk","5","0","0"
"12-08-2023","Hyderabad","A2 Value Pack 1L","405","1","1"
"12-08-2023","Hyderabad","Buffalo Ghee 500ml","1","0","0"
"12-08-2023","Hyderabad","Kharwas 120g","2","0","0"
"12-08-2023","Hyderabad","A2 Gir Cow Paneer 200g","3","0","0"
"12-08-2023","Hyderabad","New A2 Value Pack 500ml","160","1","0"
"12-08-2023","Hyderabad","Buffalo Milk Value Pack 500ml","119","0","0"
"12-08-2023","Hyderabad","Dahi","14","0","0"
"12-08-2023","Hyderabad","Past Milk Value Pack 1L","19","0","0"
"12-08-2023","Hyderabad","Raw Value Pack 1L","67","0","2"
"12-08-2023","Hyderabad","Buffalo Value Pack 1L","205","2","2"
"12-08-2023","Hyderabad","Lactose Free Milk 0.5L","10","0","0"
"12-08-2023","Hyderabad","Past Milk Value Pack 0.5L","14","0","0"
"12-08-2023","Hyderabad","Raw Milk Value Pack 0.5L","23","0","1"
"12-09-2020","Hyderabad","Past Milk 1L","1","0","0"
"12-09-2020","Hyderabad","A2 1L","1","0","0"
"12-09-2021","Hyderabad","A2 1L","1","0","0"
"12-09-2021","Hyderabad","A2 Value Pack 1L","2","0","0"
"12-09-2022","Hyderabad","Past Milk 1L","21","0","2"
"12-09-2022","Hyderabad","Raw Milk 1L","18","0","3"
"12-09-2022","Hyderabad","Ghee 500ml","1","0","0"
"12-09-2022","Hyderabad","A2 1L","44","1","15"
"12-09-2022","Hyderabad","A2 Ghee","1","0","0"
"12-09-2022","Hyderabad","Buffalo Milk 1L","60","0","16"
"12-09-2022","Hyderabad","Paneer 200g Cows Milk","6","0","0"
"12-09-2022","Hyderabad","A2 Value Pack 1L","151","0","1"
"12-09-2022","Hyderabad","Kharwas 120g","2","0","0"
"12-09-2022","Hyderabad","A2 Gir Cow Paneer 200g","5","0","0"
"12-09-2022","Hyderabad","New A2 Value Pack 500ml","93","0","5"
"12-09-2022","Hyderabad","Buffalo Milk Value Pack 500ml","42","0","5"
"12-09-2022","Hyderabad","Dahi","5","0","0"
"12-09-2022","Hyderabad","Past Milk Value Pack 1L","8","0","0"
"12-09-2022","Hyderabad","Raw Value Pack 1L","20","0","0"
"12-09-2022","Hyderabad","Buffalo Value Pack 1L","14","0","0"
"12-09-2022","Hyderabad","Lactose Free Milk 0.5L","5","0","0"
"12-09-2023","Hyderabad","Past Milk 1L","20","0","0"
"12-09-2023","Hyderabad","Raw Milk 1L","14","0","0"
"12-09-2023","Hyderabad","A2 1L","69","0","3"
"12-09-2023","Hyderabad","Curd Culture","4","0","1"
"12-09-2023","Hyderabad","A2 Ghee","4","0","0"
"12-09-2023","Hyderabad","Buffalo Milk 1L","57","0","0"
"12-09-2023","Hyderabad","Paneer 200g Cows Milk","5","0","0"
"12-09-2023","Hyderabad","A2 Value Pack 1L","480","1","7"
"12-09-2023","Hyderabad","Buffalo Ghee 500ml","4","0","0"
"12-09-2023","Hyderabad","Kharwas 120g","11","0","0"
"12-09-2023","Hyderabad","A2 Gir Cow Paneer 200g","3","0","0"
"12-09-2023","Hyderabad","New A2 Value Pack 500ml","171","0","0"
"12-09-2023","Hyderabad","Insulated Door Bag","1","0","0"
"12-09-2023","Hyderabad","Buffalo Milk Value Pack 500ml","122","0","1"
"12-09-2023","Hyderabad","Dahi","17","0","0"
"12-09-2023","Hyderabad","Past Milk Value Pack 1L","25","0","0"
"12-09-2023","Hyderabad","Raw Value Pack 1L","63","0","1"
"12-09-2023","Hyderabad","Buffalo Value Pack 1L","233","1","5"
"12-09-2023","Hyderabad","Lactose Free Milk 0.5L","10","0","0"
"12-09-2023","Hyderabad","Past Milk Value Pack 0.5L","13","0","0"
"12-09-2023","Hyderabad","Raw Milk Value Pack 0.5L","22","0","0"
"12-10-2020","Hyderabad","Past Milk 1L","1","0","0"
"12-10-2021","Hyderabad","A2 Value Pack 1L","1","0","0"
"12-10-2022","Hyderabad","Past Milk 1L","24","0","1"
"12-10-2022","Hyderabad","Raw Milk 1L","14","0","0"
"12-10-2022","Hyderabad","Ghee 500ml","2","0","0"
"12-10-2022","Hyderabad","A2 1L","42","0","3"
"12-10-2022","Hyderabad","Curd Culture","2","0","0"
"12-10-2022","Hyderabad","A2 Ghee","1","0","0"
"12-10-2022","Hyderabad","Buffalo Milk 1L","57","1","4"
"12-10-2022","Hyderabad","Paneer 200g Cows Milk","2","0","0"
"12-10-2022","Hyderabad","A2 Value Pack 1L","157","2","0"
"12-10-2022","Hyderabad","Kharwas 120g","1","0","0"
"12-10-2022","Hyderabad","A2 Gir Cow Paneer 200g","4","0","0"
"12-10-2022","Hyderabad","New A2 Value Pack 500ml","89","0","1"
"12-10-2022","Hyderabad","Buffalo Milk Value Pack 500ml","41","0","3"
"12-10-2022","Hyderabad","Dahi","12","0","0"
"12-10-2022","Hyderabad","Past Milk Value Pack 1L","9","0","0"
"12-10-2022","Hyderabad","Raw Value Pack 1L","19","0","0"
"12-10-2022","Hyderabad","Buffalo Value Pack 1L","14","0","0"
"12-10-2022","Hyderabad","Lactose Free Milk 0.5L","8","0","0"
"12-10-2022","Hyderabad","Raw Milk Value Pack 0.5L","1","0","0"
"12-10-2023","Hyderabad","Past Milk 1L","21","0","0"
"12-10-2023","Hyderabad","Raw Milk 1L","15","0","0"
"12-10-2023","Hyderabad","Ghee 500ml","11","0","0"
"12-10-2023","Hyderabad","A2 1L","66","0","2"
"12-10-2023","Hyderabad","Curd Culture","2","0","0"
"12-10-2023","Hyderabad","A2 Ghee","1","0","0"
"12-10-2023","Hyderabad","Buffalo Milk 1L","50","0","2"
"12-10-2023","Hyderabad","Paneer 200g Cows Milk","13","0","0"
"12-10-2023","Hyderabad","A2 Value Pack 1L","498","1","4"
"12-10-2023","Hyderabad","Buffalo Ghee 500ml","3","0","0"
"12-10-2023","Hyderabad","Kharwas 120g","3","0","0"
"12-10-2023","Hyderabad","A2 Gir Cow Paneer 200g","1","0","0"
"12-10-2023","Hyderabad","New A2 Value Pack 500ml","163","0","0"
"12-10-2023","Hyderabad","Buffalo Milk Value Pack 500ml","145","0","1"
"12-10-2023","Hyderabad","Dahi","17","0","0"
"12-10-2023","Hyderabad","Past Milk Value Pack 1L","16","0","0"
"12-10-2023","Hyderabad","Raw Value Pack 1L","49","0","0"
"12-10-2023","Hyderabad","Buffalo Value Pack 1L","267","0","2"
"12-10-2023","Hyderabad","Lactose Free Milk 0.5L","10","0","0"
"12-10-2023","Hyderabad","Past Milk Value Pack 0.5L","20","0","0"
"12-10-2023","Hyderabad","Raw Milk Value Pack 0.5L","23","0","0"
"12-11-2020","Hyderabad","A2 1L","1","0","0"
"12-11-2020","Hyderabad","A2 Value Pack 1L","1","0","0"
"12-11-2021","Hyderabad","Past Milk 1L","1","0","0"
"12-11-2021","Hyderabad","Buffalo Milk 1L","1","0","0"
"12-11-2021","Hyderabad","A2 Value Pack 1L","2","0","0"
"12-11-2021","Hyderabad","Tender Coconut","4","0","0"
"12-11-2021","Hyderabad","Dahi","1","0","0"
"12-11-2022","Hyderabad","Past Milk 1L","25","0","1"
"12-11-2022","Hyderabad","Raw Milk 1L","18","0","1"
"12-11-2022","Hyderabad","A2 1L","47","0","3"
"12-11-2022","Hyderabad","A2 Ghee","3","0","0"
"12-11-2022","Hyderabad","Buffalo Milk 1L","54","0","12"
"12-11-2022","Hyderabad","Paneer 200g Cows Milk","2","0","0"
"12-11-2022","Hyderabad","A2 Value Pack 1L","149","1","0"
"12-11-2022","Hyderabad","Buffalo Ghee 500ml","1","0","0"
"12-11-2022","Hyderabad","Kharwas 120g","4","0","0"
"12-11-2022","Hyderabad","A2 Gir Cow Paneer 200g","3","0","0"
"12-11-2022","Hyderabad","New A2 Value Pack 500ml","78","0","1"
"12-11-2022","Hyderabad","Buffalo Milk Value Pack 500ml","33","0","2"
"12-11-2022","Hyderabad","Dahi","17","0","0"
"12-11-2022","Hyderabad","Past Milk Value Pack 1L","7","0","0"
"12-11-2022","Hyderabad","Raw Value Pack 1L","20","0","0"
"12-11-2022","Hyderabad","Buffalo Value Pack 1L","29","0","0"
"12-11-2022","Hyderabad","Lactose Free Milk 0.5L","9","0","0"
"12-11-2022","Hyderabad","Past Milk Value Pack 0.5L","1","0","0"
"12-11-2022","Hyderabad","Raw Milk Value Pack 0.5L","1","0","1"
"12-11-2023","Hyderabad","Past Milk 1L","17","0","0"
"12-11-2023","Hyderabad","Raw Milk 1L","14","0","0"
"12-11-2023","Hyderabad","Ghee 500ml","2","0","0"
"12-11-2023","Hyderabad","A2 1L","80","0","0"
"12-11-2023","Hyderabad","Curd Culture","1","0","0"
"12-11-2023","Hyderabad","A2 Ghee","4","2","0"
"12-11-2023","Hyderabad","Buffalo Milk 1L","46","0","3"
"12-11-2023","Hyderabad","Paneer 200g Cows Milk","13","0","0"
"12-11-2023","Hyderabad","A2 Value Pack 1L","499","1","2"
"12-11-2023","Hyderabad","Buffalo Ghee 500ml","1","0","0"
"12-11-2023","Hyderabad","Kharwas 120g","12","0","0"
"12-11-2023","Hyderabad","A2 Gir Cow Paneer 200g","4","0","0"
"12-11-2023","Hyderabad","New A2 Value Pack 500ml","190","0","0"
"12-11-2023","Hyderabad","Insulated Door Bag","1","0","0"
"12-11-2023","Hyderabad","Buffalo Milk Value Pack 500ml","169","0","0"
"12-11-2023","Hyderabad","Dahi","15","0","0"
"12-11-2023","Hyderabad","Past Milk Value Pack 1L","21","0","0"
"12-11-2023","Hyderabad","Raw Value Pack 1L","58","0","0"
"12-11-2023","Hyderabad","Buffalo Value Pack 1L","274","1","3"
"12-11-2023","Hyderabad","Lactose Free Milk 0.5L","8","0","0"
"12-11-2023","Hyderabad","Past Milk Value Pack 0.5L","12","0","0"
"12-11-2023","Hyderabad","Raw Milk Value Pack 0.5L","20","0","0"
"12-12-2020","Hyderabad","Buffalo Milk 1L","1","0","0"
"12-12-2020","Hyderabad","A2 Value Pack 1L","1","0","0"
"12-12-2021","Hyderabad","A2 Value Pack 1L","2","0","0"
"12-12-2022","Hyderabad","Past Milk 1L","22","0","0"
"12-12-2022","Hyderabad","Raw Milk 1L","15","0","0"
"12-12-2022","Hyderabad","Ghee 500ml","6","0","0"
"12-12-2022","Hyderabad","A2 1L","53","1","1"
"12-12-2022","Hyderabad","A2 Ghee","2","0","0"
"12-12-2022","Hyderabad","Buffalo Milk 1L","66","0","0"
"12-12-2022","Hyderabad","Paneer 200g Cows Milk","1","0","0"
"12-12-2022","Hyderabad","A2 Value Pack 1L","190","0","0"
"12-12-2022","Hyderabad","A2 Gir Cow Paneer 200g","3","0","0"
"12-12-2022","Hyderabad","New A2 Value Pack 500ml","98","0","0"
"12-12-2022","Hyderabad","Buffalo Milk Value Pack 500ml","37","0","0"
"12-12-2022","Hyderabad","Dahi","14","0","0"
"12-12-2022","Hyderabad","Past Milk Value Pack 1L","8","0","0"
"12-12-2022","Hyderabad","Raw Value Pack 1L","27","0","0"
"12-12-2022","Hyderabad","Buffalo Value Pack 1L","45","0","2"
"12-12-2022","Hyderabad","Lactose Free Milk 0.5L","6","0","0"
"12-12-2022","Hyderabad","Past Milk Value Pack 0.5L","1","0","0"
"12-12-2022","Hyderabad","Raw Milk Value Pack 0.5L","8","0","0"
"12-12-2023","Hyderabad","Past Milk 1L","20","0","0"
"12-12-2023","Hyderabad","Raw Milk 1L","15","0","0"
"12-12-2023","Hyderabad","Ghee 500ml","5","0","0"
"12-12-2023","Hyderabad","A2 1L","45","1","0"
"12-12-2023","Hyderabad","Curd Culture","3","0","0"
"12-12-2023","Hyderabad","A2 Ghee","2","0","0"
"12-12-2023","Hyderabad","Buffalo Milk 1L","31","0","1"
"12-12-2023","Hyderabad","Paneer 200g Cows Milk","10","0","0"
"12-12-2023","Hyderabad","A2 Value Pack 1L","536","1","6"
"12-12-2023","Hyderabad","Buffalo Ghee 500ml","2","0","0"
"12-12-2023","Hyderabad","Kharwas 120g","2","0","0"
"12-12-2023","Hyderabad","New A2 Value Pack 500ml","179","1","3"
"12-12-2023","Hyderabad","Buffalo Milk Value Pack 500ml","129","0","3"
"12-12-2023","Hyderabad","Dahi","14","0","0"
"12-12-2023","Hyderabad","Past Milk Value Pack 1L","14","0","1"
"12-12-2023","Hyderabad","Raw Value Pack 1L","60","0","0"
"12-12-2023","Hyderabad","Buffalo Value Pack 1L","316","0","14"
"12-12-2023","Hyderabad","Lactose Free Milk 0.5L","10","0","0"
"12-12-2023","Hyderabad","Past Milk Value Pack 0.5L","15","0","1"
"12-12-2023","Hyderabad","Raw Milk Value Pack 0.5L","26","0","1"
"13-01-2020","Hyderabad","Past Milk 1L","1","0","0"
"13-01-2020","Hyderabad","A2 Value Pack 1L","1","0","0"
"13-01-2021","Hyderabad","Buffalo Milk 1L","1","0","0"
"13-01-2021","Hyderabad","A2 Value Pack 1L","2","0","0"
"13-01-2022","Hyderabad","A2 1L","1","0","3"
"13-01-2022","Hyderabad","Buffalo Milk 1L","0","0","2"
"13-01-2023","Hyderabad","Past Milk 1L","24","0","0"
"13-01-2023","Hyderabad","Raw Milk 1L","13","0","1"
"13-01-2023","Hyderabad","Ghee 500ml","3","0","0"
"13-01-2023","Hyderabad","A2 1L","48","1","8"
"13-01-2023","Hyderabad","Curd Culture","3","0","0"
"13-01-2023","Hyderabad","A2 Ghee","2","0","0"
"13-01-2023","Hyderabad","Buffalo Milk 1L","44","0","6"
"13-01-2023","Hyderabad","Paneer 200g Cows Milk","3","0","0"
"13-01-2023","Hyderabad","A2 Value Pack 1L","212","0","0"
"13-01-2023","Hyderabad","Buffalo Ghee 500ml","1","0","0"
"13-01-2023","Hyderabad","Kharwas 120g","5","0","0"
"13-01-2023","Hyderabad","A2 Gir Cow Paneer 200g","2","0","0"
"13-01-2023","Hyderabad","New A2 Value Pack 500ml","83","1","0"
"13-01-2023","Hyderabad","Buffalo Milk Value Pack 500ml","40","0","0"
"13-01-2023","Hyderabad","Dahi","11","0","0"
"13-01-2023","Hyderabad","Past Milk Value Pack 1L","15","0","0"
"13-01-2023","Hyderabad","Raw Value Pack 1L","23","0","1"
"13-01-2023","Hyderabad","Buffalo Value Pack 1L","71","0","4"
"13-01-2023","Hyderabad","Lactose Free Milk 0.5L","10","0","0"
"13-01-2023","Hyderabad","Past Milk Value Pack 0.5L","6","0","0"
"13-01-2023","Hyderabad","Raw Milk Value Pack 0.5L","9","0","0"
"13-01-2024","Hyderabad","Past Milk 1L","15","0","0"
"13-01-2024","Hyderabad","Raw Milk 1L","12","0","0"
"13-01-2024","Hyderabad","Ghee 500ml","2","0","0"
"13-01-2024","Hyderabad","A2 1L","72","0","1"
"13-01-2024","Hyderabad","Curd Culture","1","0","0"
"13-01-2024","Hyderabad","A2 Ghee","4","0","0"
"13-01-2024","Hyderabad","Buffalo Milk 1L","43","0","1"
"13-01-2024","Hyderabad","Paneer 200g Cows Milk","7","0","0"
"13-01-2024","Hyderabad","A2 Value Pack 1L","477","3","2"
"13-01-2024","Hyderabad","Buffalo Ghee 500ml","1","0","0"
"13-01-2024","Hyderabad","Kharwas 120g","4","0","0"
"13-01-2024","Hyderabad","New A2 Value Pack 500ml","169","0","0"
"13-01-2024","Hyderabad","Buffalo Milk Value Pack 500ml","122","0","1"
"13-01-2024","Hyderabad","Dahi","18","0","0"
"13-01-2024","Hyderabad","Past Milk Value Pack 1L","22","0","0"
"13-01-2024","Hyderabad","Raw Value Pack 1L","63","0","1"
"13-01-2024","Hyderabad","Buffalo Value Pack 1L","286","1","6"
"13-01-2024","Hyderabad","Lactose Free Milk 0.5L","15","0","0"
"13-01-2024","Hyderabad","Past Milk Value Pack 0.5L","18","0","0"
"13-01-2024","Hyderabad","Raw Milk Value Pack 0.5L","22","0","0"
"13-02-2020","Hyderabad","Past Milk 1L","2","0","0"
"13-02-2020","Hyderabad","A2 Value Pack 1L","2","0","0"
"13-02-2021","Hyderabad","Buffalo Milk 1L","1","0","0"
"13-02-2022","Hyderabad","Past Milk 1L","1","0","1"
"13-02-2022","Hyderabad","Raw Milk 1L","9","0","1"
"13-02-2022","Hyderabad","Past Milk 0.5L","2","0","1"
"13-02-2022","Hyderabad","A2 1L","10","0","5"
"13-02-2022","Hyderabad","Curd Culture","1","0","0"
"13-02-2022","Hyderabad","Buffalo Milk 1L","15","0","5"
"13-02-2022","Hyderabad","Paneer 200g Cows Milk","1","0","0"
"13-02-2022","Hyderabad","A2 Value Pack 1L","21","0","3"
"13-02-2022","Hyderabad","Buffalo Ghee 500ml","1","0","0"
"13-02-2022","Hyderabad","New A2 Value Pack 500ml","10","0","3"
"13-02-2022","Hyderabad","Buffalo Milk Value Pack 500ml","8","0","2"
"13-02-2022","Hyderabad","Dahi","5","0","0"
"13-02-2023","Hyderabad","Past Milk 1L","16","0","0"
"13-02-2023","Hyderabad","Raw Milk 1L","15","0","0"
"13-02-2023","Hyderabad","Ghee 500ml","1","0","0"
"13-02-2023","Hyderabad","A2 1L","50","2","1"
"13-02-2023","Hyderabad","Curd Culture","2","0","0"
"13-02-2023","Hyderabad","A2 Ghee","2","0","0"
"13-02-2023","Hyderabad","Buffalo Milk 1L","59","0","1"
"13-02-2023","Hyderabad","A2 Value Pack 1L","251","0","0"
"13-02-2023","Hyderabad","Kharwas 120g","2","0","0"
"13-02-2023","Hyderabad","A2 Gir Cow Paneer 200g","4","0","0"
"13-02-2023","Hyderabad","New A2 Value Pack 500ml","94","0","1"
"13-02-2023","Hyderabad","Buffalo Milk Value Pack 500ml","61","0","0"
"13-02-2023","Hyderabad","Dahi","8","0","0"
"13-02-2023","Hyderabad","Past Milk Value Pack 1L","16","0","0"
"13-02-2023","Hyderabad","Raw Value Pack 1L","49","1","0"
"13-02-2023","Hyderabad","Buffalo Value Pack 1L","121","2","0"
"13-02-2023","Hyderabad","Lactose Free Milk 0.5L","12","0","0"
"13-02-2023","Hyderabad","Past Milk Value Pack 0.5L","9","0","0"
"13-02-2023","Hyderabad","Raw Milk Value Pack 0.5L","16","0","0"
"13-02-2024","Hyderabad","Past Milk 1L","29","0","1"
"13-02-2024","Hyderabad","Raw Milk 1L","13","0","0"
"13-02-2024","Hyderabad","Ghee 500ml","7","0","0"
"13-02-2024","Hyderabad","A2 1L","45","0","14"
"13-02-2024","Hyderabad","Curd Culture","4","0","0"
"13-02-2024","Hyderabad","A2 Ghee","6","0","0"
"13-02-2024","Hyderabad","Buffalo Milk 1L","55","1","7"
"13-02-2024","Hyderabad","Paneer 200g Cows Milk","12","0","0"
"13-02-2024","Hyderabad","A2 Value Pack 1L","550","1","0"
"13-02-2024","Hyderabad","Kharwas 120g","5","0","0"
"13-02-2024","Hyderabad","A2 Gir Cow Paneer 200g","1","0","0"
"13-02-2024","Hyderabad","New A2 Value Pack 500ml","221","0","0"
"13-02-2024","Hyderabad","Buffalo Milk Value Pack 500ml","150","0","2"
"13-02-2024","Hyderabad","Dahi","12","0","0"
"13-02-2024","Hyderabad","Past Milk Value Pack 1L","25","0","0"
"13-02-2024","Hyderabad","Raw Value Pack 1L","70","0","1"
"13-02-2024","Hyderabad","Buffalo Value Pack 1L","334","3","4"
"13-02-2024","Hyderabad","Lactose Free Milk 0.5L","10","0","0"
"13-02-2024","Hyderabad","Past Milk Value Pack 0.5L","20","0","0"
"13-02-2024","Hyderabad","Raw Milk Value Pack 0.5L","21","0","1"
"13-03-2020","Hyderabad","Past Milk 1L","2","0","0"
"13-03-2020","Hyderabad","A2 Value Pack 1L","1","0","0"
"13-03-2021","Hyderabad","A2 1L","1","0","0"
"13-03-2021","Hyderabad","A2 Value Pack 1L","1","0","0"
"13-03-2022","Hyderabad","Past Milk 1L","9","0","0"
"13-03-2022","Hyderabad","Raw Milk 1L","10","0","3"
"13-03-2022","Hyderabad","Past Milk 0.5L","2","0","0"
"13-03-2022","Hyderabad","A2 1L","26","0","2"
"13-03-2022","Hyderabad","Buffalo Milk 1L","27","0","5"
"13-03-2022","Hyderabad","Paneer 200g Cows Milk","1","0","0"
"13-03-2022","Hyderabad","A2 Value Pack 1L","55","0","0"
"13-03-2022","Hyderabad","Kharwas 120g","1","0","0"
"13-03-2022","Hyderabad","A2 Gir Cow Paneer 200g","1","0","0"
"13-03-2022","Hyderabad","New A2 Value Pack 500ml","27","0","1"
"13-03-2022","Hyderabad","Buffalo Milk Value Pack 500ml","15","0","1"
"13-03-2022","Hyderabad","Dahi","1","0","0"
"13-03-2023","Hyderabad","Past Milk 1L","25","0","0"
"13-03-2023","Hyderabad","Raw Milk 1L","25","0","0"
"13-03-2023","Hyderabad","Ghee 500ml","1","0","0"
"13-03-2023","Hyderabad","A2 1L","70","2","0"
"13-03-2023","Hyderabad","Curd Culture","1","0","0"
"13-03-2023","Hyderabad","A2 Ghee","2","0","0"
"13-03-2023","Hyderabad","Buffalo Milk 1L","51","2","0"
"13-03-2023","Hyderabad","Paneer 200g Cows Milk","7","0","0"
"13-03-2023","Hyderabad","A2 Value Pack 1L","264","0","0"
"13-03-2023","Hyderabad","Buffalo Ghee 500ml","2","0","0"
"13-03-2023","Hyderabad","A2 Gir Cow Paneer 200g","3","0","0"
"13-03-2023","Hyderabad","New A2 Value Pack 500ml","115","0","0"
"13-03-2023","Hyderabad","Buffalo Milk Value Pack 500ml","66","1","1"
"13-03-2023","Hyderabad","Dahi","14","0","0"
"13-03-2023","Hyderabad","Past Milk Value Pack 1L","17","0","0"
"13-03-2023","Hyderabad","Raw Value Pack 1L","42","1","0"
"13-03-2023","Hyderabad","Buffalo Value Pack 1L","138","2","0"
"13-03-2023","Hyderabad","Lactose Free Milk 0.5L","6","0","0"
"13-03-2023","Hyderabad","Past Milk Value Pack 0.5L","8","0","0"
"13-03-2023","Hyderabad","Raw Milk Value Pack 0.5L","20","0","0"
"13-03-2024","Hyderabad","Past Milk 1L","25","0","0"
"13-03-2024","Hyderabad","Raw Milk 1L","11","0","0"
"13-03-2024","Hyderabad","Ghee 500ml","7","0","0"
"13-03-2024","Hyderabad","A2 1L","59","0","1"
"13-03-2024","Hyderabad","Curd Culture","2","0","0"
"13-03-2024","Hyderabad","A2 Ghee","3","1","0"
"13-03-2024","Hyderabad","Buffalo Milk 1L","44","0","6"
"13-03-2024","Hyderabad","Paneer 200g Cows Milk","12","0","0"
"13-03-2024","Hyderabad","A2 Value Pack 1L","609","0","1"
"13-03-2024","Hyderabad","Buffalo Ghee 500ml","2","0","0"
"13-03-2024","Hyderabad","Kharwas 120g","4","0","0"
"13-03-2024","Hyderabad","A2 Gir Cow Paneer 200g","5","0","0"
"13-03-2024","Hyderabad","New A2 Value Pack 500ml","217","0","2"
"13-03-2024","Hyderabad","Buffalo Milk Value Pack 500ml","169","0","3"
"13-03-2024","Hyderabad","Dahi","14","0","0"
"13-03-2024","Hyderabad","Past Milk Value Pack 1L","23","0","0"
"13-03-2024","Hyderabad","Raw Value Pack 1L","71","0","0"
"13-03-2024","Hyderabad","Buffalo Value Pack 1L","375","0","0"
"13-03-2024","Hyderabad","Lactose Free Milk 0.5L","16","0","0"
"13-03-2024","Hyderabad","Past Milk Value Pack 0.5L","21","0","0"
"13-03-2024","Hyderabad","Raw Milk Value Pack 0.5L","21","0","0"
"13-04-2020","Hyderabad","Past Milk 1L","2","0","0"
"13-04-2020","Hyderabad","Buffalo Milk 1L","1","0","0"
"13-04-2020","Hyderabad","A2 Value Pack 1L","3","0","0"
"13-04-2021","Hyderabad","A2 Value Pack 1L","1","0","0"
"13-04-2022","Hyderabad","Past Milk 1L","14","0","0"
"13-04-2022","Hyderabad","Raw Milk 1L","15","0","2"
"13-04-2022","Hyderabad","Past Milk 0.5L","2","0","0"
"13-04-2022","Hyderabad","Ghee 500ml","1","0","0"
"13-04-2022","Hyderabad","A2 1L","44","0","4"
"13-04-2022","Hyderabad","Buffalo Milk 1L","38","0","1"
"13-04-2022","Hyderabad","Paneer 200g Cows Milk","1","0","0"
"13-04-2022","Hyderabad","A2 Value Pack 1L","74","0","0"
"13-04-2022","Hyderabad","Kharwas 120g","1","0","0"
"13-04-2022","Hyderabad","A2 Gir Cow Paneer 200g","2","0","0"
"13-04-2022","Hyderabad","New A2 Value Pack 500ml","35","0","0"
"13-04-2022","Hyderabad","Buffalo Milk Value Pack 500ml","15","0","3"
"13-04-2023","Hyderabad","Past Milk 1L","19","0","0"
"13-04-2023","Hyderabad","Raw Milk 1L","24","0","0"
"13-04-2023","Hyderabad","Ghee 500ml","3","0","0"
"13-04-2023","Hyderabad","A2 1L","56","0","0"
"13-04-2023","Hyderabad","Buffalo Milk 1L","60","0","1"
"13-04-2023","Hyderabad","Paneer 200g Cows Milk","7","0","0"
"13-04-2023","Hyderabad","A2 Value Pack 1L","306","1","0"
"13-04-2023","Hyderabad","Kharwas 120g","4","0","0"
"13-04-2023","Hyderabad","A2 Gir Cow Paneer 200g","2","0","0"
"13-04-2023","Hyderabad","New A2 Value Pack 500ml","121","0","0"
"13-04-2023","Hyderabad","Buffalo Milk Value Pack 500ml","82","1","1"
"13-04-2023","Hyderabad","Dahi","14","0","0"
"13-04-2023","Hyderabad","Past Milk Value Pack 1L","18","0","0"
"13-04-2023","Hyderabad","Raw Value Pack 1L","44","0","0"
"13-04-2023","Hyderabad","Buffalo Value Pack 1L","182","0","0"
"13-04-2023","Hyderabad","Lactose Free Milk 0.5L","9","0","0"
"13-04-2023","Hyderabad","Past Milk Value Pack 0.5L","5","0","0"
"13-04-2023","Hyderabad","Raw Milk Value Pack 0.5L","16","0","0"
"13-05-2020","Hyderabad","Past Milk 1L","2","0","0"
"13-05-2020","Hyderabad","A2 1L","1","0","0"
"13-05-2020","Hyderabad","A2 Value Pack 1L","1","0","0"
"13-05-2021","Hyderabad","A2 1L","1","0","0"
"13-05-2021","Hyderabad","Buffalo Milk 1L","1","0","0"
"13-05-2021","Hyderabad","A2 Value Pack 1L","2","0","0"
"13-05-2022","Hyderabad","Past Milk 1L","11","0","1"
"13-05-2022","Hyderabad","Raw Milk 1L","18","0","3"
"13-05-2022","Hyderabad","Past Milk 0.5L","0","0","1"
"13-05-2022","Hyderabad","A2 1L","50","0","3"
"13-05-2022","Hyderabad","Curd Culture","2","0","0"
"13-05-2022","Hyderabad","Buffalo Milk 1L","42","0","4"
"13-05-2022","Hyderabad","Paneer 200g Cows Milk","1","0","0"
"13-05-2022","Hyderabad","A2 Value Pack 1L","85","0","0"
"13-05-2022","Hyderabad","Kharwas 120g","1","0","0"
"13-05-2022","Hyderabad","New A2 Value Pack 500ml","32","0","1"
"13-05-2022","Hyderabad","Buffalo Milk Value Pack 500ml","26","0","1"
"13-05-2022","Hyderabad","Dahi","6","0","0"
"13-05-2023","Hyderabad","Past Milk 1L","20","0","0"
"13-05-2023","Hyderabad","Raw Milk 1L","16","1","0"
"13-05-2023","Hyderabad","Ghee 500ml","1","0","0"
"13-05-2023","Hyderabad","A2 1L","62","4","0"
"13-05-2023","Hyderabad","Curd Culture","2","0","0"
"13-05-2023","Hyderabad","A2 Ghee","2","0","0"
"13-05-2023","Hyderabad","Buffalo Milk 1L","44","2","4"
"13-05-2023","Hyderabad","Paneer 200g Cows Milk","6","0","0"
"13-05-2023","Hyderabad","A2 Value Pack 1L","267","11","0"
"13-05-2023","Hyderabad","Buffalo Ghee 500ml","4","0","0"
"13-05-2023","Hyderabad","Kharwas 120g","7","0","0"
"13-05-2023","Hyderabad","A2 Gir Cow Paneer 200g","2","0","0"
"13-05-2023","Hyderabad","New A2 Value Pack 500ml","99","4","0"
"13-05-2023","Hyderabad","Insulated Door Bag","1","0","0"
"13-05-2023","Hyderabad","Buffalo Milk Value Pack 500ml","78","7","1"
"13-05-2023","Hyderabad","Dahi","10","0","0"
"13-05-2023","Hyderabad","Past Milk Value Pack 1L","12","1","0"
"13-05-2023","Hyderabad","Raw Value Pack 1L","42","3","0"
"13-05-2023","Hyderabad","Buffalo Value Pack 1L","157","15","1"
"13-05-2023","Hyderabad","Lactose Free Milk 0.5L","7","0","0"
"13-05-2023","Hyderabad","Past Milk Value Pack 0.5L","5","1","0"
"13-05-2023","Hyderabad","Raw Milk Value Pack 0.5L","17","0","0"
"13-06-2020","Hyderabad","Past Milk 1L","2","0","0"
"13-06-2021","Hyderabad","A2 1L","1","0","0"
"13-06-2021","Hyderabad","Buffalo Milk 1L","1","0","0"
"13-06-2021","Hyderabad","A2 Value Pack 1L","1","0","0"
"13-06-2022","Hyderabad","Past Milk 1L","18","0","0"
"13-06-2022","Hyderabad","Raw Milk 1L","22","0","0"
"13-06-2022","Hyderabad","Past Milk 0.5L","2","0","0"
"13-06-2022","Hyderabad","A2 1L","48","3","0"
"13-06-2022","Hyderabad","Curd Culture","3","0","0"
"13-06-2022","Hyderabad","A2 Ghee","2","0","0"
"13-06-2022","Hyderabad","Buffalo Milk 1L","66","0","0"
"13-06-2022","Hyderabad","Paneer 200g Cows Milk","1","0","0"
"13-06-2022","Hyderabad","A2 Value Pack 1L","120","0","0"
"13-06-2022","Hyderabad","New A2 Value Pack 500ml","45","0","0"
"13-06-2022","Hyderabad","Buffalo Milk Value Pack 500ml","38","0","0"
"13-06-2022","Hyderabad","Dahi","7","0","0"
"13-06-2023","Hyderabad","Past Milk 1L","13","0","0"
"13-06-2023","Hyderabad","Raw Milk 1L","17","1","0"
"13-06-2023","Hyderabad","Ghee 500ml","1","0","0"
"13-06-2023","Hyderabad","A2 1L","67","1","1"
"13-06-2023","Hyderabad","Curd Culture","5","0","0"
"13-06-2023","Hyderabad","A2 Ghee","2","0","0"
"13-06-2023","Hyderabad","Buffalo Milk 1L","31","2","7"
"13-06-2023","Hyderabad","Paneer 200g Cows Milk","5","0","0"
"13-06-2023","Hyderabad","A2 Value Pack 1L","329","8","5"
"13-06-2023","Hyderabad","Buffalo Ghee 500ml","2","0","0"
"13-06-2023","Hyderabad","Kharwas 120g","2","0","0"
"13-06-2023","Hyderabad","A2 Gir Cow Paneer 200g","5","0","0"
"13-06-2023","Hyderabad","New A2 Value Pack 500ml","130","1","0"
"13-06-2023","Hyderabad","Insulated Door Bag","2","0","0"
"13-06-2023","Hyderabad","Buffalo Milk Value Pack 500ml","85","5","1"
"13-06-2023","Hyderabad","Dahi","18","0","0"
"13-06-2023","Hyderabad","Past Milk Value Pack 1L","17","2","0"
"13-06-2023","Hyderabad","Raw Value Pack 1L","40","3","3"
"13-06-2023","Hyderabad","Buffalo Value Pack 1L","169","10","0"
"13-06-2023","Hyderabad","Lactose Free Milk 0.5L","10","0","0"
"13-06-2023","Hyderabad","Past Milk Value Pack 0.5L","9","0","0"
"13-06-2023","Hyderabad","Raw Milk Value Pack 0.5L","15","0","0"
"13-07-2020","Hyderabad","Past Milk 1L","2","0","0"
"13-07-2020","Hyderabad","A2 Value Pack 1L","1","0","0"
"13-07-2021","Hyderabad","A2 1L","1","0","0"
"13-07-2021","Hyderabad","Buffalo Milk 1L","1","0","0"
"13-07-2021","Hyderabad","A2 Value Pack 1L","1","0","0"
"13-07-2022","Hyderabad","Past Milk 1L","29","0","0"
"13-07-2022","Hyderabad","Raw Milk 1L","17","0","0"
"13-07-2022","Hyderabad","A2 1L","46","0","1"
"13-07-2022","Hyderabad","A2 Ghee","2","0","0"
"13-07-2022","Hyderabad","Buffalo Milk 1L","69","0","0"
"13-07-2022","Hyderabad","Paneer 200g Cows Milk","3","0","0"
"13-07-2022","Hyderabad","A2 Value Pack 1L","127","0","0"
"13-07-2022","Hyderabad","Kharwas 120g","3","0","0"
"13-07-2022","Hyderabad","A2 Gir Cow Paneer 200g","2","0","0"
"13-07-2022","Hyderabad","New A2 Value Pack 500ml","68","0","0"
"13-07-2022","Hyderabad","Buffalo Milk Value Pack 500ml","38","0","0"
"13-07-2022","Hyderabad","Dahi","4","0","0"
"13-07-2022","Hyderabad","Past Milk Value Pack 1L","5","0","0"
"13-07-2022","Hyderabad","Raw Value Pack 1L","8","0","0"
"13-07-2022","Hyderabad","Buffalo Value Pack 1L","3","0","0"
"13-07-2022","Hyderabad","Lactose Free Milk 0.5L","6","0","0"
"13-07-2023","Hyderabad","Past Milk 1L","28","0","0"
"13-07-2023","Hyderabad","Raw Milk 1L","19","0","0"
"13-07-2023","Hyderabad","Ghee 500ml","3","0","0"
"13-07-2023","Hyderabad","A2 1L","94","2","2"
"13-07-2023","Hyderabad","Curd Culture","3","0","0"
"13-07-2023","Hyderabad","A2 Ghee","3","0","0"
"13-07-2023","Hyderabad","Buffalo Milk 1L","43","0","1"
"13-07-2023","Hyderabad","Paneer 200g Cows Milk","10","0","0"
"13-07-2023","Hyderabad","A2 Value Pack 1L","458","1","1"
"13-07-2023","Hyderabad","Buffalo Ghee 500ml","4","0","0"
"13-07-2023","Hyderabad","Kharwas 120g","6","0","0"
"13-07-2023","Hyderabad","A2 Gir Cow Paneer 200g","5","0","0"
"13-07-2023","Hyderabad","New A2 Value Pack 500ml","171","0","1"
"13-07-2023","Hyderabad","Buffalo Milk Value Pack 500ml","89","0","2"
"13-07-2023","Hyderabad","Dahi","19","0","0"
"13-07-2023","Hyderabad","Past Milk Value Pack 1L","20","0","0"
"13-07-2023","Hyderabad","Raw Value Pack 1L","53","1","0"
"13-07-2023","Hyderabad","Buffalo Value Pack 1L","211","3","2"
"13-07-2023","Hyderabad","Lactose Free Milk 0.5L","10","1","0"
"13-07-2023","Hyderabad","Past Milk Value Pack 0.5L","12","0","0"
"13-07-2023","Hyderabad","Raw Milk Value Pack 0.5L","22","0","0"
"13-08-2020","Hyderabad","Past Milk 1L","2","0","0"
"13-08-2020","Hyderabad","A2 1L","1","0","0"
"13-08-2021","Hyderabad","A2 1L","1","0","0"
"13-08-2021","Hyderabad","A2 Value Pack 1L","1","0","0"
"13-08-2022","Hyderabad","Past Milk 1L","18","0","0"
"13-08-2022","Hyderabad","Raw Milk 1L","10","0","0"
"13-08-2022","Hyderabad","Ghee 500ml","1","0","0"
"13-08-2022","Hyderabad","A2 1L","44","1","1"
"13-08-2022","Hyderabad","A2 Ghee","2","0","0"
"13-08-2022","Hyderabad","Buffalo Milk 1L","49","0","0"
"13-08-2022","Hyderabad","Paneer 200g Cows Milk","1","0","0"
"13-08-2022","Hyderabad","A2 Value Pack 1L","109","0","0"
"13-08-2022","Hyderabad","Kharwas 120g","4","0","0"
"13-08-2022","Hyderabad","A2 Gir Cow Paneer 200g","1","0","0"
"13-08-2022","Hyderabad","New A2 Value Pack 500ml","60","0","0"
"13-08-2022","Hyderabad","Insulated Door Bag","1","0","0"
"13-08-2022","Hyderabad","Buffalo Milk Value Pack 500ml","25","0","0"
"13-08-2022","Hyderabad","Dahi","5","0","0"
"13-08-2022","Hyderabad","Past Milk Value Pack 1L","8","0","0"
"13-08-2022","Hyderabad","Raw Value Pack 1L","12","0","0"
"13-08-2022","Hyderabad","Buffalo Value Pack 1L","13","0","0"
"13-08-2022","Hyderabad","Lactose Free Milk 0.5L","3","0","0"
"13-08-2023","Hyderabad","Past Milk 1L","28","0","0"
"13-08-2023","Hyderabad","Raw Milk 1L","16","0","0"
"13-08-2023","Hyderabad","Ghee 500ml","3","0","0"
"13-08-2023","Hyderabad","A2 1L","68","0","2"
"13-08-2023","Hyderabad","Curd Culture","2","0","0"
"13-08-2023","Hyderabad","A2 Ghee","3","0","0"
"13-08-2023","Hyderabad","Buffalo Milk 1L","51","0","4"
"13-08-2023","Hyderabad","Paneer 200g Cows Milk","7","0","0"
"13-08-2023","Hyderabad","A2 Value Pack 1L","394","1","2"
"13-08-2023","Hyderabad","Buffalo Ghee 500ml","1","0","0"
"13-08-2023","Hyderabad","Kharwas 120g","5","0","0"
"13-08-2023","Hyderabad","A2 Gir Cow Paneer 200g","6","0","0"
"13-08-2023","Hyderabad","New A2 Value Pack 500ml","143","0","1"
"13-08-2023","Hyderabad","Buffalo Milk Value Pack 500ml","97","0","2"
"13-08-2023","Hyderabad","Dahi","16","0","0"
"13-08-2023","Hyderabad","Past Milk Value Pack 1L","17","0","1"
"13-08-2023","Hyderabad","Raw Value Pack 1L","64","1","0"
"13-08-2023","Hyderabad","Buffalo Value Pack 1L","194","1","5"
"13-08-2023","Hyderabad","Lactose Free Milk 0.5L","13","0","0"
"13-08-2023","Hyderabad","Past Milk Value Pack 0.5L","10","0","0"
"13-08-2023","Hyderabad","Raw Milk Value Pack 0.5L","20","0","0"
"13-09-2020","Hyderabad","Past Milk 1L","1","0","0"
"13-09-2020","Hyderabad","Curd Culture","1","0","0"
"13-09-2020","Hyderabad","A2 Value Pack 1L","1","0","0"
"13-09-2021","Hyderabad","A2 Value Pack 1L","1","0","0"
"13-09-2022","Hyderabad","Past Milk 1L","22","1","2"
"13-09-2022","Hyderabad","Raw Milk 1L","16","0","2"
"13-09-2022","Hyderabad","A2 1L","41","1","14"
"13-09-2022","Hyderabad","Buffalo Milk 1L","64","3","10"
"13-09-2022","Hyderabad","Paneer 200g Cows Milk","5","0","0"
"13-09-2022","Hyderabad","A2 Value Pack 1L","139","1","2"
"13-09-2022","Hyderabad","Kharwas 120g","6","0","0"
"13-09-2022","Hyderabad","A2 Gir Cow Paneer 200g","3","0","0"
"13-09-2022","Hyderabad","New A2 Value Pack 500ml","84","0","2"
"13-09-2022","Hyderabad","Buffalo Milk Value Pack 500ml","55","0","2"
"13-09-2022","Hyderabad","Dahi","12","0","0"
"13-09-2022","Hyderabad","Past Milk Value Pack 1L","4","0","0"
"13-09-2022","Hyderabad","Raw Value Pack 1L","19","0","0"
"13-09-2022","Hyderabad","Buffalo Value Pack 1L","22","1","0"
"13-09-2022","Hyderabad","Lactose Free Milk 0.5L","4","1","1"
"13-09-2023","Hyderabad","Past Milk 1L","23","0","0"
"13-09-2023","Hyderabad","Raw Milk 1L","13","1","0"
"13-09-2023","Hyderabad","Ghee 500ml","2","0","0"
"13-09-2023","Hyderabad","A2 1L","64","0","0"
"13-09-2023","Hyderabad","Curd Culture","2","0","0"
"13-09-2023","Hyderabad","A2 Ghee","1","0","0"
"13-09-2023","Hyderabad","Buffalo Milk 1L","50","0","1"
"13-09-2023","Hyderabad","Paneer 200g Cows Milk","8","0","0"
"13-09-2023","Hyderabad","A2 Value Pack 1L","500","3","7"
"13-09-2023","Hyderabad","Kharwas 120g","3","0","0"
"13-09-2023","Hyderabad","A2 Gir Cow Paneer 200g","2","0","0"
"13-09-2023","Hyderabad","New A2 Value Pack 500ml","162","0","1"
"13-09-2023","Hyderabad","Buffalo Milk Value Pack 500ml","120","0","0"
"13-09-2023","Hyderabad","Dahi","15","0","0"
"13-09-2023","Hyderabad","Past Milk Value Pack 1L","24","0","0"
"13-09-2023","Hyderabad","Raw Value Pack 1L","66","0","0"
"13-09-2023","Hyderabad","Buffalo Value Pack 1L","250","0","4"
"13-09-2023","Hyderabad","Lactose Free Milk 0.5L","9","0","0"
"13-09-2023","Hyderabad","Past Milk Value Pack 0.5L","16","0","0"
"13-09-2023","Hyderabad","Raw Milk Value Pack 0.5L","20","0","1"
"13-10-2020","Hyderabad","Past Milk 1L","1","0","0"
"13-10-2020","Hyderabad","A2 1L","1","0","0"
"13-10-2020","Hyderabad","A2 Value Pack 1L","1","0","0"
"13-10-2021","Hyderabad","Past Milk 1L","1","0","0"
"13-10-2021","Hyderabad","A2 Value Pack 1L","2","0","0"
"13-10-2022","Hyderabad","Past Milk 1L","17","0","1"
"13-10-2022","Hyderabad","Raw Milk 1L","21","0","1"
"13-10-2022","Hyderabad","Ghee 500ml","10","0","0"
"13-10-2022","Hyderabad","A2 1L","49","0","1"
"13-10-2022","Hyderabad","Curd Culture","1","0","0"
"13-10-2022","Hyderabad","Buffalo Milk 1L","58","0","2"
"13-10-2022","Hyderabad","A2 Value Pack 1L","159","0","0"
"13-10-2022","Hyderabad","Buffalo Ghee 500ml","2","0","0"
"13-10-2022","Hyderabad","Kharwas 120g","2","0","0"
"13-10-2022","Hyderabad","New A2 Value Pack 500ml","86","0","1"
"13-10-2022","Hyderabad","Insulated Door Bag","0","0","1"
"13-10-2022","Hyderabad","Buffalo Milk Value Pack 500ml","40","0","0"
"13-10-2022","Hyderabad","Dahi","8","0","0"
"13-10-2022","Hyderabad","Past Milk Value Pack 1L","10","0","0"
"13-10-2022","Hyderabad","Raw Value Pack 1L","17","0","1"
"13-10-2022","Hyderabad","Buffalo Value Pack 1L","15","0","0"
"13-10-2022","Hyderabad","Lactose Free Milk 0.5L","5","0","0"
"13-10-2023","Hyderabad","Past Milk 1L","17","0","0"
"13-10-2023","Hyderabad","Raw Milk 1L","14","0","0"
"13-10-2023","Hyderabad","Ghee 500ml","3","0","0"
"13-10-2023","Hyderabad","A2 1L","57","0","0"
"13-10-2023","Hyderabad","Curd Culture","1","0","1"
"13-10-2023","Hyderabad","A2 Ghee","4","0","0"
"13-10-2023","Hyderabad","Buffalo Milk 1L","34","0","3"
"13-10-2023","Hyderabad","Paneer 200g Cows Milk","4","0","0"
"13-10-2023","Hyderabad","A2 Value Pack 1L","496","1","1"
"13-10-2023","Hyderabad","Kharwas 120g","12","0","0"
"13-10-2023","Hyderabad","A2 Gir Cow Paneer 200g","2","0","0"
"13-10-2023","Hyderabad","New A2 Value Pack 500ml","166","0","0"
"13-10-2023","Hyderabad","Buffalo Milk Value Pack 500ml","132","0","1"
"13-10-2023","Hyderabad","Dahi","19","0","0"
"13-10-2023","Hyderabad","Past Milk Value Pack 1L","18","0","0"
"13-10-2023","Hyderabad","Raw Value Pack 1L","43","0","0"
"13-10-2023","Hyderabad","Buffalo Value Pack 1L","280","0","2"
"13-10-2023","Hyderabad","Lactose Free Milk 0.5L","7","0","0"
"13-10-2023","Hyderabad","Past Milk Value Pack 0.5L","17","0","1"
"13-10-2023","Hyderabad","Raw Milk Value Pack 0.5L","25","0","0"
"13-11-2020","Hyderabad","Past Milk 1L","1","0","0"
"13-11-2020","Hyderabad","A2 Value Pack 1L","1","0","0"
"13-11-2021","Hyderabad","Past Milk 1L","1","0","0"
"13-11-2021","Hyderabad","A2 1L","1","0","0"
"13-11-2021","Hyderabad","A2 Value Pack 1L","2","0","0"
"13-11-2021","Hyderabad","Tender Coconut","2","0","0"
"13-11-2022","Hyderabad","Past Milk 1L","23","0","0"
"13-11-2022","Hyderabad","Raw Milk 1L","11","0","0"
"13-11-2022","Hyderabad","A2 1L","46","0","5"
"13-11-2022","Hyderabad","A2 Ghee","2","0","0"
"13-11-2022","Hyderabad","Buffalo Milk 1L","58","0","8"
"13-11-2022","Hyderabad","Paneer 200g Cows Milk","2","0","0"
"13-11-2022","Hyderabad","A2 Value Pack 1L","158","1","0"
"13-11-2022","Hyderabad","A2 Gir Cow Paneer 200g","1","0","0"
"13-11-2022","Hyderabad","New A2 Value Pack 500ml","77","0","2"
"13-11-2022","Hyderabad","Insulated Door Bag","1","0","0"
"13-11-2022","Hyderabad","Buffalo Milk Value Pack 500ml","35","0","5"
"13-11-2022","Hyderabad","Dahi","6","0","0"
"13-11-2022","Hyderabad","Past Milk Value Pack 1L","9","1","0"
"13-11-2022","Hyderabad","Raw Value Pack 1L","17","0","0"
"13-11-2022","Hyderabad","Buffalo Value Pack 1L","24","0","5"
"13-11-2022","Hyderabad","Lactose Free Milk 0.5L","6","0","0"
"13-11-2022","Hyderabad","Raw Milk Value Pack 0.5L","2","0","0"
"13-11-2023","Hyderabad","Past Milk 1L","14","0","0"
"13-11-2023","Hyderabad","Raw Milk 1L","14","0","0"
"13-11-2023","Hyderabad","Ghee 500ml","4","0","0"
"13-11-2023","Hyderabad","A2 1L","66","0","0"
"13-11-2023","Hyderabad","A2 Ghee","1","1","0"
"13-11-2023","Hyderabad","Buffalo Milk 1L","47","0","0"
"13-11-2023","Hyderabad","Paneer 200g Cows Milk","7","0","0"
"13-11-2023","Hyderabad","A2 Value Pack 1L","503","3","1"
"13-11-2023","Hyderabad","Buffalo Ghee 500ml","1","0","0"
"13-11-2023","Hyderabad","Kharwas 120g","2","0","0"
"13-11-2023","Hyderabad","A2 Gir Cow Paneer 200g","3","0","0"
"13-11-2023","Hyderabad","New A2 Value Pack 500ml","172","1","0"
"13-11-2023","Hyderabad","Buffalo Milk Value Pack 500ml","124","0","0"
"13-11-2023","Hyderabad","Dahi","15","0","0"
"13-11-2023","Hyderabad","Past Milk Value Pack 1L","25","0","0"
"13-11-2023","Hyderabad","Raw Value Pack 1L","53","0","0"
"13-11-2023","Hyderabad","Buffalo Value Pack 1L","278","0","1"
"13-11-2023","Hyderabad","Lactose Free Milk 0.5L","4","0","0"
"13-11-2023","Hyderabad","Past Milk Value Pack 0.5L","15","0","0"
"13-11-2023","Hyderabad","Raw Milk Value Pack 0.5L","21","0","0"
"13-12-2020","Hyderabad","A2 1L","1","0","0"
"13-12-2020","Hyderabad","Buffalo Milk 1L","1","0","0"
"13-12-2020","Hyderabad","A2 Value Pack 1L","1","0","0"
"13-12-2021","Hyderabad","A2 Value Pack 1L","1","0","0"
"13-12-2022","Hyderabad","Past Milk 1L","18","0","1"
"13-12-2022","Hyderabad","Raw Milk 1L","13","0","1"
"13-12-2022","Hyderabad","Ghee 500ml","2","0","0"
"13-12-2022","Hyderabad","A2 1L","55","0","7"
"13-12-2022","Hyderabad","Curd Culture","1","0","0"
"13-12-2022","Hyderabad","A2 Ghee","3","0","0"
"13-12-2022","Hyderabad","Buffalo Milk 1L","57","0","8"
"13-12-2022","Hyderabad","Paneer 200g Cows Milk","2","0","0"
"13-12-2022","Hyderabad","A2 Value Pack 1L","190","0","5"
"13-12-2022","Hyderabad","Buffalo Ghee 500ml","2","0","0"
"13-12-2022","Hyderabad","Kharwas 120g","5","0","0"
"13-12-2022","Hyderabad","A2 Gir Cow Paneer 200g","4","0","0"
"13-12-2022","Hyderabad","New A2 Value Pack 500ml","89","0","1"
"13-12-2022","Hyderabad","Buffalo Milk Value Pack 500ml","35","0","0"
"13-12-2022","Hyderabad","Dahi","3","0","0"
"13-12-2022","Hyderabad","Past Milk Value Pack 1L","6","0","0"
"13-12-2022","Hyderabad","Raw Value Pack 1L","23","0","0"
"13-12-2022","Hyderabad","Buffalo Value Pack 1L","51","0","0"
"13-12-2022","Hyderabad","Lactose Free Milk 0.5L","10","0","0"
"13-12-2022","Hyderabad","Raw Milk Value Pack 0.5L","7","0","3"
"13-12-2023","Hyderabad","Past Milk 1L","27","0","0"
"13-12-2023","Hyderabad","Raw Milk 1L","16","0","0"
"13-12-2023","Hyderabad","Ghee 500ml","7","0","0"
"13-12-2023","Hyderabad","A2 1L","62","1","0"
"13-12-2023","Hyderabad","Curd Culture","1","0","0"
"13-12-2023","Hyderabad","A2 Ghee","3","1","0"
"13-12-2023","Hyderabad","Buffalo Milk 1L","35","0","2"
"13-12-2023","Hyderabad","Paneer 200g Cows Milk","5","0","0"
"13-12-2023","Hyderabad","A2 Value Pack 1L","537","0","8"
"13-12-2023","Hyderabad","Buffalo Ghee 500ml","2","0","0"
"13-12-2023","Hyderabad","Kharwas 120g","9","0","0"
"13-12-2023","Hyderabad","New A2 Value Pack 500ml","200","1","0"
"13-12-2023","Hyderabad","Buffalo Milk Value Pack 500ml","136","0","1"
"13-12-2023","Hyderabad","Dahi","18","0","0"
"13-12-2023","Hyderabad","Past Milk Value Pack 1L","23","0","0"
"13-12-2023","Hyderabad","Raw Value Pack 1L","59","0","0"
"13-12-2023","Hyderabad","Buffalo Value Pack 1L","322","0","14"
"13-12-2023","Hyderabad","Lactose Free Milk 0.5L","9","0","0"
"13-12-2023","Hyderabad","Past Milk Value Pack 0.5L","23","0","0"
"13-12-2023","Hyderabad","Raw Milk Value Pack 0.5L","28","0","0"
"14-01-2020","Hyderabad","Past Milk 1L","2","0","0"
"14-01-2021","Hyderabad","A2 1L","1","0","0"
"14-01-2021","Hyderabad","Buffalo Milk 1L","2","0","0"
"14-01-2021","Hyderabad","A2 Value Pack 1L","1","0","0"
"14-01-2022","Hyderabad","A2 1L","0","0","1"
"14-01-2022","Hyderabad","Buffalo Milk 1L","0","0","1"
"14-01-2022","Hyderabad","A2 Value Pack 1L","1","0","0"
"14-01-2022","Hyderabad","New A2 Value Pack 500ml","1","0","0"
"14-01-2023","Hyderabad","Past Milk 1L","17","0","0"
"14-01-2023","Hyderabad","Raw Milk 1L","21","0","0"
"14-01-2023","Hyderabad","A2 1L","44","0","3"
"14-01-2023","Hyderabad","A2 Ghee","2","0","0"
"14-01-2023","Hyderabad","Buffalo Milk 1L","49","1","5"
"14-01-2023","Hyderabad","Paneer 200g Cows Milk","2","0","0"
"14-01-2023","Hyderabad","A2 Value Pack 1L","194","1","3"
"14-01-2023","Hyderabad","Buffalo Ghee 500ml","1","0","0"
"14-01-2023","Hyderabad","Kharwas 120g","1","0","0"
"14-01-2023","Hyderabad","A2 Gir Cow Paneer 200g","1","0","0"
"14-01-2023","Hyderabad","New A2 Value Pack 500ml","94","0","1"
"14-01-2023","Hyderabad","Buffalo Milk Value Pack 500ml","37","0","1"
"14-01-2023","Hyderabad","Dahi","6","0","0"
"14-01-2023","Hyderabad","Past Milk Value Pack 1L","12","0","2"
"14-01-2023","Hyderabad","Raw Value Pack 1L","27","0","1"
"14-01-2023","Hyderabad","Buffalo Value Pack 1L","64","1","5"
"14-01-2023","Hyderabad","Lactose Free Milk 0.5L","8","0","0"
"14-01-2023","Hyderabad","Past Milk Value Pack 0.5L","5","0","0"
"14-01-2023","Hyderabad","Raw Milk Value Pack 0.5L","15","0","0"
"14-01-2024","Hyderabad","Past Milk 1L","21","0","0"
"14-01-2024","Hyderabad","Raw Milk 1L","15","0","0"
"14-01-2024","Hyderabad","Ghee 500ml","4","0","0"
"14-01-2024","Hyderabad","A2 1L","68","0","0"
"14-01-2024","Hyderabad","Curd Culture","3","0","0"
"14-01-2024","Hyderabad","A2 Ghee","3","2","0"
"14-01-2024","Hyderabad","Buffalo Milk 1L","45","0","0"
"14-01-2024","Hyderabad","Paneer 200g Cows Milk","15","0","0"
"14-01-2024","Hyderabad","A2 Value Pack 1L","477","0","5"
"14-01-2024","Hyderabad","Buffalo Ghee 500ml","5","0","0"
"14-01-2024","Hyderabad","Kharwas 120g","2","0","0"
"14-01-2024","Hyderabad","A2 Gir Cow Paneer 200g","8","0","0"
"14-01-2024","Hyderabad","New A2 Value Pack 500ml","164","0","2"
"14-01-2024","Hyderabad","Insulated Door Bag","0","0","1"
"14-01-2024","Hyderabad","Buffalo Milk Value Pack 500ml","114","0","0"
"14-01-2024","Hyderabad","Dahi","10","0","0"
"14-01-2024","Hyderabad","Past Milk Value Pack 1L","28","0","1"
"14-01-2024","Hyderabad","Raw Value Pack 1L","59","0","0"
"14-01-2024","Hyderabad","Buffalo Value Pack 1L","253","0","2"
"14-01-2024","Hyderabad","Lactose Free Milk 0.5L","7","0","0"
"14-01-2024","Hyderabad","Past Milk Value Pack 0.5L","24","0","0"
"14-01-2024","Hyderabad","Raw Milk Value Pack 0.5L","18","0","1"
"14-02-2020","Hyderabad","Past Milk 1L","2","0","0"
"14-02-2020","Hyderabad","A2 Value Pack 1L","1","0","0"
"14-02-2021","Hyderabad","Buffalo Milk 1L","1","0","0"
"14-02-2021","Hyderabad","A2 Value Pack 1L","1","0","0"
"14-02-2022","Hyderabad","Past Milk 1L","4","0","1"
"14-02-2022","Hyderabad","Raw Milk 1L","5","0","1"
"14-02-2022","Hyderabad","Past Milk 0.5L","2","0","1"
"14-02-2022","Hyderabad","A2 1L","18","0","2"
"14-02-2022","Hyderabad","Curd Culture","1","0","1"
"14-02-2022","Hyderabad","Buffalo Milk 1L","13","0","3"
"14-02-2022","Hyderabad","Paneer 200g Cows Milk","1","0","0"
"14-02-2022","Hyderabad","A2 Value Pack 1L","26","0","1"
"14-02-2022","Hyderabad","A2 Gir Cow Paneer 200g","2","0","0"
"14-02-2022","Hyderabad","New A2 Value Pack 500ml","13","0","3"
"14-02-2022","Hyderabad","Buffalo Milk Value Pack 500ml","9","0","0"
"14-02-2023","Hyderabad","Past Milk 1L","29","0","0"
"14-02-2023","Hyderabad","Raw Milk 1L","15","0","0"
"14-02-2023","Hyderabad","A2 1L","54","1","0"
"14-02-2023","Hyderabad","Curd Culture","3","0","0"
"14-02-2023","Hyderabad","A2 Ghee","1","0","0"
"14-02-2023","Hyderabad","Buffalo Milk 1L","50","0","0"
"14-02-2023","Hyderabad","Paneer 200g Cows Milk","2","0","0"
"14-02-2023","Hyderabad","A2 Value Pack 1L","249","0","0"
"14-02-2023","Hyderabad","Buffalo Ghee 500ml","1","0","0"
"14-02-2023","Hyderabad","Kharwas 120g","3","0","0"
"14-02-2023","Hyderabad","A2 Gir Cow Paneer 200g","2","0","0"
"14-02-2023","Hyderabad","New A2 Value Pack 500ml","110","0","2"
"14-02-2023","Hyderabad","Buffalo Milk Value Pack 500ml","50","0","1"
"14-02-2023","Hyderabad","Dahi","8","0","0"
"14-02-2023","Hyderabad","Past Milk Value Pack 1L","13","0","0"
"14-02-2023","Hyderabad","Raw Value Pack 1L","36","0","0"
"14-02-2023","Hyderabad","Buffalo Value Pack 1L","120","0","0"
"14-02-2023","Hyderabad","Lactose Free Milk 0.5L","3","0","0"
"14-02-2023","Hyderabad","Past Milk Value Pack 0.5L","4","0","0"
"14-02-2023","Hyderabad","Raw Milk Value Pack 0.5L","15","0","0"
"14-02-2024","Hyderabad","Past Milk 1L","17","0","0"
"14-02-2024","Hyderabad","Raw Milk 1L","12","0","2"
"14-02-2024","Hyderabad","Ghee 500ml","1","0","0"
"14-02-2024","Hyderabad","A2 1L","64","2","12"
"14-02-2024","Hyderabad","Curd Culture","2","0","0"
"14-02-2024","Hyderabad","A2 Ghee","2","0","0"
"14-02-2024","Hyderabad","Buffalo Milk 1L","38","1","5"
"14-02-2024","Hyderabad","Paneer 200g Cows Milk","7","0","0"
"14-02-2024","Hyderabad","A2 Value Pack 1L","563","1","1"
"14-02-2024","Hyderabad","Buffalo Ghee 500ml","3","0","0"
"14-02-2024","Hyderabad","Kharwas 120g","2","0","0"
"14-02-2024","Hyderabad","A2 Gir Cow Paneer 200g","2","0","0"
"14-02-2024","Hyderabad","New A2 Value Pack 500ml","236","0","2"
"14-02-2024","Hyderabad","Buffalo Milk Value Pack 500ml","155","0","0"
"14-02-2024","Hyderabad","Dahi","17","0","0"
"14-02-2024","Hyderabad","Past Milk Value Pack 1L","21","0","0"
"14-02-2024","Hyderabad","Raw Value Pack 1L","73","0","0"
"14-02-2024","Hyderabad","Buffalo Value Pack 1L","356","2","1"
"14-02-2024","Hyderabad","Lactose Free Milk 0.5L","8","0","0"
"14-02-2024","Hyderabad","Past Milk Value Pack 0.5L","20","0","1"
"14-02-2024","Hyderabad","Raw Milk Value Pack 0.5L","18","0","0"
"14-03-2020","Hyderabad","Past Milk 1L","2","0","0"
"14-03-2020","Hyderabad","A2 Value Pack 1L","2","0","0"
"14-03-2021","Hyderabad","A2 Value Pack 1L","1","0","0"
"14-03-2022","Hyderabad","Past Milk 1L","7","0","0"
"14-03-2022","Hyderabad","Raw Milk 1L","11","0","0"
"14-03-2022","Hyderabad","Past Milk 0.5L","3","0","0"
"14-03-2022","Hyderabad","Ghee 500ml","1","0","0"
"14-03-2022","Hyderabad","A2 1L","25","0","0"
"14-03-2022","Hyderabad","A2 Ghee","1","0","0"
"14-03-2022","Hyderabad","Buffalo Milk 1L","37","0","0"
"14-03-2022","Hyderabad","Paneer 200g Cows Milk","1","0","0"
"14-03-2022","Hyderabad","A2 Value Pack 1L","53","0","0"
"14-03-2022","Hyderabad","Buffalo Ghee 500ml","1","0","0"
"14-03-2022","Hyderabad","Kharwas 120g","6","0","0"
"14-03-2022","Hyderabad","A2 Gir Cow Paneer 200g","1","0","0"
"14-03-2022","Hyderabad","New A2 Value Pack 500ml","34","0","0"
"14-03-2022","Hyderabad","Insulated Door Bag","1","0","0"
"14-03-2022","Hyderabad","Buffalo Milk Value Pack 500ml","15","0","0"
"14-03-2022","Hyderabad","Dahi","2","0","0"
"14-03-2023","Hyderabad","Past Milk 1L","19","0","0"
"14-03-2023","Hyderabad","Raw Milk 1L","16","2","1"
"14-03-2023","Hyderabad","Ghee 500ml","2","0","0"
"14-03-2023","Hyderabad","A2 1L","59","0","1"
"14-03-2023","Hyderabad","Curd Culture","3","0","0"
"14-03-2023","Hyderabad","A2 Ghee","4","0","0"
"14-03-2023","Hyderabad","Buffalo Milk 1L","55","3","7"
"14-03-2023","Hyderabad","Paneer 200g Cows Milk","2","0","0"
"14-03-2023","Hyderabad","A2 Value Pack 1L","260","2","7"
"14-03-2023","Hyderabad","Buffalo Ghee 500ml","1","0","0"
"14-03-2023","Hyderabad","Kharwas 120g","4","0","0"
"14-03-2023","Hyderabad","A2 Gir Cow Paneer 200g","1","0","0"
"14-03-2023","Hyderabad","New A2 Value Pack 500ml","110","1","1"
"14-03-2023","Hyderabad","Insulated Door Bag","1","0","0"
"14-03-2023","Hyderabad","Buffalo Milk Value Pack 500ml","69","0","3"
"14-03-2023","Hyderabad","Dahi","12","0","0"
"14-03-2023","Hyderabad","Past Milk Value Pack 1L","20","0","0"
"14-03-2023","Hyderabad","Raw Value Pack 1L","34","2","1"
"14-03-2023","Hyderabad","Buffalo Value Pack 1L","134","1","1"
"14-03-2023","Hyderabad","Lactose Free Milk 0.5L","8","0","0"
"14-03-2023","Hyderabad","Past Milk Value Pack 0.5L","6","0","0"
"14-03-2023","Hyderabad","Raw Milk Value Pack 0.5L","21","0","0"
"14-03-2024","Hyderabad","Past Milk 1L","25","0","0"
"14-03-2024","Hyderabad","Raw Milk 1L","15","0","1"
"14-03-2024","Hyderabad","Ghee 500ml","4","0","0"
"14-03-2024","Hyderabad","A2 1L","72","0","11"
"14-03-2024","Hyderabad","Curd Culture","3","0","0"
"14-03-2024","Hyderabad","A2 Ghee","5","0","0"
"14-03-2024","Hyderabad","Buffalo Milk 1L","43","0","8"
"14-03-2024","Hyderabad","Paneer 200g Cows Milk","14","0","0"
"14-03-2024","Hyderabad","A2 Value Pack 1L","580","0","0"
"14-03-2024","Hyderabad","Buffalo Ghee 500ml","1","0","0"
"14-03-2024","Hyderabad","Kharwas 120g","4","0","0"
"14-03-2024","Hyderabad","A2 Gir Cow Paneer 200g","3","0","0"
"14-03-2024","Hyderabad","New A2 Value Pack 500ml","226","0","0"
"14-03-2024","Hyderabad","Buffalo Milk Value Pack 500ml","187","0","1"
"14-03-2024","Hyderabad","Dahi","12","0","0"
"14-03-2024","Hyderabad","Past Milk Value Pack 1L","21","0","0"
"14-03-2024","Hyderabad","Raw Value Pack 1L","63","0","0"
"14-03-2024","Hyderabad","Buffalo Value Pack 1L","366","0","1"
"14-03-2024","Hyderabad","Lactose Free Milk 0.5L","18","0","0"
"14-03-2024","Hyderabad","Past Milk Value Pack 0.5L","20","0","0"
"14-03-2024","Hyderabad","Raw Milk Value Pack 0.5L","22","0","0"
"14-04-2020","Hyderabad","Past Milk 1L","3","0","0"
"14-04-2020","Hyderabad","A2 Value Pack 1L","1","0","0"
"14-04-2021","Hyderabad","A2 1L","1","0","0"
"14-04-2021","Hyderabad","Buffalo Milk 1L","1","0","0"
"14-04-2021","Hyderabad","A2 Value Pack 1L","1","0","0"
"14-04-2022","Hyderabad","Past Milk 1L","13","0","2"
"14-04-2022","Hyderabad","Raw Milk 1L","9","0","1"
"14-04-2022","Hyderabad","Past Milk 0.5L","7","0","0"
"14-04-2022","Hyderabad","Ghee 500ml","1","0","0"
"14-04-2022","Hyderabad","A2 1L","39","0","2"
"14-04-2022","Hyderabad","A2 Ghee","2","0","0"
"14-04-2022","Hyderabad","Buffalo Milk 1L","39","0","4"
"14-04-2022","Hyderabad","Paneer 200g Cows Milk","3","0","0"
"14-04-2022","Hyderabad","A2 Value Pack 1L","70","0","0"
"14-04-2022","Hyderabad","Buffalo Ghee 500ml","1","0","0"
"14-04-2022","Hyderabad","Kharwas 120g","1","0","0"
"14-04-2022","Hyderabad","New A2 Value Pack 500ml","34","0","1"
"14-04-2022","Hyderabad","Buffalo Milk Value Pack 500ml","16","0","1"
"14-04-2023","Hyderabad","Past Milk 1L","18","0","0"
"14-04-2023","Hyderabad","Raw Milk 1L","20","0","0"
"14-04-2023","Hyderabad","A2 1L","71","1","0"
"14-04-2023","Hyderabad","A2 Ghee","3","0","0"
"14-04-2023","Hyderabad","Buffalo Milk 1L","53","0","1"
"14-04-2023","Hyderabad","Paneer 200g Cows Milk","5","0","0"
"14-04-2023","Hyderabad","A2 Value Pack 1L","295","1","0"
"14-04-2023","Hyderabad","Kharwas 120g","9","0","0"
"14-04-2023","Hyderabad","A2 Gir Cow Paneer 200g","2","0","0"
"14-04-2023","Hyderabad","New A2 Value Pack 500ml","133","0","0"
"14-04-2023","Hyderabad","Buffalo Milk Value Pack 500ml","69","1","0"
"14-04-2023","Hyderabad","Dahi","8","0","0"
"14-04-2023","Hyderabad","Past Milk Value Pack 1L","16","0","0"
"14-04-2023","Hyderabad","Raw Value Pack 1L","40","0","0"
"14-04-2023","Hyderabad","Buffalo Value Pack 1L","160","0","0"
"14-04-2023","Hyderabad","Lactose Free Milk 0.5L","7","0","0"
"14-04-2023","Hyderabad","Past Milk Value Pack 0.5L","6","0","0"
"14-04-2023","Hyderabad","Raw Milk Value Pack 0.5L","17","0","0"
"14-05-2020","Hyderabad","Past Milk 1L","2","0","0"
"14-05-2021","Hyderabad","A2 1L","1","0","0"
"14-05-2021","Hyderabad","A2 Value Pack 1L","1","0","0"
"14-05-2022","Hyderabad","Past Milk 1L","14","0","0"
"14-05-2022","Hyderabad","Raw Milk 1L","16","0","1"
"14-05-2022","Hyderabad","Past Milk 0.5L","2","0","0"
"14-05-2022","Hyderabad","A2 1L","48","0","3"
"14-05-2022","Hyderabad","Buffalo Milk 1L","37","0","6"
"14-05-2022","Hyderabad","Paneer 200g Cows Milk","1","0","0"
"14-05-2022","Hyderabad","A2 Value Pack 1L","77","1","0"
"14-05-2022","Hyderabad","New A2 Value Pack 500ml","35","0","0"
"14-05-2022","Hyderabad","Insulated Door Bag","2","0","0"
"14-05-2022","Hyderabad","Buffalo Milk Value Pack 500ml","20","1","0"
"14-05-2022","Hyderabad","Dahi","2","0","0"
"14-05-2023","Hyderabad","Past Milk 1L","21","0","0"
"14-05-2023","Hyderabad","Raw Milk 1L","15","1","0"
"14-05-2023","Hyderabad","Ghee 500ml","1","0","0"
"14-05-2023","Hyderabad","A2 1L","54","2","0"
"14-05-2023","Hyderabad","Curd Culture","2","0","0"
"14-05-2023","Hyderabad","A2 Ghee","1","0","0"
"14-05-2023","Hyderabad","Buffalo Milk 1L","42","6","0"
"14-05-2023","Hyderabad","Paneer 200g Cows Milk","4","0","0"
"14-05-2023","Hyderabad","A2 Value Pack 1L","259","14","0"
"14-05-2023","Hyderabad","Buffalo Ghee 500ml","1","0","0"
"14-05-2023","Hyderabad","Kharwas 120g","11","0","0"
"14-05-2023","Hyderabad","A2 Gir Cow Paneer 200g","3","0","0"
"14-05-2023","Hyderabad","New A2 Value Pack 500ml","108","7","0"
"14-05-2023","Hyderabad","Insulated Door Bag","1","0","0"
"14-05-2023","Hyderabad","Buffalo Milk Value Pack 500ml","71","5","0"
"14-05-2023","Hyderabad","Dahi","11","0","0"
"14-05-2023","Hyderabad","Past Milk Value Pack 1L","17","1","0"
"14-05-2023","Hyderabad","Raw Value Pack 1L","37","6","1"
"14-05-2023","Hyderabad","Buffalo Value Pack 1L","146","22","1"
"14-05-2023","Hyderabad","Lactose Free Milk 0.5L","6","0","0"
"14-05-2023","Hyderabad","Past Milk Value Pack 0.5L","7","1","0"
"14-05-2023","Hyderabad","Raw Milk Value Pack 0.5L","18","0","0"
"14-06-2020","Hyderabad","Past Milk 1L","2","0","0"
"14-06-2020","Hyderabad","A2 1L","1","0","0"
"14-06-2020","Hyderabad","A2 Value Pack 1L","1","0","0"
"14-06-2021","Hyderabad","A2 1L","1","0","0"
"14-06-2021","Hyderabad","A2 Value Pack 1L","1","0","0"
"14-06-2022","Hyderabad","Past Milk 1L","17","0","0"
"14-06-2022","Hyderabad","Raw Milk 1L","18","0","0"
"14-06-2022","Hyderabad","Past Milk 0.5L","5","0","0"
"14-06-2022","Hyderabad","Ghee 500ml","1","0","0"
"14-06-2022","Hyderabad","A2 1L","46","1","1"
"14-06-2022","Hyderabad","Curd Culture","2","0","0"
"14-06-2022","Hyderabad","A2 Ghee","1","0","0"
"14-06-2022","Hyderabad","Buffalo Milk 1L","62","0","4"
"14-06-2022","Hyderabad","Paneer 200g Cows Milk","2","0","0"
"14-06-2022","Hyderabad","A2 Value Pack 1L","130","0","0"
"14-06-2022","Hyderabad","Kharwas 120g","5","0","0"
"14-06-2022","Hyderabad","A2 Gir Cow Paneer 200g","1","0","0"
"14-06-2022","Hyderabad","New A2 Value Pack 500ml","50","0","0"
"14-06-2022","Hyderabad","Insulated Door Bag","1","0","0"
"14-06-2022","Hyderabad","Buffalo Milk Value Pack 500ml","39","1","0"
"14-06-2022","Hyderabad","Dahi","2","0","0"
"14-06-2023","Hyderabad","Past Milk 1L","22","0","1"
"14-06-2023","Hyderabad","Raw Milk 1L","16","1","0"
"14-06-2023","Hyderabad","Ghee 500ml","1","0","0"
"14-06-2023","Hyderabad","A2 1L","63","1","4"
"14-06-2023","Hyderabad","Curd Culture","1","0","0"
"14-06-2023","Hyderabad","A2 Ghee","3","0","0"
"14-06-2023","Hyderabad","Buffalo Milk 1L","48","2","6"
"14-06-2023","Hyderabad","Paneer 200g Cows Milk","4","0","0"
"14-06-2023","Hyderabad","A2 Value Pack 1L","344","11","4"
"14-06-2023","Hyderabad","Buffalo Ghee 500ml","3","0","0"
"14-06-2023","Hyderabad","Kharwas 120g","8","0","0"
"14-06-2023","Hyderabad","A2 Gir Cow Paneer 200g","3","0","0"
"14-06-2023","Hyderabad","New A2 Value Pack 500ml","123","2","1"
"14-06-2023","Hyderabad","Insulated Door Bag","1","0","0"
"14-06-2023","Hyderabad","Buffalo Milk Value Pack 500ml","93","6","3"
"14-06-2023","Hyderabad","Dahi","10","0","0"
"14-06-2023","Hyderabad","Past Milk Value Pack 1L","21","0","1"
"14-06-2023","Hyderabad","Raw Value Pack 1L","47","2","0"
"14-06-2023","Hyderabad","Buffalo Value Pack 1L","183","8","1"
"14-06-2023","Hyderabad","Lactose Free Milk 0.5L","10","0","0"
"14-06-2023","Hyderabad","Past Milk Value Pack 0.5L","7","0","0"
"14-06-2023","Hyderabad","Raw Milk Value Pack 0.5L","15","0","0"
"14-07-2020","Hyderabad","Past Milk 1L","2","0","0"
"14-07-2020","Hyderabad","A2 1L","1","0","0"
"14-07-2021","Hyderabad","A2 1L","1","0","0"
"14-07-2021","Hyderabad","Buffalo Milk 1L","1","0","0"
"14-07-2021","Hyderabad","A2 Value Pack 1L","1","0","0"
"14-07-2021","Hyderabad","Kharwas 120g","1","0","0"
"14-07-2022","Hyderabad","Past Milk 1L","21","0","0"
"14-07-2022","Hyderabad","Raw Milk 1L","14","0","0"
"14-07-2022","Hyderabad","A2 1L","54","0","0"
"14-07-2022","Hyderabad","Buffalo Milk 1L","61","0","0"
"14-07-2022","Hyderabad","Paneer 200g Cows Milk","3","0","0"
"14-07-2022","Hyderabad","A2 Value Pack 1L","127","0","0"
"14-07-2022","Hyderabad","Kharwas 120g","2","0","0"
"14-07-2022","Hyderabad","A2 Gir Cow Paneer 200g","2","0","0"
"14-07-2022","Hyderabad","New A2 Value Pack 500ml","61","0","0"
"14-07-2022","Hyderabad","Buffalo Milk Value Pack 500ml","38","0","0"
"14-07-2022","Hyderabad","Dahi","2","0","0"
"14-07-2022","Hyderabad","Past Milk Value Pack 1L","5","0","0"
"14-07-2022","Hyderabad","Raw Value Pack 1L","7","0","0"
"14-07-2022","Hyderabad","Buffalo Value Pack 1L","4","0","0"
"14-07-2022","Hyderabad","Lactose Free Milk 0.5L","4","0","0"
"14-07-2023","Hyderabad","Past Milk 1L","29","0","0"
"14-07-2023","Hyderabad","Raw Milk 1L","19","0","0"
"14-07-2023","Hyderabad","A2 1L","93","1","0"
"14-07-2023","Hyderabad","Curd Culture","4","0","0"
"14-07-2023","Hyderabad","A2 Ghee","5","0","0"
"14-07-2023","Hyderabad","Buffalo Milk 1L","50","0","0"
"14-07-2023","Hyderabad","Paneer 200g Cows Milk","9","0","0"
"14-07-2023","Hyderabad","A2 Value Pack 1L","429","1","1"
"14-07-2023","Hyderabad","Buffalo Ghee 500ml","1","0","0"
"14-07-2023","Hyderabad","Kharwas 120g","3","0","0"
"14-07-2023","Hyderabad","A2 Gir Cow Paneer 200g","2","0","0"
"14-07-2023","Hyderabad","New A2 Value Pack 500ml","165","2","0"
"14-07-2023","Hyderabad","Buffalo Milk Value Pack 500ml","124","0","0"
"14-07-2023","Hyderabad","Dahi","11","0","0"
"14-07-2023","Hyderabad","Past Milk Value Pack 1L","20","0","0"
"14-07-2023","Hyderabad","Raw Value Pack 1L","55","0","0"
"14-07-2023","Hyderabad","Buffalo Value Pack 1L","195","0","0"
"14-07-2023","Hyderabad","Lactose Free Milk 0.5L","12","0","0"
"14-07-2023","Hyderabad","Past Milk Value Pack 0.5L","10","0","0"
"14-07-2023","Hyderabad","Raw Milk Value Pack 0.5L","20","0","0"
"14-08-2020","Hyderabad","Past Milk 1L","2","0","0"
"14-08-2020","Hyderabad","A2 Value Pack 1L","1","0","0"
"14-08-2021","Hyderabad","Raw Milk 1L","1","0","0"
"14-08-2021","Hyderabad","A2 1L","1","0","0"
"14-08-2021","Hyderabad","A2 Value Pack 1L","1","0","0"
"14-08-2022","Hyderabad","Past Milk 1L","20","0","0"
"14-08-2022","Hyderabad","Raw Milk 1L","13","0","0"
"14-08-2022","Hyderabad","Ghee 500ml","1","0","0"
"14-08-2022","Hyderabad","A2 1L","48","0","1"
"14-08-2022","Hyderabad","A2 Ghee","3","0","0"
"14-08-2022","Hyderabad","Buffalo Milk 1L","40","0","3"
"14-08-2022","Hyderabad","Paneer 200g Cows Milk","1","0","0"
"14-08-2022","Hyderabad","A2 Value Pack 1L","100","0","0"
"14-08-2022","Hyderabad","Kharwas 120g","2","0","0"
"14-08-2022","Hyderabad","New A2 Value Pack 500ml","61","0","0"
"14-08-2022","Hyderabad","Buffalo Milk Value Pack 500ml","25","0","0"
"14-08-2022","Hyderabad","Dahi","7","0","0"
"14-08-2022","Hyderabad","Past Milk Value Pack 1L","8","0","0"
"14-08-2022","Hyderabad","Raw Value Pack 1L","14","0","0"
"14-08-2022","Hyderabad","Buffalo Value Pack 1L","12","0","0"
"14-08-2023","Hyderabad","Past Milk 1L","25","0","0"
"14-08-2023","Hyderabad","Raw Milk 1L","16","0","0"
"14-08-2023","Hyderabad","Ghee 500ml","8","0","0"
"14-08-2023","Hyderabad","A2 1L","60","0","4"
"14-08-2023","Hyderabad","Curd Culture","1","0","1"
"14-08-2023","Hyderabad","Buffalo Milk 1L","43","1","2"
"14-08-2023","Hyderabad","Paneer 200g Cows Milk","5","0","0"
"14-08-2023","Hyderabad","A2 Value Pack 1L","395","4","1"
"14-08-2023","Hyderabad","Buffalo Ghee 500ml","1","0","0"
"14-08-2023","Hyderabad","A2 Gir Cow Paneer 200g","3","0","0"
"14-08-2023","Hyderabad","New A2 Value Pack 500ml","150","0","0"
"14-08-2023","Hyderabad","Buffalo Milk Value Pack 500ml","97","0","0"
"14-08-2023","Hyderabad","Dahi","15","0","0"
"14-08-2023","Hyderabad","Past Milk Value Pack 1L","18","0","0"
"14-08-2023","Hyderabad","Raw Value Pack 1L","63","0","0"
"14-08-2023","Hyderabad","Buffalo Value Pack 1L","209","1","0"
"14-08-2023","Hyderabad","Lactose Free Milk 0.5L","12","0","0"
"14-08-2023","Hyderabad","Past Milk Value Pack 0.5L","12","0","0"
"14-08-2023","Hyderabad","Raw Milk Value Pack 0.5L","15","0","0"
"14-09-2020","Hyderabad","Past Milk 1L","1","0","0"
"14-09-2020","Hyderabad","A2 1L","1","0","0"
"14-09-2021","Hyderabad","A2 1L","1","0","0"
"14-09-2021","Hyderabad","A2 Value Pack 1L","2","0","0"
"14-09-2022","Hyderabad","Past Milk 1L","21","0","5"
"14-09-2022","Hyderabad","Raw Milk 1L","14","0","2"
"14-09-2022","Hyderabad","A2 1L","55","0","6"
"14-09-2022","Hyderabad","Buffalo Milk 1L","58","0","8"
"14-09-2022","Hyderabad","Paneer 200g Cows Milk","2","0","0"
"14-09-2022","Hyderabad","A2 Value Pack 1L","151","2","3"
"14-09-2022","Hyderabad","Buffalo Ghee 500ml","2","0","0"
"14-09-2022","Hyderabad","Kharwas 120g","5","0","0"
"14-09-2022","Hyderabad","A2 Gir Cow Paneer 200g","4","0","0"
"14-09-2022","Hyderabad","New A2 Value Pack 500ml","93","0","0"
"14-09-2022","Hyderabad","Insulated Door Bag","1","0","0"
"14-09-2022","Hyderabad","Buffalo Milk Value Pack 500ml","33","0","0"
"14-09-2022","Hyderabad","Dahi","5","0","0"
"14-09-2022","Hyderabad","Past Milk Value Pack 1L","6","0","0"
"14-09-2022","Hyderabad","Raw Value Pack 1L","21","0","0"
"14-09-2022","Hyderabad","Buffalo Value Pack 1L","13","0","0"
"14-09-2022","Hyderabad","Lactose Free Milk 0.5L","5","0","0"
"14-09-2023","Hyderabad","Past Milk 1L","18","0","0"
"14-09-2023","Hyderabad","Raw Milk 1L","14","0","0"
"14-09-2023","Hyderabad","A2 1L","61","0","0"
"14-09-2023","Hyderabad","Curd Culture","2","0","1"
"14-09-2023","Hyderabad","A2 Ghee","3","0","0"
"14-09-2023","Hyderabad","Buffalo Milk 1L","58","0","0"
"14-09-2023","Hyderabad","Paneer 200g Cows Milk","4","0","0"
"14-09-2023","Hyderabad","A2 Value Pack 1L","515","2","2"
"14-09-2023","Hyderabad","Buffalo Ghee 500ml","1","0","0"
"14-09-2023","Hyderabad","Kharwas 120g","2","0","0"
"14-09-2023","Hyderabad","A2 Gir Cow Paneer 200g","2","0","0"
"14-09-2023","Hyderabad","New A2 Value Pack 500ml","159","1","2"
"14-09-2023","Hyderabad","Buffalo Milk Value Pack 500ml","127","0","1"
"14-09-2023","Hyderabad","Dahi","19","0","0"
"14-09-2023","Hyderabad","Past Milk Value Pack 1L","19","1","0"
"14-09-2023","Hyderabad","Raw Value Pack 1L","59","0","0"
"14-09-2023","Hyderabad","Buffalo Value Pack 1L","232","1","6"
"14-09-2023","Hyderabad","Lactose Free Milk 0.5L","10","0","0"
"14-09-2023","Hyderabad","Past Milk Value Pack 0.5L","14","0","0"
"14-09-2023","Hyderabad","Raw Milk Value Pack 0.5L","19","0","0"
"14-10-2020","Hyderabad","Past Milk 1L","1","0","0"
"14-10-2020","Hyderabad","A2 Value Pack 1L","1","0","0"
"14-10-2021","Hyderabad","Past Milk 1L","1","0","0"
"14-10-2021","Hyderabad","A2 1L","1","0","0"
"14-10-2021","Hyderabad","A2 Value Pack 1L","1","0","0"
"14-10-2022","Hyderabad","Past Milk 1L","22","0","0"
"14-10-2022","Hyderabad","Raw Milk 1L","14","0","2"
"14-10-2022","Hyderabad","Ghee 500ml","1","0","0"
"14-10-2022","Hyderabad","A2 1L","48","0","4"
"14-10-2022","Hyderabad","Curd Culture","1","0","0"
"14-10-2022","Hyderabad","A2 Ghee","2","0","0"
"14-10-2022","Hyderabad","Buffalo Milk 1L","59","0","1"
"14-10-2022","Hyderabad","Paneer 200g Cows Milk","4","0","0"
"14-10-2022","Hyderabad","A2 Value Pack 1L","165","0","1"
"14-10-2022","Hyderabad","Kharwas 120g","2","0","0"
"14-10-2022","Hyderabad","A2 Gir Cow Paneer 200g","2","0","0"
"14-10-2022","Hyderabad","New A2 Value Pack 500ml","91","0","0"
"14-10-2022","Hyderabad","Buffalo Milk Value Pack 500ml","42","0","4"
"14-10-2022","Hyderabad","Dahi","11","0","0"
"14-10-2022","Hyderabad","Past Milk Value Pack 1L","3","0","0"
"14-10-2022","Hyderabad","Raw Value Pack 1L","16","0","0"
"14-10-2022","Hyderabad","Buffalo Value Pack 1L","12","0","2"
"14-10-2022","Hyderabad","Lactose Free Milk 0.5L","6","0","0"
"14-10-2022","Hyderabad","Raw Milk Value Pack 0.5L","4","0","0"
"14-10-2023","Hyderabad","Past Milk 1L","14","0","1"
"14-10-2023","Hyderabad","Raw Milk 1L","14","0","0"
"14-10-2023","Hyderabad","Ghee 500ml","6","0","0"
"14-10-2023","Hyderabad","A2 1L","68","0","1"
"14-10-2023","Hyderabad","Curd Culture","2","0","0"
"14-10-2023","Hyderabad","A2 Ghee","3","0","0"
"14-10-2023","Hyderabad","Buffalo Milk 1L","76","1","0"
"14-10-2023","Hyderabad","Paneer 200g Cows Milk","9","0","0"
"14-10-2023","Hyderabad","A2 Value Pack 1L","484","1","3"
"14-10-2023","Hyderabad","Buffalo Ghee 500ml","11","0","0"
"14-10-2023","Hyderabad","Kharwas 120g","6","0","0"
"14-10-2023","Hyderabad","New A2 Value Pack 500ml","177","0","0"
"14-10-2023","Hyderabad","Buffalo Milk Value Pack 500ml","140","1","0"
"14-10-2023","Hyderabad","Dahi","15","0","0"
"14-10-2023","Hyderabad","Past Milk Value Pack 1L","20","0","0"
"14-10-2023","Hyderabad","Raw Value Pack 1L","40","0","0"
"14-10-2023","Hyderabad","Buffalo Value Pack 1L","277","1","7"
"14-10-2023","Hyderabad","Lactose Free Milk 0.5L","10","0","0"
"14-10-2023","Hyderabad","Past Milk Value Pack 0.5L","16","0","0"
"14-10-2023","Hyderabad","Raw Milk Value Pack 0.5L","26","0","0"
"14-11-2020","Hyderabad","Past Milk 1L","1","0","0"
"14-11-2020","Hyderabad","A2 1L","1","0","0"
"14-11-2020","Hyderabad","A2 Value Pack 1L","2","0","0"
"14-11-2021","Hyderabad","Past Milk 1L","1","0","0"
"14-11-2021","Hyderabad","Buffalo Milk 1L","1","0","0"
"14-11-2021","Hyderabad","A2 Value Pack 1L","2","0","0"
"14-11-2021","Hyderabad","Tender Coconut","4","0","0"
"14-11-2021","Hyderabad","Dahi","1","0","0"
"14-11-2022","Hyderabad","Past Milk 1L","17","0","0"
"14-11-2022","Hyderabad","Raw Milk 1L","16","0","0"
"14-11-2022","Hyderabad","Ghee 500ml","1","0","0"
"14-11-2022","Hyderabad","A2 1L","46","0","3"
"14-11-2022","Hyderabad","Curd Culture","3","0","0"
"14-11-2022","Hyderabad","A2 Ghee","2","0","0"
"14-11-2022","Hyderabad","Buffalo Milk 1L","73","0","6"
"14-11-2022","Hyderabad","Paneer 200g Cows Milk","4","0","0"
"14-11-2022","Hyderabad","A2 Value Pack 1L","164","0","0"
"14-11-2022","Hyderabad","Buffalo Ghee 500ml","1","0","0"
"14-11-2022","Hyderabad","Kharwas 120g","1","0","0"
"14-11-2022","Hyderabad","A2 Gir Cow Paneer 200g","1","0","0"
"14-11-2022","Hyderabad","New A2 Value Pack 500ml","86","1","1"
"14-11-2022","Hyderabad","Insulated Door Bag","1","0","0"
"14-11-2022","Hyderabad","Buffalo Milk Value Pack 500ml","42","0","5"
"14-11-2022","Hyderabad","Dahi","15","0","0"
"14-11-2022","Hyderabad","Past Milk Value Pack 1L","7","1","0"
"14-11-2022","Hyderabad","Raw Value Pack 1L","21","0","0"
"14-11-2022","Hyderabad","Buffalo Value Pack 1L","28","0","0"
"14-11-2022","Hyderabad","Lactose Free Milk 0.5L","5","0","0"
"14-11-2022","Hyderabad","Past Milk Value Pack 0.5L","2","0","1"
"14-11-2023","Hyderabad","Past Milk 1L","18","0","0"
"14-11-2023","Hyderabad","Raw Milk 1L","14","0","0"
"14-11-2023","Hyderabad","Ghee 500ml","1","0","0"
"14-11-2023","Hyderabad","A2 1L","59","0","1"
"14-11-2023","Hyderabad","Curd Culture","3","0","0"
"14-11-2023","Hyderabad","A2 Ghee","1","0","0"
"14-11-2023","Hyderabad","Buffalo Milk 1L","51","0","0"
"14-11-2023","Hyderabad","Paneer 200g Cows Milk","10","0","0"
"14-11-2023","Hyderabad","A2 Value Pack 1L","468","1","0"
"14-11-2023","Hyderabad","Buffalo Ghee 500ml","2","0","0"
"14-11-2023","Hyderabad","Kharwas 120g","8","0","0"
"14-11-2023","Hyderabad","A2 Gir Cow Paneer 200g","1","0","0"
"14-11-2023","Hyderabad","New A2 Value Pack 500ml","176","0","0"
"14-11-2023","Hyderabad","Insulated Door Bag","2","0","0"
"14-11-2023","Hyderabad","Buffalo Milk Value Pack 500ml","145","0","0"
"14-11-2023","Hyderabad","Dahi","14","0","0"
"14-11-2023","Hyderabad","Past Milk Value Pack 1L","22","0","0"
"14-11-2023","Hyderabad","Raw Value Pack 1L","58","0","0"
"14-11-2023","Hyderabad","Buffalo Value Pack 1L","282","0","1"
"14-11-2023","Hyderabad","Lactose Free Milk 0.5L","6","0","0"
"14-11-2023","Hyderabad","Past Milk Value Pack 0.5L","16","0","0"
"14-11-2023","Hyderabad","Raw Milk Value Pack 0.5L","14","0","0"
"14-12-2020","Hyderabad","Buffalo Milk 1L","1","0","0"
"14-12-2020","Hyderabad","A2 Value Pack 1L","2","0","0"
"14-12-2021","Hyderabad","A2 Value Pack 1L","2","0","0"
"14-12-2022","Hyderabad","Past Milk 1L","23","0","0"
"14-12-2022","Hyderabad","Raw Milk 1L","16","0","1"
"14-12-2022","Hyderabad","Ghee 500ml","3","0","0"
"14-12-2022","Hyderabad","A2 1L","61","0","0"
"14-12-2022","Hyderabad","Curd Culture","1","0","0"
"14-12-2022","Hyderabad","Buffalo Milk 1L","65","1","2"
"14-12-2022","Hyderabad","Paneer 200g Cows Milk","4","0","0"
"14-12-2022","Hyderabad","A2 Value Pack 1L","184","0","3"
"14-12-2022","Hyderabad","Buffalo Ghee 500ml","1","0","0"
"14-12-2022","Hyderabad","Kharwas 120g","4","0","0"
"14-12-2022","Hyderabad","A2 Gir Cow Paneer 200g","7","0","0"
"14-12-2022","Hyderabad","New A2 Value Pack 500ml","95","0","0"
"14-12-2022","Hyderabad","Buffalo Milk Value Pack 500ml","40","0","5"
"14-12-2022","Hyderabad","Dahi","8","0","0"
"14-12-2022","Hyderabad","Past Milk Value Pack 1L","10","0","0"
"14-12-2022","Hyderabad","Raw Value Pack 1L","23","0","2"
"14-12-2022","Hyderabad","Buffalo Value Pack 1L","54","1","9"
"14-12-2022","Hyderabad","Lactose Free Milk 0.5L","10","0","0"
"14-12-2022","Hyderabad","Past Milk Value Pack 0.5L","2","0","0"
"14-12-2022","Hyderabad","Raw Milk Value Pack 0.5L","8","0","0"
"14-12-2023","Hyderabad","Past Milk 1L","21","0","0"
"14-12-2023","Hyderabad","Raw Milk 1L","15","0","0"
"14-12-2023","Hyderabad","Ghee 500ml","3","0","0"
"14-12-2023","Hyderabad","A2 1L","67","0","1"
"14-12-2023","Hyderabad","Curd Culture","2","0","0"
"14-12-2023","Hyderabad","A2 Ghee","3","0","0"
"14-12-2023","Hyderabad","Buffalo Milk 1L","37","0","6"
"14-12-2023","Hyderabad","Paneer 200g Cows Milk","15","0","0"
"14-12-2023","Hyderabad","A2 Value Pack 1L","505","1","4"
"14-12-2023","Hyderabad","Buffalo Ghee 500ml","1","0","0"
"14-12-2023","Hyderabad","Kharwas 120g","2","0","0"
"14-12-2023","Hyderabad","A2 Gir Cow Paneer 200g","5","0","0"
"14-12-2023","Hyderabad","New A2 Value Pack 500ml","180","0","0"
"14-12-2023","Hyderabad","Buffalo Milk Value Pack 500ml","129","0","1"
"14-12-2023","Hyderabad","Dahi","19","0","0"
"14-12-2023","Hyderabad","Past Milk Value Pack 1L","17","0","1"
"14-12-2023","Hyderabad","Raw Value Pack 1L","58","0","0"
"14-12-2023","Hyderabad","Buffalo Value Pack 1L","308","2","9"
"14-12-2023","Hyderabad","Lactose Free Milk 0.5L","10","0","0"
"14-12-2023","Hyderabad","Past Milk Value Pack 0.5L","15","0","0"
"14-12-2023","Hyderabad","Raw Milk Value Pack 0.5L","23","0","0"
"15-01-2020","Hyderabad","Past Milk 1L","2","0","0"
"15-01-2020","Hyderabad","A2 Value Pack 1L","1","0","0"
"15-01-2021","Hyderabad","Buffalo Milk 1L","1","0","0"
"15-01-2021","Hyderabad","A2 Value Pack 1L","2","0","0"
"15-01-2022","Hyderabad","Past Milk 1L","0","0","1"
"15-01-2022","Hyderabad","A2 1L","0","0","1"
"15-01-2022","Hyderabad","Buffalo Milk 1L","1","0","2"
"15-01-2022","Hyderabad","A2 Value Pack 1L","3","0","0"
"15-01-2022","Hyderabad","New A2 Value Pack 500ml","1","0","0"
"15-01-2023","Hyderabad","Past Milk 1L","16","0","0"
"15-01-2023","Hyderabad","Raw Milk 1L","21","0","0"
"15-01-2023","Hyderabad","Ghee 500ml","3","0","0"
"15-01-2023","Hyderabad","A2 1L","54","0","1"
"15-01-2023","Hyderabad","Curd Culture","3","0","0"
"15-01-2023","Hyderabad","A2 Ghee","1","0","0"
"15-01-2023","Hyderabad","Buffalo Milk 1L","50","0","1"
"15-01-2023","Hyderabad","A2 Value Pack 1L","195","0","10"
"15-01-2023","Hyderabad","Kharwas 120g","2","0","0"
"15-01-2023","Hyderabad","A2 Gir Cow Paneer 200g","4","0","0"
"15-01-2023","Hyderabad","New A2 Value Pack 500ml","98","0","0"
"15-01-2023","Hyderabad","Buffalo Milk Value Pack 500ml","36","0","0"
"15-01-2023","Hyderabad","Dahi","16","0","0"
"15-01-2023","Hyderabad","Past Milk Value Pack 1L","13","0","0"
"15-01-2023","Hyderabad","Raw Value Pack 1L","29","0","0"
"15-01-2023","Hyderabad","Buffalo Value Pack 1L","71","0","4"
"15-01-2023","Hyderabad","Lactose Free Milk 0.5L","8","0","0"
"15-01-2023","Hyderabad","Past Milk Value Pack 0.5L","5","0","0"
"15-01-2023","Hyderabad","Raw Milk Value Pack 0.5L","9","0","0"
"15-01-2024","Hyderabad","Past Milk 1L","15","0","0"
"15-01-2024","Hyderabad","Raw Milk 1L","13","0","0"
"15-01-2024","Hyderabad","A2 1L","58","1","1"
"15-01-2024","Hyderabad","Curd Culture","1","0","0"
"15-01-2024","Hyderabad","A2 Ghee","1","0","0"
"15-01-2024","Hyderabad","Buffalo Milk 1L","39","0","0"
"15-01-2024","Hyderabad","Paneer 200g Cows Milk","8","0","0"
"15-01-2024","Hyderabad","A2 Value Pack 1L","489","0","1"
"15-01-2024","Hyderabad","Buffalo Ghee 500ml","1","0","0"
"15-01-2024","Hyderabad","Kharwas 120g","4","0","0"
"15-01-2024","Hyderabad","A2 Gir Cow Paneer 200g","2","0","0"
"15-01-2024","Hyderabad","New A2 Value Pack 500ml","170","0","0"
"15-01-2024","Hyderabad","Buffalo Milk Value Pack 500ml","114","0","0"
"15-01-2024","Hyderabad","Dahi","18","0","0"
"15-01-2024","Hyderabad","Past Milk Value Pack 1L","20","0","0"
"15-01-2024","Hyderabad","Raw Value Pack 1L","57","0","0"
"15-01-2024","Hyderabad","Buffalo Value Pack 1L","255","0","2"
"15-01-2024","Hyderabad","Lactose Free Milk 0.5L","8","0","0"
"15-01-2024","Hyderabad","Past Milk Value Pack 0.5L","20","0","0"
"15-01-2024","Hyderabad","Raw Milk Value Pack 0.5L","19","0","0"
"15-02-2020","Hyderabad","Past Milk 1L","2","0","0"
"15-02-2020","Hyderabad","A2 Value Pack 1L","2","0","0"
"15-02-2021","Hyderabad","Buffalo Milk 1L","1","0","0"
"15-02-2021","Hyderabad","A2 Value Pack 1L","2","0","0"
"15-02-2022","Hyderabad","Past Milk 1L","2","0","1"
"15-02-2022","Hyderabad","Raw Milk 1L","5","0","0"
"15-02-2022","Hyderabad","Past Milk 0.5L","1","0","0"
"15-02-2022","Hyderabad","A2 1L","14","0","3"
"15-02-2022","Hyderabad","Curd Culture","1","0","0"
"15-02-2022","Hyderabad","Buffalo Milk 1L","14","0","10"
"15-02-2022","Hyderabad","A2 Value Pack 1L","22","0","6"
"15-02-2022","Hyderabad","Buffalo Ghee 500ml","1","0","0"
"15-02-2022","Hyderabad","New A2 Value Pack 500ml","11","0","0"
"15-02-2022","Hyderabad","Buffalo Milk Value Pack 500ml","6","0","2"
"15-02-2022","Hyderabad","Tender Coconut","1","0","0"
"15-02-2023","Hyderabad","Past Milk 1L","16","0","0"
"15-02-2023","Hyderabad","Raw Milk 1L","18","0","0"
"15-02-2023","Hyderabad","Ghee 500ml","1","0","0"
"15-02-2023","Hyderabad","A2 1L","57","0","0"
"15-02-2023","Hyderabad","Curd Culture","2","0","0"
"15-02-2023","Hyderabad","A2 Ghee","5","0","0"
"15-02-2023","Hyderabad","Buffalo Milk 1L","51","2","0"
"15-02-2023","Hyderabad","Paneer 200g Cows Milk","3","0","0"
"15-02-2023","Hyderabad","A2 Value Pack 1L","245","0","1"
"15-02-2023","Hyderabad","Kharwas 120g","6","0","0"
"15-02-2023","Hyderabad","A2 Gir Cow Paneer 200g","1","0","0"
"15-02-2023","Hyderabad","New A2 Value Pack 500ml","97","0","2"
"15-02-2023","Hyderabad","Insulated Door Bag","1","0","0"
"15-02-2023","Hyderabad","Buffalo Milk Value Pack 500ml","64","0","1"
"15-02-2023","Hyderabad","Dahi","11","0","0"
"15-02-2023","Hyderabad","Past Milk Value Pack 1L","13","0","0"
"15-02-2023","Hyderabad","Raw Value Pack 1L","36","2","0"
"15-02-2023","Hyderabad","Buffalo Value Pack 1L","114","2","0"
"15-02-2023","Hyderabad","Lactose Free Milk 0.5L","10","0","0"
"15-02-2023","Hyderabad","Past Milk Value Pack 0.5L","8","0","0"
"15-02-2023","Hyderabad","Raw Milk Value Pack 0.5L","12","0","0"
"15-02-2024","Hyderabad","Past Milk 1L","30","0","0"
"15-02-2024","Hyderabad","Raw Milk 1L","19","0","0"
"15-02-2024","Hyderabad","Ghee 500ml","1","0","0"
"15-02-2024","Hyderabad","A2 1L","52","0","3"
"15-02-2024","Hyderabad","Curd Culture","5","0","0"
"15-02-2024","Hyderabad","A2 Ghee","4","1","0"
"15-02-2024","Hyderabad","Buffalo Milk 1L","40","0","7"
"15-02-2024","Hyderabad","Paneer 200g Cows Milk","13","0","0"
"15-02-2024","Hyderabad","A2 Value Pack 1L","561","4","6"
"15-02-2024","Hyderabad","Buffalo Ghee 500ml","1","0","0"
"15-02-2024","Hyderabad","Kharwas 120g","10","0","0"
"15-02-2024","Hyderabad","A2 Gir Cow Paneer 200g","4","0","0"
"15-02-2024","Hyderabad","New A2 Value Pack 500ml","207","0","1"
"15-02-2024","Hyderabad","Buffalo Milk Value Pack 500ml","131","0","0"
"15-02-2024","Hyderabad","Dahi","11","0","0"
"15-02-2024","Hyderabad","Past Milk Value Pack 1L","30","0","0"
"15-02-2024","Hyderabad","Raw Value Pack 1L","79","0","1"
"15-02-2024","Hyderabad","Buffalo Value Pack 1L","367","1","0"
"15-02-2024","Hyderabad","Lactose Free Milk 0.5L","14","0","1"
"15-02-2024","Hyderabad","Past Milk Value Pack 0.5L","21","1","0"
"15-02-2024","Hyderabad","Raw Milk Value Pack 0.5L","21","0","0"
"15-03-2020","Hyderabad","Past Milk 1L","2","0","0"
"15-03-2020","Hyderabad","A2 Value Pack 1L","1","0","0"
"15-03-2020","Hyderabad","Kharwas 120g","0","0","2"
"15-03-2021","Hyderabad","A2 1L","1","0","0"
"15-03-2021","Hyderabad","A2 Value Pack 1L","3","0","0"
"15-03-2022","Hyderabad","Past Milk 1L","9","0","0"
"15-03-2022","Hyderabad","Raw Milk 1L","11","0","0"
"15-03-2022","Hyderabad","Past Milk 0.5L","3","0","0"
"15-03-2022","Hyderabad","A2 1L","28","0","2"
"15-03-2022","Hyderabad","Curd Culture","2","0","0"
"15-03-2022","Hyderabad","Buffalo Milk 1L","35","0","1"
"15-03-2022","Hyderabad","Paneer 200g Cows Milk","1","0","0"
"15-03-2022","Hyderabad","A2 Value Pack 1L","46","0","2"
"15-03-2022","Hyderabad","A2 Gir Cow Paneer 200g","1","0","0"
"15-03-2022","Hyderabad","New A2 Value Pack 500ml","29","0","0"
"15-03-2022","Hyderabad","Buffalo Milk Value Pack 500ml","16","0","0"
"15-03-2023","Hyderabad","Past Milk 1L","20","0","0"
"15-03-2023","Hyderabad","Raw Milk 1L","17","0","0"
"15-03-2023","Hyderabad","Ghee 500ml","2","0","0"
"15-03-2023","Hyderabad","A2 1L","65","1","0"
"15-03-2023","Hyderabad","Curd Culture","1","0","0"
"15-03-2023","Hyderabad","A2 Ghee","2","0","0"
"15-03-2023","Hyderabad","Buffalo Milk 1L","55","2","3"
"15-03-2023","Hyderabad","Paneer 200g Cows Milk","6","0","0"
"15-03-2023","Hyderabad","A2 Value Pack 1L","273","0","6"
"15-03-2023","Hyderabad","Buffalo Ghee 500ml","2","0","0"
"15-03-2023","Hyderabad","Kharwas 120g","2","0","0"
"15-03-2023","Hyderabad","A2 Gir Cow Paneer 200g","2","0","0"
"15-03-2023","Hyderabad","New A2 Value Pack 500ml","106","1","2"
"15-03-2023","Hyderabad","Buffalo Milk Value Pack 500ml","70","0","3"
"15-03-2023","Hyderabad","Dahi","15","0","0"
"15-03-2023","Hyderabad","Past Milk Value Pack 1L","16","1","1"
"15-03-2023","Hyderabad","Raw Value Pack 1L","39","1","1"
"15-03-2023","Hyderabad","Buffalo Value Pack 1L","127","3","4"
"15-03-2023","Hyderabad","Lactose Free Milk 0.5L","7","0","0"
"15-03-2023","Hyderabad","Past Milk Value Pack 0.5L","11","0","0"
"15-03-2023","Hyderabad","Raw Milk Value Pack 0.5L","24","0","0"
"15-03-2024","Hyderabad","Past Milk 1L","21","0","0"
"15-03-2024","Hyderabad","Raw Milk 1L","14","0","1"
"15-03-2024","Hyderabad","Ghee 500ml","1","0","0"
"15-03-2024","Hyderabad","A2 1L","90","0","20"
"15-03-2024","Hyderabad","Curd Culture","3","0","0"
"15-03-2024","Hyderabad","A2 Ghee","4","0","0"
"15-03-2024","Hyderabad","Buffalo Milk 1L","63","0","11"
"15-03-2024","Hyderabad","Paneer 200g Cows Milk","7","0","0"
"15-03-2024","Hyderabad","A2 Value Pack 1L","596","0","1"
"15-03-2024","Hyderabad","Kharwas 120g","4","0","0"
"15-03-2024","Hyderabad","A2 Gir Cow Paneer 200g","2","0","0"
"15-03-2024","Hyderabad","New A2 Value Pack 500ml","216","0","4"
"15-03-2024","Hyderabad","Buffalo Milk Value Pack 500ml","164","0","4"
"15-03-2024","Hyderabad","Dahi","14","0","0"
"15-03-2024","Hyderabad","Past Milk Value Pack 1L","22","0","0"
"15-03-2024","Hyderabad","Raw Value Pack 1L","65","0","1"
"15-03-2024","Hyderabad","Buffalo Value Pack 1L","380","1","2"
"15-03-2024","Hyderabad","Lactose Free Milk 0.5L","14","0","0"
"15-03-2024","Hyderabad","Past Milk Value Pack 0.5L","20","0","0"
"15-03-2024","Hyderabad","Raw Milk Value Pack 0.5L","24","0","0"
"15-04-2020","Hyderabad","Past Milk 1L","3","0","0"
"15-04-2020","Hyderabad","Buffalo Milk 1L","1","0","0"
"15-04-2020","Hyderabad","A2 Value Pack 1L","2","0","0"
"15-04-2021","Hyderabad","A2 Value Pack 1L","2","0","0"
"15-04-2022","Hyderabad","Past Milk 1L","9","0","0"
"15-04-2022","Hyderabad","Raw Milk 1L","13","0","0"
"15-04-2022","Hyderabad","Past Milk 0.5L","7","0","0"
"15-04-2022","Hyderabad","A2 1L","40","0","5"
"15-04-2022","Hyderabad","Curd Culture","2","0","0"
"15-04-2022","Hyderabad","Buffalo Milk 1L","35","0","4"
"15-04-2022","Hyderabad","Paneer 200g Cows Milk","4","0","0"
"15-04-2022","Hyderabad","A2 Value Pack 1L","70","0","0"
"15-04-2022","Hyderabad","A2 Gir Cow Paneer 200g","3","0","0"
"15-04-2022","Hyderabad","New A2 Value Pack 500ml","35","0","0"
"15-04-2022","Hyderabad","Insulated Door Bag","1","0","0"
"15-04-2022","Hyderabad","Buffalo Milk Value Pack 500ml","19","0","1"
"15-04-2022","Hyderabad","Dahi","8","0","0"
"15-04-2023","Hyderabad","Past Milk 1L","21","0","0"
"15-04-2023","Hyderabad","Raw Milk 1L","25","0","0"
"15-04-2023","Hyderabad","Ghee 500ml","4","0","0"
"15-04-2023","Hyderabad","A2 1L","63","3","0"
"15-04-2023","Hyderabad","Curd Culture","1","0","0"
"15-04-2023","Hyderabad","A2 Ghee","1","0","0"
"15-04-2023","Hyderabad","Buffalo Milk 1L","63","0","0"
"15-04-2023","Hyderabad","Paneer 200g Cows Milk","4","0","0"
"15-04-2023","Hyderabad","A2 Value Pack 1L","286","3","0"
"15-04-2023","Hyderabad","Kharwas 120g","2","0","0"
"15-04-2023","Hyderabad","A2 Gir Cow Paneer 200g","2","0","0"
"15-04-2023","Hyderabad","New A2 Value Pack 500ml","120","0","0"
"15-04-2023","Hyderabad","Buffalo Milk Value Pack 500ml","79","7","1"
"15-04-2023","Hyderabad","Dahi","9","0","0"
"15-04-2023","Hyderabad","Past Milk Value Pack 1L","15","0","0"
"15-04-2023","Hyderabad","Raw Value Pack 1L","42","0","0"
"15-04-2023","Hyderabad","Buffalo Value Pack 1L","163","2","0"
"15-04-2023","Hyderabad","Lactose Free Milk 0.5L","8","0","0"
"15-04-2023","Hyderabad","Past Milk Value Pack 0.5L","5","0","0"
"15-04-2023","Hyderabad","Raw Milk Value Pack 0.5L","23","0","0"
"15-05-2020","Hyderabad","Past Milk 1L","3","0","0"
"15-05-2020","Hyderabad","A2 1L","1","0","0"
"15-05-2020","Hyderabad","A2 Value Pack 1L","1","0","0"
"15-05-2021","Hyderabad","A2 1L","1","0","0"
"15-05-2021","Hyderabad","Buffalo Milk 1L","1","0","0"
"15-05-2021","Hyderabad","A2 Value Pack 1L","2","0","0"
"15-05-2022","Hyderabad","Past Milk 1L","16","3","0"
"15-05-2022","Hyderabad","Raw Milk 1L","17","0","2"
"15-05-2022","Hyderabad","Past Milk 0.5L","5","0","1"
"15-05-2022","Hyderabad","Ghee 500ml","1","0","0"
"15-05-2022","Hyderabad","A2 1L","52","1","1"
"15-05-2022","Hyderabad","Buffalo Milk 1L","38","1","5"
"15-05-2022","Hyderabad","Paneer 200g Cows Milk","4","0","0"
"15-05-2022","Hyderabad","A2 Value Pack 1L","80","1","1"
"15-05-2022","Hyderabad","Buffalo Ghee 500ml","2","0","0"
"15-05-2022","Hyderabad","Kharwas 120g","1","0","0"
"15-05-2022","Hyderabad","A2 Gir Cow Paneer 200g","1","0","0"
"15-05-2022","Hyderabad","New A2 Value Pack 500ml","41","0","1"
"15-05-2022","Hyderabad","Buffalo Milk Value Pack 500ml","19","1","7"
"15-05-2022","Hyderabad","Dahi","10","0","0"
"15-05-2023","Hyderabad","Past Milk 1L","15","0","0"
"15-05-2023","Hyderabad","Raw Milk 1L","10","2","0"
"15-05-2023","Hyderabad","Ghee 500ml","2","0","0"
"15-05-2023","Hyderabad","A2 1L","46","4","2"
"15-05-2023","Hyderabad","A2 Ghee","2","0","0"
"15-05-2023","Hyderabad","Buffalo Milk 1L","35","3","1"
"15-05-2023","Hyderabad","Paneer 200g Cows Milk","2","0","0"
"15-05-2023","Hyderabad","A2 Value Pack 1L","280","15","0"
"15-05-2023","Hyderabad","A2 Gir Cow Paneer 200g","3","0","0"
"15-05-2023","Hyderabad","New A2 Value Pack 500ml","109","6","0"
"15-05-2023","Hyderabad","Buffalo Milk Value Pack 500ml","74","8","0"
"15-05-2023","Hyderabad","Dahi","14","0","0"
"15-05-2023","Hyderabad","Past Milk Value Pack 1L","17","1","0"
"15-05-2023","Hyderabad","Raw Value Pack 1L","43","5","0"
"15-05-2023","Hyderabad","Buffalo Value Pack 1L","163","20","0"
"15-05-2023","Hyderabad","Lactose Free Milk 0.5L","7","0","0"
"15-05-2023","Hyderabad","Past Milk Value Pack 0.5L","2","0","0"
"15-05-2023","Hyderabad","Raw Milk Value Pack 0.5L","14","0","0"
"15-06-2020","Hyderabad","Past Milk 1L","1","0","0"
"15-06-2021","Hyderabad","A2 1L","1","0","0"
"15-06-2021","Hyderabad","Buffalo Milk 1L","1","0","0"
"15-06-2021","Hyderabad","A2 Value Pack 1L","1","0","0"
"15-06-2022","Hyderabad","Past Milk 1L","17","0","0"
"15-06-2022","Hyderabad","Raw Milk 1L","24","0","0"
"15-06-2022","Hyderabad","Past Milk 0.5L","2","0","0"
"15-06-2022","Hyderabad","Ghee 500ml","1","0","0"
"15-06-2022","Hyderabad","A2 1L","49","1","4"
"15-06-2022","Hyderabad","A2 Ghee","1","0","0"
"15-06-2022","Hyderabad","Buffalo Milk 1L","74","1","1"
"15-06-2022","Hyderabad","A2 Value Pack 1L","120","1","0"
"15-06-2022","Hyderabad","Buffalo Ghee 500ml","1","0","0"
"15-06-2022","Hyderabad","Kharwas 120g","6","0","0"
"15-06-2022","Hyderabad","A2 Gir Cow Paneer 200g","2","0","0"
"15-06-2022","Hyderabad","New A2 Value Pack 500ml","46","0","0"
"15-06-2022","Hyderabad","Insulated Door Bag","1","0","0"
"15-06-2022","Hyderabad","Buffalo Milk Value Pack 500ml","43","2","0"
"15-06-2022","Hyderabad","Dahi","6","0","0"
"15-06-2023","Hyderabad","Past Milk 1L","14","0","1"
"15-06-2023","Hyderabad","Raw Milk 1L","15","1","0"
"15-06-2023","Hyderabad","Ghee 500ml","2","0","0"
"15-06-2023","Hyderabad","A2 1L","58","4","1"
"15-06-2023","Hyderabad","Curd Culture","4","0","0"
"15-06-2023","Hyderabad","A2 Ghee","4","0","0"
"15-06-2023","Hyderabad","Buffalo Milk 1L","37","3","5"
"15-06-2023","Hyderabad","Paneer 200g Cows Milk","5","0","0"
"15-06-2023","Hyderabad","A2 Value Pack 1L","350","10","2"
"15-06-2023","Hyderabad","Kharwas 120g","1","0","0"
"15-06-2023","Hyderabad","A2 Gir Cow Paneer 200g","1","0","0"
"15-06-2023","Hyderabad","New A2 Value Pack 500ml","138","5","0"
"15-06-2023","Hyderabad","Buffalo Milk Value Pack 500ml","79","2","0"
"15-06-2023","Hyderabad","Dahi","8","0","0"
"15-06-2023","Hyderabad","Past Milk Value Pack 1L","23","0","0"
"15-06-2023","Hyderabad","Raw Value Pack 1L","49","2","0"
"15-06-2023","Hyderabad","Buffalo Value Pack 1L","190","17","4"
"15-06-2023","Hyderabad","Lactose Free Milk 0.5L","7","0","0"
"15-06-2023","Hyderabad","Past Milk Value Pack 0.5L","8","0","0"
"15-06-2023","Hyderabad","Raw Milk Value Pack 0.5L","15","0","0"
"15-07-2020","Hyderabad","Past Milk 1L","2","0","0"
"15-07-2021","Hyderabad","A2 1L","1","0","0"
"15-07-2021","Hyderabad","Buffalo Milk 1L","1","0","0"
"15-07-2021","Hyderabad","A2 Value Pack 1L","2","0","0"
"15-07-2022","Hyderabad","Past Milk 1L","28","0","0"
"15-07-2022","Hyderabad","Raw Milk 1L","24","0","0"
"15-07-2022","Hyderabad","Ghee 500ml","2","0","0"
"15-07-2022","Hyderabad","A2 1L","45","0","0"
"15-07-2022","Hyderabad","A2 Ghee","2","0","0"
"15-07-2022","Hyderabad","Buffalo Milk 1L","51","0","1"
"15-07-2022","Hyderabad","Paneer 200g Cows Milk","4","0","0"
"15-07-2022","Hyderabad","A2 Value Pack 1L","125","0","0"
"15-07-2022","Hyderabad","Kharwas 120g","2","0","0"
"15-07-2022","Hyderabad","New A2 Value Pack 500ml","62","0","0"
"15-07-2022","Hyderabad","Buffalo Milk Value Pack 500ml","30","0","0"
"15-07-2022","Hyderabad","Dahi","3","0","0"
"15-07-2022","Hyderabad","Past Milk Value Pack 1L","5","0","0"
"15-07-2022","Hyderabad","Raw Value Pack 1L","8","0","0"
"15-07-2022","Hyderabad","Buffalo Value Pack 1L","1","0","0"
"15-07-2022","Hyderabad","Lactose Free Milk 0.5L","3","0","0"
"15-07-2023","Hyderabad","Past Milk 1L","16","0","0"
"15-07-2023","Hyderabad","Raw Milk 1L","10","1","0"
"15-07-2023","Hyderabad","Ghee 500ml","1","0","0"
"15-07-2023","Hyderabad","A2 1L","68","0","3"
"15-07-2023","Hyderabad","A2 Ghee","5","0","0"
"15-07-2023","Hyderabad","Buffalo Milk 1L","42","0","0"
"15-07-2023","Hyderabad","Paneer 200g Cows Milk","3","0","0"
"15-07-2023","Hyderabad","A2 Value Pack 1L","438","3","3"
"15-07-2023","Hyderabad","Buffalo Ghee 500ml","1","0","0"
"15-07-2023","Hyderabad","Kharwas 120g","7","0","0"
"15-07-2023","Hyderabad","A2 Gir Cow Paneer 200g","5","0","0"
"15-07-2023","Hyderabad","New A2 Value Pack 500ml","133","1","0"
"15-07-2023","Hyderabad","Buffalo Milk Value Pack 500ml","99","0","0"
"15-07-2023","Hyderabad","Dahi","8","0","0"
"15-07-2023","Hyderabad","Past Milk Value Pack 1L","12","0","0"
"15-07-2023","Hyderabad","Raw Value Pack 1L","47","1","0"
"15-07-2023","Hyderabad","Buffalo Value Pack 1L","190","2","0"
"15-07-2023","Hyderabad","Lactose Free Milk 0.5L","9","0","0"
"15-07-2023","Hyderabad","Past Milk Value Pack 0.5L","7","0","0"
"15-07-2023","Hyderabad","Raw Milk Value Pack 0.5L","17","0","0"
"15-08-2020","Hyderabad","Past Milk 1L","2","0","0"
"15-08-2020","Hyderabad","A2 1L","1","0","0"
"15-08-2021","Hyderabad","A2 1L","1","0","0"
"15-08-2021","Hyderabad","A2 Value Pack 1L","1","0","0"
"15-08-2022","Hyderabad","Past Milk 1L","16","0","0"
"15-08-2022","Hyderabad","Raw Milk 1L","14","0","0"
"15-08-2022","Hyderabad","Ghee 500ml","1","0","0"
"15-08-2022","Hyderabad","A2 1L","38","0","1"
"15-08-2022","Hyderabad","A2 Ghee","1","0","0"
"15-08-2022","Hyderabad","Buffalo Milk 1L","49","1","0"
"15-08-2022","Hyderabad","A2 Value Pack 1L","122","0","0"
"15-08-2022","Hyderabad","A2 Gir Cow Paneer 200g","3","0","0"
"15-08-2022","Hyderabad","New A2 Value Pack 500ml","64","0","0"
"15-08-2022","Hyderabad","Buffalo Milk Value Pack 500ml","25","0","0"
"15-08-2022","Hyderabad","Dahi","7","0","0"
"15-08-2022","Hyderabad","Past Milk Value Pack 1L","8","0","0"
"15-08-2022","Hyderabad","Raw Value Pack 1L","10","0","0"
"15-08-2022","Hyderabad","Buffalo Value Pack 1L","12","0","0"
"15-08-2022","Hyderabad","Lactose Free Milk 0.5L","1","0","0"
"15-08-2023","Hyderabad","Past Milk 1L","21","0","0"
"15-08-2023","Hyderabad","Raw Milk 1L","15","0","0"
"15-08-2023","Hyderabad","A2 1L","72","0","1"
"15-08-2023","Hyderabad","Curd Culture","1","0","0"
"15-08-2023","Hyderabad","A2 Ghee","2","0","0"
"15-08-2023","Hyderabad","Buffalo Milk 1L","47","1","2"
"15-08-2023","Hyderabad","Paneer 200g Cows Milk","5","0","0"
"15-08-2023","Hyderabad","A2 Value Pack 1L","405","0","6"
"15-08-2023","Hyderabad","Buffalo Ghee 500ml","1","0","0"
"15-08-2023","Hyderabad","Kharwas 120g","2","0","0"
"15-08-2023","Hyderabad","A2 Gir Cow Paneer 200g","3","0","0"
"15-08-2023","Hyderabad","New A2 Value Pack 500ml","150","0","0"
"15-08-2023","Hyderabad","Buffalo Milk Value Pack 500ml","103","0","0"
"15-08-2023","Hyderabad","Dahi","14","0","0"
"15-08-2023","Hyderabad","Past Milk Value Pack 1L","21","0","0"
"15-08-2023","Hyderabad","Raw Value Pack 1L","69","0","1"
"15-08-2023","Hyderabad","Buffalo Value Pack 1L","198","0","14"
"15-08-2023","Hyderabad","Lactose Free Milk 0.5L","13","0","0"
"15-08-2023","Hyderabad","Past Milk Value Pack 0.5L","14","0","0"
"15-08-2023","Hyderabad","Raw Milk Value Pack 0.5L","16","0","0"
"15-09-2020","Hyderabad","Past Milk 1L","1","0","0"
"15-09-2020","Hyderabad","A2 Value Pack 1L","1","0","0"
"15-09-2021","Hyderabad","A2 Value Pack 1L","1","0","0"
"15-09-2022","Hyderabad","Past Milk 1L","21","0","0"
"15-09-2022","Hyderabad","Raw Milk 1L","23","0","1"
"15-09-2022","Hyderabad","A2 1L","57","0","6"
"15-09-2022","Hyderabad","Curd Culture","2","0","0"
"15-09-2022","Hyderabad","Buffalo Milk 1L","59","1","8"
"15-09-2022","Hyderabad","Paneer 200g Cows Milk","4","0","0"
"15-09-2022","Hyderabad","A2 Value Pack 1L","145","0","0"
"15-09-2022","Hyderabad","Buffalo Ghee 500ml","1","0","0"
"15-09-2022","Hyderabad","Kharwas 120g","5","0","0"
"15-09-2022","Hyderabad","A2 Gir Cow Paneer 200g","3","0","0"
"15-09-2022","Hyderabad","New A2 Value Pack 500ml","89","0","1"
"15-09-2022","Hyderabad","Buffalo Milk Value Pack 500ml","40","0","0"
"15-09-2022","Hyderabad","Dahi","13","0","0"
"15-09-2022","Hyderabad","Past Milk Value Pack 1L","9","0","0"
"15-09-2022","Hyderabad","Raw Value Pack 1L","20","1","0"
"15-09-2022","Hyderabad","Buffalo Value Pack 1L","13","0","0"
"15-09-2022","Hyderabad","Lactose Free Milk 0.5L","2","0","0"
"15-09-2023","Hyderabad","Past Milk 1L","22","0","0"
"15-09-2023","Hyderabad","Raw Milk 1L","13","1","0"
"15-09-2023","Hyderabad","Ghee 500ml","1","0","0"
"15-09-2023","Hyderabad","A2 1L","62","0","1"
"15-09-2023","Hyderabad","Curd Culture","4","0","0"
"15-09-2023","Hyderabad","Buffalo Milk 1L","54","0","0"
"15-09-2023","Hyderabad","Paneer 200g Cows Milk","8","0","0"
"15-09-2023","Hyderabad","A2 Value Pack 1L","492","4","3"
"15-09-2023","Hyderabad","Buffalo Ghee 500ml","1","0","0"
"15-09-2023","Hyderabad","Kharwas 120g","5","0","0"
"15-09-2023","Hyderabad","A2 Gir Cow Paneer 200g","4","0","0"
"15-09-2023","Hyderabad","New A2 Value Pack 500ml","156","0","1"
"15-09-2023","Hyderabad","Insulated Door Bag","2","0","0"
"15-09-2023","Hyderabad","Buffalo Milk Value Pack 500ml","122","2","0"
"15-09-2023","Hyderabad","Dahi","19","0","0"
"15-09-2023","Hyderabad","Past Milk Value Pack 1L","24","0","0"
"15-09-2023","Hyderabad","Raw Value Pack 1L","59","0","1"
"15-09-2023","Hyderabad","Buffalo Value Pack 1L","253","5","5"
"15-09-2023","Hyderabad","Lactose Free Milk 0.5L","15","0","0"
"15-09-2023","Hyderabad","Past Milk Value Pack 0.5L","13","0","1"
"15-09-2023","Hyderabad","Raw Milk Value Pack 0.5L","18","0","0"
"15-10-2020","Hyderabad","Past Milk 1L","1","0","0"
"15-10-2020","Hyderabad","A2 1L","1","0","0"
"15-10-2020","Hyderabad","A2 Value Pack 1L","1","0","0"
"15-10-2021","Hyderabad","Past Milk 1L","1","0","0"
"15-10-2021","Hyderabad","A2 Value Pack 1L","2","0","0"
"15-10-2022","Hyderabad","Past Milk 1L","23","0","0"
"15-10-2022","Hyderabad","Raw Milk 1L","18","0","0"
"15-10-2022","Hyderabad","Ghee 500ml","1","0","0"
"15-10-2022","Hyderabad","A2 1L","55","0","2"
"15-10-2022","Hyderabad","Curd Culture","2","0","0"
"15-10-2022","Hyderabad","A2 Ghee","1","0","0"
"15-10-2022","Hyderabad","Buffalo Milk 1L","62","0","2"
"15-10-2022","Hyderabad","Paneer 200g Cows Milk","2","0","0"
"15-10-2022","Hyderabad","A2 Value Pack 1L","154","0","1"
"15-10-2022","Hyderabad","Kharwas 120g","5","0","0"
"15-10-2022","Hyderabad","A2 Gir Cow Paneer 200g","2","0","0"
"15-10-2022","Hyderabad","New A2 Value Pack 500ml","86","0","1"
"15-10-2022","Hyderabad","Buffalo Milk Value Pack 500ml","41","0","0"
"15-10-2022","Hyderabad","Dahi","8","0","0"
"15-10-2022","Hyderabad","Past Milk Value Pack 1L","6","0","0"
"15-10-2022","Hyderabad","Raw Value Pack 1L","16","0","0"
"15-10-2022","Hyderabad","Buffalo Value Pack 1L","20","0","0"
"15-10-2022","Hyderabad","Lactose Free Milk 0.5L","9","0","0"
"15-10-2022","Hyderabad","Raw Milk Value Pack 0.5L","6","0","0"
"15-10-2023","Hyderabad","Past Milk 1L","19","0","0"
"15-10-2023","Hyderabad","Raw Milk 1L","14","0","0"
"15-10-2023","Hyderabad","Ghee 500ml","6","0","0"
"15-10-2023","Hyderabad","A2 1L","57","0","1"
"15-10-2023","Hyderabad","Curd Culture","5","0","0"
"15-10-2023","Hyderabad","A2 Ghee","3","0","0"
"15-10-2023","Hyderabad","Buffalo Milk 1L","33","0","0"
"15-10-2023","Hyderabad","Paneer 200g Cows Milk","3","0","0"
"15-10-2023","Hyderabad","A2 Value Pack 1L","466","0","3"
"15-10-2023","Hyderabad","Kharwas 120g","3","0","0"
"15-10-2023","Hyderabad","A2 Gir Cow Paneer 200g","4","0","0"
"15-10-2023","Hyderabad","New A2 Value Pack 500ml","163","0","0"
"15-10-2023","Hyderabad","Buffalo Milk Value Pack 500ml","122","0","0"
"15-10-2023","Hyderabad","Dahi","15","0","0"
"15-10-2023","Hyderabad","Past Milk Value Pack 1L","20","0","0"
"15-10-2023","Hyderabad","Raw Value Pack 1L","35","0","0"
"15-10-2023","Hyderabad","Buffalo Value Pack 1L","267","0","6"
"15-10-2023","Hyderabad","Lactose Free Milk 0.5L","10","0","0"
"15-10-2023","Hyderabad","Past Milk Value Pack 0.5L","16","0","0"
"15-10-2023","Hyderabad","Raw Milk Value Pack 0.5L","26","0","0"
"15-11-2020","Hyderabad","Past Milk 1L","1","0","0"
"15-11-2020","Hyderabad","A2 Value Pack 1L","1","0","0"
"15-11-2021","Hyderabad","Past Milk 1L","1","0","0"
"15-11-2021","Hyderabad","A2 1L","1","0","0"
"15-11-2021","Hyderabad","A2 Value Pack 1L","2","0","0"
"15-11-2022","Hyderabad","Past Milk 1L","22","0","0"
"15-11-2022","Hyderabad","Raw Milk 1L","16","0","2"
"15-11-2022","Hyderabad","Ghee 500ml","1","0","0"
"15-11-2022","Hyderabad","A2 1L","49","1","10"
"15-11-2022","Hyderabad","Curd Culture","2","0","0"
"15-11-2022","Hyderabad","Buffalo Milk 1L","55","0","8"
"15-11-2022","Hyderabad","Paneer 200g Cows Milk","2","0","0"
"15-11-2022","Hyderabad","A2 Value Pack 1L","166","0","0"
"15-11-2022","Hyderabad","Kharwas 120g","3","0","0"
"15-11-2022","Hyderabad","A2 Gir Cow Paneer 200g","6","0","0"
"15-11-2022","Hyderabad","New A2 Value Pack 500ml","86","0","1"
"15-11-2022","Hyderabad","Buffalo Milk Value Pack 500ml","41","0","1"
"15-11-2022","Hyderabad","Dahi","9","0","0"
"15-11-2022","Hyderabad","Past Milk Value Pack 1L","8","0","0"
"15-11-2022","Hyderabad","Raw Value Pack 1L","21","0","0"
"15-11-2022","Hyderabad","Buffalo Value Pack 1L","23","0","4"
"15-11-2022","Hyderabad","Lactose Free Milk 0.5L","4","0","0"
"15-11-2022","Hyderabad","Raw Milk Value Pack 0.5L","1","0","1"
"15-11-2023","Hyderabad","Past Milk 1L","20","0","0"
"15-11-2023","Hyderabad","Raw Milk 1L","15","0","0"
"15-11-2023","Hyderabad","Ghee 500ml","7","0","0"
"15-11-2023","Hyderabad","A2 1L","66","0","1"
"15-11-2023","Hyderabad","Curd Culture","3","0","0"
"15-11-2023","Hyderabad","A2 Ghee","3","0","0"
"15-11-2023","Hyderabad","Buffalo Milk 1L","47","0","0"
"15-11-2023","Hyderabad","Paneer 200g Cows Milk","11","0","0"
"15-11-2023","Hyderabad","A2 Value Pack 1L","483","1","0"
"15-11-2023","Hyderabad","Buffalo Ghee 500ml","3","0","0"
"15-11-2023","Hyderabad","Kharwas 120g","2","0","0"
"15-11-2023","Hyderabad","A2 Gir Cow Paneer 200g","1","0","0"
"15-11-2023","Hyderabad","New A2 Value Pack 500ml","175","0","0"
"15-11-2023","Hyderabad","Buffalo Milk Value Pack 500ml","151","0","1"
"15-11-2023","Hyderabad","Dahi","14","0","0"
"15-11-2023","Hyderabad","Past Milk Value Pack 1L","23","0","0"
"15-11-2023","Hyderabad","Raw Value Pack 1L","55","0","0"
"15-11-2023","Hyderabad","Buffalo Value Pack 1L","294","3","2"
"15-11-2023","Hyderabad","Lactose Free Milk 0.5L","8","0","0"
"15-11-2023","Hyderabad","Past Milk Value Pack 0.5L","15","0","0"
"15-11-2023","Hyderabad","Raw Milk Value Pack 0.5L","25","0","0"
"15-12-2020","Hyderabad","A2 1L","1","0","0"
"15-12-2020","Hyderabad","Buffalo Milk 1L","1","0","0"
"15-12-2020","Hyderabad","A2 Value Pack 1L","1","0","0"
"15-12-2021","Hyderabad","A2 Value Pack 1L","2","0","0"
"15-12-2022","Hyderabad","Past Milk 1L","19","0","0"
"15-12-2022","Hyderabad","Raw Milk 1L","14","0","0"
"15-12-2022","Hyderabad","Ghee 500ml","2","0","0"
"15-12-2022","Hyderabad","A2 1L","65","2","0"
"15-12-2022","Hyderabad","A2 Ghee","1","0","0"
"15-12-2022","Hyderabad","Buffalo Milk 1L","79","0","1"
"15-12-2022","Hyderabad","Paneer 200g Cows Milk","4","0","0"
"15-12-2022","Hyderabad","A2 Value Pack 1L","206","0","4"
"15-12-2022","Hyderabad","Kharwas 120g","3","0","0"
"15-12-2022","Hyderabad","A2 Gir Cow Paneer 200g","2","0","0"
"15-12-2022","Hyderabad","New A2 Value Pack 500ml","106","0","1"
"15-12-2022","Hyderabad","Buffalo Milk Value Pack 500ml","50","0","0"
"15-12-2022","Hyderabad","Dahi","11","0","0"
"15-12-2022","Hyderabad","Past Milk Value Pack 1L","11","0","0"
"15-12-2022","Hyderabad","Raw Value Pack 1L","24","0","4"
"15-12-2022","Hyderabad","Buffalo Value Pack 1L","52","1","5"
"15-12-2022","Hyderabad","Lactose Free Milk 0.5L","5","0","0"
"15-12-2022","Hyderabad","Past Milk Value Pack 0.5L","1","0","1"
"15-12-2022","Hyderabad","Raw Milk Value Pack 0.5L","10","0","0"
"15-12-2023","Hyderabad","Past Milk 1L","25","0","0"
"15-12-2023","Hyderabad","Raw Milk 1L","16","0","0"
"15-12-2023","Hyderabad","Ghee 500ml","2","0","0"
"15-12-2023","Hyderabad","A2 1L","49","0","0"
"15-12-2023","Hyderabad","A2 Ghee","6","1","0"
"15-12-2023","Hyderabad","Buffalo Milk 1L","44","0","2"
"15-12-2023","Hyderabad","Paneer 200g Cows Milk","13","0","0"
"15-12-2023","Hyderabad","A2 Value Pack 1L","526","3","5"
"15-12-2023","Hyderabad","Buffalo Ghee 500ml","2","0","0"
"15-12-2023","Hyderabad","Kharwas 120g","3","0","0"
"15-12-2023","Hyderabad","A2 Gir Cow Paneer 200g","4","0","0"
"15-12-2023","Hyderabad","New A2 Value Pack 500ml","191","0","0"
"15-12-2023","Hyderabad","Buffalo Milk Value Pack 500ml","146","0","0"
"15-12-2023","Hyderabad","Dahi","11","0","0"
"15-12-2023","Hyderabad","Past Milk Value Pack 1L","20","0","0"
"15-12-2023","Hyderabad","Raw Value Pack 1L","52","0","1"
"15-12-2023","Hyderabad","Buffalo Value Pack 1L","328","1","7"
"15-12-2023","Hyderabad","Lactose Free Milk 0.5L","9","0","0"
"15-12-2023","Hyderabad","Past Milk Value Pack 0.5L","19","0","0"
"15-12-2023","Hyderabad","Raw Milk Value Pack 0.5L","21","0","0"
"16-01-2020","Hyderabad","Past Milk 1L","1","0","0"
"16-01-2021","Hyderabad","A2 1L","1","0","0"
"16-01-2021","Hyderabad","Buffalo Milk 1L","1","0","0"
"16-01-2021","Hyderabad","A2 Value Pack 1L","2","0","0"
"16-01-2022","Hyderabad","Past Milk 1L","1","0","0"
"16-01-2022","Hyderabad","Raw Milk 1L","1","0","0"
"16-01-2022","Hyderabad","A2 1L","0","0","1"
"16-01-2022","Hyderabad","Buffalo Milk 1L","1","0","2"
"16-01-2022","Hyderabad","A2 Value Pack 1L","1","0","0"
"16-01-2023","Hyderabad","Past Milk 1L","16","1","0"
"16-01-2023","Hyderabad","Raw Milk 1L","16","0","0"
"16-01-2023","Hyderabad","Ghee 500ml","2","0","0"
"16-01-2023","Hyderabad","A2 1L","35","0","0"
"16-01-2023","Hyderabad","Curd Culture","3","0","0"
"16-01-2023","Hyderabad","A2 Ghee","1","0","0"
"16-01-2023","Hyderabad","Buffalo Milk 1L","48","0","0"
"16-01-2023","Hyderabad","Paneer 200g Cows Milk","4","0","0"
"16-01-2023","Hyderabad","A2 Value Pack 1L","183","1","0"
"16-01-2023","Hyderabad","Buffalo Ghee 500ml","2","0","0"
"16-01-2023","Hyderabad","Kharwas 120g","5","0","0"
"16-01-2023","Hyderabad","A2 Gir Cow Paneer 200g","4","0","0"
"16-01-2023","Hyderabad","New A2 Value Pack 500ml","91","0","0"
"16-01-2023","Hyderabad","Buffalo Milk Value Pack 500ml","38","0","1"
"16-01-2023","Hyderabad","Dahi","17","0","0"
"16-01-2023","Hyderabad","Past Milk Value Pack 1L","10","0","0"
"16-01-2023","Hyderabad","Raw Value Pack 1L","30","0","0"
"16-01-2023","Hyderabad","Buffalo Value Pack 1L","68","0","1"
"16-01-2023","Hyderabad","Lactose Free Milk 0.5L","13","0","0"
"16-01-2023","Hyderabad","Past Milk Value Pack 0.5L","6","0","0"
"16-01-2023","Hyderabad","Raw Milk Value Pack 0.5L","11","0","0"
"16-01-2024","Hyderabad","Past Milk 1L","18","0","0"
"16-01-2024","Hyderabad","Raw Milk 1L","16","0","0"
"16-01-2024","Hyderabad","Ghee 500ml","1","0","0"
"16-01-2024","Hyderabad","A2 1L","49","1","4"
"16-01-2024","Hyderabad","Curd Culture","3","0","0"
"16-01-2024","Hyderabad","A2 Ghee","3","0","0"
"16-01-2024","Hyderabad","Buffalo Milk 1L","34","0","3"
"16-01-2024","Hyderabad","Paneer 200g Cows Milk","9","0","0"
"16-01-2024","Hyderabad","A2 Value Pack 1L","493","0","1"
"16-01-2024","Hyderabad","Buffalo Ghee 500ml","5","0","0"
"16-01-2024","Hyderabad","Kharwas 120g","1","0","0"
"16-01-2024","Hyderabad","New A2 Value Pack 500ml","171","0","2"
"16-01-2024","Hyderabad","Insulated Door Bag","2","0","0"
"16-01-2024","Hyderabad","Buffalo Milk Value Pack 500ml","118","0","0"
"16-01-2024","Hyderabad","Dahi","7","0","0"
"16-01-2024","Hyderabad","Past Milk Value Pack 1L","28","0","0"
"16-01-2024","Hyderabad","Raw Value Pack 1L","53","1","1"
"16-01-2024","Hyderabad","Buffalo Value Pack 1L","241","0","3"
"16-01-2024","Hyderabad","Lactose Free Milk 0.5L","9","0","0"
"16-01-2024","Hyderabad","Past Milk Value Pack 0.5L","19","0","0"
"16-01-2024","Hyderabad","Raw Milk Value Pack 0.5L","20","0","0"
"16-02-2020","Hyderabad","Past Milk 1L","1","0","0"
"16-02-2020","Hyderabad","A2 Value Pack 1L","1","0","0"
"16-02-2021","Hyderabad","A2 1L","1","0","0"
"16-02-2021","Hyderabad","Buffalo Milk 1L","1","0","0"
"16-02-2021","Hyderabad","A2 Value Pack 1L","1","0","0"
"16-02-2022","Hyderabad","Past Milk 1L","5","0","0"
"16-02-2022","Hyderabad","Raw Milk 1L","5","0","3"
"16-02-2022","Hyderabad","Past Milk 0.5L","1","0","0"
"16-02-2022","Hyderabad","A2 1L","14","0","6"
"16-02-2022","Hyderabad","A2 Ghee","1","0","1"
"16-02-2022","Hyderabad","Buffalo Milk 1L","14","0","5"
"16-02-2022","Hyderabad","Paneer 200g Cows Milk","2","0","0"
"16-02-2022","Hyderabad","A2 Value Pack 1L","30","0","1"
"16-02-2022","Hyderabad","New A2 Value Pack 500ml","14","0","1"
"16-02-2022","Hyderabad","Buffalo Milk Value Pack 500ml","10","0","0"
"16-02-2023","Hyderabad","Past Milk 1L","20","0","0"
"16-02-2023","Hyderabad","Raw Milk 1L","14","0","0"
"16-02-2023","Hyderabad","Ghee 500ml","1","0","0"
"16-02-2023","Hyderabad","A2 1L","59","1","0"
"16-02-2023","Hyderabad","A2 Ghee","2","0","0"
"16-02-2023","Hyderabad","Buffalo Milk 1L","51","0","0"
"16-02-2023","Hyderabad","Paneer 200g Cows Milk","6","0","0"
"16-02-2023","Hyderabad","A2 Value Pack 1L","230","0","0"
"16-02-2023","Hyderabad","Buffalo Ghee 500ml","1","0","0"
"16-02-2023","Hyderabad","Kharwas 120g","5","0","0"
"16-02-2023","Hyderabad","A2 Gir Cow Paneer 200g","1","0","0"
"16-02-2023","Hyderabad","New A2 Value Pack 500ml","99","0","1"
"16-02-2023","Hyderabad","Buffalo Milk Value Pack 500ml","59","0","0"
"16-02-2023","Hyderabad","Dahi","16","0","0"
"16-02-2023","Hyderabad","Past Milk Value Pack 1L","10","0","0"
"16-02-2023","Hyderabad","Raw Value Pack 1L","34","0","1"
"16-02-2023","Hyderabad","Buffalo Value Pack 1L","122","0","3"
"16-02-2023","Hyderabad","Lactose Free Milk 0.5L","6","0","0"
"16-02-2023","Hyderabad","Past Milk Value Pack 0.5L","7","0","0"
"16-02-2023","Hyderabad","Raw Milk Value Pack 0.5L","13","0","1"
"16-02-2024","Hyderabad","Past Milk 1L","21","0","0"
"16-02-2024","Hyderabad","Raw Milk 1L","15","0","0"
"16-02-2024","Hyderabad","Ghee 500ml","12","0","0"
"16-02-2024","Hyderabad","A2 1L","72","0","5"
"16-02-2024","Hyderabad","Curd Culture","1","0","0"
"16-02-2024","Hyderabad","A2 Ghee","5","0","0"
"16-02-2024","Hyderabad","Buffalo Milk 1L","44","0","5"
"16-02-2024","Hyderabad","Paneer 200g Cows Milk","7","0","0"
"16-02-2024","Hyderabad","A2 Value Pack 1L","594","1","2"
"16-02-2024","Hyderabad","Kharwas 120g","11","0","0"
"16-02-2024","Hyderabad","A2 Gir Cow Paneer 200g","3","0","0"
"16-02-2024","Hyderabad","New A2 Value Pack 500ml","229","0","3"
"16-02-2024","Hyderabad","Buffalo Milk Value Pack 500ml","155","0","2"
"16-02-2024","Hyderabad","Dahi","25","0","0"
"16-02-2024","Hyderabad","Past Milk Value Pack 1L","22","0","0"
"16-02-2024","Hyderabad","Raw Value Pack 1L","77","0","0"
"16-02-2024","Hyderabad","Buffalo Value Pack 1L","382","0","3"
"16-02-2024","Hyderabad","Lactose Free Milk 0.5L","6","0","0"
"16-02-2024","Hyderabad","Past Milk Value Pack 0.5L","22","0","0"
"16-02-2024","Hyderabad","Raw Milk Value Pack 0.5L","21","0","0"
"16-03-2020","Hyderabad","Past Milk 1L","2","0","0"
"16-03-2020","Hyderabad","A2 Value Pack 1L","2","0","0"
"16-03-2021","Hyderabad","A2 Value Pack 1L","1","0","0"
"16-03-2022","Hyderabad","Past Milk 1L","7","0","1"
"16-03-2022","Hyderabad","Raw Milk 1L","12","0","2"
"16-03-2022","Hyderabad","Past Milk 0.5L","4","0","0"
"16-03-2022","Hyderabad","A2 1L","27","0","3"
"16-03-2022","Hyderabad","Curd Culture","2","0","0"
"16-03-2022","Hyderabad","A2 Ghee","1","0","0"
"16-03-2022","Hyderabad","Buffalo Milk 1L","36","0","6"
"16-03-2022","Hyderabad","Paneer 200g Cows Milk","1","0","0"
"16-03-2022","Hyderabad","A2 Value Pack 1L","48","0","0"
"16-03-2022","Hyderabad","A2 Gir Cow Paneer 200g","2","0","0"
"16-03-2022","Hyderabad","New A2 Value Pack 500ml","31","0","1"
"16-03-2022","Hyderabad","Buffalo Milk Value Pack 500ml","18","0","1"
"16-03-2023","Hyderabad","Past Milk 1L","19","0","0"
"16-03-2023","Hyderabad","Raw Milk 1L","15","3","0"
"16-03-2023","Hyderabad","A2 1L","52","0","4"
"16-03-2023","Hyderabad","Curd Culture","5","0","0"
"16-03-2023","Hyderabad","A2 Ghee","1","0","0"
"16-03-2023","Hyderabad","Buffalo Milk 1L","50","2","8"
"16-03-2023","Hyderabad","Paneer 200g Cows Milk","2","0","0"
"16-03-2023","Hyderabad","A2 Value Pack 1L","264","0","2"
"16-03-2023","Hyderabad","Buffalo Ghee 500ml","1","0","0"
"16-03-2023","Hyderabad","Kharwas 120g","1","0","0"
"16-03-2023","Hyderabad","A2 Gir Cow Paneer 200g","3","0","0"
"16-03-2023","Hyderabad","New A2 Value Pack 500ml","109","0","2"
"16-03-2023","Hyderabad","Insulated Door Bag","1","0","0"
"16-03-2023","Hyderabad","Buffalo Milk Value Pack 500ml","68","0","2"
"16-03-2023","Hyderabad","Dahi","11","0","0"
"16-03-2023","Hyderabad","Past Milk Value Pack 1L","18","0","0"
"16-03-2023","Hyderabad","Raw Value Pack 1L","39","1","1"
"16-03-2023","Hyderabad","Buffalo Value Pack 1L","128","4","3"
"16-03-2023","Hyderabad","Lactose Free Milk 0.5L","11","0","0"
"16-03-2023","Hyderabad","Past Milk Value Pack 0.5L","3","0","0"
"16-03-2023","Hyderabad","Raw Milk Value Pack 0.5L","22","0","0"
"16-03-2024","Hyderabad","Past Milk 1L","21","0","1"
"16-03-2024","Hyderabad","Raw Milk 1L","11","0","1"
"16-03-2024","Hyderabad","A2 1L","62","0","12"
"16-03-2024","Hyderabad","Curd Culture","3","0","0"
"16-03-2024","Hyderabad","A2 Ghee","5","0","0"
"16-03-2024","Hyderabad","Buffalo Milk 1L","49","0","17"
"16-03-2024","Hyderabad","Paneer 200g Cows Milk","15","0","0"
"16-03-2024","Hyderabad","A2 Value Pack 1L","589","1","3"
"16-03-2024","Hyderabad","Buffalo Ghee 500ml","2","0","0"
"16-03-2024","Hyderabad","Kharwas 120g","8","0","0"
"16-03-2024","Hyderabad","A2 Gir Cow Paneer 200g","3","0","0"
"16-03-2024","Hyderabad","New A2 Value Pack 500ml","203","0","1"
"16-03-2024","Hyderabad","Buffalo Milk Value Pack 500ml","160","0","2"
"16-03-2024","Hyderabad","Dahi","14","0","0"
"16-03-2024","Hyderabad","Past Milk Value Pack 1L","24","0","0"
"16-03-2024","Hyderabad","Raw Value Pack 1L","68","0","0"
"16-03-2024","Hyderabad","Buffalo Value Pack 1L","374","1","3"
"16-03-2024","Hyderabad","Lactose Free Milk 0.5L","15","0","1"
"16-03-2024","Hyderabad","Past Milk Value Pack 0.5L","25","0","0"
"16-03-2024","Hyderabad","Raw Milk Value Pack 0.5L","20","0","0"
"16-04-2020","Hyderabad","Past Milk 1L","2","0","0"
"16-04-2021","Hyderabad","A2 1L","1","0","0"
"16-04-2021","Hyderabad","Buffalo Milk 1L","1","0","0"
"16-04-2021","Hyderabad","A2 Value Pack 1L","1","0","0"
"16-04-2022","Hyderabad","Past Milk 1L","13","0","0"
"16-04-2022","Hyderabad","Raw Milk 1L","14","0","0"
"16-04-2022","Hyderabad","Past Milk 0.5L","3","0","0"
"16-04-2022","Hyderabad","A2 1L","43","0","4"
"16-04-2022","Hyderabad","Curd Culture","1","0","0"
"16-04-2022","Hyderabad","Buffalo Milk 1L","36","0","3"
"16-04-2022","Hyderabad","Paneer 200g Cows Milk","5","0","0"
"16-04-2022","Hyderabad","A2 Value Pack 1L","65","0","0"
"16-04-2022","Hyderabad","A2 Gir Cow Paneer 200g","1","0","0"
"16-04-2022","Hyderabad","New A2 Value Pack 500ml","30","0","0"
"16-04-2022","Hyderabad","Buffalo Milk Value Pack 500ml","20","0","0"
"16-04-2022","Hyderabad","Tender Coconut","1","0","0"
"16-04-2022","Hyderabad","Dahi","1","0","0"
"16-04-2023","Hyderabad","Past Milk 1L","24","0","0"
"16-04-2023","Hyderabad","Raw Milk 1L","26","0","0"
"16-04-2023","Hyderabad","Ghee 500ml","1","0","0"
"16-04-2023","Hyderabad","A2 1L","61","4","0"
"16-04-2023","Hyderabad","Curd Culture","1","0","0"
"16-04-2023","Hyderabad","Buffalo Milk 1L","56","3","1"
"16-04-2023","Hyderabad","Paneer 200g Cows Milk","2","0","0"
"16-04-2023","Hyderabad","A2 Value Pack 1L","277","2","0"
"16-04-2023","Hyderabad","Buffalo Ghee 500ml","1","0","0"
"16-04-2023","Hyderabad","Kharwas 120g","7","0","0"
"16-04-2023","Hyderabad","A2 Gir Cow Paneer 200g","4","0","0"
"16-04-2023","Hyderabad","New A2 Value Pack 500ml","115","0","0"
"16-04-2023","Hyderabad","Buffalo Milk Value Pack 500ml","68","5","0"
"16-04-2023","Hyderabad","Dahi","11","0","0"
"16-04-2023","Hyderabad","Past Milk Value Pack 1L","20","0","0"
"16-04-2023","Hyderabad","Raw Value Pack 1L","33","0","0"
"16-04-2023","Hyderabad","Buffalo Value Pack 1L","143","3","0"
"16-04-2023","Hyderabad","Lactose Free Milk 0.5L","5","0","0"
"16-04-2023","Hyderabad","Past Milk Value Pack 0.5L","6","0","0"
"16-04-2023","Hyderabad","Raw Milk Value Pack 0.5L","20","0","0"
"16-05-2020","Hyderabad","Past Milk 1L","2","0","0"
"16-05-2021","Hyderabad","A2 1L","1","0","0"
"16-05-2021","Hyderabad","A2 Value Pack 1L","1","0","0"
"16-05-2022","Hyderabad","Past Milk 1L","21","0","0"
"16-05-2022","Hyderabad","Raw Milk 1L","22","0","0"
"16-05-2022","Hyderabad","Past Milk 0.5L","2","0","1"
"16-05-2022","Hyderabad","A2 1L","47","1","0"
"16-05-2022","Hyderabad","Curd Culture","0","0","1"
"16-05-2022","Hyderabad","A2 Ghee","1","0","0"
"16-05-2022","Hyderabad","Buffalo Milk 1L","50","0","0"
"16-05-2022","Hyderabad","Paneer 200g Cows Milk","2","0","0"
"16-05-2022","Hyderabad","A2 Value Pack 1L","80","0","0"
"16-05-2022","Hyderabad","New A2 Value Pack 500ml","33","0","0"
"16-05-2022","Hyderabad","Insulated Door Bag","1","0","1"
"16-05-2022","Hyderabad","Buffalo Milk Value Pack 500ml","21","0","0"
"16-05-2022","Hyderabad","Dahi","1","0","0"
"16-05-2023","Hyderabad","Past Milk 1L","15","0","0"
"16-05-2023","Hyderabad","Raw Milk 1L","16","2","0"
"16-05-2023","Hyderabad","A2 1L","53","2","3"
"16-05-2023","Hyderabad","Curd Culture","1","0","0"
"16-05-2023","Hyderabad","A2 Ghee","3","0","0"
"16-05-2023","Hyderabad","Buffalo Milk 1L","40","5","1"
"16-05-2023","Hyderabad","Paneer 200g Cows Milk","5","0","0"
"16-05-2023","Hyderabad","A2 Value Pack 1L","275","15","0"
"16-05-2023","Hyderabad","Buffalo Ghee 500ml","1","0","0"
"16-05-2023","Hyderabad","Kharwas 120g","2","0","0"
"16-05-2023","Hyderabad","A2 Gir Cow Paneer 200g","1","0","0"
"16-05-2023","Hyderabad","New A2 Value Pack 500ml","120","5","1"
"16-05-2023","Hyderabad","Buffalo Milk Value Pack 500ml","80","6","1"
"16-05-2023","Hyderabad","Dahi","9","0","0"
"16-05-2023","Hyderabad","Past Milk Value Pack 1L","17","1","0"
"16-05-2023","Hyderabad","Raw Value Pack 1L","33","4","0"
"16-05-2023","Hyderabad","Buffalo Value Pack 1L","146","21","2"
"16-05-2023","Hyderabad","Lactose Free Milk 0.5L","10","0","0"
"16-05-2023","Hyderabad","Past Milk Value Pack 0.5L","8","1","0"
"16-05-2023","Hyderabad","Raw Milk Value Pack 0.5L","15","0","0"
"16-06-2020","Hyderabad","Past Milk 1L","2","0","0"
"16-06-2020","Hyderabad","Past Milk 0.5L","1","0","0"
"16-06-2020","Hyderabad","A2 1L","1","0","0"
"16-06-2021","Hyderabad","A2 1L","1","0","0"
"16-06-2021","Hyderabad","A2 Value Pack 1L","1","0","0"
"16-06-2022","Hyderabad","Past Milk 1L","22","0","0"
"16-06-2022","Hyderabad","Raw Milk 1L","19","0","1"
"16-06-2022","Hyderabad","Past Milk 0.5L","6","0","0"
"16-06-2022","Hyderabad","Ghee 500ml","1","0","0"
"16-06-2022","Hyderabad","A2 1L","47","0","2"
"16-06-2022","Hyderabad","Curd Culture","1","0","0"
"16-06-2022","Hyderabad","A2 Ghee","1","0","0"
"16-06-2022","Hyderabad","Buffalo Milk 1L","67","2","0"
"16-06-2022","Hyderabad","Paneer 200g Cows Milk","5","0","0"
"16-06-2022","Hyderabad","A2 Value Pack 1L","126","1","0"
"16-06-2022","Hyderabad","Kharwas 120g","2","0","0"
"16-06-2022","Hyderabad","A2 Gir Cow Paneer 200g","2","0","0"
"16-06-2022","Hyderabad","New A2 Value Pack 500ml","53","1","1"
"16-06-2022","Hyderabad","Insulated Door Bag","2","0","0"
"16-06-2022","Hyderabad","Buffalo Milk Value Pack 500ml","37","0","0"
"16-06-2022","Hyderabad","Dahi","1","0","0"
"16-06-2023","Hyderabad","Past Milk 1L","25","0","1"
"16-06-2023","Hyderabad","Raw Milk 1L","13","1","0"
"16-06-2023","Hyderabad","Ghee 500ml","3","0","0"
"16-06-2023","Hyderabad","A2 1L","64","6","0"
"16-06-2023","Hyderabad","Curd Culture","3","0","0"
"16-06-2023","Hyderabad","A2 Ghee","1","0","0"
"16-06-2023","Hyderabad","Buffalo Milk 1L","47","2","0"
"16-06-2023","Hyderabad","Paneer 200g Cows Milk","6","0","0"
"16-06-2023","Hyderabad","A2 Value Pack 1L","375","10","5"
"16-06-2023","Hyderabad","Buffalo Ghee 500ml","1","0","0"
"16-06-2023","Hyderabad","A2 Gir Cow Paneer 200g","3","0","0"
"16-06-2023","Hyderabad","New A2 Value Pack 500ml","115","5","0"
"16-06-2023","Hyderabad","Insulated Door Bag","1","0","0"
"16-06-2023","Hyderabad","Buffalo Milk Value Pack 500ml","79","1","0"
"16-06-2023","Hyderabad","Dahi","8","0","0"
"16-06-2023","Hyderabad","Past Milk Value Pack 1L","19","0","0"
"16-06-2023","Hyderabad","Raw Value Pack 1L","45","4","0"
"16-06-2023","Hyderabad","Buffalo Value Pack 1L","193","14","6"
"16-06-2023","Hyderabad","Lactose Free Milk 0.5L","10","0","0"
"16-06-2023","Hyderabad","Past Milk Value Pack 0.5L","8","0","0"
"16-06-2023","Hyderabad","Raw Milk Value Pack 0.5L","16","0","0"
"16-07-2020","Hyderabad","Past Milk 1L","2","0","0"
"16-07-2020","Hyderabad","A2 1L","1","0","0"
"16-07-2021","Hyderabad","A2 1L","1","0","0"
"16-07-2021","Hyderabad","Buffalo Milk 1L","1","0","0"
"16-07-2021","Hyderabad","A2 Value Pack 1L","1","0","0"
"16-07-2022","Hyderabad","Past Milk 1L","20","0","0"
"16-07-2022","Hyderabad","Raw Milk 1L","14","0","0"
"16-07-2022","Hyderabad","A2 1L","41","0","1"
"16-07-2022","Hyderabad","Curd Culture","4","0","0"
"16-07-2022","Hyderabad","A2 Ghee","1","0","0"
"16-07-2022","Hyderabad","Buffalo Milk 1L","69","0","0"
"16-07-2022","Hyderabad","Paneer 200g Cows Milk","5","0","0"
"16-07-2022","Hyderabad","A2 Value Pack 1L","130","0","0"
"16-07-2022","Hyderabad","Kharwas 120g","4","0","0"
"16-07-2022","Hyderabad","A2 Gir Cow Paneer 200g","2","0","0"
"16-07-2022","Hyderabad","New A2 Value Pack 500ml","62","0","0"
"16-07-2022","Hyderabad","Buffalo Milk Value Pack 500ml","34","0","0"
"16-07-2022","Hyderabad","Dahi","4","0","0"
"16-07-2022","Hyderabad","Past Milk Value Pack 1L","4","0","0"
"16-07-2022","Hyderabad","Raw Value Pack 1L","3","0","1"
"16-07-2022","Hyderabad","Buffalo Value Pack 1L","4","0","0"
"16-07-2022","Hyderabad","Lactose Free Milk 0.5L","7","0","0"
"16-07-2023","Hyderabad","Past Milk 1L","16","0","0"
"16-07-2023","Hyderabad","Raw Milk 1L","12","0","0"
"16-07-2023","Hyderabad","A2 1L","56","0","0"
"16-07-2023","Hyderabad","Curd Culture","3","0","0"
"16-07-2023","Hyderabad","A2 Ghee","5","0","0"
"16-07-2023","Hyderabad","Buffalo Milk 1L","43","0","0"
"16-07-2023","Hyderabad","Paneer 200g Cows Milk","10","0","0"
"16-07-2023","Hyderabad","A2 Value Pack 1L","409","1","1"
"16-07-2023","Hyderabad","Buffalo Ghee 500ml","1","0","0"
"16-07-2023","Hyderabad","Kharwas 120g","9","0","0"
"16-07-2023","Hyderabad","A2 Gir Cow Paneer 200g","6","0","0"
"16-07-2023","Hyderabad","New A2 Value Pack 500ml","134","0","0"
"16-07-2023","Hyderabad","Buffalo Milk Value Pack 500ml","93","2","0"
"16-07-2023","Hyderabad","Dahi","13","0","0"
"16-07-2023","Hyderabad","Past Milk Value Pack 1L","15","0","0"
"16-07-2023","Hyderabad","Raw Value Pack 1L","47","1","0"
"16-07-2023","Hyderabad","Buffalo Value Pack 1L","206","0","1"
"16-07-2023","Hyderabad","Lactose Free Milk 0.5L","14","0","0"
"16-07-2023","Hyderabad","Past Milk Value Pack 0.5L","7","0","0"
"16-07-2023","Hyderabad","Raw Milk Value Pack 0.5L","15","0","0"
"16-08-2020","Hyderabad","Past Milk 1L","2","0","0"
"16-08-2020","Hyderabad","A2 Value Pack 1L","1","0","0"
"16-08-2021","Hyderabad","A2 1L","1","0","0"
"16-08-2021","Hyderabad","A2 Value Pack 1L","1","0","0"
"16-08-2022","Hyderabad","Past Milk 1L","17","0","0"
"16-08-2022","Hyderabad","Raw Milk 1L","11","0","0"
"16-08-2022","Hyderabad","A2 1L","50","0","0"
"16-08-2022","Hyderabad","Curd Culture","2","0","0"
"16-08-2022","Hyderabad","A2 Ghee","1","0","0"
"16-08-2022","Hyderabad","Buffalo Milk 1L","42","1","0"
"16-08-2022","Hyderabad","Paneer 200g Cows Milk","1","0","0"
"16-08-2022","Hyderabad","A2 Value Pack 1L","100","0","0"
"16-08-2022","Hyderabad","New A2 Value Pack 500ml","68","0","0"
"16-08-2022","Hyderabad","Buffalo Milk Value Pack 500ml","29","0","0"
"16-08-2022","Hyderabad","Dahi","3","0","0"
"16-08-2022","Hyderabad","Past Milk Value Pack 1L","8","0","0"
"16-08-2022","Hyderabad","Raw Value Pack 1L","15","0","0"
"16-08-2022","Hyderabad","Buffalo Value Pack 1L","15","0","0"
"16-08-2023","Hyderabad","Past Milk 1L","27","0","0"
"16-08-2023","Hyderabad","Raw Milk 1L","13","0","0"
"16-08-2023","Hyderabad","A2 1L","56","0","0"
"16-08-2023","Hyderabad","Curd Culture","1","0","0"
"16-08-2023","Hyderabad","A2 Ghee","6","0","0"
"16-08-2023","Hyderabad","Buffalo Milk 1L","43","1","0"
"16-08-2023","Hyderabad","Paneer 200g Cows Milk","9","0","0"
"16-08-2023","Hyderabad","A2 Value Pack 1L","399","2","0"
"16-08-2023","Hyderabad","Buffalo Ghee 500ml","2","0","0"
"16-08-2023","Hyderabad","Kharwas 120g","9","0","0"
"16-08-2023","Hyderabad","A2 Gir Cow Paneer 200g","7","0","0"
"16-08-2023","Hyderabad","New A2 Value Pack 500ml","155","1","1"
"16-08-2023","Hyderabad","Buffalo Milk Value Pack 500ml","97","0","0"
"16-08-2023","Hyderabad","Dahi","13","0","0"
"16-08-2023","Hyderabad","Past Milk Value Pack 1L","18","0","0"
"16-08-2023","Hyderabad","Raw Value Pack 1L","68","0","0"
"16-08-2023","Hyderabad","Buffalo Value Pack 1L","208","1","1"
"16-08-2023","Hyderabad","Lactose Free Milk 0.5L","10","0","0"
"16-08-2023","Hyderabad","Past Milk Value Pack 0.5L","14","0","0"
"16-08-2023","Hyderabad","Raw Milk Value Pack 0.5L","22","0","0"
"16-09-2020","Hyderabad","Past Milk 1L","1","0","0"
"16-09-2020","Hyderabad","A2 1L","1","0","0"
"16-09-2021","Hyderabad","A2 1L","1","0","0"
"16-09-2021","Hyderabad","A2 Value Pack 1L","2","0","0"
"16-09-2022","Hyderabad","Past Milk 1L","20","0","0"
"16-09-2022","Hyderabad","Raw Milk 1L","14","1","1"
"16-09-2022","Hyderabad","Ghee 500ml","1","0","0"
"16-09-2022","Hyderabad","A2 1L","59","0","3"
"16-09-2022","Hyderabad","Curd Culture","3","0","0"
"16-09-2022","Hyderabad","A2 Ghee","3","0","0"
"16-09-2022","Hyderabad","Buffalo Milk 1L","60","2","3"
"16-09-2022","Hyderabad","Paneer 200g Cows Milk","2","0","0"
"16-09-2022","Hyderabad","A2 Value Pack 1L","150","0","1"
"16-09-2022","Hyderabad","Buffalo Ghee 500ml","2","0","0"
"16-09-2022","Hyderabad","Kharwas 120g","3","0","0"
"16-09-2022","Hyderabad","A2 Gir Cow Paneer 200g","5","0","0"
"16-09-2022","Hyderabad","New A2 Value Pack 500ml","93","0","1"
"16-09-2022","Hyderabad","Buffalo Milk Value Pack 500ml","32","0","0"
"16-09-2022","Hyderabad","Dahi","6","0","0"
"16-09-2022","Hyderabad","Past Milk Value Pack 1L","6","0","0"
"16-09-2022","Hyderabad","Raw Value Pack 1L","21","0","0"
"16-09-2022","Hyderabad","Buffalo Value Pack 1L","20","0","0"
"16-09-2023","Hyderabad","Past Milk 1L","22","0","0"
"16-09-2023","Hyderabad","Raw Milk 1L","15","0","0"
"16-09-2023","Hyderabad","Ghee 500ml","8","0","0"
"16-09-2023","Hyderabad","A2 1L","68","1","1"
"16-09-2023","Hyderabad","Curd Culture","3","0","0"
"16-09-2023","Hyderabad","Buffalo Milk 1L","64","0","0"
"16-09-2023","Hyderabad","Paneer 200g Cows Milk","13","0","0"
"16-09-2023","Hyderabad","A2 Value Pack 1L","495","2","0"
"16-09-2023","Hyderabad","Buffalo Ghee 500ml","1","0","0"
"16-09-2023","Hyderabad","Kharwas 120g","10","0","0"
"16-09-2023","Hyderabad","A2 Gir Cow Paneer 200g","1","0","0"
"16-09-2023","Hyderabad","New A2 Value Pack 500ml","151","0","0"
"16-09-2023","Hyderabad","Buffalo Milk Value Pack 500ml","123","0","0"
"16-09-2023","Hyderabad","Dahi","12","0","0"
"16-09-2023","Hyderabad","Past Milk Value Pack 1L","18","0","0"
"16-09-2023","Hyderabad","Raw Value Pack 1L","54","0","0"
"16-09-2023","Hyderabad","Buffalo Value Pack 1L","233","1","2"
"16-09-2023","Hyderabad","Lactose Free Milk 0.5L","8","0","0"
"16-09-2023","Hyderabad","Past Milk Value Pack 0.5L","11","0","0"
"16-09-2023","Hyderabad","Raw Milk Value Pack 0.5L","17","0","0"
"16-10-2020","Hyderabad","Past Milk 1L","1","0","0"
"16-10-2020","Hyderabad","A2 Value Pack 1L","1","0","0"
"16-10-2021","Hyderabad","Past Milk 1L","1","0","0"
"16-10-2021","Hyderabad","A2 1L","1","0","0"
"16-10-2021","Hyderabad","A2 Value Pack 1L","1","0","0"
"16-10-2022","Hyderabad","Past Milk 1L","26","0","0"
"16-10-2022","Hyderabad","Raw Milk 1L","13","2","0"
"16-10-2022","Hyderabad","Ghee 500ml","1","0","0"
"16-10-2022","Hyderabad","A2 1L","57","0","0"
"16-10-2022","Hyderabad","Curd Culture","3","0","0"
"16-10-2022","Hyderabad","A2 Ghee","2","0","0"
"16-10-2022","Hyderabad","Buffalo Milk 1L","59","0","0"
"16-10-2022","Hyderabad","A2 Value Pack 1L","149","0","0"
"16-10-2022","Hyderabad","Kharwas 120g","1","0","0"
"16-10-2022","Hyderabad","A2 Gir Cow Paneer 200g","3","0","0"
"16-10-2022","Hyderabad","New A2 Value Pack 500ml","84","0","0"
"16-10-2022","Hyderabad","Buffalo Milk Value Pack 500ml","44","0","0"
"16-10-2022","Hyderabad","Dahi","7","0","0"
"16-10-2022","Hyderabad","Past Milk Value Pack 1L","5","0","0"
"16-10-2022","Hyderabad","Raw Value Pack 1L","17","0","0"
"16-10-2022","Hyderabad","Buffalo Value Pack 1L","14","0","0"
"16-10-2022","Hyderabad","Lactose Free Milk 0.5L","7","0","0"
"16-10-2022","Hyderabad","Raw Milk Value Pack 0.5L","3","0","0"
"16-10-2023","Hyderabad","Past Milk 1L","17","0","0"
"16-10-2023","Hyderabad","Raw Milk 1L","14","0","0"
"16-10-2023","Hyderabad","Ghee 500ml","4","0","0"
"16-10-2023","Hyderabad","A2 1L","59","1","0"
"16-10-2023","Hyderabad","A2 Ghee","2","0","0"
"16-10-2023","Hyderabad","Buffalo Milk 1L","55","0","0"
"16-10-2023","Hyderabad","Paneer 200g Cows Milk","7","0","0"
"16-10-2023","Hyderabad","A2 Value Pack 1L","489","0","0"
"16-10-2023","Hyderabad","Buffalo Ghee 500ml","1","0","0"
"16-10-2023","Hyderabad","Kharwas 120g","2","0","0"
"16-10-2023","Hyderabad","A2 Gir Cow Paneer 200g","1","0","0"
"16-10-2023","Hyderabad","New A2 Value Pack 500ml","162","0","0"
"16-10-2023","Hyderabad","Buffalo Milk Value Pack 500ml","146","0","0"
"16-10-2023","Hyderabad","Dahi","15","0","0"
"16-10-2023","Hyderabad","Past Milk Value Pack 1L","17","1","0"
"16-10-2023","Hyderabad","Raw Value Pack 1L","45","0","0"
"16-10-2023","Hyderabad","Buffalo Value Pack 1L","271","0","1"
"16-10-2023","Hyderabad","Lactose Free Milk 0.5L","8","0","0"
"16-10-2023","Hyderabad","Past Milk Value Pack 0.5L","15","0","0"
"16-10-2023","Hyderabad","Raw Milk Value Pack 0.5L","25","0","0"
"16-11-2020","Hyderabad","Past Milk 1L","1","0","0"
"16-11-2020","Hyderabad","A2 1L","1","0","0"
"16-11-2020","Hyderabad","A2 Value Pack 1L","1","0","0"
"16-11-2021","Hyderabad","Past Milk 1L","1","0","0"
"16-11-2021","Hyderabad","Raw Milk 1L","1","0","0"
"16-11-2021","Hyderabad","A2 Value Pack 1L","2","0","0"
"16-11-2021","Hyderabad","Dahi","1","0","0"
"16-11-2022","Hyderabad","Past Milk 1L","28","0","2"
"16-11-2022","Hyderabad","Raw Milk 1L","19","0","2"
"16-11-2022","Hyderabad","Ghee 500ml","1","0","0"
"16-11-2022","Hyderabad","A2 1L","43","1","13"
"16-11-2022","Hyderabad","Curd Culture","2","0","0"
"16-11-2022","Hyderabad","A2 Ghee","1","0","0"
"16-11-2022","Hyderabad","Buffalo Milk 1L","68","1","20"
"16-11-2022","Hyderabad","Paneer 200g Cows Milk","2","0","0"
"16-11-2022","Hyderabad","A2 Value Pack 1L","173","2","0"
"16-11-2022","Hyderabad","Kharwas 120g","5","0","0"
"16-11-2022","Hyderabad","A2 Gir Cow Paneer 200g","2","0","0"
"16-11-2022","Hyderabad","New A2 Value Pack 500ml","86","0","2"
"16-11-2022","Hyderabad","Buffalo Milk Value Pack 500ml","46","0","14"
"16-11-2022","Hyderabad","Dahi","9","0","0"
"16-11-2022","Hyderabad","Past Milk Value Pack 1L","12","0","0"
"16-11-2022","Hyderabad","Raw Value Pack 1L","24","0","0"
"16-11-2022","Hyderabad","Buffalo Value Pack 1L","26","0","1"
"16-11-2022","Hyderabad","Lactose Free Milk 0.5L","6","0","0"
"16-11-2022","Hyderabad","Past Milk Value Pack 0.5L","1","0","2"
"16-11-2022","Hyderabad","Raw Milk Value Pack 0.5L","2","0","0"
"16-11-2023","Hyderabad","Past Milk 1L","19","0","0"
"16-11-2023","Hyderabad","Raw Milk 1L","11","0","0"
"16-11-2023","Hyderabad","Ghee 500ml","1","1","0"
"16-11-2023","Hyderabad","A2 1L","70","2","0"
"16-11-2023","Hyderabad","Curd Culture","1","0","0"
"16-11-2023","Hyderabad","A2 Ghee","0","1","0"
"16-11-2023","Hyderabad","Buffalo Milk 1L","55","0","0"
"16-11-2023","Hyderabad","Paneer 200g Cows Milk","4","0","0"
"16-11-2023","Hyderabad","A2 Value Pack 1L","469","1","0"
"16-11-2023","Hyderabad","Buffalo Ghee 500ml","1","0","0"
"16-11-2023","Hyderabad","Kharwas 120g","7","0","0"
"16-11-2023","Hyderabad","A2 Gir Cow Paneer 200g","1","0","0"
"16-11-2023","Hyderabad","New A2 Value Pack 500ml","173","0","0"
"16-11-2023","Hyderabad","Buffalo Milk Value Pack 500ml","139","0","0"
"16-11-2023","Hyderabad","Dahi","14","0","0"
"16-11-2023","Hyderabad","Past Milk Value Pack 1L","21","0","0"
"16-11-2023","Hyderabad","Raw Value Pack 1L","53","0","0"
"16-11-2023","Hyderabad","Buffalo Value Pack 1L","297","0","0"
"16-11-2023","Hyderabad","Lactose Free Milk 0.5L","12","0","0"
"16-11-2023","Hyderabad","Past Milk Value Pack 0.5L","18","0","0"
"16-11-2023","Hyderabad","Raw Milk Value Pack 0.5L","22","0","0"
"16-12-2020","Hyderabad","Buffalo Milk 1L","1","0","0"
"16-12-2021","Hyderabad","A2 Value Pack 1L","2","0","0"
"16-12-2022","Hyderabad","Past Milk 1L","22","0","1"
"16-12-2022","Hyderabad","Raw Milk 1L","15","0","1"
"16-12-2022","Hyderabad","Ghee 500ml","1","0","0"
"16-12-2022","Hyderabad","A2 1L","51","1","7"
"16-12-2022","Hyderabad","A2 Ghee","2","0","0"
"16-12-2022","Hyderabad","Buffalo Milk 1L","59","0","3"
"16-12-2022","Hyderabad","Paneer 200g Cows Milk","2","0","0"
"16-12-2022","Hyderabad","A2 Value Pack 1L","197","0","1"
"16-12-2022","Hyderabad","Buffalo Ghee 500ml","2","0","0"
"16-12-2022","Hyderabad","Kharwas 120g","9","0","0"
"16-12-2022","Hyderabad","A2 Gir Cow Paneer 200g","1","0","0"
"16-12-2022","Hyderabad","New A2 Value Pack 500ml","103","0","1"
"16-12-2022","Hyderabad","Buffalo Milk Value Pack 500ml","39","0","3"
"16-12-2022","Hyderabad","Dahi","9","0","0"
"16-12-2022","Hyderabad","Past Milk Value Pack 1L","11","0","1"
"16-12-2022","Hyderabad","Raw Value Pack 1L","25","0","0"
"16-12-2022","Hyderabad","Buffalo Value Pack 1L","47","0","3"
"16-12-2022","Hyderabad","Lactose Free Milk 0.5L","6","0","0"
"16-12-2022","Hyderabad","Past Milk Value Pack 0.5L","3","0","0"
"16-12-2022","Hyderabad","Raw Milk Value Pack 0.5L","8","0","0"
"16-12-2023","Hyderabad","Past Milk 1L","13","0","0"
"16-12-2023","Hyderabad","Raw Milk 1L","13","0","2"
"16-12-2023","Hyderabad","A2 1L","54","0","2"
"16-12-2023","Hyderabad","Curd Culture","4","0","0"
"16-12-2023","Hyderabad","A2 Ghee","2","1","0"
"16-12-2023","Hyderabad","Buffalo Milk 1L","36","0","3"
"16-12-2023","Hyderabad","Paneer 200g Cows Milk","11","0","0"
"16-12-2023","Hyderabad","A2 Value Pack 1L","503","1","4"
"16-12-2023","Hyderabad","Buffalo Ghee 500ml","5","0","0"
"16-12-2023","Hyderabad","Kharwas 120g","5","0","0"
"16-12-2023","Hyderabad","A2 Gir Cow Paneer 200g","3","0","0"
"16-12-2023","Hyderabad","New A2 Value Pack 500ml","172","0","3"
"16-12-2023","Hyderabad","Insulated Door Bag","1","0","0"
"16-12-2023","Hyderabad","Buffalo Milk Value Pack 500ml","140","1","1"
"16-12-2023","Hyderabad","Dahi","12","0","0"
"16-12-2023","Hyderabad","Past Milk Value Pack 1L","18","0","1"
"16-12-2023","Hyderabad","Raw Value Pack 1L","63","0","0"
"16-12-2023","Hyderabad","Buffalo Value Pack 1L","314","0","12"
"16-12-2023","Hyderabad","Lactose Free Milk 0.5L","12","0","0"
"16-12-2023","Hyderabad","Past Milk Value Pack 0.5L","16","0","0"
"16-12-2023","Hyderabad","Raw Milk Value Pack 0.5L","23","0","0"
"17-01-2020","Hyderabad","Raw Milk 1L","1","0","0"
"17-01-2020","Hyderabad","A2 Value Pack 1L","1","0","0"
"17-01-2021","Hyderabad","Buffalo Milk 1L","1","0","0"
"17-01-2021","Hyderabad","A2 Value Pack 1L","1","0","0"
"17-01-2022","Hyderabad","Buffalo Milk 1L","1","0","0"
"17-01-2022","Hyderabad","A2 Value Pack 1L","3","0","0"
"17-01-2022","Hyderabad","New A2 Value Pack 500ml","1","0","1"
"17-01-2023","Hyderabad","Past Milk 1L","21","0","0"
"17-01-2023","Hyderabad","Raw Milk 1L","16","0","0"
"17-01-2023","Hyderabad","Ghee 500ml","3","0","0"
"17-01-2023","Hyderabad","A2 1L","58","1","2"
"17-01-2023","Hyderabad","Curd Culture","1","0","0"
"17-01-2023","Hyderabad","A2 Ghee","1","0","0"
"17-01-2023","Hyderabad","Buffalo Milk 1L","48","0","2"
"17-01-2023","Hyderabad","Paneer 200g Cows Milk","5","0","0"
"17-01-2023","Hyderabad","A2 Value Pack 1L","208","0","2"
"17-01-2023","Hyderabad","Buffalo Ghee 500ml","1","0","0"
"17-01-2023","Hyderabad","Kharwas 120g","4","0","0"
"17-01-2023","Hyderabad","A2 Gir Cow Paneer 200g","1","0","0"
"17-01-2023","Hyderabad","New A2 Value Pack 500ml","93","0","0"
"17-01-2023","Hyderabad","Buffalo Milk Value Pack 500ml","37","0","3"
"17-01-2023","Hyderabad","Dahi","9","0","0"
"17-01-2023","Hyderabad","Past Milk Value Pack 1L","10","0","0"
"17-01-2023","Hyderabad","Raw Value Pack 1L","30","0","0"
"17-01-2023","Hyderabad","Buffalo Value Pack 1L","81","0","3"
"17-01-2023","Hyderabad","Lactose Free Milk 0.5L","8","0","0"
"17-01-2023","Hyderabad","Past Milk Value Pack 0.5L","7","0","0"
"17-01-2023","Hyderabad","Raw Milk Value Pack 0.5L","6","0","0"
"17-01-2024","Hyderabad","Past Milk 1L","15","0","0"
"17-01-2024","Hyderabad","Raw Milk 1L","16","0","0"
"17-01-2024","Hyderabad","A2 1L","49","0","1"
"17-01-2024","Hyderabad","Curd Culture","2","0","0"
"17-01-2024","Hyderabad","A2 Ghee","3","0","0"
"17-01-2024","Hyderabad","Buffalo Milk 1L","36","0","3"
"17-01-2024","Hyderabad","Paneer 200g Cows Milk","9","0","0"
"17-01-2024","Hyderabad","A2 Value Pack 1L","503","1","4"
"17-01-2024","Hyderabad","Kharwas 120g","8","0","0"
"17-01-2024","Hyderabad","A2 Gir Cow Paneer 200g","3","0","0"
"17-01-2024","Hyderabad","New A2 Value Pack 500ml","176","0","2"
"17-01-2024","Hyderabad","Buffalo Milk Value Pack 500ml","148","0","1"
"17-01-2024","Hyderabad","Dahi","22","0","0"
"17-01-2024","Hyderabad","Past Milk Value Pack 1L","21","0","1"
"17-01-2024","Hyderabad","Raw Value Pack 1L","60","0","2"
"17-01-2024","Hyderabad","Buffalo Value Pack 1L","270","1","3"
"17-01-2024","Hyderabad","Lactose Free Milk 0.5L","10","0","0"
"17-01-2024","Hyderabad","Past Milk Value Pack 0.5L","18","0","2"
"17-01-2024","Hyderabad","Raw Milk Value Pack 0.5L","18","0","0"
"17-02-2020","Hyderabad","Past Milk 1L","2","0","0"
"17-02-2020","Hyderabad","A2 Value Pack 1L","2","0","0"
"17-02-2021","Hyderabad","Buffalo Milk 1L","1","0","0"
"17-02-2021","Hyderabad","A2 Value Pack 1L","2","0","0"
"17-02-2022","Hyderabad","Past Milk 1L","5","0","0"
"17-02-2022","Hyderabad","Raw Milk 1L","8","0","2"
"17-02-2022","Hyderabad","Past Milk 0.5L","2","0","0"
"17-02-2022","Hyderabad","A2 1L","18","0","7"
"17-02-2022","Hyderabad","Curd Culture","2","0","0"
"17-02-2022","Hyderabad","A2 Ghee","1","0","0"
"17-02-2022","Hyderabad","Buffalo Milk 1L","20","0","4"
"17-02-2022","Hyderabad","Paneer 200g Cows Milk","1","0","0"
"17-02-2022","Hyderabad","A2 Value Pack 1L","25","0","0"
"17-02-2022","Hyderabad","A2 Gir Cow Paneer 200g","2","0","0"
"17-02-2022","Hyderabad","New A2 Value Pack 500ml","19","0","1"
"17-02-2022","Hyderabad","Buffalo Milk Value Pack 500ml","6","0","2"
"17-02-2023","Hyderabad","Past Milk 1L","25","0","0"
"17-02-2023","Hyderabad","Raw Milk 1L","21","0","0"
"17-02-2023","Hyderabad","Ghee 500ml","2","0","0"
"17-02-2023","Hyderabad","A2 1L","45","1","1"
"17-02-2023","Hyderabad","Curd Culture","1","0","0"
"17-02-2023","Hyderabad","A2 Ghee","4","0","0"
"17-02-2023","Hyderabad","Buffalo Milk 1L","46","1","4"
"17-02-2023","Hyderabad","Paneer 200g Cows Milk","4","0","0"
"17-02-2023","Hyderabad","A2 Value Pack 1L","242","0","1"
"17-02-2023","Hyderabad","Buffalo Ghee 500ml","1","0","0"
"17-02-2023","Hyderabad","Kharwas 120g","4","0","0"
"17-02-2023","Hyderabad","A2 Gir Cow Paneer 200g","5","0","0"
"17-02-2023","Hyderabad","New A2 Value Pack 500ml","106","0","1"
"17-02-2023","Hyderabad","Buffalo Milk Value Pack 500ml","63","0","0"
"17-02-2023","Hyderabad","Dahi","6","0","0"
"17-02-2023","Hyderabad","Past Milk Value Pack 1L","11","0","0"
"17-02-2023","Hyderabad","Raw Value Pack 1L","38","1","1"
"17-02-2023","Hyderabad","Buffalo Value Pack 1L","106","0","5"
"17-02-2023","Hyderabad","Lactose Free Milk 0.5L","8","0","0"
"17-02-2023","Hyderabad","Past Milk Value Pack 0.5L","9","0","0"
"17-02-2023","Hyderabad","Raw Milk Value Pack 0.5L","15","0","0"
"17-02-2024","Hyderabad","Past Milk 1L","23","0","0"
"17-02-2024","Hyderabad","Raw Milk 1L","16","0","2"
"17-02-2024","Hyderabad","A2 1L","46","0","6"
"17-02-2024","Hyderabad","Buffalo Milk 1L","39","0","4"
"17-02-2024","Hyderabad","Paneer 200g Cows Milk","8","0","0"
"17-02-2024","Hyderabad","A2 Value Pack 1L","551","0","1"
"17-02-2024","Hyderabad","Buffalo Ghee 500ml","2","0","0"
"17-02-2024","Hyderabad","Kharwas 120g","5","0","0"
"17-02-2024","Hyderabad","A2 Gir Cow Paneer 200g","2","0","0"
"17-02-2024","Hyderabad","New A2 Value Pack 500ml","217","0","1"
"17-02-2024","Hyderabad","Buffalo Milk Value Pack 500ml","142","2","0"
"17-02-2024","Hyderabad","Dahi","9","0","0"
"17-02-2024","Hyderabad","Past Milk Value Pack 1L","30","0","0"
"17-02-2024","Hyderabad","Raw Value Pack 1L","68","0","0"
"17-02-2024","Hyderabad","Buffalo Value Pack 1L","353","3","1"
"17-02-2024","Hyderabad","Lactose Free Milk 0.5L","12","0","0"
"17-02-2024","Hyderabad","Past Milk Value Pack 0.5L","17","0","0"
"17-02-2024","Hyderabad","Raw Milk Value Pack 0.5L","18","0","0"
"17-03-2020","Hyderabad","Past Milk 1L","2","0","0"
"17-03-2021","Hyderabad","A2 1L","1","0","0"
"17-03-2021","Hyderabad","A2 Value Pack 1L","3","0","0"
"17-03-2022","Hyderabad","Past Milk 1L","14","0","0"
"17-03-2022","Hyderabad","Raw Milk 1L","9","0","2"
"17-03-2022","Hyderabad","Past Milk 0.5L","2","0","0"
"17-03-2022","Hyderabad","A2 1L","22","0","2"
"17-03-2022","Hyderabad","Curd Culture","2","0","0"
"17-03-2022","Hyderabad","Buffalo Milk 1L","40","0","5"
"17-03-2022","Hyderabad","Paneer 200g Cows Milk","1","0","0"
"17-03-2022","Hyderabad","A2 Value Pack 1L","54","0","0"
"17-03-2022","Hyderabad","A2 Gir Cow Paneer 200g","1","0","0"
"17-03-2022","Hyderabad","New A2 Value Pack 500ml","26","0","0"
"17-03-2022","Hyderabad","Insulated Door Bag","1","0","0"
"17-03-2022","Hyderabad","Buffalo Milk Value Pack 500ml","18","0","0"
"17-03-2023","Hyderabad","Past Milk 1L","24","0","0"
"17-03-2023","Hyderabad","Raw Milk 1L","21","0","0"
"17-03-2023","Hyderabad","Ghee 500ml","1","0","0"
"17-03-2023","Hyderabad","A2 1L","68","5","0"
"17-03-2023","Hyderabad","Curd Culture","1","0","0"
"17-03-2023","Hyderabad","A2 Ghee","1","0","0"
"17-03-2023","Hyderabad","Buffalo Milk 1L","52","2","6"
"17-03-2023","Hyderabad","Paneer 200g Cows Milk","6","0","0"
"17-03-2023","Hyderabad","A2 Value Pack 1L","284","1","3"
"17-03-2023","Hyderabad","Kharwas 120g","5","0","0"
"17-03-2023","Hyderabad","A2 Gir Cow Paneer 200g","1","0","0"
"17-03-2023","Hyderabad","New A2 Value Pack 500ml","117","0","0"
"17-03-2023","Hyderabad","Insulated Door Bag","1","0","0"
"17-03-2023","Hyderabad","Buffalo Milk Value Pack 500ml","67","0","0"
"17-03-2023","Hyderabad","Dahi","13","0","0"
"17-03-2023","Hyderabad","Past Milk Value Pack 1L","24","0","0"
"17-03-2023","Hyderabad","Raw Value Pack 1L","37","2","2"
"17-03-2023","Hyderabad","Buffalo Value Pack 1L","119","2","7"
"17-03-2023","Hyderabad","Lactose Free Milk 0.5L","5","1","0"
"17-03-2023","Hyderabad","Past Milk Value Pack 0.5L","8","0","0"
"17-03-2023","Hyderabad","Raw Milk Value Pack 0.5L","16","0","0"
"17-03-2024","Hyderabad","Past Milk 1L","23","0","0"
"17-03-2024","Hyderabad","Raw Milk 1L","19","0","1"
"17-03-2024","Hyderabad","Ghee 500ml","1","0","0"
"17-03-2024","Hyderabad","A2 1L","70","1","7"
"17-03-2024","Hyderabad","Curd Culture","1","0","0"
"17-03-2024","Hyderabad","Buffalo Milk 1L","68","0","5"
"17-03-2024","Hyderabad","Paneer 200g Cows Milk","11","0","0"
"17-03-2024","Hyderabad","A2 Value Pack 1L","565","3","1"
"17-03-2024","Hyderabad","Buffalo Ghee 500ml","1","0","0"
"17-03-2024","Hyderabad","Kharwas 120g","18","0","0"
"17-03-2024","Hyderabad","A2 Gir Cow Paneer 200g","8","0","0"
"17-03-2024","Hyderabad","New A2 Value Pack 500ml","195","0","1"
"17-03-2024","Hyderabad","Buffalo Milk Value Pack 500ml","173","0","0"
"17-03-2024","Hyderabad","Dahi","18","0","0"
"17-03-2024","Hyderabad","Past Milk Value Pack 1L","26","0","0"
"17-03-2024","Hyderabad","Raw Value Pack 1L","77","0","0"
"17-03-2024","Hyderabad","Buffalo Value Pack 1L","359","3","1"
"17-03-2024","Hyderabad","Lactose Free Milk 0.5L","12","0","0"
"17-03-2024","Hyderabad","Past Milk Value Pack 0.5L","22","0","0"
"17-03-2024","Hyderabad","Raw Milk Value Pack 0.5L","22","0","1"
"17-04-2020","Hyderabad","Past Milk 1L","2","0","0"
"17-04-2020","Hyderabad","Buffalo Milk 1L","1","0","0"
"17-04-2020","Hyderabad","A2 Value Pack 1L","2","0","0"
"17-04-2020","Hyderabad","New A2 Value Pack 500ml","1","0","0"
"17-04-2021","Hyderabad","Buffalo Milk 1L","1","0","0"
"17-04-2021","Hyderabad","A2 Value Pack 1L","2","0","0"
"17-04-2022","Hyderabad","Past Milk 1L","14","0","1"
"17-04-2022","Hyderabad","Raw Milk 1L","14","0","0"
"17-04-2022","Hyderabad","Past Milk 0.5L","5","0","0"
"17-04-2022","Hyderabad","A2 1L","37","0","4"
"17-04-2022","Hyderabad","Curd Culture","1","0","0"
"17-04-2022","Hyderabad","A2 Ghee","1","0","0"
"17-04-2022","Hyderabad","Buffalo Milk 1L","35","0","5"
"17-04-2022","Hyderabad","A2 Value Pack 1L","75","0","0"
"17-04-2022","Hyderabad","New A2 Value Pack 500ml","28","0","2"
"17-04-2022","Hyderabad","Buffalo Milk Value Pack 500ml","19","0","1"
"17-04-2022","Hyderabad","Dahi","3","0","0"
"17-04-2023","Hyderabad","Past Milk 1L","25","0","0"
"17-04-2023","Hyderabad","Raw Milk 1L","20","0","0"
"17-04-2023","Hyderabad","Ghee 500ml","1","0","0"
"17-04-2023","Hyderabad","A2 1L","69","7","0"
"17-04-2023","Hyderabad","Curd Culture","2","0","0"
"17-04-2023","Hyderabad","A2 Ghee","2","0","0"
"17-04-2023","Hyderabad","Buffalo Milk 1L","56","4","0"
"17-04-2023","Hyderabad","Paneer 200g Cows Milk","3","0","0"
"17-04-2023","Hyderabad","A2 Value Pack 1L","301","4","0"
"17-04-2023","Hyderabad","Kharwas 120g","3","0","0"
"17-04-2023","Hyderabad","A2 Gir Cow Paneer 200g","7","0","0"
"17-04-2023","Hyderabad","New A2 Value Pack 500ml","110","1","0"
"17-04-2023","Hyderabad","Buffalo Milk Value Pack 500ml","71","6","1"
"17-04-2023","Hyderabad","Dahi","10","0","0"
"17-04-2023","Hyderabad","Past Milk Value Pack 1L","14","0","0"
"17-04-2023","Hyderabad","Raw Value Pack 1L","43","0","0"
"17-04-2023","Hyderabad","Buffalo Value Pack 1L","177","5","0"
"17-04-2023","Hyderabad","Lactose Free Milk 0.5L","7","0","0"
"17-04-2023","Hyderabad","Past Milk Value Pack 0.5L","8","0","0"
"17-04-2023","Hyderabad","Raw Milk Value Pack 0.5L","17","0","0"
"17-05-2020","Hyderabad","Past Milk 1L","2","0","0"
"17-05-2020","Hyderabad","A2 1L","1","0","0"
"17-05-2020","Hyderabad","A2 Value Pack 1L","1","0","0"
"17-05-2021","Hyderabad","A2 1L","1","0","0"
"17-05-2021","Hyderabad","Buffalo Milk 1L","1","0","0"
"17-05-2021","Hyderabad","A2 Value Pack 1L","2","0","0"
"17-05-2022","Hyderabad","Past Milk 1L","17","0","0"
"17-05-2022","Hyderabad","Raw Milk 1L","19","0","1"
"17-05-2022","Hyderabad","A2 1L","46","1","8"
"17-05-2022","Hyderabad","A2 Ghee","2","0","0"
"17-05-2022","Hyderabad","Buffalo Milk 1L","50","0","4"
"17-05-2022","Hyderabad","Paneer 200g Cows Milk","2","0","0"
"17-05-2022","Hyderabad","A2 Value Pack 1L","84","0","1"
"17-05-2022","Hyderabad","Buffalo Ghee 500ml","1","0","0"
"17-05-2022","Hyderabad","Kharwas 120g","3","0","0"
"17-05-2022","Hyderabad","New A2 Value Pack 500ml","37","0","0"
"17-05-2022","Hyderabad","Insulated Door Bag","1","0","0"
"17-05-2022","Hyderabad","Buffalo Milk Value Pack 500ml","19","0","1"
"17-05-2022","Hyderabad","Dahi","2","0","0"
"17-05-2023","Hyderabad","Past Milk 1L","20","0","0"
"17-05-2023","Hyderabad","Raw Milk 1L","19","1","0"
"17-05-2023","Hyderabad","A2 1L","50","8","0"
"17-05-2023","Hyderabad","A2 Ghee","2","0","0"
"17-05-2023","Hyderabad","Buffalo Milk 1L","39","3","2"
"17-05-2023","Hyderabad","Paneer 200g Cows Milk","2","0","0"
"17-05-2023","Hyderabad","A2 Value Pack 1L","281","10","4"
"17-05-2023","Hyderabad","Kharwas 120g","1","0","0"
"17-05-2023","Hyderabad","A2 Gir Cow Paneer 200g","1","0","0"
"17-05-2023","Hyderabad","New A2 Value Pack 500ml","120","6","0"
"17-05-2023","Hyderabad","Buffalo Milk Value Pack 500ml","74","14","0"
"17-05-2023","Hyderabad","Dahi","14","0","0"
"17-05-2023","Hyderabad","Past Milk Value Pack 1L","17","1","0"
"17-05-2023","Hyderabad","Raw Value Pack 1L","35","4","1"
"17-05-2023","Hyderabad","Buffalo Value Pack 1L","163","23","2"
"17-05-2023","Hyderabad","Lactose Free Milk 0.5L","8","0","0"
"17-05-2023","Hyderabad","Past Milk Value Pack 0.5L","6","0","0"
"17-05-2023","Hyderabad","Raw Milk Value Pack 0.5L","14","0","0"
"17-06-2020","Hyderabad","Past Milk 1L","2","0","0"
"17-06-2020","Hyderabad","A2 Value Pack 1L","1","0","0"
"17-06-2021","Hyderabad","A2 1L","1","0","0"
"17-06-2021","Hyderabad","Buffalo Milk 1L","1","0","0"
"17-06-2021","Hyderabad","A2 Value Pack 1L","1","0","0"
"17-06-2022","Hyderabad","Past Milk 1L","18","0","0"
"17-06-2022","Hyderabad","Raw Milk 1L","23","0","0"
"17-06-2022","Hyderabad","Past Milk 0.5L","4","0","0"
"17-06-2022","Hyderabad","Ghee 500ml","3","0","0"
"17-06-2022","Hyderabad","A2 1L","45","0","1"
"17-06-2022","Hyderabad","A2 Ghee","1","0","0"
"17-06-2022","Hyderabad","Buffalo Milk 1L","60","3","1"
"17-06-2022","Hyderabad","Paneer 200g Cows Milk","3","0","0"
"17-06-2022","Hyderabad","A2 Value Pack 1L","122","1","0"
"17-06-2022","Hyderabad","New A2 Value Pack 500ml","50","0","0"
"17-06-2022","Hyderabad","Buffalo Milk Value Pack 500ml","36","0","0"
"17-06-2022","Hyderabad","Dahi","12","0","0"
"17-06-2023","Hyderabad","Past Milk 1L","21","0","0"
"17-06-2023","Hyderabad","Raw Milk 1L","18","2","0"
"17-06-2023","Hyderabad","Ghee 500ml","2","0","0"
"17-06-2023","Hyderabad","A2 1L","61","7","1"
"17-06-2023","Hyderabad","Curd Culture","1","0","0"
"17-06-2023","Hyderabad","A2 Ghee","1","0","0"
"17-06-2023","Hyderabad","Buffalo Milk 1L","44","2","0"
"17-06-2023","Hyderabad","Paneer 200g Cows Milk","5","0","0"
"17-06-2023","Hyderabad","A2 Value Pack 1L","348","6","6"
"17-06-2023","Hyderabad","Kharwas 120g","3","0","0"
"17-06-2023","Hyderabad","A2 Gir Cow Paneer 200g","2","0","0"
"17-06-2023","Hyderabad","New A2 Value Pack 500ml","134","4","0"
"17-06-2023","Hyderabad","Insulated Door Bag","1","0","0"
"17-06-2023","Hyderabad","Buffalo Milk Value Pack 500ml","78","0","15"
"17-06-2023","Hyderabad","Dahi","11","0","0"
"17-06-2023","Hyderabad","Past Milk Value Pack 1L","16","1","0"
"17-06-2023","Hyderabad","Raw Value Pack 1L","33","2","1"
"17-06-2023","Hyderabad","Buffalo Value Pack 1L","185","16","3"
"17-06-2023","Hyderabad","Lactose Free Milk 0.5L","4","0","0"
"17-06-2023","Hyderabad","Past Milk Value Pack 0.5L","8","0","0"
"17-06-2023","Hyderabad","Raw Milk Value Pack 0.5L","16","0","0"
"17-07-2020","Hyderabad","Past Milk 1L","2","0","0"
"17-07-2020","Hyderabad","A2 Value Pack 1L","1","0","0"
"17-07-2021","Hyderabad","A2 1L","1","0","0"
"17-07-2021","Hyderabad","Buffalo Milk 1L","1","0","0"
"17-07-2021","Hyderabad","A2 Value Pack 1L","1","0","0"
"17-07-2022","Hyderabad","Past Milk 1L","28","0","1"
"17-07-2022","Hyderabad","Raw Milk 1L","15","0","0"
"17-07-2022","Hyderabad","Ghee 500ml","1","0","0"
"17-07-2022","Hyderabad","A2 1L","44","0","0"
"17-07-2022","Hyderabad","Curd Culture","2","0","0"
"17-07-2022","Hyderabad","A2 Ghee","1","0","0"
"17-07-2022","Hyderabad","Buffalo Milk 1L","54","1","1"
"17-07-2022","Hyderabad","Paneer 200g Cows Milk","7","0","0"
"17-07-2022","Hyderabad","A2 Value Pack 1L","130","0","0"
"17-07-2022","Hyderabad","A2 Gir Cow Paneer 200g","3","0","0"
"17-07-2022","Hyderabad","New A2 Value Pack 500ml","63","0","0"
"17-07-2022","Hyderabad","Buffalo Milk Value Pack 500ml","30","0","0"
"17-07-2022","Hyderabad","Dahi","3","0","0"
"17-07-2022","Hyderabad","Past Milk Value Pack 1L","6","0","0"
"17-07-2022","Hyderabad","Raw Value Pack 1L","8","0","0"
"17-07-2022","Hyderabad","Buffalo Value Pack 1L","5","0","0"
"17-07-2022","Hyderabad","Lactose Free Milk 0.5L","6","0","0"
"17-07-2023","Hyderabad","Past Milk 1L","17","0","0"
"17-07-2023","Hyderabad","Raw Milk 1L","16","0","0"
"17-07-2023","Hyderabad","Ghee 500ml","2","0","0"
"17-07-2023","Hyderabad","A2 1L","64","1","0"
"17-07-2023","Hyderabad","Curd Culture","2","0","0"
"17-07-2023","Hyderabad","A2 Ghee","4","0","0"
"17-07-2023","Hyderabad","Buffalo Milk 1L","26","1","0"
"17-07-2023","Hyderabad","Paneer 200g Cows Milk","8","0","0"
"17-07-2023","Hyderabad","A2 Value Pack 1L","426","1","0"
"17-07-2023","Hyderabad","Kharwas 120g","14","0","0"
"17-07-2023","Hyderabad","A2 Gir Cow Paneer 200g","4","0","0"
"17-07-2023","Hyderabad","New A2 Value Pack 500ml","142","0","0"
"17-07-2023","Hyderabad","Insulated Door Bag","1","0","0"
"17-07-2023","Hyderabad","Buffalo Milk Value Pack 500ml","92","1","0"
"17-07-2023","Hyderabad","Dahi","11","0","0"
"17-07-2023","Hyderabad","Past Milk Value Pack 1L","17","0","0"
"17-07-2023","Hyderabad","Raw Value Pack 1L","43","0","0"
"17-07-2023","Hyderabad","Buffalo Value Pack 1L","191","1","1"
"17-07-2023","Hyderabad","Lactose Free Milk 0.5L","12","0","0"
"17-07-2023","Hyderabad","Past Milk Value Pack 0.5L","4","0","0"
"17-07-2023","Hyderabad","Raw Milk Value Pack 0.5L","19","0","0"
"17-08-2020","Hyderabad","Past Milk 1L","1","0","0"
"17-08-2020","Hyderabad","A2 1L","1","0","0"
"17-08-2021","Hyderabad","A2 1L","1","0","0"
"17-08-2021","Hyderabad","A2 Value Pack 1L","2","0","0"
"17-08-2021","Hyderabad","Dahi","1","0","0"
"17-08-2022","Hyderabad","Past Milk 1L","23","0","0"
"17-08-2022","Hyderabad","Raw Milk 1L","15","0","0"
"17-08-2022","Hyderabad","Ghee 500ml","1","0","0"
"17-08-2022","Hyderabad","A2 1L","38","0","0"
"17-08-2022","Hyderabad","Curd Culture","1","0","0"
"17-08-2022","Hyderabad","Buffalo Milk 1L","49","0","2"
"17-08-2022","Hyderabad","Paneer 200g Cows Milk","1","0","0"
"17-08-2022","Hyderabad","A2 Value Pack 1L","115","0","0"
"17-08-2022","Hyderabad","Buffalo Ghee 500ml","1","0","0"
"17-08-2022","Hyderabad","A2 Gir Cow Paneer 200g","2","0","0"
"17-08-2022","Hyderabad","New A2 Value Pack 500ml","75","0","1"
"17-08-2022","Hyderabad","Buffalo Milk Value Pack 500ml","28","0","1"
"17-08-2022","Hyderabad","Dahi","1","0","0"
"17-08-2022","Hyderabad","Past Milk Value Pack 1L","8","0","0"
"17-08-2022","Hyderabad","Raw Value Pack 1L","15","0","0"
"17-08-2022","Hyderabad","Buffalo Value Pack 1L","16","0","0"
"17-08-2022","Hyderabad","Lactose Free Milk 0.5L","2","0","0"
"17-08-2023","Hyderabad","Past Milk 1L","24","0","0"
"17-08-2023","Hyderabad","Raw Milk 1L","14","0","0"
"17-08-2023","Hyderabad","Ghee 500ml","1","0","0"
"17-08-2023","Hyderabad","A2 1L","83","1","2"
"17-08-2023","Hyderabad","Curd Culture","1","0","0"
"17-08-2023","Hyderabad","A2 Ghee","6","0","0"
"17-08-2023","Hyderabad","Buffalo Milk 1L","41","4","6"
"17-08-2023","Hyderabad","Paneer 200g Cows Milk","9","0","0"
"17-08-2023","Hyderabad","A2 Value Pack 1L","417","3","5"
"17-08-2023","Hyderabad","Buffalo Ghee 500ml","3","0","0"
"17-08-2023","Hyderabad","Kharwas 120g","11","0","0"
"17-08-2023","Hyderabad","A2 Gir Cow Paneer 200g","5","0","0"
"17-08-2023","Hyderabad","New A2 Value Pack 500ml","169","0","0"
"17-08-2023","Hyderabad","Insulated Door Bag","1","0","0"
"17-08-2023","Hyderabad","Buffalo Milk Value Pack 500ml","116","1","6"
"17-08-2023","Hyderabad","Dahi","13","0","0"
"17-08-2023","Hyderabad","Past Milk Value Pack 1L","18","0","0"
"17-08-2023","Hyderabad","Raw Value Pack 1L","61","0","0"
"17-08-2023","Hyderabad","Buffalo Value Pack 1L","200","2","3"
"17-08-2023","Hyderabad","Lactose Free Milk 0.5L","14","0","0"
"17-08-2023","Hyderabad","Past Milk Value Pack 0.5L","18","0","0"
"17-08-2023","Hyderabad","Raw Milk Value Pack 0.5L","19","0","0"
"17-09-2020","Hyderabad","Past Milk 1L","1","0","0"
"17-09-2020","Hyderabad","A2 Value Pack 1L","1","0","0"
"17-09-2021","Hyderabad","A2 Value Pack 1L","1","0","0"
"17-09-2022","Hyderabad","Past Milk 1L","25","0","0"
"17-09-2022","Hyderabad","Raw Milk 1L","16","1","1"
"17-09-2022","Hyderabad","Ghee 500ml","1","0","0"
"17-09-2022","Hyderabad","A2 1L","56","0","4"
"17-09-2022","Hyderabad","Curd Culture","1","0","0"
"17-09-2022","Hyderabad","A2 Ghee","2","0","0"
"17-09-2022","Hyderabad","Buffalo Milk 1L","58","1","3"
"17-09-2022","Hyderabad","Paneer 200g Cows Milk","5","0","0"
"17-09-2022","Hyderabad","A2 Value Pack 1L","138","0","0"
"17-09-2022","Hyderabad","New A2 Value Pack 500ml","83","0","1"
"17-09-2022","Hyderabad","Buffalo Milk Value Pack 500ml","30","0","1"
"17-09-2022","Hyderabad","Dahi","6","0","0"
"17-09-2022","Hyderabad","Past Milk Value Pack 1L","9","1","0"
"17-09-2022","Hyderabad","Raw Value Pack 1L","21","0","0"
"17-09-2022","Hyderabad","Buffalo Value Pack 1L","16","0","0"
"17-09-2022","Hyderabad","Lactose Free Milk 0.5L","2","0","0"
"17-09-2023","Hyderabad","Past Milk 1L","22","0","0"
"17-09-2023","Hyderabad","Raw Milk 1L","15","0","0"
"17-09-2023","Hyderabad","Ghee 500ml","4","0","0"
"17-09-2023","Hyderabad","A2 1L","69","0","1"
"17-09-2023","Hyderabad","Curd Culture","6","0","1"
"17-09-2023","Hyderabad","A2 Ghee","1","0","0"
"17-09-2023","Hyderabad","Buffalo Milk 1L","49","1","1"
"17-09-2023","Hyderabad","Paneer 200g Cows Milk","14","0","0"
"17-09-2023","Hyderabad","A2 Value Pack 1L","478","0","5"
"17-09-2023","Hyderabad","Buffalo Ghee 500ml","2","0","0"
"17-09-2023","Hyderabad","Kharwas 120g","4","0","0"
"17-09-2023","Hyderabad","A2 Gir Cow Paneer 200g","2","0","0"
"17-09-2023","Hyderabad","New A2 Value Pack 500ml","153","1","0"
"17-09-2023","Hyderabad","Insulated Door Bag","1","0","0"
"17-09-2023","Hyderabad","Buffalo Milk Value Pack 500ml","117","0","0"
"17-09-2023","Hyderabad","Dahi","17","0","0"
"17-09-2023","Hyderabad","Past Milk Value Pack 1L","16","0","0"
"17-09-2023","Hyderabad","Raw Value Pack 1L","55","0","1"
"17-09-2023","Hyderabad","Buffalo Value Pack 1L","233","1","5"
"17-09-2023","Hyderabad","Lactose Free Milk 0.5L","9","0","0"
"17-09-2023","Hyderabad","Past Milk Value Pack 0.5L","14","0","0"
"17-09-2023","Hyderabad","Raw Milk Value Pack 0.5L","18","0","0"
"17-10-2020","Hyderabad","Past Milk 1L","1","0","0"
"17-10-2020","Hyderabad","A2 1L","1","0","0"
"17-10-2020","Hyderabad","A2 Value Pack 1L","1","0","0"
"17-10-2021","Hyderabad","Past Milk 1L","1","0","0"
"17-10-2021","Hyderabad","A2 Value Pack 1L","2","0","0"
"17-10-2022","Hyderabad","Past Milk 1L","20","0","0"
"17-10-2022","Hyderabad","Raw Milk 1L","14","1","1"
"17-10-2022","Hyderabad","Ghee 500ml","1","0","0"
"17-10-2022","Hyderabad","A2 1L","59","0","0"
"17-10-2022","Hyderabad","Curd Culture","3","0","0"
"17-10-2022","Hyderabad","A2 Ghee","3","0","0"
"17-10-2022","Hyderabad","Buffalo Milk 1L","70","0","0"
"17-10-2022","Hyderabad","Paneer 200g Cows Milk","5","0","0"
"17-10-2022","Hyderabad","A2 Value Pack 1L","151","0","0"
"17-10-2022","Hyderabad","Kharwas 120g","1","0","0"
"17-10-2022","Hyderabad","A2 Gir Cow Paneer 200g","3","0","0"
"17-10-2022","Hyderabad","New A2 Value Pack 500ml","89","0","0"
"17-10-2022","Hyderabad","Buffalo Milk Value Pack 500ml","35","0","0"
"17-10-2022","Hyderabad","Dahi","8","0","0"
"17-10-2022","Hyderabad","Past Milk Value Pack 1L","6","0","0"
"17-10-2022","Hyderabad","Raw Value Pack 1L","20","0","0"
"17-10-2022","Hyderabad","Buffalo Value Pack 1L","23","0","0"
"17-10-2022","Hyderabad","Lactose Free Milk 0.5L","6","0","0"
"17-10-2022","Hyderabad","Raw Milk Value Pack 0.5L","2","0","0"
"17-10-2023","Hyderabad","Past Milk 1L","16","0","1"
"17-10-2023","Hyderabad","Raw Milk 1L","15","0","0"
"17-10-2023","Hyderabad","Ghee 500ml","1","0","0"
"17-10-2023","Hyderabad","A2 1L","47","1","0"
"17-10-2023","Hyderabad","Curd Culture","2","0","1"
"17-10-2023","Hyderabad","A2 Ghee","4","0","0"
"17-10-2023","Hyderabad","Buffalo Milk 1L","35","0","1"
"17-10-2023","Hyderabad","Paneer 200g Cows Milk","16","0","0"
"17-10-2023","Hyderabad","A2 Value Pack 1L","449","1","4"
"17-10-2023","Hyderabad","Kharwas 120g","8","0","0"
"17-10-2023","Hyderabad","A2 Gir Cow Paneer 200g","2","0","0"
"17-10-2023","Hyderabad","New A2 Value Pack 500ml","152","1","0"
"17-10-2023","Hyderabad","Buffalo Milk Value Pack 500ml","113","0","0"
"17-10-2023","Hyderabad","Dahi","16","0","0"
"17-10-2023","Hyderabad","Past Milk Value Pack 1L","18","0","0"
"17-10-2023","Hyderabad","Raw Value Pack 1L","40","0","0"
"17-10-2023","Hyderabad","Buffalo Value Pack 1L","257","1","4"
"17-10-2023","Hyderabad","Lactose Free Milk 0.5L","5","0","0"
"17-10-2023","Hyderabad","Past Milk Value Pack 0.5L","18","0","0"
"17-10-2023","Hyderabad","Raw Milk Value Pack 0.5L","24","0","0"
"17-11-2020","Hyderabad","Past Milk 1L","1","0","0"
"17-11-2020","Hyderabad","A2 Value Pack 1L","1","0","0"
"17-11-2021","Hyderabad","A2 Value Pack 1L","2","0","0"
"17-11-2021","Hyderabad","New A2 Value Pack 500ml","1","0","0"
"17-11-2021","Hyderabad","Tender Coconut","4","0","0"
"17-11-2022","Hyderabad","Past Milk 1L","20","0","3"
"17-11-2022","Hyderabad","Raw Milk 1L","18","0","0"
"17-11-2022","Hyderabad","Ghee 500ml","1","0","0"
"17-11-2022","Hyderabad","A2 1L","47","0","5"
"17-11-2022","Hyderabad","Curd Culture","1","0","0"
"17-11-2022","Hyderabad","A2 Ghee","5","0","0"
"17-11-2022","Hyderabad","Buffalo Milk 1L","71","0","13"
"17-11-2022","Hyderabad","Paneer 200g Cows Milk","1","0","0"
"17-11-2022","Hyderabad","A2 Value Pack 1L","172","0","1"
"17-11-2022","Hyderabad","Buffalo Ghee 500ml","2","0","0"
"17-11-2022","Hyderabad","Kharwas 120g","1","0","0"
"17-11-2022","Hyderabad","A2 Gir Cow Paneer 200g","2","0","0"
"17-11-2022","Hyderabad","New A2 Value Pack 500ml","97","0","3"
"17-11-2022","Hyderabad","Insulated Door Bag","1","0","0"
"17-11-2022","Hyderabad","Buffalo Milk Value Pack 500ml","39","0","1"
"17-11-2022","Hyderabad","Dahi","7","0","0"
"17-11-2022","Hyderabad","Past Milk Value Pack 1L","6","1","1"
"17-11-2022","Hyderabad","Raw Value Pack 1L","23","0","0"
"17-11-2022","Hyderabad","Buffalo Value Pack 1L","28","0","0"
"17-11-2022","Hyderabad","Lactose Free Milk 0.5L","10","0","0"
"17-11-2023","Hyderabad","Past Milk 1L","18","0","0"
"17-11-2023","Hyderabad","Raw Milk 1L","15","0","1"
"17-11-2023","Hyderabad","Ghee 500ml","5","0","0"
"17-11-2023","Hyderabad","A2 1L","77","2","0"
"17-11-2023","Hyderabad","Curd Culture","3","0","0"
"17-11-2023","Hyderabad","A2 Ghee","5","0","0"
"17-11-2023","Hyderabad","Buffalo Milk 1L","47","0","1"
"17-11-2023","Hyderabad","Paneer 200g Cows Milk","10","0","0"
"17-11-2023","Hyderabad","A2 Value Pack 1L","497","0","3"
"17-11-2023","Hyderabad","Buffalo Ghee 500ml","1","1","0"
"17-11-2023","Hyderabad","Kharwas 120g","6","0","0"
"17-11-2023","Hyderabad","A2 Gir Cow Paneer 200g","1","0","0"
"17-11-2023","Hyderabad","New A2 Value Pack 500ml","190","0","0"
"17-11-2023","Hyderabad","Buffalo Milk Value Pack 500ml","134","0","0"
"17-11-2023","Hyderabad","Dahi","24","0","0"
"17-11-2023","Hyderabad","Past Milk Value Pack 1L","24","0","0"
"17-11-2023","Hyderabad","Raw Value Pack 1L","57","0","2"
"17-11-2023","Hyderabad","Buffalo Value Pack 1L","291","0","6"
"17-11-2023","Hyderabad","Lactose Free Milk 0.5L","8","0","0"
"17-11-2023","Hyderabad","Past Milk Value Pack 0.5L","24","0","0"
"17-11-2023","Hyderabad","Raw Milk Value Pack 0.5L","27","0","0"
"17-12-2020","Hyderabad","Buffalo Milk 1L","2","0","0"
"17-12-2020","Hyderabad","A2 Value Pack 1L","2","0","0"
"17-12-2020","Hyderabad","Kharwas 120g","1","0","0"
"17-12-2021","Hyderabad","A2 Value Pack 1L","2","0","0"
"17-12-2022","Hyderabad","Past Milk 1L","20","0","0"
"17-12-2022","Hyderabad","Raw Milk 1L","13","0","1"
"17-12-2022","Hyderabad","Ghee 500ml","2","0","0"
"17-12-2022","Hyderabad","A2 1L","47","0","0"
"17-12-2022","Hyderabad","Curd Culture","2","0","0"
"17-12-2022","Hyderabad","A2 Ghee","2","0","0"
"17-12-2022","Hyderabad","Buffalo Milk 1L","63","0","3"
"17-12-2022","Hyderabad","Paneer 200g Cows Milk","4","0","0"
"17-12-2022","Hyderabad","A2 Value Pack 1L","189","0","6"
"17-12-2022","Hyderabad","A2 Gir Cow Paneer 200g","4","0","0"
"17-12-2022","Hyderabad","New A2 Value Pack 500ml","97","0","0"
"17-12-2022","Hyderabad","Buffalo Milk Value Pack 500ml","41","0","2"
"17-12-2022","Hyderabad","Dahi","16","0","0"
"17-12-2022","Hyderabad","Past Milk Value Pack 1L","8","0","0"
"17-12-2022","Hyderabad","Raw Value Pack 1L","25","0","0"
"17-12-2022","Hyderabad","Buffalo Value Pack 1L","54","0","6"
"17-12-2022","Hyderabad","Lactose Free Milk 0.5L","9","0","0"
"17-12-2022","Hyderabad","Past Milk Value Pack 0.5L","2","0","0"
"17-12-2022","Hyderabad","Raw Milk Value Pack 0.5L","8","0","1"
"17-12-2023","Hyderabad","Past Milk 1L","24","0","0"
"17-12-2023","Hyderabad","Raw Milk 1L","14","1","0"
"17-12-2023","Hyderabad","Ghee 500ml","4","0","0"
"17-12-2023","Hyderabad","A2 1L","50","0","2"
"17-12-2023","Hyderabad","Curd Culture","2","0","0"
"17-12-2023","Hyderabad","A2 Ghee","3","0","0"
"17-12-2023","Hyderabad","Buffalo Milk 1L","47","0","1"
"17-12-2023","Hyderabad","Paneer 200g Cows Milk","17","0","0"
"17-12-2023","Hyderabad","A2 Value Pack 1L","518","0","7"
"17-12-2023","Hyderabad","Buffalo Ghee 500ml","1","0","0"
"17-12-2023","Hyderabad","A2 Gir Cow Paneer 200g","2","0","0"
"17-12-2023","Hyderabad","New A2 Value Pack 500ml","183","0","1"
"17-12-2023","Hyderabad","Buffalo Milk Value Pack 500ml","139","0","0"
"17-12-2023","Hyderabad","Dahi","17","0","0"
"17-12-2023","Hyderabad","Past Milk Value Pack 1L","23","0","1"
"17-12-2023","Hyderabad","Raw Value Pack 1L","54","0","1"
"17-12-2023","Hyderabad","Buffalo Value Pack 1L","315","0","7"
"17-12-2023","Hyderabad","Lactose Free Milk 0.5L","9","0","0"
"17-12-2023","Hyderabad","Past Milk Value Pack 0.5L","19","0","0"
"17-12-2023","Hyderabad","Raw Milk Value Pack 0.5L","23","1","1"
"18-01-2020","Hyderabad","Past Milk 1L","2","0","0"
"18-01-2021","Hyderabad","A2 1L","1","0","0"
"18-01-2021","Hyderabad","Buffalo Milk 1L","1","0","0"
"18-01-2021","Hyderabad","A2 Value Pack 1L","1","0","0"
"18-01-2022","Hyderabad","Past Milk 1L","0","0","1"
"18-01-2022","Hyderabad","A2 1L","2","0","5"
"18-01-2022","Hyderabad","Buffalo Milk 1L","0","0","5"
"18-01-2022","Hyderabad","A2 Value Pack 1L","3","0","0"
"18-01-2023","Hyderabad","Past Milk 1L","17","0","0"
"18-01-2023","Hyderabad","Raw Milk 1L","15","0","0"
"18-01-2023","Hyderabad","A2 1L","46","1","1"
"18-01-2023","Hyderabad","Buffalo Milk 1L","54","0","1"
"18-01-2023","Hyderabad","Paneer 200g Cows Milk","2","0","0"
"18-01-2023","Hyderabad","A2 Value Pack 1L","217","1","0"
"18-01-2023","Hyderabad","Buffalo Ghee 500ml","2","0","0"
"18-01-2023","Hyderabad","A2 Gir Cow Paneer 200g","4","0","0"
"18-01-2023","Hyderabad","New A2 Value Pack 500ml","100","0","0"
"18-01-2023","Hyderabad","Buffalo Milk Value Pack 500ml","38","0","2"
"18-01-2023","Hyderabad","Dahi","13","0","0"
"18-01-2023","Hyderabad","Past Milk Value Pack 1L","8","0","0"
"18-01-2023","Hyderabad","Raw Value Pack 1L","34","1","0"
"18-01-2023","Hyderabad","Buffalo Value Pack 1L","89","1","2"
"18-01-2023","Hyderabad","Lactose Free Milk 0.5L","14","0","0"
"18-01-2023","Hyderabad","Past Milk Value Pack 0.5L","8","0","0"
"18-01-2023","Hyderabad","Raw Milk Value Pack 0.5L","11","0","1"
"18-01-2024","Hyderabad","Past Milk 1L","19","0","0"
"18-01-2024","Hyderabad","Raw Milk 1L","13","0","0"
"18-01-2024","Hyderabad","Ghee 500ml","1","0","0"
"18-01-2024","Hyderabad","A2 1L","58","0","0"
"18-01-2024","Hyderabad","Curd Culture","2","0","0"
"18-01-2024","Hyderabad","A2 Ghee","1","0","0"
"18-01-2024","Hyderabad","Buffalo Milk 1L","37","0","5"
"18-01-2024","Hyderabad","Paneer 200g Cows Milk","8","0","0"
"18-01-2024","Hyderabad","A2 Value Pack 1L","529","0","2"
"18-01-2024","Hyderabad","Kharwas 120g","5","0","0"
"18-01-2024","Hyderabad","A2 Gir Cow Paneer 200g","1","0","0"
"18-01-2024","Hyderabad","New A2 Value Pack 500ml","191","1","0"
"18-01-2024","Hyderabad","Buffalo Milk Value Pack 500ml","127","0","0"
"18-01-2024","Hyderabad","Dahi","4","0","0"
"18-01-2024","Hyderabad","Past Milk Value Pack 1L","33","0","0"
"18-01-2024","Hyderabad","Raw Value Pack 1L","67","1","1"
"18-01-2024","Hyderabad","Buffalo Value Pack 1L","257","1","5"
"18-01-2024","Hyderabad","Lactose Free Milk 0.5L","8","0","0"
"18-01-2024","Hyderabad","Past Milk Value Pack 0.5L","40","0","0"
"18-01-2024","Hyderabad","Raw Milk Value Pack 0.5L","24","0","0"
"18-02-2020","Hyderabad","Past Milk 1L","2","0","0"
"18-02-2020","Hyderabad","Buffalo Milk 1L","1","0","0"
"18-02-2020","Hyderabad","A2 Value Pack 1L","1","0","0"
"18-02-2021","Hyderabad","A2 1L","1","0","0"
"18-02-2021","Hyderabad","Buffalo Milk 1L","1","0","0"
"18-02-2021","Hyderabad","A2 Value Pack 1L","1","0","0"
"18-02-2022","Hyderabad","Past Milk 1L","4","0","1"
"18-02-2022","Hyderabad","Raw Milk 1L","5","0","0"
"18-02-2022","Hyderabad","Past Milk 0.5L","1","0","1"
"18-02-2022","Hyderabad","A2 1L","18","0","6"
"18-02-2022","Hyderabad","Curd Culture","1","0","0"
"18-02-2022","Hyderabad","A2 Ghee","1","0","0"
"18-02-2022","Hyderabad","Buffalo Milk 1L","20","0","5"
"18-02-2022","Hyderabad","Paneer 200g Cows Milk","1","0","0"
"18-02-2022","Hyderabad","A2 Value Pack 1L","33","0","3"
"18-02-2022","Hyderabad","A2 Gir Cow Paneer 200g","1","0","0"
"18-02-2022","Hyderabad","New A2 Value Pack 500ml","18","0","1"
"18-02-2022","Hyderabad","Buffalo Milk Value Pack 500ml","8","0","2"
"18-02-2023","Hyderabad","Past Milk 1L","22","1","0"
"18-02-2023","Hyderabad","Raw Milk 1L","20","0","0"
"18-02-2023","Hyderabad","Ghee 500ml","2","0","0"
"18-02-2023","Hyderabad","A2 1L","63","2","2"
"18-02-2023","Hyderabad","Curd Culture","2","0","0"
"18-02-2023","Hyderabad","A2 Ghee","1","0","0"
"18-02-2023","Hyderabad","Buffalo Milk 1L","58","1","1"
"18-02-2023","Hyderabad","Paneer 200g Cows Milk","5","0","0"
"18-02-2023","Hyderabad","A2 Value Pack 1L","254","1","2"
"18-02-2023","Hyderabad","Buffalo Ghee 500ml","1","0","0"
"18-02-2023","Hyderabad","Kharwas 120g","6","0","0"
"18-02-2023","Hyderabad","A2 Gir Cow Paneer 200g","3","0","0"
"18-02-2023","Hyderabad","New A2 Value Pack 500ml","109","0","2"
"18-02-2023","Hyderabad","Insulated Door Bag","1","0","0"
"18-02-2023","Hyderabad","Buffalo Milk Value Pack 500ml","65","0","0"
"18-02-2023","Hyderabad","Dahi","34","0","0"
"18-02-2023","Hyderabad","Past Milk Value Pack 1L","16","0","0"
"18-02-2023","Hyderabad","Raw Value Pack 1L","37","0","0"
"18-02-2023","Hyderabad","Buffalo Value Pack 1L","126","3","2"
"18-02-2023","Hyderabad","Lactose Free Milk 0.5L","6","0","0"
"18-02-2023","Hyderabad","Past Milk Value Pack 0.5L","6","0","0"
"18-02-2023","Hyderabad","Raw Milk Value Pack 0.5L","15","0","0"
"18-02-2024","Hyderabad","Past Milk 1L","16","0","3"
"18-02-2024","Hyderabad","Raw Milk 1L","12","0","1"
"18-02-2024","Hyderabad","Ghee 500ml","2","1","0"
"18-02-2024","Hyderabad","A2 1L","60","1","1"
"18-02-2024","Hyderabad","Curd Culture","3","0","0"
"18-02-2024","Hyderabad","A2 Ghee","3","0","0"
"18-02-2024","Hyderabad","Buffalo Milk 1L","52","0","6"
"18-02-2024","Hyderabad","Paneer 200g Cows Milk","7","0","0"
"18-02-2024","Hyderabad","A2 Value Pack 1L","538","1","1"
"18-02-2024","Hyderabad","Buffalo Ghee 500ml","4","1","0"
"18-02-2024","Hyderabad","Kharwas 120g","15","0","0"
"18-02-2024","Hyderabad","A2 Gir Cow Paneer 200g","3","0","0"
"18-02-2024","Hyderabad","New A2 Value Pack 500ml","208","1","2"
"18-02-2024","Hyderabad","Buffalo Milk Value Pack 500ml","162","1","0"
"18-02-2024","Hyderabad","Dahi","13","0","0"
"18-02-2024","Hyderabad","Past Milk Value Pack 1L","30","0","0"
"18-02-2024","Hyderabad","Raw Value Pack 1L","65","0","1"
"18-02-2024","Hyderabad","Buffalo Value Pack 1L","331","1","0"
"18-02-2024","Hyderabad","Lactose Free Milk 0.5L","6","0","0"
"18-02-2024","Hyderabad","Past Milk Value Pack 0.5L","19","0","1"
"18-02-2024","Hyderabad","Raw Milk Value Pack 0.5L","16","0","0"
"18-03-2020","Hyderabad","Past Milk 1L","3","0","0"
"18-03-2020","Hyderabad","A2 Value Pack 1L","2","0","0"
"18-03-2021","Hyderabad","A2 Value Pack 1L","1","0","0"
"18-03-2022","Hyderabad","Past Milk 1L","7","0","2"
"18-03-2022","Hyderabad","Raw Milk 1L","11","0","0"
"18-03-2022","Hyderabad","Past Milk 0.5L","3","0","0"
"18-03-2022","Hyderabad","A2 1L","28","0","2"
"18-03-2022","Hyderabad","Curd Culture","2","0","0"
"18-03-2022","Hyderabad","A2 Ghee","1","0","0"
"18-03-2022","Hyderabad","Buffalo Milk 1L","35","0","1"
"18-03-2022","Hyderabad","Paneer 200g Cows Milk","1","0","0"
"18-03-2022","Hyderabad","A2 Value Pack 1L","49","0","0"
"18-03-2022","Hyderabad","Buffalo Ghee 500ml","1","0","0"
"18-03-2022","Hyderabad","A2 Gir Cow Paneer 200g","3","0","0"
"18-03-2022","Hyderabad","New A2 Value Pack 500ml","29","0","1"
"18-03-2022","Hyderabad","Insulated Door Bag","2","0","0"
"18-03-2022","Hyderabad","Buffalo Milk Value Pack 500ml","21","0","1"
"18-03-2022","Hyderabad","Dahi","1","0","0"
"18-03-2023","Hyderabad","Past Milk 1L","25","0","0"
"18-03-2023","Hyderabad","Raw Milk 1L","17","1","0"
"18-03-2023","Hyderabad","Ghee 500ml","3","0","0"
"18-03-2023","Hyderabad","A2 1L","73","1","0"
"18-03-2023","Hyderabad","Curd Culture","1","0","4"
"18-03-2023","Hyderabad","A2 Ghee","4","0","0"
"18-03-2023","Hyderabad","Buffalo Milk 1L","56","5","3"
"18-03-2023","Hyderabad","Paneer 200g Cows Milk","7","0","0"
"18-03-2023","Hyderabad","A2 Value Pack 1L","254","3","6"
"18-03-2023","Hyderabad","Buffalo Ghee 500ml","1","0","0"
"18-03-2023","Hyderabad","Kharwas 120g","3","0","0"
"18-03-2023","Hyderabad","A2 Gir Cow Paneer 200g","2","0","0"
"18-03-2023","Hyderabad","New A2 Value Pack 500ml","98","1","1"
"18-03-2023","Hyderabad","Insulated Door Bag","1","0","0"
"18-03-2023","Hyderabad","Buffalo Milk Value Pack 500ml","65","1","0"
"18-03-2023","Hyderabad","Dahi","18","0","0"
"18-03-2023","Hyderabad","Past Milk Value Pack 1L","19","0","2"
"18-03-2023","Hyderabad","Raw Value Pack 1L","34","0","5"
"18-03-2023","Hyderabad","Buffalo Value Pack 1L","126","1","9"
"18-03-2023","Hyderabad","Lactose Free Milk 0.5L","7","0","0"
"18-03-2023","Hyderabad","Past Milk Value Pack 0.5L","4","0","0"
"18-03-2023","Hyderabad","Raw Milk Value Pack 0.5L","20","0","0"
"18-03-2024","Hyderabad","Past Milk 1L","24","0","0"
"18-03-2024","Hyderabad","Raw Milk 1L","18","0","0"
"18-03-2024","Hyderabad","Ghee 500ml","5","0","0"
"18-03-2024","Hyderabad","A2 1L","76","0","5"
"18-03-2024","Hyderabad","Curd Culture","5","0","0"
"18-03-2024","Hyderabad","A2 Ghee","3","0","0"
"18-03-2024","Hyderabad","Buffalo Milk 1L","57","0","1"
"18-03-2024","Hyderabad","Paneer 200g Cows Milk","12","0","0"
"18-03-2024","Hyderabad","A2 Value Pack 1L","609","1","2"
"18-03-2024","Hyderabad","Buffalo Ghee 500ml","3","0","0"
"18-03-2024","Hyderabad","Kharwas 120g","5","0","0"
"18-03-2024","Hyderabad","A2 Gir Cow Paneer 200g","1","0","0"
"18-03-2024","Hyderabad","New A2 Value Pack 500ml","222","0","0"
"18-03-2024","Hyderabad","Buffalo Milk Value Pack 500ml","145","0","0"
"18-03-2024","Hyderabad","Dahi","12","0","0"
"18-03-2024","Hyderabad","Past Milk Value Pack 1L","24","0","0"
"18-03-2024","Hyderabad","Raw Value Pack 1L","68","0","0"
"18-03-2024","Hyderabad","Buffalo Value Pack 1L","384","0","0"
"18-03-2024","Hyderabad","Lactose Free Milk 0.5L","14","0","1"
"18-03-2024","Hyderabad","Past Milk Value Pack 0.5L","19","0","0"
"18-03-2024","Hyderabad","Raw Milk Value Pack 0.5L","18","0","0"
"18-04-2020","Hyderabad","Past Milk 1L","2","0","0"
"18-04-2020","Hyderabad","New A2 Value Pack 500ml","1","0","0"
"18-04-2021","Hyderabad","A2 1L","1","0","0"
"18-04-2021","Hyderabad","A2 Value Pack 1L","1","0","0"
"18-04-2022","Hyderabad","Past Milk 1L","33","0","0"
"18-04-2022","Hyderabad","Raw Milk 1L","34","0","0"
"18-04-2022","Hyderabad","Past Milk 0.5L","7","0","0"
"18-04-2022","Hyderabad","A2 1L","78","0","2"
"18-04-2022","Hyderabad","Curd Culture","2","0","0"
"18-04-2022","Hyderabad","A2 Ghee","2","0","0"
"18-04-2022","Hyderabad","Buffalo Milk 1L","89","0","0"
"18-04-2022","Hyderabad","Paneer 200g Cows Milk","1","0","0"
"18-04-2022","Hyderabad","A2 Value Pack 1L","129","0","0"
"18-04-2022","Hyderabad","Buffalo Ghee 500ml","1","0","0"
"18-04-2022","Hyderabad","New A2 Value Pack 500ml","67","0","0"
"18-04-2022","Hyderabad","Insulated Door Bag","2","0","0"
"18-04-2022","Hyderabad","Buffalo Milk Value Pack 500ml","37","0","1"
"18-04-2022","Hyderabad","Tender Coconut","2","0","0"
"18-04-2022","Hyderabad","Dahi","2","0","0"
"18-04-2023","Hyderabad","Past Milk 1L","20","0","0"
"18-04-2023","Hyderabad","Raw Milk 1L","21","0","0"
"18-04-2023","Hyderabad","Ghee 500ml","2","0","0"
"18-04-2023","Hyderabad","A2 1L","51","8","0"
"18-04-2023","Hyderabad","Curd Culture","1","0","1"
"18-04-2023","Hyderabad","Buffalo Milk 1L","52","4","1"
"18-04-2023","Hyderabad","Paneer 200g Cows Milk","6","0","0"
"18-04-2023","Hyderabad","A2 Value Pack 1L","291","3","0"
"18-04-2023","Hyderabad","Kharwas 120g","4","0","0"
"18-04-2023","Hyderabad","A2 Gir Cow Paneer 200g","2","0","0"
"18-04-2023","Hyderabad","New A2 Value Pack 500ml","125","0","0"
"18-04-2023","Hyderabad","Buffalo Milk Value Pack 500ml","64","6","0"
"18-04-2023","Hyderabad","Dahi","9","0","0"
"18-04-2023","Hyderabad","Past Milk Value Pack 1L","15","0","0"
"18-04-2023","Hyderabad","Raw Value Pack 1L","37","0","0"
"18-04-2023","Hyderabad","Buffalo Value Pack 1L","158","6","0"
"18-04-2023","Hyderabad","Lactose Free Milk 0.5L","7","0","0"
"18-04-2023","Hyderabad","Past Milk Value Pack 0.5L","6","0","0"
"18-04-2023","Hyderabad","Raw Milk Value Pack 0.5L","15","0","0"
"18-05-2020","Hyderabad","Past Milk 1L","2","0","0"
"18-05-2021","Hyderabad","A2 1L","1","0","0"
"18-05-2021","Hyderabad","A2 Value Pack 1L","1","0","0"
"18-05-2022","Hyderabad","Past Milk 1L","17","0","1"
"18-05-2022","Hyderabad","Raw Milk 1L","22","0","0"
"18-05-2022","Hyderabad","Past Milk 0.5L","4","0","0"
"18-05-2022","Hyderabad","Ghee 500ml","2","0","0"
"18-05-2022","Hyderabad","A2 1L","45","1","3"
"18-05-2022","Hyderabad","A2 Ghee","1","0","0"
"18-05-2022","Hyderabad","Buffalo Milk 1L","49","2","2"
"18-05-2022","Hyderabad","Paneer 200g Cows Milk","1","0","0"
"18-05-2022","Hyderabad","A2 Value Pack 1L","76","0","1"
"18-05-2022","Hyderabad","A2 Gir Cow Paneer 200g","1","0","0"
"18-05-2022","Hyderabad","New A2 Value Pack 500ml","32","0","1"
"18-05-2022","Hyderabad","Buffalo Milk Value Pack 500ml","23","0","1"
"18-05-2022","Hyderabad","Dahi","7","0","0"
"18-05-2023","Hyderabad","Past Milk 1L","18","0","0"
"18-05-2023","Hyderabad","Raw Milk 1L","15","1","0"
"18-05-2023","Hyderabad","Ghee 500ml","1","0","0"
"18-05-2023","Hyderabad","A2 1L","54","5","1"
"18-05-2023","Hyderabad","Curd Culture","4","0","0"
"18-05-2023","Hyderabad","Buffalo Milk 1L","35","2","3"
"18-05-2023","Hyderabad","Paneer 200g Cows Milk","10","0","0"
"18-05-2023","Hyderabad","A2 Value Pack 1L","272","18","2"
"18-05-2023","Hyderabad","A2 Gir Cow Paneer 200g","3","0","0"
"18-05-2023","Hyderabad","New A2 Value Pack 500ml","117","4","0"
"18-05-2023","Hyderabad","Buffalo Milk Value Pack 500ml","69","9","0"
"18-05-2023","Hyderabad","Dahi","13","0","0"
"18-05-2023","Hyderabad","Past Milk Value Pack 1L","13","2","0"
"18-05-2023","Hyderabad","Raw Value Pack 1L","35","3","0"
"18-05-2023","Hyderabad","Buffalo Value Pack 1L","147","28","1"
"18-05-2023","Hyderabad","Lactose Free Milk 0.5L","8","0","0"
"18-05-2023","Hyderabad","Past Milk Value Pack 0.5L","8","1","0"
"18-05-2023","Hyderabad","Raw Milk Value Pack 0.5L","12","0","0"
"18-06-2020","Hyderabad","Past Milk 1L","2","0","0"
"18-06-2020","Hyderabad","A2 1L","1","0","0"
"18-06-2021","Hyderabad","A2 1L","1","0","0"
"18-06-2021","Hyderabad","A2 Value Pack 1L","1","0","0"
"18-06-2022","Hyderabad","Past Milk 1L","24","0","0"
"18-06-2022","Hyderabad","Raw Milk 1L","20","0","0"
"18-06-2022","Hyderabad","Past Milk 0.5L","5","0","0"
"18-06-2022","Hyderabad","A2 1L","50","0","0"
"18-06-2022","Hyderabad","Curd Culture","1","0","0"
"18-06-2022","Hyderabad","A2 Ghee","1","0","0"
"18-06-2022","Hyderabad","Buffalo Milk 1L","61","3","0"
"18-06-2022","Hyderabad","Paneer 200g Cows Milk","4","0","0"
"18-06-2022","Hyderabad","A2 Value Pack 1L","127","0","2"
"18-06-2022","Hyderabad","Buffalo Ghee 500ml","1","0","0"
"18-06-2022","Hyderabad","Kharwas 120g","1","0","0"
"18-06-2022","Hyderabad","New A2 Value Pack 500ml","54","1","0"
"18-06-2022","Hyderabad","Buffalo Milk Value Pack 500ml","35","0","1"
"18-06-2022","Hyderabad","Dahi","4","0","0"
"18-06-2023","Hyderabad","Past Milk 1L","22","0","0"
"18-06-2023","Hyderabad","Raw Milk 1L","24","1","0"
"18-06-2023","Hyderabad","Ghee 500ml","1","0","0"
"18-06-2023","Hyderabad","A2 1L","62","6","2"
"18-06-2023","Hyderabad","Curd Culture","3","0","0"
"18-06-2023","Hyderabad","A2 Ghee","2","0","0"
"18-06-2023","Hyderabad","Buffalo Milk 1L","37","3","4"
"18-06-2023","Hyderabad","Paneer 200g Cows Milk","9","0","0"
"18-06-2023","Hyderabad","A2 Value Pack 1L","343","9","5"
"18-06-2023","Hyderabad","Buffalo Ghee 500ml","1","0","0"
"18-06-2023","Hyderabad","Kharwas 120g","2","0","0"
"18-06-2023","Hyderabad","A2 Gir Cow Paneer 200g","1","0","0"
"18-06-2023","Hyderabad","New A2 Value Pack 500ml","125","5","1"
"18-06-2023","Hyderabad","Insulated Door Bag","2","0","0"
"18-06-2023","Hyderabad","Buffalo Milk Value Pack 500ml","80","2","2"
"18-06-2023","Hyderabad","Dahi","15","0","0"
"18-06-2023","Hyderabad","Past Milk Value Pack 1L","15","0","0"
"18-06-2023","Hyderabad","Raw Value Pack 1L","39","1","0"
"18-06-2023","Hyderabad","Buffalo Value Pack 1L","195","10","6"
"18-06-2023","Hyderabad","Lactose Free Milk 0.5L","8","0","0"
"18-06-2023","Hyderabad","Past Milk Value Pack 0.5L","9","0","0"
"18-06-2023","Hyderabad","Raw Milk Value Pack 0.5L","15","0","0"
"18-07-2020","Hyderabad","Past Milk 1L","2","0","0"
"18-07-2020","Hyderabad","A2 1L","1","0","0"
"18-07-2021","Hyderabad","A2 1L","1","0","0"
"18-07-2021","Hyderabad","Buffalo Milk 1L","1","0","0"
"18-07-2021","Hyderabad","A2 Value Pack 1L","1","0","0"
"18-07-2022","Hyderabad","Past Milk 1L","17","0","0"
"18-07-2022","Hyderabad","Raw Milk 1L","17","0","0"
"18-07-2022","Hyderabad","A2 1L","56","0","0"
"18-07-2022","Hyderabad","A2 Ghee","1","0","0"
"18-07-2022","Hyderabad","Buffalo Milk 1L","60","0","0"
"18-07-2022","Hyderabad","Paneer 200g Cows Milk","1","0","0"
"18-07-2022","Hyderabad","A2 Value Pack 1L","150","0","0"
"18-07-2022","Hyderabad","A2 Gir Cow Paneer 200g","4","0","0"
"18-07-2022","Hyderabad","New A2 Value Pack 500ml","59","0","0"
"18-07-2022","Hyderabad","Buffalo Milk Value Pack 500ml","31","0","0"
"18-07-2022","Hyderabad","Dahi","2","0","0"
"18-07-2022","Hyderabad","Past Milk Value Pack 1L","9","0","0"
"18-07-2022","Hyderabad","Raw Value Pack 1L","5","0","0"
"18-07-2022","Hyderabad","Buffalo Value Pack 1L","2","0","0"
"18-07-2022","Hyderabad","Lactose Free Milk 0.5L","4","0","0"
"18-07-2023","Hyderabad","Past Milk 1L","19","0","0"
"18-07-2023","Hyderabad","Raw Milk 1L","15","0","0"
"18-07-2023","Hyderabad","A2 1L","67","0","1"
"18-07-2023","Hyderabad","Curd Culture","3","0","0"
"18-07-2023","Hyderabad","A2 Ghee","4","0","0"
"18-07-2023","Hyderabad","Buffalo Milk 1L","45","1","0"
"18-07-2023","Hyderabad","Paneer 200g Cows Milk","7","0","0"
"18-07-2023","Hyderabad","A2 Value Pack 1L","435","1","1"
"18-07-2023","Hyderabad","Buffalo Ghee 500ml","1","0","0"
"18-07-2023","Hyderabad","Kharwas 120g","6","0","0"
"18-07-2023","Hyderabad","A2 Gir Cow Paneer 200g","2","0","0"
"18-07-2023","Hyderabad","New A2 Value Pack 500ml","151","0","0"
"18-07-2023","Hyderabad","Insulated Door Bag","1","0","0"
"18-07-2023","Hyderabad","Buffalo Milk Value Pack 500ml","100","1","0"
"18-07-2023","Hyderabad","Dahi","15","0","0"
"18-07-2023","Hyderabad","Past Milk Value Pack 1L","14","1","0"
"18-07-2023","Hyderabad","Raw Value Pack 1L","54","0","0"
"18-07-2023","Hyderabad","Buffalo Value Pack 1L","207","0","1"
"18-07-2023","Hyderabad","Lactose Free Milk 0.5L","13","0","0"
"18-07-2023","Hyderabad","Past Milk Value Pack 0.5L","7","0","0"
"18-07-2023","Hyderabad","Raw Milk Value Pack 0.5L","13","0","0"
"18-08-2020","Hyderabad","Past Milk 1L","2","0","0"
"18-08-2020","Hyderabad","A2 Value Pack 1L","1","0","0"
"18-08-2021","Hyderabad","A2 1L","1","0","0"
"18-08-2021","Hyderabad","A2 Value Pack 1L","1","0","0"
"18-08-2022","Hyderabad","Past Milk 1L","21","0","1"
"18-08-2022","Hyderabad","Raw Milk 1L","13","0","0"
"18-08-2022","Hyderabad","Ghee 500ml","2","0","0"
"18-08-2022","Hyderabad","A2 1L","37","0","1"
"18-08-2022","Hyderabad","Curd Culture","4","0","0"
"18-08-2022","Hyderabad","Buffalo Milk 1L","49","0","1"
"18-08-2022","Hyderabad","Paneer 200g Cows Milk","4","0","0"
"18-08-2022","Hyderabad","A2 Value Pack 1L","109","0","0"
"18-08-2022","Hyderabad","Buffalo Ghee 500ml","1","0","0"
"18-08-2022","Hyderabad","Kharwas 120g","3","0","0"
"18-08-2022","Hyderabad","A2 Gir Cow Paneer 200g","2","0","0"
"18-08-2022","Hyderabad","New A2 Value Pack 500ml","68","0","0"
"18-08-2022","Hyderabad","Insulated Door Bag","1","0","0"
"18-08-2022","Hyderabad","Buffalo Milk Value Pack 500ml","31","0","0"
"18-08-2022","Hyderabad","Dahi","6","0","0"
"18-08-2022","Hyderabad","Past Milk Value Pack 1L","6","0","0"
"18-08-2022","Hyderabad","Raw Value Pack 1L","13","0","0"
"18-08-2022","Hyderabad","Buffalo Value Pack 1L","14","0","0"
"18-08-2022","Hyderabad","Lactose Free Milk 0.5L","2","0","0"
"18-08-2023","Hyderabad","Past Milk 1L","20","0","0"
"18-08-2023","Hyderabad","Raw Milk 1L","18","0","0"
"18-08-2023","Hyderabad","Ghee 500ml","2","0","0"
"18-08-2023","Hyderabad","A2 1L","67","0","2"
"18-08-2023","Hyderabad","Curd Culture","3","0","2"
"18-08-2023","Hyderabad","A2 Ghee","3","0","0"
"18-08-2023","Hyderabad","Buffalo Milk 1L","36","0","9"
"18-08-2023","Hyderabad","Paneer 200g Cows Milk","13","0","0"
"18-08-2023","Hyderabad","A2 Value Pack 1L","434","0","6"
"18-08-2023","Hyderabad","Kharwas 120g","3","0","0"
"18-08-2023","Hyderabad","A2 Gir Cow Paneer 200g","4","0","0"
"18-08-2023","Hyderabad","New A2 Value Pack 500ml","158","1","0"
"18-08-2023","Hyderabad","Insulated Door Bag","1","0","0"
"18-08-2023","Hyderabad","Buffalo Milk Value Pack 500ml","122","1","4"
"18-08-2023","Hyderabad","Dahi","12","0","0"
"18-08-2023","Hyderabad","Past Milk Value Pack 1L","20","0","0"
"18-08-2023","Hyderabad","Raw Value Pack 1L","69","0","0"
"18-08-2023","Hyderabad","Buffalo Value Pack 1L","210","2","0"
"18-08-2023","Hyderabad","Lactose Free Milk 0.5L","7","0","0"
"18-08-2023","Hyderabad","Past Milk Value Pack 0.5L","12","0","0"
"18-08-2023","Hyderabad","Raw Milk Value Pack 0.5L","18","0","0"
"18-09-2020","Hyderabad","Past Milk 1L","1","0","0"
"18-09-2020","Hyderabad","A2 1L","1","0","0"
"18-09-2021","Hyderabad","A2 1L","1","0","0"
"18-09-2021","Hyderabad","A2 Value Pack 1L","2","0","0"
"18-09-2022","Hyderabad","Past Milk 1L","28","0","0"
"18-09-2022","Hyderabad","Raw Milk 1L","15","0","0"
"18-09-2022","Hyderabad","Ghee 500ml","2","0","0"
"18-09-2022","Hyderabad","A2 1L","58","0","1"
"18-09-2022","Hyderabad","A2 Ghee","2","0","0"
"18-09-2022","Hyderabad","Buffalo Milk 1L","55","1","2"
"18-09-2022","Hyderabad","Paneer 200g Cows Milk","1","0","0"
"18-09-2022","Hyderabad","A2 Value Pack 1L","150","1","0"
"18-09-2022","Hyderabad","Kharwas 120g","3","0","0"
"18-09-2022","Hyderabad","A2 Gir Cow Paneer 200g","1","0","0"
"18-09-2022","Hyderabad","New A2 Value Pack 500ml","83","0","0"
"18-09-2022","Hyderabad","Buffalo Milk Value Pack 500ml","33","0","1"
"18-09-2022","Hyderabad","Dahi","5","0","0"
"18-09-2022","Hyderabad","Past Milk Value Pack 1L","8","0","0"
"18-09-2022","Hyderabad","Raw Value Pack 1L","19","0","0"
"18-09-2022","Hyderabad","Buffalo Value Pack 1L","13","0","0"
"18-09-2022","Hyderabad","Lactose Free Milk 0.5L","3","0","1"
"18-09-2023","Hyderabad","Past Milk 1L","20","0","0"
"18-09-2023","Hyderabad","Raw Milk 1L","15","0","0"
"18-09-2023","Hyderabad","Ghee 500ml","5","0","0"
"18-09-2023","Hyderabad","A2 1L","78","0","0"
"18-09-2023","Hyderabad","Curd Culture","5","0","1"
"18-09-2023","Hyderabad","A2 Ghee","6","0","0"
"18-09-2023","Hyderabad","Buffalo Milk 1L","68","0","0"
"18-09-2023","Hyderabad","Paneer 200g Cows Milk","4","0","0"
"18-09-2023","Hyderabad","A2 Value Pack 1L","522","4","0"
"18-09-2023","Hyderabad","Buffalo Ghee 500ml","2","0","0"
"18-09-2023","Hyderabad","Kharwas 120g","12","0","0"
"18-09-2023","Hyderabad","A2 Gir Cow Paneer 200g","4","0","0"
"18-09-2023","Hyderabad","New A2 Value Pack 500ml","177","0","0"
"18-09-2023","Hyderabad","Insulated Door Bag","1","0","0"
"18-09-2023","Hyderabad","Buffalo Milk Value Pack 500ml","137","0","0"
"18-09-2023","Hyderabad","Dahi","26","0","0"
"18-09-2023","Hyderabad","Past Milk Value Pack 1L","22","0","0"
"18-09-2023","Hyderabad","Raw Value Pack 1L","59","0","0"
"18-09-2023","Hyderabad","Buffalo Value Pack 1L","260","1","0"
"18-09-2023","Hyderabad","Lactose Free Milk 0.5L","8","0","0"
"18-09-2023","Hyderabad","Past Milk Value Pack 0.5L","15","0","0"
"18-09-2023","Hyderabad","Raw Milk Value Pack 0.5L","19","0","0"
"18-10-2020","Hyderabad","Past Milk 1L","1","0","0"
"18-10-2020","Hyderabad","A2 Value Pack 1L","1","0","0"
"18-10-2021","Hyderabad","A2 1L","1","0","0"
"18-10-2021","Hyderabad","A2 Value Pack 1L","1","0","0"
"18-10-2022","Hyderabad","Past Milk 1L","19","0","0"
"18-10-2022","Hyderabad","Raw Milk 1L","16","0","0"
"18-10-2022","Hyderabad","Ghee 500ml","2","0","0"
"18-10-2022","Hyderabad","A2 1L","50","1","3"
"18-10-2022","Hyderabad","Curd Culture","3","0","0"
"18-10-2022","Hyderabad","A2 Ghee","2","0","0"
"18-10-2022","Hyderabad","Buffalo Milk 1L","56","0","3"
"18-10-2022","Hyderabad","Paneer 200g Cows Milk","1","0","0"
"18-10-2022","Hyderabad","A2 Value Pack 1L","153","0","0"
"18-10-2022","Hyderabad","Kharwas 120g","3","0","0"
"18-10-2022","Hyderabad","A2 Gir Cow Paneer 200g","2","0","0"
"18-10-2022","Hyderabad","New A2 Value Pack 500ml","93","0","0"
"18-10-2022","Hyderabad","Buffalo Milk Value Pack 500ml","39","1","0"
"18-10-2022","Hyderabad","Dahi","17","0","0"
"18-10-2022","Hyderabad","Past Milk Value Pack 1L","8","0","0"
"18-10-2022","Hyderabad","Raw Value Pack 1L","19","0","0"
"18-10-2022","Hyderabad","Buffalo Value Pack 1L","19","0","1"
"18-10-2022","Hyderabad","Lactose Free Milk 0.5L","5","0","0"
"18-10-2022","Hyderabad","Raw Milk Value Pack 0.5L","3","0","0"
"18-10-2023","Hyderabad","Past Milk 1L","15","0","0"
"18-10-2023","Hyderabad","Raw Milk 1L","12","0","1"
"18-10-2023","Hyderabad","Ghee 500ml","2","0","0"
"18-10-2023","Hyderabad","A2 1L","58","0","0"
"18-10-2023","Hyderabad","Curd Culture","2","0","0"
"18-10-2023","Hyderabad","A2 Ghee","7","0","0"
"18-10-2023","Hyderabad","Buffalo Milk 1L","33","0","3"
"18-10-2023","Hyderabad","Paneer 200g Cows Milk","9","0","0"
"18-10-2023","Hyderabad","A2 Value Pack 1L","441","1","3"
"18-10-2023","Hyderabad","Kharwas 120g","10","0","0"
"18-10-2023","Hyderabad","A2 Gir Cow Paneer 200g","1","0","0"
"18-10-2023","Hyderabad","New A2 Value Pack 500ml","160","0","2"
"18-10-2023","Hyderabad","Buffalo Milk Value Pack 500ml","107","0","0"
"18-10-2023","Hyderabad","Dahi","17","0","0"
"18-10-2023","Hyderabad","Past Milk Value Pack 1L","15","0","2"
"18-10-2023","Hyderabad","Raw Value Pack 1L","36","0","0"
"18-10-2023","Hyderabad","Buffalo Value Pack 1L","242","0","2"
"18-10-2023","Hyderabad","Lactose Free Milk 0.5L","8","0","0"
"18-10-2023","Hyderabad","Past Milk Value Pack 0.5L","15","0","0"
"18-10-2023","Hyderabad","Raw Milk Value Pack 0.5L","23","0","0"
"18-11-2020","Hyderabad","Past Milk 1L","1","0","0"
"18-11-2020","Hyderabad","A2 1L","1","0","0"
"18-11-2020","Hyderabad","A2 Value Pack 1L","1","0","0"
"18-11-2021","Hyderabad","Past Milk 1L","1","0","0"
"18-11-2021","Hyderabad","Raw Milk 1L","1","0","0"
"18-11-2021","Hyderabad","A2 Value Pack 1L","1","0","0"
"18-11-2021","Hyderabad","New A2 Value Pack 500ml","1","0","0"
"18-11-2021","Hyderabad","Dahi","1","0","0"
"18-11-2022","Hyderabad","Past Milk 1L","24","0","0"
"18-11-2022","Hyderabad","Raw Milk 1L","16","0","2"
"18-11-2022","Hyderabad","Ghee 500ml","8","0","0"
"18-11-2022","Hyderabad","A2 1L","60","0","5"
"18-11-2022","Hyderabad","Curd Culture","3","0","0"
"18-11-2022","Hyderabad","A2 Ghee","3","0","0"
"18-11-2022","Hyderabad","Buffalo Milk 1L","78","0","7"
"18-11-2022","Hyderabad","Paneer 200g Cows Milk","3","0","0"
"18-11-2022","Hyderabad","A2 Value Pack 1L","163","0","1"
"18-11-2022","Hyderabad","Kharwas 120g","1","0","0"
"18-11-2022","Hyderabad","New A2 Value Pack 500ml","83","1","3"
"18-11-2022","Hyderabad","Buffalo Milk Value Pack 500ml","46","0","2"
"18-11-2022","Hyderabad","Dahi","5","0","0"
"18-11-2022","Hyderabad","Past Milk Value Pack 1L","11","0","0"
"18-11-2022","Hyderabad","Raw Value Pack 1L","23","0","1"
"18-11-2022","Hyderabad","Buffalo Value Pack 1L","23","0","0"
"18-11-2022","Hyderabad","Lactose Free Milk 0.5L","8","0","0"
"18-11-2022","Hyderabad","Past Milk Value Pack 0.5L","0","0","1"
"18-11-2023","Hyderabad","Past Milk 1L","18","0","0"
"18-11-2023","Hyderabad","Raw Milk 1L","9","0","0"
"18-11-2023","Hyderabad","Ghee 500ml","2","0","0"
"18-11-2023","Hyderabad","A2 1L","82","0","1"
"18-11-2023","Hyderabad","Curd Culture","4","0","0"
"18-11-2023","Hyderabad","A2 Ghee","3","0","0"
"18-11-2023","Hyderabad","Buffalo Milk 1L","43","0","1"
"18-11-2023","Hyderabad","Paneer 200g Cows Milk","5","0","0"
"18-11-2023","Hyderabad","A2 Value Pack 1L","477","1","7"
"18-11-2023","Hyderabad","Kharwas 120g","12","0","0"
"18-11-2023","Hyderabad","A2 Gir Cow Paneer 200g","3","0","0"
"18-11-2023","Hyderabad","New A2 Value Pack 500ml","201","0","0"
"18-11-2023","Hyderabad","Buffalo Milk Value Pack 500ml","148","0","0"
"18-11-2023","Hyderabad","Dahi","11","0","0"
"18-11-2023","Hyderabad","Past Milk Value Pack 1L","19","0","0"
"18-11-2023","Hyderabad","Raw Value Pack 1L","57","0","1"
"18-11-2023","Hyderabad","Buffalo Value Pack 1L","279","0","5"
"18-11-2023","Hyderabad","Lactose Free Milk 0.5L","7","0","0"
"18-11-2023","Hyderabad","Past Milk Value Pack 0.5L","23","0","0"
"18-11-2023","Hyderabad","Raw Milk Value Pack 0.5L","23","0","0"
"18-12-2020","Hyderabad","Buffalo Milk 1L","1","0","0"
"18-12-2020","Hyderabad","A2 Value Pack 1L","1","0","0"
"18-12-2021","Hyderabad","A2 Value Pack 1L","2","0","0"
"18-12-2022","Hyderabad","Past Milk 1L","22","0","0"
"18-12-2022","Hyderabad","Raw Milk 1L","14","0","0"
"18-12-2022","Hyderabad","A2 1L","55","0","3"
"18-12-2022","Hyderabad","Curd Culture","1","0","0"
"18-12-2022","Hyderabad","A2 Ghee","3","0","0"
"18-12-2022","Hyderabad","Buffalo Milk 1L","54","0","9"
"18-12-2022","Hyderabad","A2 Value Pack 1L","194","0","1"
"18-12-2022","Hyderabad","Kharwas 120g","3","0","0"
"18-12-2022","Hyderabad","A2 Gir Cow Paneer 200g","3","0","0"
"18-12-2022","Hyderabad","New A2 Value Pack 500ml","95","0","1"
"18-12-2022","Hyderabad","Buffalo Milk Value Pack 500ml","35","0","2"
"18-12-2022","Hyderabad","Dahi","8","0","0"
"18-12-2022","Hyderabad","Past Milk Value Pack 1L","12","0","0"
"18-12-2022","Hyderabad","Raw Value Pack 1L","23","0","1"
"18-12-2022","Hyderabad","Buffalo Value Pack 1L","46","0","5"
"18-12-2022","Hyderabad","Lactose Free Milk 0.5L","7","0","0"
"18-12-2022","Hyderabad","Past Milk Value Pack 0.5L","1","0","0"
"18-12-2022","Hyderabad","Raw Milk Value Pack 0.5L","7","0","0"
"18-12-2023","Hyderabad","Past Milk 1L","16","0","0"
"18-12-2023","Hyderabad","Raw Milk 1L","9","0","0"
"18-12-2023","Hyderabad","Ghee 500ml","3","0","0"
"18-12-2023","Hyderabad","A2 1L","80","0","0"
"18-12-2023","Hyderabad","Curd Culture","3","0","0"
"18-12-2023","Hyderabad","A2 Ghee","1","0","0"
"18-12-2023","Hyderabad","Buffalo Milk 1L","38","0","0"
"18-12-2023","Hyderabad","Paneer 200g Cows Milk","9","0","0"
"18-12-2023","Hyderabad","A2 Value Pack 1L","520","0","2"
"18-12-2023","Hyderabad","Buffalo Ghee 500ml","1","0","0"
"18-12-2023","Hyderabad","Kharwas 120g","1","0","0"
"18-12-2023","Hyderabad","New A2 Value Pack 500ml","196","0","0"
"18-12-2023","Hyderabad","Buffalo Milk Value Pack 500ml","132","0","0"
"18-12-2023","Hyderabad","Dahi","9","0","0"
"18-12-2023","Hyderabad","Past Milk Value Pack 1L","22","0","0"
"18-12-2023","Hyderabad","Raw Value Pack 1L","61","0","0"
"18-12-2023","Hyderabad","Buffalo Value Pack 1L","332","0","3"
"18-12-2023","Hyderabad","Lactose Free Milk 0.5L","11","0","0"
"18-12-2023","Hyderabad","Past Milk Value Pack 0.5L","15","0","0"
"18-12-2023","Hyderabad","Raw Milk Value Pack 0.5L","22","0","0"
"19-01-2020","Hyderabad","Past Milk 1L","1","0","0"
"19-01-2020","Hyderabad","A2 Value Pack 1L","1","0","0"
"19-01-2021","Hyderabad","Buffalo Milk 1L","1","0","0"
"19-01-2021","Hyderabad","A2 Value Pack 1L","1","0","0"
"19-01-2022","Hyderabad","A2 1L","1","0","3"
"19-01-2022","Hyderabad","A2 Ghee","1","0","0"
"19-01-2022","Hyderabad","Buffalo Milk 1L","0","0","2"
"19-01-2022","Hyderabad","A2 Value Pack 1L","6","0","0"
"19-01-2022","Hyderabad","Buffalo Ghee 500ml","1","0","0"
"19-01-2022","Hyderabad","New A2 Value Pack 500ml","3","0","0"
"19-01-2022","Hyderabad","Buffalo Milk Value Pack 500ml","1","0","0"
"19-01-2023","Hyderabad","Past Milk 1L","21","0","0"
"19-01-2023","Hyderabad","Raw Milk 1L","18","0","0"
"19-01-2023","Hyderabad","Ghee 500ml","2","0","0"
"19-01-2023","Hyderabad","A2 1L","63","2","1"
"19-01-2023","Hyderabad","Curd Culture","3","0","0"
"19-01-2023","Hyderabad","A2 Ghee","8","0","0"
"19-01-2023","Hyderabad","Buffalo Milk 1L","53","2","0"
"19-01-2023","Hyderabad","A2 Value Pack 1L","221","0","0"
"19-01-2023","Hyderabad","Buffalo Ghee 500ml","1","0","0"
"19-01-2023","Hyderabad","Kharwas 120g","2","0","0"
"19-01-2023","Hyderabad","A2 Gir Cow Paneer 200g","3","0","0"
"19-01-2023","Hyderabad","New A2 Value Pack 500ml","87","0","2"
"19-01-2023","Hyderabad","Insulated Door Bag","1","0","0"
"19-01-2023","Hyderabad","Buffalo Milk Value Pack 500ml","45","0","0"
"19-01-2023","Hyderabad","Dahi","13","0","0"
"19-01-2023","Hyderabad","Past Milk Value Pack 1L","12","0","0"
"19-01-2023","Hyderabad","Raw Value Pack 1L","34","0","0"
"19-01-2023","Hyderabad","Buffalo Value Pack 1L","80","0","6"
"19-01-2023","Hyderabad","Lactose Free Milk 0.5L","5","0","0"
"19-01-2023","Hyderabad","Past Milk Value Pack 0.5L","3","0","0"
"19-01-2023","Hyderabad","Raw Milk Value Pack 0.5L","12","0","0"
"19-01-2024","Hyderabad","Past Milk 1L","18","0","0"
"19-01-2024","Hyderabad","Raw Milk 1L","14","0","0"
"19-01-2024","Hyderabad","Ghee 500ml","2","0","0"
"19-01-2024","Hyderabad","A2 1L","63","0","2"
"19-01-2024","Hyderabad","Curd Culture","2","0","0"
"19-01-2024","Hyderabad","A2 Ghee","2","0","0"
"19-01-2024","Hyderabad","Buffalo Milk 1L","42","0","3"
"19-01-2024","Hyderabad","Paneer 200g Cows Milk","9","0","0"
"19-01-2024","Hyderabad","A2 Value Pack 1L","536","1","4"
"19-01-2024","Hyderabad","Buffalo Ghee 500ml","2","0","0"
"19-01-2024","Hyderabad","Kharwas 120g","6","0","0"
"19-01-2024","Hyderabad","A2 Gir Cow Paneer 200g","4","0","0"
"19-01-2024","Hyderabad","New A2 Value Pack 500ml","191","1","0"
"19-01-2024","Hyderabad","Insulated Door Bag","1","0","0"
"19-01-2024","Hyderabad","Buffalo Milk Value Pack 500ml","130","0","0"
"19-01-2024","Hyderabad","Dahi","15","0","0"
"19-01-2024","Hyderabad","Past Milk Value Pack 1L","19","0","0"
"19-01-2024","Hyderabad","Raw Value Pack 1L","65","0","0"
"19-01-2024","Hyderabad","Buffalo Value Pack 1L","297","1","1"
"19-01-2024","Hyderabad","Lactose Free Milk 0.5L","7","0","0"
"19-01-2024","Hyderabad","Past Milk Value Pack 0.5L","19","0","0"
"19-01-2024","Hyderabad","Raw Milk Value Pack 0.5L","19","0","0"
"19-02-2020","Hyderabad","Past Milk 1L","2","0","0"
"19-02-2020","Hyderabad","A2 Value Pack 1L","2","0","0"
"19-02-2021","Hyderabad","Buffalo Milk 1L","1","0","0"
"19-02-2021","Hyderabad","A2 Value Pack 1L","2","0","0"
"19-02-2022","Hyderabad","Past Milk 1L","3","0","0"
"19-02-2022","Hyderabad","Raw Milk 1L","6","0","3"
"19-02-2022","Hyderabad","Past Milk 0.5L","1","0","0"
"19-02-2022","Hyderabad","A2 1L","16","0","3"
"19-02-2022","Hyderabad","Buffalo Milk 1L","17","0","3"
"19-02-2022","Hyderabad","A2 Value Pack 1L","29","0","1"
"19-02-2022","Hyderabad","Kharwas 120g","4","0","0"
"19-02-2022","Hyderabad","A2 Gir Cow Paneer 200g","2","0","0"
"19-02-2022","Hyderabad","New A2 Value Pack 500ml","20","0","1"
"19-02-2022","Hyderabad","Buffalo Milk Value Pack 500ml","6","0","4"
"19-02-2023","Hyderabad","Past Milk 1L","21","0","0"
"19-02-2023","Hyderabad","Raw Milk 1L","24","0","0"
"19-02-2023","Hyderabad","A2 1L","42","2","1"
"19-02-2023","Hyderabad","Curd Culture","1","0","0"
"19-02-2023","Hyderabad","A2 Ghee","2","0","0"
"19-02-2023","Hyderabad","Buffalo Milk 1L","47","0","0"
"19-02-2023","Hyderabad","Paneer 200g Cows Milk","4","0","0"
"19-02-2023","Hyderabad","A2 Value Pack 1L","254","4","1"
"19-02-2023","Hyderabad","Buffalo Ghee 500ml","2","0","0"
"19-02-2023","Hyderabad","Kharwas 120g","8","0","0"
"19-02-2023","Hyderabad","A2 Gir Cow Paneer 200g","5","0","0"
"19-02-2023","Hyderabad","New A2 Value Pack 500ml","99","0","0"
"19-02-2023","Hyderabad","Insulated Door Bag","1","0","0"
"19-02-2023","Hyderabad","Buffalo Milk Value Pack 500ml","59","0","1"
"19-02-2023","Hyderabad","Dahi","14","0","0"
"19-02-2023","Hyderabad","Past Milk Value Pack 1L","20","0","0"
"19-02-2023","Hyderabad","Raw Value Pack 1L","32","0","1"
"19-02-2023","Hyderabad","Buffalo Value Pack 1L","111","1","8"
"19-02-2023","Hyderabad","Lactose Free Milk 0.5L","9","0","0"
"19-02-2023","Hyderabad","Past Milk Value Pack 0.5L","11","0","0"
"19-02-2023","Hyderabad","Raw Milk Value Pack 0.5L","14","0","0"
"19-02-2024","Hyderabad","Past Milk 1L","25","0","0"
"19-02-2024","Hyderabad","Raw Milk 1L","18","0","0"
"19-02-2024","Hyderabad","Ghee 500ml","2","0","0"
"19-02-2024","Hyderabad","A2 1L","62","1","1"
"19-02-2024","Hyderabad","Curd Culture","3","0","0"
"19-02-2024","Hyderabad","A2 Ghee","3","0","0"
"19-02-2024","Hyderabad","Buffalo Milk 1L","63","0","0"
"19-02-2024","Hyderabad","Paneer 200g Cows Milk","17","0","0"
"19-02-2024","Hyderabad","A2 Value Pack 1L","569","0","0"
"19-02-2024","Hyderabad","Buffalo Ghee 500ml","1","0","0"
"19-02-2024","Hyderabad","Kharwas 120g","9","0","0"
"19-02-2024","Hyderabad","A2 Gir Cow Paneer 200g","3","0","0"
"19-02-2024","Hyderabad","New A2 Value Pack 500ml","217","0","0"
"19-02-2024","Hyderabad","Buffalo Milk Value Pack 500ml","142","0","0"
"19-02-2024","Hyderabad","Dahi","11","0","0"
"19-02-2024","Hyderabad","Past Milk Value Pack 1L","25","0","0"
"19-02-2024","Hyderabad","Raw Value Pack 1L","67","0","1"
"19-02-2024","Hyderabad","Buffalo Value Pack 1L","368","0","0"
"19-02-2024","Hyderabad","Lactose Free Milk 0.5L","11","0","0"
"19-02-2024","Hyderabad","Past Milk Value Pack 0.5L","20","0","0"
"19-02-2024","Hyderabad","Raw Milk Value Pack 0.5L","24","0","0"
"19-03-2020","Hyderabad","Past Milk 1L","2","0","0"
"19-03-2021","Hyderabad","A2 1L","1","0","0"
"19-03-2021","Hyderabad","A2 Value Pack 1L","3","0","0"
"19-03-2022","Hyderabad","Past Milk 1L","13","0","0"
"19-03-2022","Hyderabad","Raw Milk 1L","13","0","0"
"19-03-2022","Hyderabad","Past Milk 0.5L","3","0","0"
"19-03-2022","Hyderabad","A2 1L","20","0","0"
"19-03-2022","Hyderabad","A2 Ghee","1","0","0"
"19-03-2022","Hyderabad","Buffalo Milk 1L","30","0","0"
"19-03-2022","Hyderabad","Paneer 200g Cows Milk","1","0","0"
"19-03-2022","Hyderabad","A2 Value Pack 1L","44","0","0"
"19-03-2022","Hyderabad","Kharwas 120g","3","0","0"
"19-03-2022","Hyderabad","New A2 Value Pack 500ml","30","0","0"
"19-03-2022","Hyderabad","Insulated Door Bag","1","0","0"
"19-03-2022","Hyderabad","Buffalo Milk Value Pack 500ml","19","0","0"
"19-03-2022","Hyderabad","Dahi","11","0","0"
"19-03-2023","Hyderabad","Past Milk 1L","22","0","0"
"19-03-2023","Hyderabad","Raw Milk 1L","25","0","0"
"19-03-2023","Hyderabad","Ghee 500ml","4","0","0"
"19-03-2023","Hyderabad","A2 1L","66","4","3"
"19-03-2023","Hyderabad","Curd Culture","1","0","2"
"19-03-2023","Hyderabad","A2 Ghee","2","0","0"
"19-03-2023","Hyderabad","Buffalo Milk 1L","49","1","4"
"19-03-2023","Hyderabad","Paneer 200g Cows Milk","2","0","0"
"19-03-2023","Hyderabad","A2 Value Pack 1L","258","1","0"
"19-03-2023","Hyderabad","Buffalo Ghee 500ml","2","0","0"
"19-03-2023","Hyderabad","Kharwas 120g","1","0","0"
"19-03-2023","Hyderabad","A2 Gir Cow Paneer 200g","1","0","0"
"19-03-2023","Hyderabad","New A2 Value Pack 500ml","107","0","0"
"19-03-2023","Hyderabad","Insulated Door Bag","1","0","0"
"19-03-2023","Hyderabad","Buffalo Milk Value Pack 500ml","61","1","2"
"19-03-2023","Hyderabad","Dahi","10","0","0"
"19-03-2023","Hyderabad","Past Milk Value Pack 1L","19","0","0"
"19-03-2023","Hyderabad","Raw Value Pack 1L","37","0","1"
"19-03-2023","Hyderabad","Buffalo Value Pack 1L","128","0","5"
"19-03-2023","Hyderabad","Lactose Free Milk 0.5L","4","0","0"
"19-03-2023","Hyderabad","Past Milk Value Pack 0.5L","3","0","0"
"19-03-2023","Hyderabad","Raw Milk Value Pack 0.5L","18","0","0"
"19-03-2024","Hyderabad","Past Milk 1L","25","0","0"
"19-03-2024","Hyderabad","Raw Milk 1L","18","0","0"
"19-03-2024","Hyderabad","Ghee 500ml","2","2","0"
"19-03-2024","Hyderabad","A2 1L","48","0","14"
"19-03-2024","Hyderabad","Curd Culture","6","0","0"
"19-03-2024","Hyderabad","A2 Ghee","3","0","0"
"19-03-2024","Hyderabad","Buffalo Milk 1L","57","0","8"
"19-03-2024","Hyderabad","Paneer 200g Cows Milk","9","0","0"
"19-03-2024","Hyderabad","A2 Value Pack 1L","604","0","0"
"19-03-2024","Hyderabad","Buffalo Ghee 500ml","3","0","0"
"19-03-2024","Hyderabad","Kharwas 120g","11","0","0"
"19-03-2024","Hyderabad","A2 Gir Cow Paneer 200g","2","0","0"
"19-03-2024","Hyderabad","New A2 Value Pack 500ml","205","0","3"
"19-03-2024","Hyderabad","Buffalo Milk Value Pack 500ml","185","0","2"
"19-03-2024","Hyderabad","Dahi","15","0","0"
"19-03-2024","Hyderabad","Past Milk Value Pack 1L","25","0","0"
"19-03-2024","Hyderabad","Raw Value Pack 1L","61","0","0"
"19-03-2024","Hyderabad","Buffalo Value Pack 1L","380","0","1"
"19-03-2024","Hyderabad","Lactose Free Milk 0.5L","15","0","0"
"19-03-2024","Hyderabad","Past Milk Value Pack 0.5L","16","0","0"
"19-03-2024","Hyderabad","Raw Milk Value Pack 0.5L","21","0","1"
"19-04-2020","Hyderabad","Past Milk 1L","2","0","0"
"19-04-2020","Hyderabad","A2 1L","1","0","0"
"19-04-2020","Hyderabad","Buffalo Milk 1L","1","0","0"
"19-04-2020","Hyderabad","A2 Value Pack 1L","1","0","0"
"19-04-2020","Hyderabad","New A2 Value Pack 500ml","1","0","0"
"19-04-2021","Hyderabad","Buffalo Milk 1L","1","0","0"
"19-04-2021","Hyderabad","A2 Value Pack 1L","2","0","0"
"19-04-2022","Hyderabad","Past Milk 1L","17","0","0"
"19-04-2022","Hyderabad","Raw Milk 1L","24","0","0"
"19-04-2022","Hyderabad","Past Milk 0.5L","1","0","0"
"19-04-2022","Hyderabad","Ghee 500ml","1","0","0"
"19-04-2022","Hyderabad","A2 1L","44","0","2"
"19-04-2022","Hyderabad","Curd Culture","2","0","0"
"19-04-2022","Hyderabad","A2 Ghee","1","0","0"
"19-04-2022","Hyderabad","Buffalo Milk 1L","40","0","0"
"19-04-2022","Hyderabad","Paneer 200g Cows Milk","2","0","0"
"19-04-2022","Hyderabad","A2 Value Pack 1L","70","0","0"
"19-04-2022","Hyderabad","Kharwas 120g","1","0","0"
"19-04-2022","Hyderabad","New A2 Value Pack 500ml","26","0","0"
"19-04-2022","Hyderabad","Buffalo Milk Value Pack 500ml","18","0","2"
"19-04-2022","Hyderabad","Tender Coconut","1","0","0"
"19-04-2023","Hyderabad","Past Milk 1L","20","0","0"
"19-04-2023","Hyderabad","Raw Milk 1L","12","0","0"
"19-04-2023","Hyderabad","A2 1L","65","10","0"
"19-04-2023","Hyderabad","Curd Culture","3","0","0"
"19-04-2023","Hyderabad","A2 Ghee","1","0","0"
"19-04-2023","Hyderabad","Buffalo Milk 1L","65","5","0"
"19-04-2023","Hyderabad","Paneer 200g Cows Milk","2","0","0"
"19-04-2023","Hyderabad","A2 Value Pack 1L","287","6","0"
"19-04-2023","Hyderabad","New A2 Value Pack 500ml","117","2","0"
"19-04-2023","Hyderabad","Buffalo Milk Value Pack 500ml","80","5","1"
"19-04-2023","Hyderabad","Dahi","6","0","0"
"19-04-2023","Hyderabad","Past Milk Value Pack 1L","20","0","0"
"19-04-2023","Hyderabad","Raw Value Pack 1L","43","0","0"
"19-04-2023","Hyderabad","Buffalo Value Pack 1L","171","7","2"
"19-04-2023","Hyderabad","Lactose Free Milk 0.5L","6","0","0"
"19-04-2023","Hyderabad","Past Milk Value Pack 0.5L","10","0","0"
"19-04-2023","Hyderabad","Raw Milk Value Pack 0.5L","16","0","0"
"19-05-2020","Hyderabad","Past Milk 1L","2","0","0"
"19-05-2020","Hyderabad","A2 1L","1","0","0"
"19-05-2021","Hyderabad","A2 1L","1","0","0"
"19-05-2021","Hyderabad","Buffalo Milk 1L","1","0","0"
"19-05-2021","Hyderabad","A2 Value Pack 1L","2","0","0"
"19-05-2022","Hyderabad","Past Milk 1L","15","0","0"
"19-05-2022","Hyderabad","Raw Milk 1L","19","0","2"
"19-05-2022","Hyderabad","Past Milk 0.5L","1","0","0"
"19-05-2022","Hyderabad","A2 1L","46","1","3"
"19-05-2022","Hyderabad","A2 Ghee","1","0","0"
"19-05-2022","Hyderabad","Buffalo Milk 1L","41","2","5"
"19-05-2022","Hyderabad","A2 Value Pack 1L","85","0","0"
"19-05-2022","Hyderabad","Kharwas 120g","3","0","0"
"19-05-2022","Hyderabad","New A2 Value Pack 500ml","32","0","2"
"19-05-2022","Hyderabad","Insulated Door Bag","2","0","0"
"19-05-2022","Hyderabad","Buffalo Milk Value Pack 500ml","23","0","1"
"19-05-2022","Hyderabad","Dahi","6","0","0"
"19-05-2023","Hyderabad","Past Milk 1L","22","0","0"
"19-05-2023","Hyderabad","Raw Milk 1L","23","1","0"
"19-05-2023","Hyderabad","Ghee 500ml","1","0","0"
"19-05-2023","Hyderabad","A2 1L","59","9","0"
"19-05-2023","Hyderabad","Curd Culture","0","0","1"
"19-05-2023","Hyderabad","A2 Ghee","5","0","0"
"19-05-2023","Hyderabad","Buffalo Milk 1L","41","2","3"
"19-05-2023","Hyderabad","Paneer 200g Cows Milk","2","0","0"
"19-05-2023","Hyderabad","A2 Value Pack 1L","280","12","4"
"19-05-2023","Hyderabad","Buffalo Ghee 500ml","1","0","0"
"19-05-2023","Hyderabad","Kharwas 120g","3","0","0"
"19-05-2023","Hyderabad","A2 Gir Cow Paneer 200g","2","0","0"
"19-05-2023","Hyderabad","New A2 Value Pack 500ml","100","4","1"
"19-05-2023","Hyderabad","Buffalo Milk Value Pack 500ml","79","9","0"
"19-05-2023","Hyderabad","Dahi","10","0","0"
"19-05-2023","Hyderabad","Past Milk Value Pack 1L","19","1","0"
"19-05-2023","Hyderabad","Raw Value Pack 1L","39","5","1"
"19-05-2023","Hyderabad","Buffalo Value Pack 1L","167","26","1"
"19-05-2023","Hyderabad","Lactose Free Milk 0.5L","10","0","0"
"19-05-2023","Hyderabad","Past Milk Value Pack 0.5L","6","0","0"
"19-05-2023","Hyderabad","Raw Milk Value Pack 0.5L","8","2","1"
"19-06-2020","Hyderabad","Past Milk 1L","2","0","0"
"19-06-2020","Hyderabad","A2 Value Pack 1L","1","0","0"
"19-06-2021","Hyderabad","A2 1L","1","0","0"
"19-06-2021","Hyderabad","Buffalo Milk 1L","1","0","0"
"19-06-2021","Hyderabad","A2 Value Pack 1L","2","0","0"
"19-06-2022","Hyderabad","Past Milk 1L","13","0","1"
"19-06-2022","Hyderabad","Raw Milk 1L","24","0","0"
"19-06-2022","Hyderabad","Past Milk 0.5L","8","0","0"
"19-06-2022","Hyderabad","A2 1L","48","1","0"
"19-06-2022","Hyderabad","Curd Culture","1","0","0"
"19-06-2022","Hyderabad","Buffalo Milk 1L","69","3","1"
"19-06-2022","Hyderabad","Paneer 200g Cows Milk","3","0","0"
"19-06-2022","Hyderabad","A2 Value Pack 1L","126","1","0"
"19-06-2022","Hyderabad","New A2 Value Pack 500ml","48","1","0"
"19-06-2022","Hyderabad","Buffalo Milk Value Pack 500ml","41","0","0"
"19-06-2022","Hyderabad","Dahi","15","0","0"
"19-06-2023","Hyderabad","Past Milk 1L","16","0","0"
"19-06-2023","Hyderabad","Raw Milk 1L","16","2","0"
"19-06-2023","Hyderabad","Ghee 500ml","7","0","0"
"19-06-2023","Hyderabad","A2 1L","65","4","1"
"19-06-2023","Hyderabad","Curd Culture","1","0","0"
"19-06-2023","Hyderabad","Buffalo Milk 1L","39","5","1"
"19-06-2023","Hyderabad","Paneer 200g Cows Milk","9","0","0"
"19-06-2023","Hyderabad","A2 Value Pack 1L","360","6","2"
"19-06-2023","Hyderabad","Kharwas 120g","2","0","0"
"19-06-2023","Hyderabad","A2 Gir Cow Paneer 200g","2","0","0"
"19-06-2023","Hyderabad","New A2 Value Pack 500ml","141","1","0"
"19-06-2023","Hyderabad","Insulated Door Bag","1","0","0"
"19-06-2023","Hyderabad","Buffalo Milk Value Pack 500ml","65","2","0"
"19-06-2023","Hyderabad","Dahi","31","0","0"
"19-06-2023","Hyderabad","Past Milk Value Pack 1L","19","2","0"
"19-06-2023","Hyderabad","Raw Value Pack 1L","38","0","0"
"19-06-2023","Hyderabad","Buffalo Value Pack 1L","209","7","3"
"19-06-2023","Hyderabad","Lactose Free Milk 0.5L","5","0","0"
"19-06-2023","Hyderabad","Past Milk Value Pack 0.5L","6","0","0"
"19-06-2023","Hyderabad","Raw Milk Value Pack 0.5L","16","0","0"
"19-07-2020","Hyderabad","Past Milk 1L","2","0","0"
"19-07-2020","Hyderabad","A2 Value Pack 1L","1","0","0"
"19-07-2021","Hyderabad","A2 1L","1","0","0"
"19-07-2021","Hyderabad","Buffalo Milk 1L","1","0","0"
"19-07-2021","Hyderabad","A2 Value Pack 1L","1","0","0"
"19-07-2022","Hyderabad","Past Milk 1L","22","0","0"
"19-07-2022","Hyderabad","Raw Milk 1L","24","0","0"
"19-07-2022","Hyderabad","A2 1L","48","0","0"
"19-07-2022","Hyderabad","Curd Culture","2","0","0"
"19-07-2022","Hyderabad","Buffalo Milk 1L","64","0","1"
"19-07-2022","Hyderabad","Paneer 200g Cows Milk","1","0","0"
"19-07-2022","Hyderabad","A2 Value Pack 1L","118","0","0"
"19-07-2022","Hyderabad","Buffalo Ghee 500ml","2","0","0"
"19-07-2022","Hyderabad","Kharwas 120g","1","0","0"
"19-07-2022","Hyderabad","A2 Gir Cow Paneer 200g","2","0","0"
"19-07-2022","Hyderabad","New A2 Value Pack 500ml","59","0","1"
"19-07-2022","Hyderabad","Buffalo Milk Value Pack 500ml","28","0","1"
"19-07-2022","Hyderabad","Dahi","2","0","0"
"19-07-2022","Hyderabad","Past Milk Value Pack 1L","4","0","0"
"19-07-2022","Hyderabad","Raw Value Pack 1L","10","0","0"
"19-07-2022","Hyderabad","Buffalo Value Pack 1L","2","0","0"
"19-07-2022","Hyderabad","Lactose Free Milk 0.5L","5","0","0"
"19-07-2023","Hyderabad","Past Milk 1L","14","0","0"
"19-07-2023","Hyderabad","Raw Milk 1L","13","0","0"
"19-07-2023","Hyderabad","Ghee 500ml","1","0","0"
"19-07-2023","Hyderabad","A2 1L","70","0","1"
"19-07-2023","Hyderabad","A2 Ghee","5","0","0"
"19-07-2023","Hyderabad","Buffalo Milk 1L","32","1","0"
"19-07-2023","Hyderabad","Paneer 200g Cows Milk","11","0","0"
"19-07-2023","Hyderabad","A2 Value Pack 1L","426","2","2"
"19-07-2023","Hyderabad","Buffalo Ghee 500ml","1","0","0"
"19-07-2023","Hyderabad","Kharwas 120g","1","0","0"
"19-07-2023","Hyderabad","A2 Gir Cow Paneer 200g","4","0","0"
"19-07-2023","Hyderabad","New A2 Value Pack 500ml","139","1","1"
"19-07-2023","Hyderabad","Buffalo Milk Value Pack 500ml","84","1","1"
"19-07-2023","Hyderabad","Dahi","16","0","0"
"19-07-2023","Hyderabad","Past Milk Value Pack 1L","10","0","0"
"19-07-2023","Hyderabad","Raw Value Pack 1L","49","0","0"
"19-07-2023","Hyderabad","Buffalo Value Pack 1L","197","1","4"
"19-07-2023","Hyderabad","Lactose Free Milk 0.5L","8","0","0"
"19-07-2023","Hyderabad","Past Milk Value Pack 0.5L","6","0","0"
"19-07-2023","Hyderabad","Raw Milk Value Pack 0.5L","15","0","0"
"19-08-2020","Hyderabad","Past Milk 1L","1","0","0"
"19-08-2020","Hyderabad","A2 1L","1","0","0"
"19-08-2021","Hyderabad","A2 Value Pack 1L","1","0","0"
"19-08-2022","Hyderabad","Past Milk 1L","22","0","0"
"19-08-2022","Hyderabad","Raw Milk 1L","13","0","0"
"19-08-2022","Hyderabad","Ghee 500ml","1","0","0"
"19-08-2022","Hyderabad","A2 1L","41","0","1"
"19-08-2022","Hyderabad","Curd Culture","1","0","0"
"19-08-2022","Hyderabad","Buffalo Milk 1L","51","0","4"
"19-08-2022","Hyderabad","Paneer 200g Cows Milk","1","0","0"
"19-08-2022","Hyderabad","A2 Value Pack 1L","124","0","0"
"19-08-2022","Hyderabad","A2 Gir Cow Paneer 200g","2","0","0"
"19-08-2022","Hyderabad","New A2 Value Pack 500ml","71","0","0"
"19-08-2022","Hyderabad","Buffalo Milk Value Pack 500ml","27","0","1"
"19-08-2022","Hyderabad","Dahi","10","0","0"
"19-08-2022","Hyderabad","Past Milk Value Pack 1L","8","0","0"
"19-08-2022","Hyderabad","Raw Value Pack 1L","11","0","0"
"19-08-2022","Hyderabad","Buffalo Value Pack 1L","15","0","0"
"19-08-2022","Hyderabad","Lactose Free Milk 0.5L","3","0","0"
"19-08-2023","Hyderabad","Past Milk 1L","28","0","0"
"19-08-2023","Hyderabad","Raw Milk 1L","18","0","0"
"19-08-2023","Hyderabad","A2 1L","63","0","0"
"19-08-2023","Hyderabad","Curd Culture","4","0","0"
"19-08-2023","Hyderabad","A2 Ghee","3","0","0"
"19-08-2023","Hyderabad","Buffalo Milk 1L","43","1","5"
"19-08-2023","Hyderabad","Paneer 200g Cows Milk","8","0","0"
"19-08-2023","Hyderabad","A2 Value Pack 1L","436","0","5"
"19-08-2023","Hyderabad","Kharwas 120g","6","0","0"
"19-08-2023","Hyderabad","A2 Gir Cow Paneer 200g","6","0","0"
"19-08-2023","Hyderabad","New A2 Value Pack 500ml","157","0","3"
"19-08-2023","Hyderabad","Buffalo Milk Value Pack 500ml","114","0","4"
"19-08-2023","Hyderabad","Dahi","18","0","0"
"19-08-2023","Hyderabad","Past Milk Value Pack 1L","17","0","0"
"19-08-2023","Hyderabad","Raw Value Pack 1L","68","0","1"
"19-08-2023","Hyderabad","Buffalo Value Pack 1L","208","2","0"
"19-08-2023","Hyderabad","Lactose Free Milk 0.5L","15","0","0"
"19-08-2023","Hyderabad","Past Milk Value Pack 0.5L","12","0","0"
"19-08-2023","Hyderabad","Raw Milk Value Pack 0.5L","23","1","0"
"19-09-2020","Hyderabad","Past Milk 1L","1","0","0"
"19-09-2020","Hyderabad","A2 Value Pack 1L","1","0","0"
"19-09-2021","Hyderabad","A2 Value Pack 1L","1","0","0"
"19-09-2022","Hyderabad","Past Milk 1L","21","0","0"
"19-09-2022","Hyderabad","Raw Milk 1L","15","0","1"
"19-09-2022","Hyderabad","A2 1L","57","0","0"
"19-09-2022","Hyderabad","Buffalo Milk 1L","60","0","0"
"19-09-2022","Hyderabad","Paneer 200g Cows Milk","4","0","0"
"19-09-2022","Hyderabad","A2 Value Pack 1L","142","0","0"
"19-09-2022","Hyderabad","Kharwas 120g","3","0","0"
"19-09-2022","Hyderabad","A2 Gir Cow Paneer 200g","3","0","0"
"19-09-2022","Hyderabad","New A2 Value Pack 500ml","74","0","0"
"19-09-2022","Hyderabad","Buffalo Milk Value Pack 500ml","37","0","0"
"19-09-2022","Hyderabad","Dahi","7","0","0"
"19-09-2022","Hyderabad","Past Milk Value Pack 1L","9","0","0"
"19-09-2022","Hyderabad","Raw Value Pack 1L","17","0","0"
"19-09-2022","Hyderabad","Buffalo Value Pack 1L","15","0","0"
"19-09-2022","Hyderabad","Lactose Free Milk 0.5L","3","0","0"
"19-09-2023","Hyderabad","Past Milk 1L","23","0","0"
"19-09-2023","Hyderabad","Raw Milk 1L","15","0","0"
"19-09-2023","Hyderabad","Ghee 500ml","2","0","0"
"19-09-2023","Hyderabad","A2 1L","67","1","4"
"19-09-2023","Hyderabad","Curd Culture","2","0","0"
"19-09-2023","Hyderabad","A2 Ghee","5","0","0"
"19-09-2023","Hyderabad","Buffalo Milk 1L","46","0","2"
"19-09-2023","Hyderabad","Paneer 200g Cows Milk","15","0","0"
"19-09-2023","Hyderabad","A2 Value Pack 1L","488","2","3"
"19-09-2023","Hyderabad","Buffalo Ghee 500ml","1","0","0"
"19-09-2023","Hyderabad","Kharwas 120g","3","0","0"
"19-09-2023","Hyderabad","A2 Gir Cow Paneer 200g","3","0","0"
"19-09-2023","Hyderabad","New A2 Value Pack 500ml","165","0","1"
"19-09-2023","Hyderabad","Buffalo Milk Value Pack 500ml","94","0","0"
"19-09-2023","Hyderabad","Dahi","16","0","0"
"19-09-2023","Hyderabad","Past Milk Value Pack 1L","21","0","1"
"19-09-2023","Hyderabad","Raw Value Pack 1L","61","0","0"
"19-09-2023","Hyderabad","Buffalo Value Pack 1L","254","4","1"
"19-09-2023","Hyderabad","Lactose Free Milk 0.5L","8","0","0"
"19-09-2023","Hyderabad","Past Milk Value Pack 0.5L","15","0","0"
"19-09-2023","Hyderabad","Raw Milk Value Pack 0.5L","13","0","1"
"19-10-2020","Hyderabad","Past Milk 1L","1","0","0"
"19-10-2020","Hyderabad","A2 1L","1","0","0"
"19-10-2020","Hyderabad","A2 Value Pack 1L","1","0","0"
"19-10-2021","Hyderabad","A2 Value Pack 1L","2","0","0"
"19-10-2022","Hyderabad","Past Milk 1L","24","1","0"
"19-10-2022","Hyderabad","Raw Milk 1L","13","0","0"
"19-10-2022","Hyderabad","Ghee 500ml","1","0","0"
"19-10-2022","Hyderabad","A2 1L","52","0","2"
"19-10-2022","Hyderabad","Curd Culture","1","0","0"
"19-10-2022","Hyderabad","Buffalo Milk 1L","67","1","2"
"19-10-2022","Hyderabad","Paneer 200g Cows Milk","3","0","0"
"19-10-2022","Hyderabad","A2 Value Pack 1L","151","0","0"
"19-10-2022","Hyderabad","Buffalo Ghee 500ml","2","0","0"
"19-10-2022","Hyderabad","Kharwas 120g","2","0","0"
"19-10-2022","Hyderabad","New A2 Value Pack 500ml","88","0","0"
"19-10-2022","Hyderabad","Buffalo Milk Value Pack 500ml","37","0","3"
"19-10-2022","Hyderabad","Dahi","8","0","0"
"19-10-2022","Hyderabad","Past Milk Value Pack 1L","10","0","0"
"19-10-2022","Hyderabad","Raw Value Pack 1L","23","0","0"
"19-10-2022","Hyderabad","Buffalo Value Pack 1L","22","0","0"
"19-10-2022","Hyderabad","Lactose Free Milk 0.5L","5","0","0"
"19-10-2022","Hyderabad","Raw Milk Value Pack 0.5L","2","0","0"
"19-10-2023","Hyderabad","Past Milk 1L","19","0","0"
"19-10-2023","Hyderabad","Raw Milk 1L","7","0","1"
"19-10-2023","Hyderabad","Ghee 500ml","3","0","0"
"19-10-2023","Hyderabad","A2 1L","62","0","1"
"19-10-2023","Hyderabad","Curd Culture","1","0","0"
"19-10-2023","Hyderabad","A2 Ghee","2","0","0"
"19-10-2023","Hyderabad","Buffalo Milk 1L","39","0","2"
"19-10-2023","Hyderabad","Paneer 200g Cows Milk","7","0","0"
"19-10-2023","Hyderabad","A2 Value Pack 1L","423","0","1"
"19-10-2023","Hyderabad","Buffalo Ghee 500ml","1","0","0"
"19-10-2023","Hyderabad","Kharwas 120g","4","0","0"
"19-10-2023","Hyderabad","A2 Gir Cow Paneer 200g","5","0","0"
"19-10-2023","Hyderabad","New A2 Value Pack 500ml","157","1","0"
"19-10-2023","Hyderabad","Buffalo Milk Value Pack 500ml","101","0","0"
"19-10-2023","Hyderabad","Dahi","17","0","0"
"19-10-2023","Hyderabad","Past Milk Value Pack 1L","18","0","0"
"19-10-2023","Hyderabad","Raw Value Pack 1L","41","1","0"
"19-10-2023","Hyderabad","Buffalo Value Pack 1L","254","1","4"
"19-10-2023","Hyderabad","Lactose Free Milk 0.5L","8","0","0"
"19-10-2023","Hyderabad","Past Milk Value Pack 0.5L","15","0","0"
"19-10-2023","Hyderabad","Raw Milk Value Pack 0.5L","23","0","1"
"19-11-2020","Hyderabad","Past Milk 1L","1","0","0"
"19-11-2020","Hyderabad","A2 Value Pack 1L","1","0","0"
"19-11-2021","Hyderabad","Past Milk 1L","1","0","0"
"19-11-2021","Hyderabad","Raw Milk 1L","1","0","0"
"19-11-2021","Hyderabad","A2 Value Pack 1L","2","0","0"
"19-11-2021","Hyderabad","New A2 Value Pack 500ml","1","0","0"
"19-11-2021","Hyderabad","Buffalo Milk Value Pack 500ml","1","0","0"
"19-11-2022","Hyderabad","Past Milk 1L","22","0","1"
"19-11-2022","Hyderabad","Raw Milk 1L","13","0","3"
"19-11-2022","Hyderabad","Ghee 500ml","1","0","0"
"19-11-2022","Hyderabad","A2 1L","56","0","4"
"19-11-2022","Hyderabad","A2 Ghee","1","0","0"
"19-11-2022","Hyderabad","Buffalo Milk 1L","62","1","8"
"19-11-2022","Hyderabad","Paneer 200g Cows Milk","3","0","0"
"19-11-2022","Hyderabad","A2 Value Pack 1L","161","0","0"
"19-11-2022","Hyderabad","Buffalo Ghee 500ml","1","0","0"
"19-11-2022","Hyderabad","Kharwas 120g","2","0","0"
"19-11-2022","Hyderabad","A2 Gir Cow Paneer 200g","3","0","0"
"19-11-2022","Hyderabad","New A2 Value Pack 500ml","92","0","1"
"19-11-2022","Hyderabad","Buffalo Milk Value Pack 500ml","40","0","3"
"19-11-2022","Hyderabad","Dahi","13","0","0"
"19-11-2022","Hyderabad","Past Milk Value Pack 1L","8","0","0"
"19-11-2022","Hyderabad","Raw Value Pack 1L","24","0","1"
"19-11-2022","Hyderabad","Buffalo Value Pack 1L","25","0","0"
"19-11-2022","Hyderabad","Lactose Free Milk 0.5L","10","0","0"
"19-11-2022","Hyderabad","Past Milk Value Pack 0.5L","1","0","0"
"19-11-2022","Hyderabad","Raw Milk Value Pack 0.5L","3","0","0"
"19-11-2023","Hyderabad","Past Milk 1L","19","0","0"
"19-11-2023","Hyderabad","Raw Milk 1L","13","0","0"
"19-11-2023","Hyderabad","Ghee 500ml","2","0","0"
"19-11-2023","Hyderabad","A2 1L","54","1","0"
"19-11-2023","Hyderabad","Curd Culture","5","0","0"
"19-11-2023","Hyderabad","A2 Ghee","3","0","0"
"19-11-2023","Hyderabad","Buffalo Milk 1L","47","0","0"
"19-11-2023","Hyderabad","Paneer 200g Cows Milk","17","0","0"
"19-11-2023","Hyderabad","A2 Value Pack 1L","472","3","2"
"19-11-2023","Hyderabad","Buffalo Ghee 500ml","5","0","0"
"19-11-2023","Hyderabad","Kharwas 120g","5","0","0"
"19-11-2023","Hyderabad","A2 Gir Cow Paneer 200g","2","0","0"
"19-11-2023","Hyderabad","New A2 Value Pack 500ml","171","0","2"
"19-11-2023","Hyderabad","Insulated Door Bag","3","0","0"
"19-11-2023","Hyderabad","Buffalo Milk Value Pack 500ml","131","0","0"
"19-11-2023","Hyderabad","Dahi","14","0","0"
"19-11-2023","Hyderabad","Past Milk Value Pack 1L","24","0","0"
"19-11-2023","Hyderabad","Raw Value Pack 1L","50","0","1"
"19-11-2023","Hyderabad","Buffalo Value Pack 1L","275","1","9"
"19-11-2023","Hyderabad","Lactose Free Milk 0.5L","7","0","0"
"19-11-2023","Hyderabad","Past Milk Value Pack 0.5L","22","0","0"
"19-11-2023","Hyderabad","Raw Milk Value Pack 0.5L","30","0","2"
"19-12-2020","Hyderabad","A2 1L","1","0","0"
"19-12-2020","Hyderabad","Buffalo Milk 1L","1","0","0"
"19-12-2020","Hyderabad","A2 Value Pack 1L","1","0","0"
"19-12-2021","Hyderabad","A2 Value Pack 1L","2","0","0"
"19-12-2022","Hyderabad","Past Milk 1L","15","0","0"
"19-12-2022","Hyderabad","Raw Milk 1L","12","0","0"
"19-12-2022","Hyderabad","A2 1L","54","2","1"
"19-12-2022","Hyderabad","Curd Culture","2","0","0"
"19-12-2022","Hyderabad","Buffalo Milk 1L","65","0","0"
"19-12-2022","Hyderabad","Paneer 200g Cows Milk","2","0","0"
"19-12-2022","Hyderabad","A2 Value Pack 1L","205","1","1"
"19-12-2022","Hyderabad","Kharwas 120g","1","0","0"
"19-12-2022","Hyderabad","A2 Gir Cow Paneer 200g","3","0","0"
"19-12-2022","Hyderabad","New A2 Value Pack 500ml","84","0","0"
"19-12-2022","Hyderabad","Insulated Door Bag","1","0","0"
"19-12-2022","Hyderabad","Buffalo Milk Value Pack 500ml","47","0","0"
"19-12-2022","Hyderabad","Dahi","10","0","0"
"19-12-2022","Hyderabad","Past Milk Value Pack 1L","9","0","0"
"19-12-2022","Hyderabad","Raw Value Pack 1L","27","0","0"
"19-12-2022","Hyderabad","Buffalo Value Pack 1L","61","0","1"
"19-12-2022","Hyderabad","Lactose Free Milk 0.5L","9","0","0"
"19-12-2022","Hyderabad","Raw Milk Value Pack 0.5L","10","0","0"
"19-12-2023","Hyderabad","Past Milk 1L","20","0","0"
"19-12-2023","Hyderabad","Raw Milk 1L","15","0","1"
"19-12-2023","Hyderabad","A2 1L","62","0","1"
"19-12-2023","Hyderabad","Curd Culture","2","0","0"
"19-12-2023","Hyderabad","A2 Ghee","3","1","0"
"19-12-2023","Hyderabad","Buffalo Milk 1L","45","0","1"
"19-12-2023","Hyderabad","Paneer 200g Cows Milk","11","0","0"
"19-12-2023","Hyderabad","A2 Value Pack 1L","536","1","8"
"19-12-2023","Hyderabad","Buffalo Ghee 500ml","1","0","0"
"19-12-2023","Hyderabad","Kharwas 120g","10","0","0"
"19-12-2023","Hyderabad","A2 Gir Cow Paneer 200g","3","0","0"
"19-12-2023","Hyderabad","New A2 Value Pack 500ml","180","0","1"
"19-12-2023","Hyderabad","Insulated Door Bag","2","0","0"
"19-12-2023","Hyderabad","Buffalo Milk Value Pack 500ml","152","0","1"
"19-12-2023","Hyderabad","Dahi","10","0","0"
"19-12-2023","Hyderabad","Past Milk Value Pack 1L","22","0","0"
"19-12-2023","Hyderabad","Raw Value Pack 1L","56","1","4"
"19-12-2023","Hyderabad","Buffalo Value Pack 1L","319","0","6"
"19-12-2023","Hyderabad","Lactose Free Milk 0.5L","11","0","0"
"19-12-2023","Hyderabad","Past Milk Value Pack 0.5L","17","0","0"
"19-12-2023","Hyderabad","Raw Milk Value Pack 0.5L","22","0","0"
"20-01-2020","Hyderabad","Past Milk 1L","2","0","0"
"20-01-2021","Hyderabad","A2 1L","1","0","0"
"20-01-2021","Hyderabad","Buffalo Milk 1L","2","0","0"
"20-01-2021","Hyderabad","A2 Value Pack 1L","1","0","0"
"20-01-2022","Hyderabad","Past Milk 1L","1","0","1"
"20-01-2022","Hyderabad","A2 1L","2","0","6"
"20-01-2022","Hyderabad","Buffalo Milk 1L","2","0","2"
"20-01-2022","Hyderabad","A2 Value Pack 1L","2","0","0"
"20-01-2023","Hyderabad","Past Milk 1L","14","0","0"
"20-01-2023","Hyderabad","Raw Milk 1L","14","0","0"
"20-01-2023","Hyderabad","A2 1L","62","0","3"
"20-01-2023","Hyderabad","Curd Culture","3","0","0"
"20-01-2023","Hyderabad","A2 Ghee","2","0","0"
"20-01-2023","Hyderabad","Buffalo Milk 1L","48","1","6"
"20-01-2023","Hyderabad","Paneer 200g Cows Milk","6","0","0"
"20-01-2023","Hyderabad","A2 Value Pack 1L","226","0","4"
"20-01-2023","Hyderabad","Kharwas 120g","2","0","0"
"20-01-2023","Hyderabad","A2 Gir Cow Paneer 200g","1","0","0"
"20-01-2023","Hyderabad","New A2 Value Pack 500ml","102","0","1"
"20-01-2023","Hyderabad","Buffalo Milk Value Pack 500ml","51","1","0"
"20-01-2023","Hyderabad","Dahi","7","0","0"
"20-01-2023","Hyderabad","Past Milk Value Pack 1L","10","0","0"
"20-01-2023","Hyderabad","Raw Value Pack 1L","34","0","0"
"20-01-2023","Hyderabad","Buffalo Value Pack 1L","90","0","1"
"20-01-2023","Hyderabad","Lactose Free Milk 0.5L","6","0","0"
"20-01-2023","Hyderabad","Past Milk Value Pack 0.5L","5","0","0"
"20-01-2023","Hyderabad","Raw Milk Value Pack 0.5L","7","0","0"
"20-01-2024","Hyderabad","Past Milk 1L","22","0","0"
"20-01-2024","Hyderabad","Raw Milk 1L","14","0","0"
"20-01-2024","Hyderabad","A2 1L","47","0","5"
"20-01-2024","Hyderabad","Curd Culture","3","0","0"
"20-01-2024","Hyderabad","A2 Ghee","2","0","0"
"20-01-2024","Hyderabad","Buffalo Milk 1L","41","0","8"
"20-01-2024","Hyderabad","Paneer 200g Cows Milk","9","0","0"
"20-01-2024","Hyderabad","A2 Value Pack 1L","526","0","2"
"20-01-2024","Hyderabad","Buffalo Ghee 500ml","2","0","0"
"20-01-2024","Hyderabad","Kharwas 120g","6","0","0"
"20-01-2024","Hyderabad","A2 Gir Cow Paneer 200g","4","0","0"
"20-01-2024","Hyderabad","New A2 Value Pack 500ml","206","0","1"
"20-01-2024","Hyderabad","Buffalo Milk Value Pack 500ml","144","0","0"
"20-01-2024","Hyderabad","Dahi","15","0","0"
"20-01-2024","Hyderabad","Past Milk Value Pack 1L","24","0","0"
"20-01-2024","Hyderabad","Raw Value Pack 1L","68","1","0"
"20-01-2024","Hyderabad","Buffalo Value Pack 1L","306","1","0"
"20-01-2024","Hyderabad","Lactose Free Milk 0.5L","8","0","0"
"20-01-2024","Hyderabad","Past Milk Value Pack 0.5L","22","0","0"
"20-01-2024","Hyderabad","Raw Milk Value Pack 0.5L","21","0","0"
"20-02-2020","Hyderabad","Past Milk 1L","2","0","0"
"20-02-2020","Hyderabad","A2 Value Pack 1L","1","0","0"
"20-02-2021","Hyderabad","A2 1L","1","0","0"
"20-02-2021","Hyderabad","Buffalo Milk 1L","1","0","0"
"20-02-2021","Hyderabad","A2 Value Pack 1L","1","0","0"
"20-02-2022","Hyderabad","Past Milk 1L","4","0","2"
"20-02-2022","Hyderabad","Raw Milk 1L","8","0","1"
"20-02-2022","Hyderabad","Past Milk 0.5L","1","0","0"
"20-02-2022","Hyderabad","Ghee 500ml","1","0","0"
"20-02-2022","Hyderabad","A2 1L","18","0","7"
"20-02-2022","Hyderabad","Curd Culture","3","0","0"
"20-02-2022","Hyderabad","Buffalo Milk 1L","18","0","8"
"20-02-2022","Hyderabad","Paneer 200g Cows Milk","2","0","0"
"20-02-2022","Hyderabad","A2 Value Pack 1L","29","0","0"
"20-02-2022","Hyderabad","Kharwas 120g","2","0","0"
"20-02-2022","Hyderabad","A2 Gir Cow Paneer 200g","1","0","0"
"20-02-2022","Hyderabad","New A2 Value Pack 500ml","16","0","0"
"20-02-2022","Hyderabad","Buffalo Milk Value Pack 500ml","8","0","2"
"20-02-2022","Hyderabad","Dahi","4","0","0"
"20-02-2023","Hyderabad","Past Milk 1L","25","0","0"
"20-02-2023","Hyderabad","Raw Milk 1L","12","0","0"
"20-02-2023","Hyderabad","Ghee 500ml","1","0","0"
"20-02-2023","Hyderabad","A2 1L","55","4","0"
"20-02-2023","Hyderabad","Curd Culture","2","0","0"
"20-02-2023","Hyderabad","A2 Ghee","1","0","0"
"20-02-2023","Hyderabad","Buffalo Milk 1L","57","0","0"
"20-02-2023","Hyderabad","Paneer 200g Cows Milk","1","0","0"
"20-02-2023","Hyderabad","A2 Value Pack 1L","271","0","0"
"20-02-2023","Hyderabad","Buffalo Ghee 500ml","1","0","0"
"20-02-2023","Hyderabad","Kharwas 120g","10","0","0"
"20-02-2023","Hyderabad","A2 Gir Cow Paneer 200g","3","0","0"
"20-02-2023","Hyderabad","New A2 Value Pack 500ml","111","0","1"
"20-02-2023","Hyderabad","Insulated Door Bag","2","0","0"
"20-02-2023","Hyderabad","Buffalo Milk Value Pack 500ml","63","0","1"
"20-02-2023","Hyderabad","Dahi","7","0","0"
"20-02-2023","Hyderabad","Past Milk Value Pack 1L","16","0","0"
"20-02-2023","Hyderabad","Raw Value Pack 1L","45","1","0"
"20-02-2023","Hyderabad","Buffalo Value Pack 1L","120","1","2"
"20-02-2023","Hyderabad","Lactose Free Milk 0.5L","7","0","0"
"20-02-2023","Hyderabad","Past Milk Value Pack 0.5L","9","0","0"
"20-02-2023","Hyderabad","Raw Milk Value Pack 0.5L","14","0","0"
"20-02-2024","Hyderabad","Past Milk 1L","23","1","0"
"20-02-2024","Hyderabad","Raw Milk 1L","9","0","0"
"20-02-2024","Hyderabad","Ghee 500ml","2","0","0"
"20-02-2024","Hyderabad","A2 1L","83","0","3"
"20-02-2024","Hyderabad","Curd Culture","4","0","0"
"20-02-2024","Hyderabad","A2 Ghee","5","0","0"
"20-02-2024","Hyderabad","Buffalo Milk 1L","48","0","2"
"20-02-2024","Hyderabad","Paneer 200g Cows Milk","11","0","0"
"20-02-2024","Hyderabad","A2 Value Pack 1L","551","1","0"
"20-02-2024","Hyderabad","Buffalo Ghee 500ml","1","0","0"
"20-02-2024","Hyderabad","Kharwas 120g","4","0","0"
"20-02-2024","Hyderabad","A2 Gir Cow Paneer 200g","6","0","1"
"20-02-2024","Hyderabad","New A2 Value Pack 500ml","218","1","0"
"20-02-2024","Hyderabad","Buffalo Milk Value Pack 500ml","178","0","0"
"20-02-2024","Hyderabad","Dahi","22","0","0"
"20-02-2024","Hyderabad","Past Milk Value Pack 1L","18","0","1"
"20-02-2024","Hyderabad","Raw Value Pack 1L","66","1","0"
"20-02-2024","Hyderabad","Buffalo Value Pack 1L","339","2","1"
"20-02-2024","Hyderabad","Lactose Free Milk 0.5L","12","0","0"
"20-02-2024","Hyderabad","Past Milk Value Pack 0.5L","19","0","1"
"20-02-2024","Hyderabad","Raw Milk Value Pack 0.5L","19","0","0"
"20-03-2020","Hyderabad","Past Milk 1L","2","0","0"
"20-03-2020","Hyderabad","Curd Culture","1","0","0"
"20-03-2020","Hyderabad","A2 Value Pack 1L","2","0","0"
"20-03-2021","Hyderabad","A2 Value Pack 1L","1","0","0"
"20-03-2022","Hyderabad","Past Milk 1L","10","0","0"
"20-03-2022","Hyderabad","Raw Milk 1L","12","0","0"
"20-03-2022","Hyderabad","Past Milk 0.5L","3","0","0"
"20-03-2022","Hyderabad","A2 1L","20","0","4"
"20-03-2022","Hyderabad","Curd Culture","1","0","0"
"20-03-2022","Hyderabad","A2 Ghee","1","0","0"
"20-03-2022","Hyderabad","Buffalo Milk 1L","38","0","0"
"20-03-2022","Hyderabad","Paneer 200g Cows Milk","2","0","0"
"20-03-2022","Hyderabad","A2 Value Pack 1L","43","0","1"
"20-03-2022","Hyderabad","Buffalo Ghee 500ml","1","0","0"
"20-03-2022","Hyderabad","A2 Gir Cow Paneer 200g","1","0","0"
"20-03-2022","Hyderabad","New A2 Value Pack 500ml","28","0","0"
"20-03-2022","Hyderabad","Buffalo Milk Value Pack 500ml","18","0","3"
"20-03-2022","Hyderabad","Dahi","1","0","0"
"20-03-2023","Hyderabad","Past Milk 1L","13","0","0"
"20-03-2023","Hyderabad","Raw Milk 1L","22","0","0"
"20-03-2023","Hyderabad","A2 1L","71","0","0"
"20-03-2023","Hyderabad","Curd Culture","2","0","2"
"20-03-2023","Hyderabad","A2 Ghee","2","0","0"
"20-03-2023","Hyderabad","Buffalo Milk 1L","55","5","0"
"20-03-2023","Hyderabad","Paneer 200g Cows Milk","3","0","0"
"20-03-2023","Hyderabad","A2 Value Pack 1L","273","3","2"
"20-03-2023","Hyderabad","Buffalo Ghee 500ml","2","0","0"
"20-03-2023","Hyderabad","Kharwas 120g","3","0","0"
"20-03-2023","Hyderabad","A2 Gir Cow Paneer 200g","3","0","0"
"20-03-2023","Hyderabad","New A2 Value Pack 500ml","101","2","0"
"20-03-2023","Hyderabad","Insulated Door Bag","1","0","0"
"20-03-2023","Hyderabad","Buffalo Milk Value Pack 500ml","56","0","1"
"20-03-2023","Hyderabad","Dahi","15","0","0"
"20-03-2023","Hyderabad","Past Milk Value Pack 1L","12","0","0"
"20-03-2023","Hyderabad","Raw Value Pack 1L","43","0","0"
"20-03-2023","Hyderabad","Buffalo Value Pack 1L","143","2","1"
"20-03-2023","Hyderabad","Lactose Free Milk 0.5L","9","0","0"
"20-03-2023","Hyderabad","Past Milk Value Pack 0.5L","6","0","0"
"20-03-2023","Hyderabad","Raw Milk Value Pack 0.5L","20","0","0"
"20-03-2024","Hyderabad","Past Milk 1L","20","0","0"
"20-03-2024","Hyderabad","Raw Milk 1L","15","0","0"
"20-03-2024","Hyderabad","Ghee 500ml","2","0","0"
"20-03-2024","Hyderabad","A2 1L","57","0","18"
"20-03-2024","Hyderabad","Curd Culture","2","0","0"
"20-03-2024","Hyderabad","A2 Ghee","3","1","0"
"20-03-2024","Hyderabad","Buffalo Milk 1L","48","1","11"
"20-03-2024","Hyderabad","Paneer 200g Cows Milk","14","0","0"
"20-03-2024","Hyderabad","A2 Value Pack 1L","608","0","0"
"20-03-2024","Hyderabad","Kharwas 120g","5","0","0"
"20-03-2024","Hyderabad","A2 Gir Cow Paneer 200g","2","0","0"
"20-03-2024","Hyderabad","New A2 Value Pack 500ml","206","0","0"
"20-03-2024","Hyderabad","Buffalo Milk Value Pack 500ml","168","0","0"
"20-03-2024","Hyderabad","Dahi","13","0","0"
"20-03-2024","Hyderabad","Past Milk Value Pack 1L","22","0","0"
"20-03-2024","Hyderabad","Raw Value Pack 1L","68","0","0"
"20-03-2024","Hyderabad","Buffalo Value Pack 1L","389","1","2"
"20-03-2024","Hyderabad","Lactose Free Milk 0.5L","12","0","1"
"20-03-2024","Hyderabad","Past Milk Value Pack 0.5L","17","0","0"
"20-03-2024","Hyderabad","Raw Milk Value Pack 0.5L","20","0","0"
"20-04-2020","Hyderabad","Past Milk 1L","3","0","0"
"20-04-2020","Hyderabad","New A2 Value Pack 500ml","1","0","0"
"20-04-2021","Hyderabad","A2 1L","1","0","0"
"20-04-2022","Hyderabad","Past Milk 1L","14","0","3"
"20-04-2022","Hyderabad","Raw Milk 1L","19","0","0"
"20-04-2022","Hyderabad","Past Milk 0.5L","5","0","1"
"20-04-2022","Hyderabad","A2 1L","37","0","3"
"20-04-2022","Hyderabad","Curd Culture","1","0","0"
"20-04-2022","Hyderabad","A2 Ghee","1","0","0"
"20-04-2022","Hyderabad","Buffalo Milk 1L","42","0","8"
"20-04-2022","Hyderabad","Paneer 200g Cows Milk","4","0","0"
"20-04-2022","Hyderabad","A2 Value Pack 1L","68","0","2"
"20-04-2022","Hyderabad","Buffalo Ghee 500ml","1","0","0"
"20-04-2022","Hyderabad","A2 Gir Cow Paneer 200g","1","0","0"
"20-04-2022","Hyderabad","New A2 Value Pack 500ml","27","0","2"
"20-04-2022","Hyderabad","Buffalo Milk Value Pack 500ml","20","0","0"
"20-04-2022","Hyderabad","Tender Coconut","1","0","0"
"20-04-2022","Hyderabad","Dahi","2","0","0"
"20-04-2023","Hyderabad","Past Milk 1L","13","1","0"
"20-04-2023","Hyderabad","Raw Milk 1L","16","1","0"
"20-04-2023","Hyderabad","Ghee 500ml","1","0","0"
"20-04-2023","Hyderabad","A2 1L","68","9","0"
"20-04-2023","Hyderabad","Curd Culture","1","0","0"
"20-04-2023","Hyderabad","A2 Ghee","1","0","0"
"20-04-2023","Hyderabad","Buffalo Milk 1L","61","4","0"
"20-04-2023","Hyderabad","Paneer 200g Cows Milk","6","0","0"
"20-04-2023","Hyderabad","A2 Value Pack 1L","289","5","1"
"20-04-2023","Hyderabad","Buffalo Ghee 500ml","2","0","0"
"20-04-2023","Hyderabad","Kharwas 120g","1","0","0"
"20-04-2023","Hyderabad","A2 Gir Cow Paneer 200g","1","0","0"
"20-04-2023","Hyderabad","New A2 Value Pack 500ml","107","1","0"
"20-04-2023","Hyderabad","Insulated Door Bag","1","0","0"
"20-04-2023","Hyderabad","Buffalo Milk Value Pack 500ml","67","5","0"
"20-04-2023","Hyderabad","Dahi","12","0","0"
"20-04-2023","Hyderabad","Past Milk Value Pack 1L","17","0","0"
"20-04-2023","Hyderabad","Raw Value Pack 1L","36","0","0"
"20-04-2023","Hyderabad","Buffalo Value Pack 1L","165","7","0"
"20-04-2023","Hyderabad","Lactose Free Milk 0.5L","7","0","0"
"20-04-2023","Hyderabad","Past Milk Value Pack 0.5L","6","0","0"
"20-04-2023","Hyderabad","Raw Milk Value Pack 0.5L","15","0","0"
"20-05-2020","Hyderabad","Past Milk 1L","1","0","0"
"20-05-2021","Hyderabad","A2 1L","1","0","0"
"20-05-2021","Hyderabad","A2 Value Pack 1L","1","0","0"
"20-05-2022","Hyderabad","Past Milk 1L","17","0","0"
"20-05-2022","Hyderabad","Raw Milk 1L","18","0","2"
"20-05-2022","Hyderabad","Past Milk 0.5L","1","0","0"
"20-05-2022","Hyderabad","A2 1L","54","0","3"
"20-05-2022","Hyderabad","A2 Ghee","1","0","0"
"20-05-2022","Hyderabad","Buffalo Milk 1L","40","2","6"
"20-05-2022","Hyderabad","Paneer 200g Cows Milk","1","0","0"
"20-05-2022","Hyderabad","A2 Value Pack 1L","87","0","0"
"20-05-2022","Hyderabad","Buffalo Ghee 500ml","1","0","0"
"20-05-2022","Hyderabad","A2 Gir Cow Paneer 200g","2","0","0"
"20-05-2022","Hyderabad","New A2 Value Pack 500ml","29","1","1"
"20-05-2022","Hyderabad","Buffalo Milk Value Pack 500ml","20","0","3"
"20-05-2022","Hyderabad","Dahi","6","0","0"
"20-05-2023","Hyderabad","Past Milk 1L","17","0","0"
"20-05-2023","Hyderabad","Raw Milk 1L","18","0","0"
"20-05-2023","Hyderabad","Ghee 500ml","1","0","0"
"20-05-2023","Hyderabad","A2 1L","64","4","0"
"20-05-2023","Hyderabad","Curd Culture","1","0","0"
"20-05-2023","Hyderabad","A2 Ghee","1","0","0"
"20-05-2023","Hyderabad","Buffalo Milk 1L","43","2","0"
"20-05-2023","Hyderabad","Paneer 200g Cows Milk","4","0","0"
"20-05-2023","Hyderabad","A2 Value Pack 1L","266","13","1"
"20-05-2023","Hyderabad","Buffalo Ghee 500ml","1","0","0"
"20-05-2023","Hyderabad","Kharwas 120g","12","0","0"
"20-05-2023","Hyderabad","A2 Gir Cow Paneer 200g","3","0","0"
"20-05-2023","Hyderabad","New A2 Value Pack 500ml","110","4","0"
"20-05-2023","Hyderabad","Buffalo Milk Value Pack 500ml","79","10","3"
"20-05-2023","Hyderabad","Dahi","13","0","0"
"20-05-2023","Hyderabad","Past Milk Value Pack 1L","11","1","0"
"20-05-2023","Hyderabad","Raw Value Pack 1L","39","4","0"
"20-05-2023","Hyderabad","Buffalo Value Pack 1L","162","20","4"
"20-05-2023","Hyderabad","Lactose Free Milk 0.5L","8","0","0"
"20-05-2023","Hyderabad","Past Milk Value Pack 0.5L","15","1","0"
"20-05-2023","Hyderabad","Raw Milk Value Pack 0.5L","10","2","0"
"20-06-2020","Hyderabad","Past Milk 1L","3","0","0"
"20-06-2020","Hyderabad","A2 1L","1","0","0"
"20-06-2021","Hyderabad","A2 1L","1","0","0"
"20-06-2021","Hyderabad","A2 Value Pack 1L","1","0","0"
"20-06-2022","Hyderabad","Past Milk 1L","19","0","0"
"20-06-2022","Hyderabad","Raw Milk 1L","19","0","0"
"20-06-2022","Hyderabad","Past Milk 0.5L","3","0","0"
"20-06-2022","Hyderabad","Ghee 500ml","1","0","0"
"20-06-2022","Hyderabad","A2 1L","53","0","1"
"20-06-2022","Hyderabad","Curd Culture","1","0","0"
"20-06-2022","Hyderabad","A2 Ghee","1","0","0"
"20-06-2022","Hyderabad","Buffalo Milk 1L","72","3","0"
"20-06-2022","Hyderabad","Paneer 200g Cows Milk","3","0","0"
"20-06-2022","Hyderabad","A2 Value Pack 1L","138","1","0"
"20-06-2022","Hyderabad","A2 Gir Cow Paneer 200g","2","0","0"
"20-06-2022","Hyderabad","New A2 Value Pack 500ml","56","0","0"
"20-06-2022","Hyderabad","Buffalo Milk Value Pack 500ml","35","0","0"
"20-06-2022","Hyderabad","Dahi","4","0","0"
"20-06-2023","Hyderabad","Past Milk 1L","19","0","0"
"20-06-2023","Hyderabad","Raw Milk 1L","18","0","0"
"20-06-2023","Hyderabad","Ghee 500ml","2","0","0"
"20-06-2023","Hyderabad","A2 1L","60","6","3"
"20-06-2023","Hyderabad","Curd Culture","3","0","0"
"20-06-2023","Hyderabad","A2 Ghee","1","0","0"
"20-06-2023","Hyderabad","Buffalo Milk 1L","38","2","5"
"20-06-2023","Hyderabad","Paneer 200g Cows Milk","10","0","0"
"20-06-2023","Hyderabad","A2 Value Pack 1L","366","6","8"
"20-06-2023","Hyderabad","Buffalo Ghee 500ml","1","0","0"
"20-06-2023","Hyderabad","Kharwas 120g","6","0","0"
"20-06-2023","Hyderabad","A2 Gir Cow Paneer 200g","3","0","0"
"20-06-2023","Hyderabad","New A2 Value Pack 500ml","122","0","1"
"20-06-2023","Hyderabad","Insulated Door Bag","1","0","1"
"20-06-2023","Hyderabad","Buffalo Milk Value Pack 500ml","72","1","3"
"20-06-2023","Hyderabad","Dahi","17","0","0"
"20-06-2023","Hyderabad","Past Milk Value Pack 1L","17","0","0"
"20-06-2023","Hyderabad","Raw Value Pack 1L","36","0","1"
"20-06-2023","Hyderabad","Buffalo Value Pack 1L","183","8","10"
"20-06-2023","Hyderabad","Lactose Free Milk 0.5L","12","0","0"
"20-06-2023","Hyderabad","Past Milk Value Pack 0.5L","10","0","0"
"20-06-2023","Hyderabad","Raw Milk Value Pack 0.5L","16","0","0"
"20-07-2020","Hyderabad","Past Milk 1L","2","0","0"
"20-07-2020","Hyderabad","A2 1L","1","0","0"
"20-07-2021","Hyderabad","A2 1L","1","0","0"
"20-07-2021","Hyderabad","Buffalo Milk 1L","1","0","0"
"20-07-2021","Hyderabad","A2 Value Pack 1L","1","0","0"
"20-07-2022","Hyderabad","Past Milk 1L","19","0","0"
"20-07-2022","Hyderabad","Raw Milk 1L","17","0","1"
"20-07-2022","Hyderabad","A2 1L","45","0","0"
"20-07-2022","Hyderabad","Curd Culture","2","0","0"
"20-07-2022","Hyderabad","A2 Ghee","3","0","0"
"20-07-2022","Hyderabad","Buffalo Milk 1L","65","0","0"
"20-07-2022","Hyderabad","Paneer 200g Cows Milk","3","0","0"
"20-07-2022","Hyderabad","A2 Value Pack 1L","143","0","0"
"20-07-2022","Hyderabad","Buffalo Ghee 500ml","1","0","0"
"20-07-2022","Hyderabad","Kharwas 120g","1","0","0"
"20-07-2022","Hyderabad","A2 Gir Cow Paneer 200g","1","0","0"
"20-07-2022","Hyderabad","New A2 Value Pack 500ml","61","0","0"
"20-07-2022","Hyderabad","Insulated Door Bag","1","0","0"
"20-07-2022","Hyderabad","Buffalo Milk Value Pack 500ml","31","0","0"
"20-07-2022","Hyderabad","Dahi","4","0","0"
"20-07-2022","Hyderabad","Past Milk Value Pack 1L","8","0","0"
"20-07-2022","Hyderabad","Raw Value Pack 1L","12","0","0"
"20-07-2022","Hyderabad","Buffalo Value Pack 1L","3","0","0"
"20-07-2022","Hyderabad","Lactose Free Milk 0.5L","2","0","0"
"20-07-2023","Hyderabad","Past Milk 1L","17","0","0"
"20-07-2023","Hyderabad","Raw Milk 1L","15","0","0"
"20-07-2023","Hyderabad","Ghee 500ml","3","0","0"
"20-07-2023","Hyderabad","A2 1L","66","0","0"
"20-07-2023","Hyderabad","Curd Culture","2","0","0"
"20-07-2023","Hyderabad","A2 Ghee","7","0","0"
"20-07-2023","Hyderabad","Buffalo Milk 1L","33","0","0"
"20-07-2023","Hyderabad","Paneer 200g Cows Milk","9","0","0"
"20-07-2023","Hyderabad","A2 Value Pack 1L","432","0","0"
"20-07-2023","Hyderabad","Buffalo Ghee 500ml","3","0","0"
"20-07-2023","Hyderabad","Kharwas 120g","8","0","0"
"20-07-2023","Hyderabad","A2 Gir Cow Paneer 200g","2","0","0"
"20-07-2023","Hyderabad","New A2 Value Pack 500ml","155","0","1"
"20-07-2023","Hyderabad","Insulated Door Bag","1","0","0"
"20-07-2023","Hyderabad","Buffalo Milk Value Pack 500ml","84","0","0"
"20-07-2023","Hyderabad","Dahi","16","0","0"
"20-07-2023","Hyderabad","Past Milk Value Pack 1L","13","0","0"
"20-07-2023","Hyderabad","Raw Value Pack 1L","56","1","0"
"20-07-2023","Hyderabad","Buffalo Value Pack 1L","200","1","2"
"20-07-2023","Hyderabad","Lactose Free Milk 0.5L","12","0","0"
"20-07-2023","Hyderabad","Past Milk Value Pack 0.5L","7","0","0"
"20-07-2023","Hyderabad","Raw Milk Value Pack 0.5L","16","0","1"
"20-08-2020","Hyderabad","Past Milk 1L","2","0","0"
"20-08-2020","Hyderabad","A2 Value Pack 1L","1","0","0"
"20-08-2021","Hyderabad","A2 1L","1","0","0"
"20-08-2021","Hyderabad","A2 Value Pack 1L","2","0","0"
"20-08-2022","Hyderabad","Past Milk 1L","16","0","0"
"20-08-2022","Hyderabad","Raw Milk 1L","10","0","0"
"20-08-2022","Hyderabad","A2 1L","45","2","2"
"20-08-2022","Hyderabad","A2 Ghee","1","0","0"
"20-08-2022","Hyderabad","Buffalo Milk 1L","37","0","3"
"20-08-2022","Hyderabad","A2 Value Pack 1L","103","1","0"
"20-08-2022","Hyderabad","Buffalo Ghee 500ml","1","0","0"
"20-08-2022","Hyderabad","Kharwas 120g","1","0","0"
"20-08-2022","Hyderabad","New A2 Value Pack 500ml","66","0","0"
"20-08-2022","Hyderabad","Buffalo Milk Value Pack 500ml","29","0","1"
"20-08-2022","Hyderabad","Dahi","6","0","0"
"20-08-2022","Hyderabad","Past Milk Value Pack 1L","8","0","0"
"20-08-2022","Hyderabad","Raw Value Pack 1L","12","0","0"
"20-08-2022","Hyderabad","Buffalo Value Pack 1L","18","0","0"
"20-08-2022","Hyderabad","Lactose Free Milk 0.5L","2","0","0"
"20-08-2023","Hyderabad","Past Milk 1L","22","0","0"
"20-08-2023","Hyderabad","Raw Milk 1L","18","0","0"
"20-08-2023","Hyderabad","A2 1L","56","0","0"
"20-08-2023","Hyderabad","Curd Culture","4","0","0"
"20-08-2023","Hyderabad","A2 Ghee","1","0","0"
"20-08-2023","Hyderabad","Buffalo Milk 1L","47","1","0"
"20-08-2023","Hyderabad","Paneer 200g Cows Milk","13","0","0"
"20-08-2023","Hyderabad","A2 Value Pack 1L","418","3","2"
"20-08-2023","Hyderabad","Buffalo Ghee 500ml","2","0","0"
"20-08-2023","Hyderabad","Kharwas 120g","8","0","0"
"20-08-2023","Hyderabad","A2 Gir Cow Paneer 200g","6","0","0"
"20-08-2023","Hyderabad","New A2 Value Pack 500ml","144","0","2"
"20-08-2023","Hyderabad","Insulated Door Bag","2","0","0"
"20-08-2023","Hyderabad","Buffalo Milk Value Pack 500ml","95","0","0"
"20-08-2023","Hyderabad","Dahi","13","0","0"
"20-08-2023","Hyderabad","Past Milk Value Pack 1L","18","0","0"
"20-08-2023","Hyderabad","Raw Value Pack 1L","69","0","1"
"20-08-2023","Hyderabad","Buffalo Value Pack 1L","213","2","9"
"20-08-2023","Hyderabad","Lactose Free Milk 0.5L","13","0","0"
"20-08-2023","Hyderabad","Past Milk Value Pack 0.5L","11","0","1"
"20-08-2023","Hyderabad","Raw Milk Value Pack 0.5L","23","0","2"
"20-09-2020","Hyderabad","Past Milk 1L","1","0","0"
"20-09-2020","Hyderabad","A2 1L","1","0","0"
"20-09-2021","Hyderabad","A2 1L","1","0","0"
"20-09-2021","Hyderabad","A2 Value Pack 1L","1","0","0"
"20-09-2022","Hyderabad","Past Milk 1L","18","0","0"
"20-09-2022","Hyderabad","Raw Milk 1L","17","0","2"
"20-09-2022","Hyderabad","Ghee 500ml","1","0","0"
"20-09-2022","Hyderabad","A2 1L","51","0","5"
"20-09-2022","Hyderabad","Curd Culture","1","0","0"
"20-09-2022","Hyderabad","A2 Ghee","1","0","0"
"20-09-2022","Hyderabad","Buffalo Milk 1L","62","0","4"
"20-09-2022","Hyderabad","Paneer 200g Cows Milk","5","0","0"
"20-09-2022","Hyderabad","A2 Value Pack 1L","149","0","1"
"20-09-2022","Hyderabad","Kharwas 120g","6","0","0"
"20-09-2022","Hyderabad","A2 Gir Cow Paneer 200g","2","0","0"
"20-09-2022","Hyderabad","New A2 Value Pack 500ml","97","0","0"
"20-09-2022","Hyderabad","Buffalo Milk Value Pack 500ml","27","0","0"
"20-09-2022","Hyderabad","Dahi","4","0","0"
"20-09-2022","Hyderabad","Past Milk Value Pack 1L","8","0","0"
"20-09-2022","Hyderabad","Raw Value Pack 1L","19","0","1"
"20-09-2022","Hyderabad","Buffalo Value Pack 1L","12","0","0"
"20-09-2022","Hyderabad","Lactose Free Milk 0.5L","4","0","0"
"20-09-2023","Hyderabad","Past Milk 1L","21","0","0"
"20-09-2023","Hyderabad","Raw Milk 1L","17","0","1"
"20-09-2023","Hyderabad","Ghee 500ml","5","0","0"
"20-09-2023","Hyderabad","A2 1L","62","0","1"
"20-09-2023","Hyderabad","Curd Culture","2","0","0"
"20-09-2023","Hyderabad","A2 Ghee","3","0","0"
"20-09-2023","Hyderabad","Buffalo Milk 1L","60","0","0"
"20-09-2023","Hyderabad","Paneer 200g Cows Milk","11","0","0"
"20-09-2023","Hyderabad","A2 Value Pack 1L","494","3","1"
"20-09-2023","Hyderabad","Buffalo Ghee 500ml","1","0","0"
"20-09-2023","Hyderabad","Kharwas 120g","1","0","0"
"20-09-2023","Hyderabad","A2 Gir Cow Paneer 200g","3","0","0"
"20-09-2023","Hyderabad","New A2 Value Pack 500ml","162","0","0"
"20-09-2023","Hyderabad","Buffalo Milk Value Pack 500ml","135","0","2"
"20-09-2023","Hyderabad","Dahi","19","0","0"
"20-09-2023","Hyderabad","Past Milk Value Pack 1L","24","0","0"
"20-09-2023","Hyderabad","Raw Value Pack 1L","60","0","0"
"20-09-2023","Hyderabad","Buffalo Value Pack 1L","248","2","0"
"20-09-2023","Hyderabad","Lactose Free Milk 0.5L","8","0","0"
"20-09-2023","Hyderabad","Past Milk Value Pack 0.5L","15","0","0"
"20-09-2023","Hyderabad","Raw Milk Value Pack 0.5L","23","0","0"
"20-10-2020","Hyderabad","Past Milk 1L","1","0","0"
"20-10-2020","Hyderabad","Curd Culture","1","0","0"
"20-10-2020","Hyderabad","A2 Value Pack 1L","1","0","0"
"20-10-2021","Hyderabad","Past Milk 1L","1","0","0"
"20-10-2021","Hyderabad","A2 1L","1","0","0"
"20-10-2021","Hyderabad","A2 Value Pack 1L","1","0","0"
"20-10-2022","Hyderabad","Past Milk 1L","23","0","1"
"20-10-2022","Hyderabad","Raw Milk 1L","14","0","1"
"20-10-2022","Hyderabad","Ghee 500ml","1","0","0"
"20-10-2022","Hyderabad","A2 1L","45","0","3"
"20-10-2022","Hyderabad","Curd Culture","1","0","0"
"20-10-2022","Hyderabad","A2 Ghee","1","0","0"
"20-10-2022","Hyderabad","Buffalo Milk 1L","60","0","2"
"20-10-2022","Hyderabad","A2 Value Pack 1L","149","0","0"
"20-10-2022","Hyderabad","Buffalo Ghee 500ml","1","0","0"
"20-10-2022","Hyderabad","Kharwas 120g","2","0","0"
"20-10-2022","Hyderabad","New A2 Value Pack 500ml","86","0","0"
"20-10-2022","Hyderabad","Buffalo Milk Value Pack 500ml","39","0","0"
"20-10-2022","Hyderabad","Dahi","7","0","0"
"20-10-2022","Hyderabad","Past Milk Value Pack 1L","8","0","0"
"20-10-2022","Hyderabad","Raw Value Pack 1L","18","1","0"
"20-10-2022","Hyderabad","Buffalo Value Pack 1L","28","0","2"
"20-10-2022","Hyderabad","Lactose Free Milk 0.5L","6","0","0"
"20-10-2022","Hyderabad","Raw Milk Value Pack 0.5L","2","0","0"
"20-10-2023","Hyderabad","Past Milk 1L","16","0","0"
"20-10-2023","Hyderabad","Raw Milk 1L","13","0","1"
"20-10-2023","Hyderabad","Ghee 500ml","1","0","0"
"20-10-2023","Hyderabad","A2 1L","60","1","0"
"20-10-2023","Hyderabad","Curd Culture","3","0","0"
"20-10-2023","Hyderabad","A2 Ghee","1","0","0"
"20-10-2023","Hyderabad","Buffalo Milk 1L","37","0","1"
"20-10-2023","Hyderabad","Paneer 200g Cows Milk","9","0","0"
"20-10-2023","Hyderabad","A2 Value Pack 1L","418","1","5"
"20-10-2023","Hyderabad","Kharwas 120g","10","0","0"
"20-10-2023","Hyderabad","A2 Gir Cow Paneer 200g","1","0","0"
"20-10-2023","Hyderabad","New A2 Value Pack 500ml","154","0","0"
"20-10-2023","Hyderabad","Buffalo Milk Value Pack 500ml","115","0","1"
"20-10-2023","Hyderabad","Dahi","14","0","0"
"20-10-2023","Hyderabad","Past Milk Value Pack 1L","18","0","0"
"20-10-2023","Hyderabad","Raw Value Pack 1L","36","0","0"
"20-10-2023","Hyderabad","Buffalo Value Pack 1L","228","1","3"
"20-10-2023","Hyderabad","Lactose Free Milk 0.5L","7","0","0"
"20-10-2023","Hyderabad","Past Milk Value Pack 0.5L","16","0","0"
"20-10-2023","Hyderabad","Raw Milk Value Pack 0.5L","24","0","0"
"20-11-2020","Hyderabad","Past Milk 1L","1","0","0"
"20-11-2020","Hyderabad","A2 1L","1","0","0"
"20-11-2020","Hyderabad","A2 Value Pack 1L","1","0","0"
"20-11-2021","Hyderabad","Past Milk 1L","1","0","0"
"20-11-2021","Hyderabad","Raw Milk 1L","1","0","0"
"20-11-2021","Hyderabad","A2 Value Pack 1L","2","0","0"
"20-11-2022","Hyderabad","Past Milk 1L","16","0","1"
"20-11-2022","Hyderabad","Raw Milk 1L","17","0","2"
"20-11-2022","Hyderabad","Ghee 500ml","2","0","0"
"20-11-2022","Hyderabad","A2 1L","47","1","4"
"20-11-2022","Hyderabad","Curd Culture","1","0","0"
"20-11-2022","Hyderabad","A2 Ghee","1","0","0"
"20-11-2022","Hyderabad","Buffalo Milk 1L","68","0","8"
"20-11-2022","Hyderabad","Paneer 200g Cows Milk","4","0","0"
"20-11-2022","Hyderabad","A2 Value Pack 1L","160","0","0"
"20-11-2022","Hyderabad","Buffalo Ghee 500ml","2","0","0"
"20-11-2022","Hyderabad","New A2 Value Pack 500ml","89","0","1"
"20-11-2022","Hyderabad","Buffalo Milk Value Pack 500ml","48","0","1"
"20-11-2022","Hyderabad","Dahi","3","0","0"
"20-11-2022","Hyderabad","Past Milk Value Pack 1L","14","0","0"
"20-11-2022","Hyderabad","Raw Value Pack 1L","26","0","1"
"20-11-2022","Hyderabad","Buffalo Value Pack 1L","25","0","1"
"20-11-2022","Hyderabad","Lactose Free Milk 0.5L","11","0","0"
"20-11-2022","Hyderabad","Raw Milk Value Pack 0.5L","2","0","1"
"20-11-2023","Hyderabad","Past Milk 1L","14","0","0"
"20-11-2023","Hyderabad","Raw Milk 1L","8","0","0"
"20-11-2023","Hyderabad","Ghee 500ml","4","0","0"
"20-11-2023","Hyderabad","A2 1L","66","0","0"
"20-11-2023","Hyderabad","Curd Culture","1","0","0"
"20-11-2023","Hyderabad","A2 Ghee","6","0","0"
"20-11-2023","Hyderabad","Buffalo Milk 1L","45","0","0"
"20-11-2023","Hyderabad","Paneer 200g Cows Milk","5","0","0"
"20-11-2023","Hyderabad","A2 Value Pack 1L","492","0","0"
"20-11-2023","Hyderabad","Buffalo Ghee 500ml","1","0","0"
"20-11-2023","Hyderabad","Kharwas 120g","3","0","0"
"20-11-2023","Hyderabad","A2 Gir Cow Paneer 200g","1","0","0"
"20-11-2023","Hyderabad","New A2 Value Pack 500ml","177","0","0"
"20-11-2023","Hyderabad","Buffalo Milk Value Pack 500ml","145","0","0"
"20-11-2023","Hyderabad","Dahi","10","0","0"
"20-11-2023","Hyderabad","Past Milk Value Pack 1L","18","0","0"
"20-11-2023","Hyderabad","Raw Value Pack 1L","55","0","0"
"20-11-2023","Hyderabad","Buffalo Value Pack 1L","299","1","1"
"20-11-2023","Hyderabad","Lactose Free Milk 0.5L","11","0","0"
"20-11-2023","Hyderabad","Past Milk Value Pack 0.5L","12","0","0"
"20-11-2023","Hyderabad","Raw Milk Value Pack 0.5L","26","0","0"
"20-12-2020","Hyderabad","Buffalo Milk 1L","1","0","0"
"20-12-2020","Hyderabad","A2 Value Pack 1L","2","0","0"
"20-12-2021","Hyderabad","A2 Value Pack 1L","2","0","0"
"20-12-2022","Hyderabad","Past Milk 1L","23","0","0"
"20-12-2022","Hyderabad","Raw Milk 1L","11","0","0"
"20-12-2022","Hyderabad","A2 1L","56","0","1"
"20-12-2022","Hyderabad","Buffalo Milk 1L","48","0","6"
"20-12-2022","Hyderabad","Paneer 200g Cows Milk","3","0","0"
"20-12-2022","Hyderabad","A2 Value Pack 1L","207","0","0"
"20-12-2022","Hyderabad","Kharwas 120g","1","0","0"
"20-12-2022","Hyderabad","A2 Gir Cow Paneer 200g","6","0","0"
"20-12-2022","Hyderabad","New A2 Value Pack 500ml","85","0","2"
"20-12-2022","Hyderabad","Insulated Door Bag","1","0","0"
"20-12-2022","Hyderabad","Buffalo Milk Value Pack 500ml","37","0","2"
"20-12-2022","Hyderabad","Dahi","17","0","0"
"20-12-2022","Hyderabad","Past Milk Value Pack 1L","13","0","0"
"20-12-2022","Hyderabad","Raw Value Pack 1L","17","0","2"
"20-12-2022","Hyderabad","Buffalo Value Pack 1L","53","0","6"
"20-12-2022","Hyderabad","Lactose Free Milk 0.5L","4","0","0"
"20-12-2022","Hyderabad","Raw Milk Value Pack 0.5L","7","0","0"
"20-12-2023","Hyderabad","Past Milk 1L","18","0","0"
"20-12-2023","Hyderabad","Raw Milk 1L","9","1","0"
"20-12-2023","Hyderabad","Ghee 500ml","7","0","0"
"20-12-2023","Hyderabad","A2 1L","57","0","1"
"20-12-2023","Hyderabad","Curd Culture","1","0","0"
"20-12-2023","Hyderabad","A2 Ghee","3","0","0"
"20-12-2023","Hyderabad","Buffalo Milk 1L","40","1","4"
"20-12-2023","Hyderabad","Paneer 200g Cows Milk","12","0","0"
"20-12-2023","Hyderabad","A2 Value Pack 1L","562","1","4"
"20-12-2023","Hyderabad","Buffalo Ghee 500ml","1","0","0"
"20-12-2023","Hyderabad","Kharwas 120g","9","0","0"
"20-12-2023","Hyderabad","A2 Gir Cow Paneer 200g","1","0","0"
"20-12-2023","Hyderabad","New A2 Value Pack 500ml","170","0","0"
"20-12-2023","Hyderabad","Insulated Door Bag","1","0","0"
"20-12-2023","Hyderabad","Buffalo Milk Value Pack 500ml","148","2","1"
"20-12-2023","Hyderabad","Dahi","14","0","0"
"20-12-2023","Hyderabad","Past Milk Value Pack 1L","22","0","1"
"20-12-2023","Hyderabad","Raw Value Pack 1L","62","2","1"
"20-12-2023","Hyderabad","Buffalo Value Pack 1L","339","1","12"
"20-12-2023","Hyderabad","Lactose Free Milk 0.5L","11","1","0"
"20-12-2023","Hyderabad","Past Milk Value Pack 0.5L","20","0","0"
"20-12-2023","Hyderabad","Raw Milk Value Pack 0.5L","16","0","0"
"21-01-2020","Hyderabad","Past Milk 1L","1","0","0"
"21-01-2020","Hyderabad","Raw Milk 1L","1","0","0"
"21-01-2020","Hyderabad","A2 1L","1","0","0"
"21-01-2020","Hyderabad","A2 Value Pack 1L","1","0","0"
"21-01-2021","Hyderabad","Buffalo Milk 1L","1","0","0"
"21-01-2021","Hyderabad","A2 Value Pack 1L","1","0","0"
"21-01-2022","Hyderabad","Past Milk 0.5L","1","0","0"
"21-01-2022","Hyderabad","A2 1L","3","0","3"
"21-01-2022","Hyderabad","Buffalo Milk 1L","0","0","3"
"21-01-2022","Hyderabad","A2 Value Pack 1L","6","0","0"
"21-01-2022","Hyderabad","New A2 Value Pack 500ml","1","0","0"
"21-01-2023","Hyderabad","Past Milk 1L","18","0","0"
"21-01-2023","Hyderabad","Raw Milk 1L","22","0","0"
"21-01-2023","Hyderabad","A2 1L","71","2","1"
"21-01-2023","Hyderabad","Curd Culture","3","0","0"
"21-01-2023","Hyderabad","A2 Ghee","4","0","0"
"21-01-2023","Hyderabad","Buffalo Milk 1L","51","1","0"
"21-01-2023","Hyderabad","Paneer 200g Cows Milk","5","0","0"
"21-01-2023","Hyderabad","A2 Value Pack 1L","224","0","1"
"21-01-2023","Hyderabad","Buffalo Ghee 500ml","3","0","0"
"21-01-2023","Hyderabad","Kharwas 120g","11","0","0"
"21-01-2023","Hyderabad","A2 Gir Cow Paneer 200g","1","0","0"
"21-01-2023","Hyderabad","New A2 Value Pack 500ml","89","0","0"
"21-01-2023","Hyderabad","Insulated Door Bag","1","0","0"
"21-01-2023","Hyderabad","Buffalo Milk Value Pack 500ml","52","0","0"
"21-01-2023","Hyderabad","Dahi","14","0","0"
"21-01-2023","Hyderabad","Past Milk Value Pack 1L","14","0","0"
"21-01-2023","Hyderabad","Raw Value Pack 1L","31","0","0"
"21-01-2023","Hyderabad","Buffalo Value Pack 1L","89","0","5"
"21-01-2023","Hyderabad","Lactose Free Milk 0.5L","7","0","0"
"21-01-2023","Hyderabad","Past Milk Value Pack 0.5L","4","0","0"
"21-01-2023","Hyderabad","Raw Milk Value Pack 0.5L","6","0","0"
"21-01-2024","Hyderabad","Past Milk 1L","18","0","0"
"21-01-2024","Hyderabad","Raw Milk 1L","14","0","1"
"21-01-2024","Hyderabad","Ghee 500ml","2","0","0"
"21-01-2024","Hyderabad","A2 1L","55","0","2"
"21-01-2024","Hyderabad","Curd Culture","4","0","0"
"21-01-2024","Hyderabad","A2 Ghee","2","0","0"
"21-01-2024","Hyderabad","Buffalo Milk 1L","37","0","4"
"21-01-2024","Hyderabad","Paneer 200g Cows Milk","11","0","0"
"21-01-2024","Hyderabad","A2 Value Pack 1L","504","0","1"
"21-01-2024","Hyderabad","Buffalo Ghee 500ml","8","0","0"
"21-01-2024","Hyderabad","Kharwas 120g","7","0","0"
"21-01-2024","Hyderabad","A2 Gir Cow Paneer 200g","1","0","0"
"21-01-2024","Hyderabad","New A2 Value Pack 500ml","182","0","0"
"21-01-2024","Hyderabad","Buffalo Milk Value Pack 500ml","133","0","0"
"21-01-2024","Hyderabad","Dahi","17","0","0"
"21-01-2024","Hyderabad","Past Milk Value Pack 1L","24","0","0"
"21-01-2024","Hyderabad","Raw Value Pack 1L","65","0","1"
"21-01-2024","Hyderabad","Buffalo Value Pack 1L","301","1","2"
"21-01-2024","Hyderabad","Lactose Free Milk 0.5L","7","0","0"
"21-01-2024","Hyderabad","Past Milk Value Pack 0.5L","18","0","0"
"21-01-2024","Hyderabad","Raw Milk Value Pack 0.5L","20","0","0"
"21-02-2020","Hyderabad","Past Milk 1L","2","0","0"
"21-02-2020","Hyderabad","A2 1L","1","0","0"
"21-02-2020","Hyderabad","A2 Value Pack 1L","1","0","0"
"21-02-2021","Hyderabad","Buffalo Milk 1L","2","0","0"
"21-02-2021","Hyderabad","A2 Value Pack 1L","1","0","0"
"21-02-2022","Hyderabad","Past Milk 1L","4","0","0"
"21-02-2022","Hyderabad","Raw Milk 1L","5","0","1"
"21-02-2022","Hyderabad","Past Milk 0.5L","4","0","0"
"21-02-2022","Hyderabad","A2 1L","15","0","0"
"21-02-2022","Hyderabad","Buffalo Milk 1L","13","0","0"
"21-02-2022","Hyderabad","A2 Value Pack 1L","28","0","0"
"21-02-2022","Hyderabad","A2 Gir Cow Paneer 200g","3","0","0"
"21-02-2022","Hyderabad","New A2 Value Pack 500ml","20","0","0"
"21-02-2022","Hyderabad","Buffalo Milk Value Pack 500ml","5","0","0"
"21-02-2023","Hyderabad","Past Milk 1L","22","0","0"
"21-02-2023","Hyderabad","Raw Milk 1L","20","1","0"
"21-02-2023","Hyderabad","Ghee 500ml","1","0","0"
"21-02-2023","Hyderabad","A2 1L","59","0","0"
"21-02-2023","Hyderabad","Curd Culture","2","0","0"
"21-02-2023","Hyderabad","A2 Ghee","2","0","0"
"21-02-2023","Hyderabad","Buffalo Milk 1L","56","1","2"
"21-02-2023","Hyderabad","Paneer 200g Cows Milk","5","0","0"
"21-02-2023","Hyderabad","A2 Value Pack 1L","261","0","3"
"21-02-2023","Hyderabad","Kharwas 120g","4","0","0"
"21-02-2023","Hyderabad","New A2 Value Pack 500ml","112","0","0"
"21-02-2023","Hyderabad","Buffalo Milk Value Pack 500ml","60","0","0"
"21-02-2023","Hyderabad","Dahi","13","0","0"
"21-02-2023","Hyderabad","Past Milk Value Pack 1L","15","0","0"
"21-02-2023","Hyderabad","Raw Value Pack 1L","31","1","2"
"21-02-2023","Hyderabad","Buffalo Value Pack 1L","119","0","9"
"21-02-2023","Hyderabad","Lactose Free Milk 0.5L","10","0","0"
"21-02-2023","Hyderabad","Past Milk Value Pack 0.5L","9","0","1"
"21-02-2023","Hyderabad","Raw Milk Value Pack 0.5L","16","0","0"
"21-02-2024","Hyderabad","Past Milk 1L","23","0","0"
"21-02-2024","Hyderabad","Raw Milk 1L","13","0","2"
"21-02-2024","Hyderabad","Ghee 500ml","1","0","0"
"21-02-2024","Hyderabad","A2 1L","68","0","5"
"21-02-2024","Hyderabad","Curd Culture","5","0","0"
"21-02-2024","Hyderabad","A2 Ghee","2","0","0"
"21-02-2024","Hyderabad","Buffalo Milk 1L","49","0","8"
"21-02-2024","Hyderabad","Paneer 200g Cows Milk","11","0","0"
"21-02-2024","Hyderabad","A2 Value Pack 1L","568","1","0"
"21-02-2024","Hyderabad","Buffalo Ghee 500ml","2","1","0"
"21-02-2024","Hyderabad","Kharwas 120g","10","0","0"
"21-02-2024","Hyderabad","New A2 Value Pack 500ml","227","0","1"
"21-02-2024","Hyderabad","Insulated Door Bag","2","0","0"
"21-02-2024","Hyderabad","Buffalo Milk Value Pack 500ml","161","0","1"
"21-02-2024","Hyderabad","Dahi","9","0","0"
"21-02-2024","Hyderabad","Past Milk Value Pack 1L","18","0","0"
"21-02-2024","Hyderabad","Raw Value Pack 1L","64","0","1"
"21-02-2024","Hyderabad","Buffalo Value Pack 1L","357","1","0"
"21-02-2024","Hyderabad","Lactose Free Milk 0.5L","9","0","1"
"21-02-2024","Hyderabad","Past Milk Value Pack 0.5L","20","0","0"
"21-02-2024","Hyderabad","Raw Milk Value Pack 0.5L","24","0","1"
"21-03-2020","Hyderabad","Past Milk 1L","3","0","0"
"21-03-2020","Hyderabad","A2 1L","1","0","0"
"21-03-2020","Hyderabad","A2 Value Pack 1L","1","0","0"
"21-03-2021","Hyderabad","A2 1L","1","0","0"
"21-03-2021","Hyderabad","A2 Value Pack 1L","2","0","0"
"21-03-2022","Hyderabad","Past Milk 1L","12","0","0"
"21-03-2022","Hyderabad","Raw Milk 1L","12","0","0"
"21-03-2022","Hyderabad","Past Milk 0.5L","2","0","0"
"21-03-2022","Hyderabad","A2 1L","19","0","0"
"21-03-2022","Hyderabad","Buffalo Milk 1L","36","0","1"
"21-03-2022","Hyderabad","Paneer 200g Cows Milk","2","0","0"
"21-03-2022","Hyderabad","A2 Value Pack 1L","57","0","0"
"21-03-2022","Hyderabad","Buffalo Ghee 500ml","1","0","0"
"21-03-2022","Hyderabad","Kharwas 120g","1","0","0"
"21-03-2022","Hyderabad","A2 Gir Cow Paneer 200g","2","0","0"
"21-03-2022","Hyderabad","New A2 Value Pack 500ml","28","0","0"
"21-03-2022","Hyderabad","Insulated Door Bag","1","0","0"
"21-03-2022","Hyderabad","Buffalo Milk Value Pack 500ml","16","0","0"
"21-03-2022","Hyderabad","Dahi","2","0","0"
"21-03-2023","Hyderabad","Past Milk 1L","20","0","1"
"21-03-2023","Hyderabad","Raw Milk 1L","18","1","0"
"21-03-2023","Hyderabad","Ghee 500ml","1","0","0"
"21-03-2023","Hyderabad","A2 1L","67","5","4"
"21-03-2023","Hyderabad","Buffalo Milk 1L","47","2","7"
"21-03-2023","Hyderabad","Paneer 200g Cows Milk","5","0","0"
"21-03-2023","Hyderabad","A2 Value Pack 1L","273","0","3"
"21-03-2023","Hyderabad","A2 Gir Cow Paneer 200g","1","0","0"
"21-03-2023","Hyderabad","New A2 Value Pack 500ml","105","2","2"
"21-03-2023","Hyderabad","Buffalo Milk Value Pack 500ml","66","0","1"
"21-03-2023","Hyderabad","Dahi","11","0","0"
"21-03-2023","Hyderabad","Past Milk Value Pack 1L","18","0","1"
"21-03-2023","Hyderabad","Raw Value Pack 1L","33","0","4"
"21-03-2023","Hyderabad","Buffalo Value Pack 1L","131","0","4"
"21-03-2023","Hyderabad","Lactose Free Milk 0.5L","6","1","0"
"21-03-2023","Hyderabad","Past Milk Value Pack 0.5L","5","0","0"
"21-03-2023","Hyderabad","Raw Milk Value Pack 0.5L","20","0","0"
"21-03-2024","Hyderabad","Past Milk 1L","28","0","0"
"21-03-2024","Hyderabad","Raw Milk 1L","11","0","1"
"21-03-2024","Hyderabad","A2 1L","54","0","8"
"21-03-2024","Hyderabad","Curd Culture","6","0","0"
"21-03-2024","Hyderabad","A2 Ghee","2","0","0"
"21-03-2024","Hyderabad","Buffalo Milk 1L","42","1","8"
"21-03-2024","Hyderabad","Paneer 200g Cows Milk","8","0","0"
"21-03-2024","Hyderabad","A2 Value Pack 1L","587","0","1"
"21-03-2024","Hyderabad","Kharwas 120g","9","0","0"
"21-03-2024","Hyderabad","A2 Gir Cow Paneer 200g","3","0","0"
"21-03-2024","Hyderabad","New A2 Value Pack 500ml","203","0","2"
"21-03-2024","Hyderabad","Buffalo Milk Value Pack 500ml","173","0","1"
"21-03-2024","Hyderabad","Dahi","13","0","0"
"21-03-2024","Hyderabad","Past Milk Value Pack 1L","22","0","0"
"21-03-2024","Hyderabad","Raw Value Pack 1L","70","0","0"
"21-03-2024","Hyderabad","Buffalo Value Pack 1L","371","0","1"
"21-03-2024","Hyderabad","Lactose Free Milk 0.5L","14","0","1"
"21-03-2024","Hyderabad","Past Milk Value Pack 0.5L","16","0","0"
"21-03-2024","Hyderabad","Raw Milk Value Pack 0.5L","23","0","0"
"21-04-2020","Hyderabad","Past Milk 1L","2","0","0"
"21-04-2020","Hyderabad","A2 1L","1","0","0"
"21-04-2020","Hyderabad","Buffalo Milk 1L","1","0","0"
"21-04-2020","Hyderabad","A2 Value Pack 1L","1","0","0"
"21-04-2020","Hyderabad","New A2 Value Pack 500ml","1","0","0"
"21-04-2021","Hyderabad","Buffalo Milk 1L","1","0","0"
"21-04-2021","Hyderabad","A2 Value Pack 1L","1","0","0"
"21-04-2021","Hyderabad","Kharwas 120g","1","0","0"
"21-04-2022","Hyderabad","Past Milk 1L","15","0","0"
"21-04-2022","Hyderabad","Raw Milk 1L","16","0","1"
"21-04-2022","Hyderabad","Past Milk 0.5L","2","0","2"
"21-04-2022","Hyderabad","Ghee 500ml","2","0","0"
"21-04-2022","Hyderabad","A2 1L","45","0","7"
"21-04-2022","Hyderabad","Curd Culture","1","0","0"
"21-04-2022","Hyderabad","Buffalo Milk 1L","35","0","5"
"21-04-2022","Hyderabad","Paneer 200g Cows Milk","1","0","0"
"21-04-2022","Hyderabad","A2 Value Pack 1L","68","0","2"
"21-04-2022","Hyderabad","Kharwas 120g","10","0","0"
"21-04-2022","Hyderabad","A2 Gir Cow Paneer 200g","2","0","0"
"21-04-2022","Hyderabad","New A2 Value Pack 500ml","28","0","2"
"21-04-2022","Hyderabad","Insulated Door Bag","1","0","0"
"21-04-2022","Hyderabad","Buffalo Milk Value Pack 500ml","20","0","4"
"21-04-2022","Hyderabad","Tender Coconut","6","0","0"
"21-04-2022","Hyderabad","Dahi","16","0","0"
"21-04-2023","Hyderabad","Past Milk 1L","21","1","0"
"21-04-2023","Hyderabad","Raw Milk 1L","18","0","0"
"21-04-2023","Hyderabad","Ghee 500ml","1","0","0"
"21-04-2023","Hyderabad","A2 1L","52","9","1"
"21-04-2023","Hyderabad","Curd Culture","3","0","0"
"21-04-2023","Hyderabad","A2 Ghee","6","0","0"
"21-04-2023","Hyderabad","Buffalo Milk 1L","55","9","0"
"21-04-2023","Hyderabad","Paneer 200g Cows Milk","4","0","0"
"21-04-2023","Hyderabad","A2 Value Pack 1L","285","5","0"
"21-04-2023","Hyderabad","Kharwas 120g","5","0","0"
"21-04-2023","Hyderabad","A2 Gir Cow Paneer 200g","8","0","0"
"21-04-2023","Hyderabad","New A2 Value Pack 500ml","107","5","1"
"21-04-2023","Hyderabad","Buffalo Milk Value Pack 500ml","83","5","1"
"21-04-2023","Hyderabad","Dahi","11","0","0"
"21-04-2023","Hyderabad","Past Milk Value Pack 1L","21","0","0"
"21-04-2023","Hyderabad","Raw Value Pack 1L","45","0","0"
"21-04-2023","Hyderabad","Buffalo Value Pack 1L","167","9","0"
"21-04-2023","Hyderabad","Lactose Free Milk 0.5L","7","0","0"
"21-04-2023","Hyderabad","Past Milk Value Pack 0.5L","2","0","0"
"21-04-2023","Hyderabad","Raw Milk Value Pack 0.5L","17","0","1"
"21-05-2020","Hyderabad","Past Milk 1L","2","0","0"
"21-05-2020","Hyderabad","A2 1L","1","0","0"
"21-05-2020","Hyderabad","A2 Value Pack 1L","1","0","0"
"21-05-2021","Hyderabad","A2 1L","1","0","0"
"21-05-2021","Hyderabad","Buffalo Milk 1L","1","0","0"
"21-05-2021","Hyderabad","A2 Value Pack 1L","1","0","0"
"21-05-2022","Hyderabad","Past Milk 1L","13","0","1"
"21-05-2022","Hyderabad","Raw Milk 1L","14","0","0"
"21-05-2022","Hyderabad","Past Milk 0.5L","5","0","0"
"21-05-2022","Hyderabad","A2 1L","40","0","5"
"21-05-2022","Hyderabad","A2 Ghee","1","0","0"
"21-05-2022","Hyderabad","Buffalo Milk 1L","48","0","2"
"21-05-2022","Hyderabad","Paneer 200g Cows Milk","2","0","0"
"21-05-2022","Hyderabad","A2 Value Pack 1L","81","0","1"
"21-05-2022","Hyderabad","Buffalo Ghee 500ml","1","0","0"
"21-05-2022","Hyderabad","Kharwas 120g","1","0","0"
"21-05-2022","Hyderabad","A2 Gir Cow Paneer 200g","4","0","0"
"21-05-2022","Hyderabad","New A2 Value Pack 500ml","28","0","0"
"21-05-2022","Hyderabad","Buffalo Milk Value Pack 500ml","19","0","0"
"21-05-2022","Hyderabad","Dahi","1","0","0"
"21-05-2023","Hyderabad","Past Milk 1L","18","0","0"
"21-05-2023","Hyderabad","Raw Milk 1L","21","0","0"
"21-05-2023","Hyderabad","Ghee 500ml","2","0","0"
"21-05-2023","Hyderabad","A2 1L","57","9","0"
"21-05-2023","Hyderabad","Curd Culture","3","0","0"
"21-05-2023","Hyderabad","Buffalo Milk 1L","39","3","1"
"21-05-2023","Hyderabad","Paneer 200g Cows Milk","3","0","0"
"21-05-2023","Hyderabad","A2 Value Pack 1L","264","10","5"
"21-05-2023","Hyderabad","Kharwas 120g","6","0","0"
"21-05-2023","Hyderabad","A2 Gir Cow Paneer 200g","4","0","0"
"21-05-2023","Hyderabad","New A2 Value Pack 500ml","112","2","0"
"21-05-2023","Hyderabad","Insulated Door Bag","1","0","0"
"21-05-2023","Hyderabad","Buffalo Milk Value Pack 500ml","76","11","1"
"21-05-2023","Hyderabad","Dahi","14","0","0"
"21-05-2023","Hyderabad","Past Milk Value Pack 1L","21","0","0"
"21-05-2023","Hyderabad","Raw Value Pack 1L","36","5","1"
"21-05-2023","Hyderabad","Buffalo Value Pack 1L","165","20","4"
"21-05-2023","Hyderabad","Lactose Free Milk 0.5L","7","0","0"
"21-05-2023","Hyderabad","Past Milk Value Pack 0.5L","6","0","0"
"21-05-2023","Hyderabad","Raw Milk Value Pack 0.5L","7","2","0"
"21-06-2020","Hyderabad","Past Milk 1L","3","0","0"
"21-06-2020","Hyderabad","A2 Value Pack 1L","1","0","0"
"21-06-2021","Hyderabad","A2 1L","1","0","0"
"21-06-2021","Hyderabad","Buffalo Milk 1L","1","0","0"
"21-06-2021","Hyderabad","A2 Value Pack 1L","1","0","0"
"21-06-2022","Hyderabad","Past Milk 1L","19","0","0"
"21-06-2022","Hyderabad","Raw Milk 1L","21","0","0"
"21-06-2022","Hyderabad","Past Milk 0.5L","4","0","0"
"21-06-2022","Hyderabad","Ghee 500ml","3","0","0"
"21-06-2022","Hyderabad","A2 1L","48","0","0"
"21-06-2022","Hyderabad","A2 Ghee","1","0","0"
"21-06-2022","Hyderabad","Buffalo Milk 1L","78","4","1"
"21-06-2022","Hyderabad","Paneer 200g Cows Milk","5","0","0"
"21-06-2022","Hyderabad","A2 Value Pack 1L","124","0","1"
"21-06-2022","Hyderabad","Buffalo Ghee 500ml","1","0","0"
"21-06-2022","Hyderabad","A2 Gir Cow Paneer 200g","0","0","1"
"21-06-2022","Hyderabad","New A2 Value Pack 500ml","51","0","0"
"21-06-2022","Hyderabad","Buffalo Milk Value Pack 500ml","39","0","0"
"21-06-2022","Hyderabad","Dahi","4","0","0"
"21-06-2023","Hyderabad","Past Milk 1L","19","0","0"
"21-06-2023","Hyderabad","Raw Milk 1L","17","0","3"
"21-06-2023","Hyderabad","Ghee 500ml","1","0","0"
"21-06-2023","Hyderabad","A2 1L","73","2","4"
"21-06-2023","Hyderabad","Curd Culture","2","0","0"
"21-06-2023","Hyderabad","A2 Ghee","4","0","0"
"21-06-2023","Hyderabad","Buffalo Milk 1L","52","3","3"
"21-06-2023","Hyderabad","Paneer 200g Cows Milk","7","0","0"
"21-06-2023","Hyderabad","A2 Value Pack 1L","384","12","11"
"21-06-2023","Hyderabad","Buffalo Ghee 500ml","2","0","0"
"21-06-2023","Hyderabad","Kharwas 120g","3","0","0"
"21-06-2023","Hyderabad","New A2 Value Pack 500ml","141","3","0"
"21-06-2023","Hyderabad","Buffalo Milk Value Pack 500ml","79","0","0"
"21-06-2023","Hyderabad","Dahi","13","0","0"
"21-06-2023","Hyderabad","Past Milk Value Pack 1L","18","0","2"
"21-06-2023","Hyderabad","Raw Value Pack 1L","43","1","0"
"21-06-2023","Hyderabad","Buffalo Value Pack 1L","226","7","27"
"21-06-2023","Hyderabad","Lactose Free Milk 0.5L","10","0","0"
"21-06-2023","Hyderabad","Past Milk Value Pack 0.5L","14","0","0"
"21-06-2023","Hyderabad","Raw Milk Value Pack 0.5L","16","0","0"
"21-07-2020","Hyderabad","Past Milk 1L","2","0","0"
"21-07-2020","Hyderabad","A2 Value Pack 1L","1","0","0"
"21-07-2021","Hyderabad","A2 1L","1","0","0"
"21-07-2021","Hyderabad","A2 Value Pack 1L","1","0","0"
"21-07-2021","Hyderabad","Buffalo Milk Value Pack 500ml","1","0","0"
"21-07-2022","Hyderabad","Past Milk 1L","24","0","0"
"21-07-2022","Hyderabad","Raw Milk 1L","15","0","0"
"21-07-2022","Hyderabad","A2 1L","55","0","1"
"21-07-2022","Hyderabad","Buffalo Milk 1L","57","0","0"
"21-07-2022","Hyderabad","A2 Value Pack 1L","134","0","0"
"21-07-2022","Hyderabad","A2 Gir Cow Paneer 200g","4","0","0"
"21-07-2022","Hyderabad","New A2 Value Pack 500ml","61","0","0"
"21-07-2022","Hyderabad","Buffalo Milk Value Pack 500ml","24","0","0"
"21-07-2022","Hyderabad","Dahi","3","0","0"
"21-07-2022","Hyderabad","Past Milk Value Pack 1L","7","0","0"
"21-07-2022","Hyderabad","Raw Value Pack 1L","14","1","0"
"21-07-2022","Hyderabad","Buffalo Value Pack 1L","3","0","0"
"21-07-2022","Hyderabad","Lactose Free Milk 0.5L","4","0","0"
"21-07-2023","Hyderabad","Past Milk 1L","14","0","0"
"21-07-2023","Hyderabad","Raw Milk 1L","14","0","0"
"21-07-2023","Hyderabad","Ghee 500ml","3","0","0"
"21-07-2023","Hyderabad","A2 1L","79","0","0"
"21-07-2023","Hyderabad","Curd Culture","2","0","0"
"21-07-2023","Hyderabad","A2 Ghee","1","0","0"
"21-07-2023","Hyderabad","Buffalo Milk 1L","38","1","5"
"21-07-2023","Hyderabad","Paneer 200g Cows Milk","5","0","0"
"21-07-2023","Hyderabad","A2 Value Pack 1L","436","1","3"
"21-07-2023","Hyderabad","Buffalo Ghee 500ml","1","0","0"
"21-07-2023","Hyderabad","Kharwas 120g","2","0","0"
"21-07-2023","Hyderabad","A2 Gir Cow Paneer 200g","5","0","0"
"21-07-2023","Hyderabad","New A2 Value Pack 500ml","144","1","1"
"21-07-2023","Hyderabad","Insulated Door Bag","1","0","0"
"21-07-2023","Hyderabad","Buffalo Milk Value Pack 500ml","104","0","0"
"21-07-2023","Hyderabad","Dahi","12","0","0"
"21-07-2023","Hyderabad","Past Milk Value Pack 1L","16","0","1"
"21-07-2023","Hyderabad","Raw Value Pack 1L","59","0","1"
"21-07-2023","Hyderabad","Buffalo Value Pack 1L","170","2","2"
"21-07-2023","Hyderabad","Lactose Free Milk 0.5L","9","0","0"
"21-07-2023","Hyderabad","Past Milk Value Pack 0.5L","7","0","0"
"21-07-2023","Hyderabad","Raw Milk Value Pack 0.5L","18","0","0"
"21-08-2020","Hyderabad","Past Milk 1L","2","0","0"
"21-08-2020","Hyderabad","A2 1L","1","0","0"
"21-08-2021","Hyderabad","Raw Milk 1L","1","0","0"
"21-08-2021","Hyderabad","A2 Value Pack 1L","1","0","0"
"21-08-2022","Hyderabad","Past Milk 1L","23","0","0"
"21-08-2022","Hyderabad","Raw Milk 1L","12","0","0"
"21-08-2022","Hyderabad","Ghee 500ml","1","0","0"
"21-08-2022","Hyderabad","A2 1L","42","0","5"
"21-08-2022","Hyderabad","A2 Ghee","3","0","0"
"21-08-2022","Hyderabad","Buffalo Milk 1L","48","0","1"
"21-08-2022","Hyderabad","Paneer 200g Cows Milk","3","0","0"
"21-08-2022","Hyderabad","A2 Value Pack 1L","117","0","0"
"21-08-2022","Hyderabad","Buffalo Ghee 500ml","2","0","0"
"21-08-2022","Hyderabad","Kharwas 120g","1","0","0"
"21-08-2022","Hyderabad","New A2 Value Pack 500ml","72","0","2"
"21-08-2022","Hyderabad","Buffalo Milk Value Pack 500ml","30","0","0"
"21-08-2022","Hyderabad","Dahi","2","0","0"
"21-08-2022","Hyderabad","Past Milk Value Pack 1L","8","0","0"
"21-08-2022","Hyderabad","Raw Value Pack 1L","6","0","0"
"21-08-2022","Hyderabad","Buffalo Value Pack 1L","12","0","0"
"21-08-2022","Hyderabad","Lactose Free Milk 0.5L","1","0","0"
"21-08-2023","Hyderabad","Past Milk 1L","21","0","0"
"21-08-2023","Hyderabad","Raw Milk 1L","18","0","0"
"21-08-2023","Hyderabad","Ghee 500ml","1","0","0"
"21-08-2023","Hyderabad","A2 1L","68","1","0"
"21-08-2023","Hyderabad","Curd Culture","1","0","0"
"21-08-2023","Hyderabad","Buffalo Milk 1L","49","0","0"
"21-08-2023","Hyderabad","Paneer 200g Cows Milk","5","0","0"
"21-08-2023","Hyderabad","A2 Value Pack 1L","452","0","2"
"21-08-2023","Hyderabad","Kharwas 120g","4","0","0"
"21-08-2023","Hyderabad","A2 Gir Cow Paneer 200g","6","0","0"
"21-08-2023","Hyderabad","New A2 Value Pack 500ml","164","0","0"
"21-08-2023","Hyderabad","Buffalo Milk Value Pack 500ml","113","2","0"
"21-08-2023","Hyderabad","Dahi","14","0","0"
"21-08-2023","Hyderabad","Past Milk Value Pack 1L","20","0","0"
"21-08-2023","Hyderabad","Raw Value Pack 1L","66","0","0"
"21-08-2023","Hyderabad","Buffalo Value Pack 1L","209","0","0"
"21-08-2023","Hyderabad","Lactose Free Milk 0.5L","14","0","0"
"21-08-2023","Hyderabad","Past Milk Value Pack 0.5L","10","0","0"
"21-08-2023","Hyderabad","Raw Milk Value Pack 0.5L","23","0","0"
"21-09-2020","Hyderabad","Past Milk 1L","1","0","0"
"21-09-2020","Hyderabad","A2 1L","1","0","0"
"21-09-2020","Hyderabad","A2 Value Pack 1L","1","0","0"
"21-09-2021","Hyderabad","A2 Value Pack 1L","2","0","0"
"21-09-2022","Hyderabad","Past Milk 1L","20","0","2"
"21-09-2022","Hyderabad","Raw Milk 1L","18","0","7"
"21-09-2022","Hyderabad","Ghee 500ml","1","0","0"
"21-09-2022","Hyderabad","A2 1L","57","0","11"
"21-09-2022","Hyderabad","A2 Ghee","1","0","0"
"21-09-2022","Hyderabad","Buffalo Milk 1L","64","0","5"
"21-09-2022","Hyderabad","Paneer 200g Cows Milk","2","0","0"
"21-09-2022","Hyderabad","A2 Value Pack 1L","143","1","0"
"21-09-2022","Hyderabad","Buffalo Ghee 500ml","1","0","0"
"21-09-2022","Hyderabad","Kharwas 120g","6","0","0"
"21-09-2022","Hyderabad","A2 Gir Cow Paneer 200g","4","0","0"
"21-09-2022","Hyderabad","New A2 Value Pack 500ml","87","0","4"
"21-09-2022","Hyderabad","Buffalo Milk Value Pack 500ml","30","0","9"
"21-09-2022","Hyderabad","Dahi","5","0","0"
"21-09-2022","Hyderabad","Past Milk Value Pack 1L","12","0","0"
"21-09-2022","Hyderabad","Raw Value Pack 1L","24","0","0"
"21-09-2022","Hyderabad","Buffalo Value Pack 1L","19","0","6"
"21-09-2022","Hyderabad","Lactose Free Milk 0.5L","6","0","0"
"21-09-2023","Hyderabad","Past Milk 1L","23","1","0"
"21-09-2023","Hyderabad","Raw Milk 1L","18","0","0"
"21-09-2023","Hyderabad","Ghee 500ml","1","0","0"
"21-09-2023","Hyderabad","A2 1L","76","0","0"
"21-09-2023","Hyderabad","Curd Culture","4","0","1"
"21-09-2023","Hyderabad","A2 Ghee","3","0","0"
"21-09-2023","Hyderabad","Buffalo Milk 1L","54","0","1"
"21-09-2023","Hyderabad","Paneer 200g Cows Milk","9","0","0"
"21-09-2023","Hyderabad","A2 Value Pack 1L","483","5","3"
"21-09-2023","Hyderabad","Buffalo Ghee 500ml","1","0","0"
"21-09-2023","Hyderabad","Kharwas 120g","9","0","0"
"21-09-2023","Hyderabad","A2 Gir Cow Paneer 200g","1","0","0"
"21-09-2023","Hyderabad","New A2 Value Pack 500ml","156","1","0"
"21-09-2023","Hyderabad","Buffalo Milk Value Pack 500ml","124","1","0"
"21-09-2023","Hyderabad","Dahi","20","0","0"
"21-09-2023","Hyderabad","Past Milk Value Pack 1L","20","0","0"
"21-09-2023","Hyderabad","Raw Value Pack 1L","66","0","0"
"21-09-2023","Hyderabad","Buffalo Value Pack 1L","243","1","9"
"21-09-2023","Hyderabad","Lactose Free Milk 0.5L","11","0","0"
"21-09-2023","Hyderabad","Past Milk Value Pack 0.5L","15","0","0"
"21-09-2023","Hyderabad","Raw Milk Value Pack 0.5L","22","0","0"
"21-10-2020","Hyderabad","Past Milk 1L","1","0","0"
"21-10-2020","Hyderabad","A2 1L","1","0","0"
"21-10-2020","Hyderabad","A2 Value Pack 1L","1","0","0"
"21-10-2020","Hyderabad","Kharwas 120g","1","0","0"
"21-10-2021","Hyderabad","Past Milk 1L","1","0","0"
"21-10-2021","Hyderabad","A2 Value Pack 1L","2","0","0"
"21-10-2022","Hyderabad","Past Milk 1L","18","0","0"
"21-10-2022","Hyderabad","Raw Milk 1L","14","0","0"
"21-10-2022","Hyderabad","Ghee 500ml","5","0","0"
"21-10-2022","Hyderabad","A2 1L","48","0","2"
"21-10-2022","Hyderabad","Curd Culture","2","0","0"
"21-10-2022","Hyderabad","A2 Ghee","2","0","0"
"21-10-2022","Hyderabad","Buffalo Milk 1L","62","0","1"
"21-10-2022","Hyderabad","Paneer 200g Cows Milk","1","0","0"
"21-10-2022","Hyderabad","A2 Value Pack 1L","145","0","0"
"21-10-2022","Hyderabad","Buffalo Ghee 500ml","3","0","0"
"21-10-2022","Hyderabad","Kharwas 120g","3","0","0"
"21-10-2022","Hyderabad","New A2 Value Pack 500ml","81","0","1"
"21-10-2022","Hyderabad","Buffalo Milk Value Pack 500ml","34","0","5"
"21-10-2022","Hyderabad","Dahi","13","0","0"
"21-10-2022","Hyderabad","Past Milk Value Pack 1L","8","0","0"
"21-10-2022","Hyderabad","Raw Value Pack 1L","14","0","0"
"21-10-2022","Hyderabad","Buffalo Value Pack 1L","23","0","0"
"21-10-2022","Hyderabad","Lactose Free Milk 0.5L","5","0","0"
"21-10-2022","Hyderabad","Raw Milk Value Pack 0.5L","0","0","2"
"21-10-2023","Hyderabad","Past Milk 1L","19","0","0"
"21-10-2023","Hyderabad","Raw Milk 1L","12","0","0"
"21-10-2023","Hyderabad","Ghee 500ml","1","0","0"
"21-10-2023","Hyderabad","A2 1L","55","0","0"
"21-10-2023","Hyderabad","A2 Ghee","2","0","0"
"21-10-2023","Hyderabad","Buffalo Milk 1L","39","0","1"
"21-10-2023","Hyderabad","Paneer 200g Cows Milk","10","0","0"
"21-10-2023","Hyderabad","A2 Value Pack 1L","399","1","3"
"21-10-2023","Hyderabad","Buffalo Ghee 500ml","2","0","0"
"21-10-2023","Hyderabad","Kharwas 120g","5","0","0"
"21-10-2023","Hyderabad","A2 Gir Cow Paneer 200g","4","0","0"
"21-10-2023","Hyderabad","New A2 Value Pack 500ml","138","0","2"
"21-10-2023","Hyderabad","Buffalo Milk Value Pack 500ml","103","1","1"
"21-10-2023","Hyderabad","Dahi","12","0","0"
"21-10-2023","Hyderabad","Past Milk Value Pack 1L","15","0","0"
"21-10-2023","Hyderabad","Raw Value Pack 1L","43","0","1"
"21-10-2023","Hyderabad","Buffalo Value Pack 1L","232","3","4"
"21-10-2023","Hyderabad","Lactose Free Milk 0.5L","6","0","0"
"21-10-2023","Hyderabad","Past Milk Value Pack 0.5L","17","0","0"
"21-10-2023","Hyderabad","Raw Milk Value Pack 0.5L","23","0","0"
"21-11-2020","Hyderabad","Past Milk 1L","1","0","0"
"21-11-2020","Hyderabad","A2 Value Pack 1L","1","0","0"
"21-11-2021","Hyderabad","Raw Milk 1L","1","0","0"
"21-11-2021","Hyderabad","A2 Value Pack 1L","2","0","0"
"21-11-2021","Hyderabad","New A2 Value Pack 500ml","1","0","0"
"21-11-2021","Hyderabad","Tender Coconut","4","0","0"
"21-11-2022","Hyderabad","Past Milk 1L","23","0","0"
"21-11-2022","Hyderabad","Raw Milk 1L","11","1","0"
"21-11-2022","Hyderabad","Ghee 500ml","1","0","0"
"21-11-2022","Hyderabad","A2 1L","53","0","0"
"21-11-2022","Hyderabad","A2 Ghee","3","0","0"
"21-11-2022","Hyderabad","Buffalo Milk 1L","73","0","1"
"21-11-2022","Hyderabad","Paneer 200g Cows Milk","3","0","0"
"21-11-2022","Hyderabad","A2 Value Pack 1L","175","0","0"
"21-11-2022","Hyderabad","Kharwas 120g","5","0","0"
"21-11-2022","Hyderabad","A2 Gir Cow Paneer 200g","4","0","0"
"21-11-2022","Hyderabad","New A2 Value Pack 500ml","89","1","2"
"21-11-2022","Hyderabad","Buffalo Milk Value Pack 500ml","45","0","0"
"21-11-2022","Hyderabad","Dahi","8","0","0"
"21-11-2022","Hyderabad","Past Milk Value Pack 1L","15","0","0"
"21-11-2022","Hyderabad","Raw Value Pack 1L","26","0","0"
"21-11-2022","Hyderabad","Buffalo Value Pack 1L","18","0","0"
"21-11-2022","Hyderabad","Lactose Free Milk 0.5L","9","0","0"
"21-11-2022","Hyderabad","Past Milk Value Pack 0.5L","3","0","0"
"21-11-2022","Hyderabad","Raw Milk Value Pack 0.5L","4","0","0"
"21-11-2023","Hyderabad","Past Milk 1L","17","0","0"
"21-11-2023","Hyderabad","Raw Milk 1L","15","0","0"
"21-11-2023","Hyderabad","Ghee 500ml","4","1","0"
"21-11-2023","Hyderabad","A2 1L","61","0","2"
"21-11-2023","Hyderabad","Curd Culture","5","0","0"
"21-11-2023","Hyderabad","A2 Ghee","3","0","0"
"21-11-2023","Hyderabad","Buffalo Milk 1L","48","0","4"
"21-11-2023","Hyderabad","Paneer 200g Cows Milk","13","0","0"
"21-11-2023","Hyderabad","A2 Value Pack 1L","499","1","7"
"21-11-2023","Hyderabad","Buffalo Ghee 500ml","1","1","0"
"21-11-2023","Hyderabad","Kharwas 120g","4","0","0"
"21-11-2023","Hyderabad","A2 Gir Cow Paneer 200g","5","0","0"
"21-11-2023","Hyderabad","New A2 Value Pack 500ml","188","0","1"
"21-11-2023","Hyderabad","Insulated Door Bag","1","0","0"
"21-11-2023","Hyderabad","Buffalo Milk Value Pack 500ml","140","0","1"
"21-11-2023","Hyderabad","Dahi","15","0","0"
"21-11-2023","Hyderabad","Past Milk Value Pack 1L","24","0","0"
"21-11-2023","Hyderabad","Raw Value Pack 1L","51","0","1"
"21-11-2023","Hyderabad","Buffalo Value Pack 1L","275","1","3"
"21-11-2023","Hyderabad","Lactose Free Milk 0.5L","6","0","0"
"21-11-2023","Hyderabad","Past Milk Value Pack 0.5L","16","0","0"
"21-11-2023","Hyderabad","Raw Milk Value Pack 0.5L","24","0","1"
"21-12-2020","Hyderabad","A2 1L","1","0","0"
"21-12-2020","Hyderabad","Buffalo Milk 1L","1","0","0"
"21-12-2020","Hyderabad","A2 Value Pack 1L","1","0","0"
"21-12-2021","Hyderabad","Buffalo Milk 1L","0","0","1"
"21-12-2022","Hyderabad","Past Milk 1L","17","0","0"
"21-12-2022","Hyderabad","Raw Milk 1L","17","0","1"
"21-12-2022","Hyderabad","A2 1L","61","0","2"
"21-12-2022","Hyderabad","Curd Culture","1","0","0"
"21-12-2022","Hyderabad","A2 Ghee","1","0","0"
"21-12-2022","Hyderabad","Buffalo Milk 1L","54","0","6"
"21-12-2022","Hyderabad","Paneer 200g Cows Milk","5","0","0"
"21-12-2022","Hyderabad","A2 Value Pack 1L","202","0","5"
"21-12-2022","Hyderabad","Buffalo Ghee 500ml","1","0","0"
"21-12-2022","Hyderabad","Kharwas 120g","1","0","0"
"21-12-2022","Hyderabad","New A2 Value Pack 500ml","88","0","0"
"21-12-2022","Hyderabad","Insulated Door Bag","1","0","0"
"21-12-2022","Hyderabad","Buffalo Milk Value Pack 500ml","35","0","0"
"21-12-2022","Hyderabad","Dahi","14","0","0"
"21-12-2022","Hyderabad","Past Milk Value Pack 1L","10","0","0"
"21-12-2022","Hyderabad","Raw Value Pack 1L","21","1","1"
"21-12-2022","Hyderabad","Buffalo Value Pack 1L","63","0","2"
"21-12-2022","Hyderabad","Lactose Free Milk 0.5L","11","0","0"
"21-12-2022","Hyderabad","Raw Milk Value Pack 0.5L","12","0","0"
"21-12-2023","Hyderabad","Past Milk 1L","17","0","0"
"21-12-2023","Hyderabad","Raw Milk 1L","21","0","0"
"21-12-2023","Hyderabad","A2 1L","70","0","0"
"21-12-2023","Hyderabad","Curd Culture","1","0","0"
"21-12-2023","Hyderabad","A2 Ghee","4","0","0"
"21-12-2023","Hyderabad","Buffalo Milk 1L","48","1","1"
"21-12-2023","Hyderabad","Paneer 200g Cows Milk","2","0","0"
"21-12-2023","Hyderabad","A2 Value Pack 1L","534","2","4"
"21-12-2023","Hyderabad","Buffalo Ghee 500ml","2","0","0"
"21-12-2023","Hyderabad","Kharwas 120g","4","0","0"
"21-12-2023","Hyderabad","A2 Gir Cow Paneer 200g","3","0","0"
"21-12-2023","Hyderabad","New A2 Value Pack 500ml","198","0","0"
"21-12-2023","Hyderabad","Buffalo Milk Value Pack 500ml","136","2","3"
"21-12-2023","Hyderabad","Dahi","15","0","0"
"21-12-2023","Hyderabad","Past Milk Value Pack 1L","26","0","2"
"21-12-2023","Hyderabad","Raw Value Pack 1L","70","0","3"
"21-12-2023","Hyderabad","Buffalo Value Pack 1L","310","2","6"
"21-12-2023","Hyderabad","Lactose Free Milk 0.5L","8","0","0"
"21-12-2023","Hyderabad","Past Milk Value Pack 0.5L","18","0","0"
"21-12-2023","Hyderabad","Raw Milk Value Pack 0.5L","17","0","1"
"22-01-2020","Hyderabad","Past Milk 1L","2","0","0"
"22-01-2020","Hyderabad","A2 1L","1","0","0"
"22-01-2021","Hyderabad","A2 1L","1","0","0"
"22-01-2021","Hyderabad","Buffalo Milk 1L","1","0","0"
"22-01-2021","Hyderabad","A2 Value Pack 1L","1","0","0"
"22-01-2022","Hyderabad","Past Milk 1L","1","0","1"
"22-01-2022","Hyderabad","A2 1L","2","0","4"
"22-01-2022","Hyderabad","Buffalo Milk 1L","0","0","1"
"22-01-2022","Hyderabad","A2 Value Pack 1L","5","0","0"
"22-01-2022","Hyderabad","New A2 Value Pack 500ml","0","0","3"
"22-01-2023","Hyderabad","Past Milk 1L","16","0","1"
"22-01-2023","Hyderabad","Raw Milk 1L","20","0","0"
"22-01-2023","Hyderabad","A2 1L","39","2","0"
"22-01-2023","Hyderabad","Curd Culture","1","0","0"
"22-01-2023","Hyderabad","Buffalo Milk 1L","58","1","1"
"22-01-2023","Hyderabad","Paneer 200g Cows Milk","2","0","0"
"22-01-2023","Hyderabad","A2 Value Pack 1L","219","0","2"
"22-01-2023","Hyderabad","Kharwas 120g","1","0","0"
"22-01-2023","Hyderabad","A2 Gir Cow Paneer 200g","1","0","0"
"22-01-2023","Hyderabad","New A2 Value Pack 500ml","96","0","0"
"22-01-2023","Hyderabad","Buffalo Milk Value Pack 500ml","49","0","0"
"22-01-2023","Hyderabad","Dahi","7","0","0"
"22-01-2023","Hyderabad","Past Milk Value Pack 1L","15","0","0"
"22-01-2023","Hyderabad","Raw Value Pack 1L","31","1","1"
"22-01-2023","Hyderabad","Buffalo Value Pack 1L","88","1","3"
"22-01-2023","Hyderabad","Lactose Free Milk 0.5L","6","0","0"
"22-01-2023","Hyderabad","Past Milk Value Pack 0.5L","5","0","0"
"22-01-2023","Hyderabad","Raw Milk Value Pack 0.5L","10","0","0"
"22-01-2024","Hyderabad","Past Milk 1L","22","0","0"
"22-01-2024","Hyderabad","Raw Milk 1L","13","0","0"
"22-01-2024","Hyderabad","Ghee 500ml","3","0","0"
"22-01-2024","Hyderabad","A2 1L","63","0","0"
"22-01-2024","Hyderabad","Curd Culture","4","0","0"
"22-01-2024","Hyderabad","A2 Ghee","6","2","0"
"22-01-2024","Hyderabad","Buffalo Milk 1L","49","0","0"
"22-01-2024","Hyderabad","Paneer 200g Cows Milk","10","0","0"
"22-01-2024","Hyderabad","A2 Value Pack 1L","572","2","1"
"22-01-2024","Hyderabad","Buffalo Ghee 500ml","5","0","0"
"22-01-2024","Hyderabad","Kharwas 120g","9","0","0"
"22-01-2024","Hyderabad","A2 Gir Cow Paneer 200g","3","0","0"
"22-01-2024","Hyderabad","New A2 Value Pack 500ml","202","0","0"
"22-01-2024","Hyderabad","Buffalo Milk Value Pack 500ml","131","0","0"
"22-01-2024","Hyderabad","Dahi","11","0","0"
"22-01-2024","Hyderabad","Past Milk Value Pack 1L","27","0","0"
"22-01-2024","Hyderabad","Raw Value Pack 1L","68","1","1"
"22-01-2024","Hyderabad","Buffalo Value Pack 1L","317","0","1"
"22-01-2024","Hyderabad","Lactose Free Milk 0.5L","6","0","0"
"22-01-2024","Hyderabad","Past Milk Value Pack 0.5L","22","0","0"
"22-01-2024","Hyderabad","Raw Milk Value Pack 0.5L","23","0","0"
"22-02-2020","Hyderabad","Past Milk 1L","2","0","0"
"22-02-2020","Hyderabad","A2 Value Pack 1L","1","0","0"
"22-02-2021","Hyderabad","A2 1L","1","0","0"
"22-02-2021","Hyderabad","Buffalo Milk 1L","1","0","0"
"22-02-2021","Hyderabad","A2 Value Pack 1L","1","0","0"
"22-02-2022","Hyderabad","Past Milk 1L","6","0","2"
"22-02-2022","Hyderabad","Raw Milk 1L","8","0","1"
"22-02-2022","Hyderabad","Past Milk 0.5L","3","0","1"
"22-02-2022","Hyderabad","A2 1L","26","0","4"
"22-02-2022","Hyderabad","Buffalo Milk 1L","18","0","7"
"22-02-2022","Hyderabad","Paneer 200g Cows Milk","2","0","0"
"22-02-2022","Hyderabad","A2 Value Pack 1L","30","0","10"
"22-02-2022","Hyderabad","A2 Gir Cow Paneer 200g","3","0","0"
"22-02-2022","Hyderabad","New A2 Value Pack 500ml","26","0","3"
"22-02-2022","Hyderabad","Buffalo Milk Value Pack 500ml","12","0","3"
"22-02-2022","Hyderabad","Dahi","2","0","0"
"22-02-2023","Hyderabad","Past Milk 1L","25","0","0"
"22-02-2023","Hyderabad","Raw Milk 1L","20","0","0"
"22-02-2023","Hyderabad","Ghee 500ml","1","0","0"
"22-02-2023","Hyderabad","A2 1L","56","0","1"
"22-02-2023","Hyderabad","Curd Culture","3","0","0"
"22-02-2023","Hyderabad","A2 Ghee","1","0","0"
"22-02-2023","Hyderabad","Buffalo Milk 1L","59","1","1"
"22-02-2023","Hyderabad","Paneer 200g Cows Milk","2","0","0"
"22-02-2023","Hyderabad","A2 Value Pack 1L","248","2","4"
"22-02-2023","Hyderabad","Buffalo Ghee 500ml","3","0","0"
"22-02-2023","Hyderabad","Kharwas 120g","7","0","0"
"22-02-2023","Hyderabad","A2 Gir Cow Paneer 200g","1","0","0"
"22-02-2023","Hyderabad","New A2 Value Pack 500ml","99","0","1"
"22-02-2023","Hyderabad","Insulated Door Bag","1","0","0"
"22-02-2023","Hyderabad","Buffalo Milk Value Pack 500ml","64","0","1"
"22-02-2023","Hyderabad","Dahi","12","0","0"
"22-02-2023","Hyderabad","Past Milk Value Pack 1L","13","0","0"
"22-02-2023","Hyderabad","Raw Value Pack 1L","30","0","0"
"22-02-2023","Hyderabad","Buffalo Value Pack 1L","114","0","10"
"22-02-2023","Hyderabad","Lactose Free Milk 0.5L","6","0","0"
"22-02-2023","Hyderabad","Past Milk Value Pack 0.5L","4","0","0"
"22-02-2023","Hyderabad","Raw Milk Value Pack 0.5L","17","0","0"
"22-02-2024","Hyderabad","Past Milk 1L","23","0","0"
"22-02-2024","Hyderabad","Raw Milk 1L","16","0","0"
"22-02-2024","Hyderabad","Ghee 500ml","1","0","0"
"22-02-2024","Hyderabad","A2 1L","61","0","3"
"22-02-2024","Hyderabad","Curd Culture","4","0","0"
"22-02-2024","Hyderabad","A2 Ghee","3","0","0"
"22-02-2024","Hyderabad","Buffalo Milk 1L","46","0","7"
"22-02-2024","Hyderabad","Paneer 200g Cows Milk","10","0","0"
"22-02-2024","Hyderabad","A2 Value Pack 1L","569","1","0"
"22-02-2024","Hyderabad","Kharwas 120g","10","0","0"
"22-02-2024","Hyderabad","A2 Gir Cow Paneer 200g","4","0","0"
"22-02-2024","Hyderabad","New A2 Value Pack 500ml","227","0","0"
"22-02-2024","Hyderabad","Buffalo Milk Value Pack 500ml","178","0","0"
"22-02-2024","Hyderabad","Dahi","16","0","0"
"22-02-2024","Hyderabad","Past Milk Value Pack 1L","21","0","0"
"22-02-2024","Hyderabad","Raw Value Pack 1L","70","0","0"
"22-02-2024","Hyderabad","Buffalo Value Pack 1L","350","4","3"
"22-02-2024","Hyderabad","Lactose Free Milk 0.5L","10","0","0"
"22-02-2024","Hyderabad","Past Milk Value Pack 0.5L","20","0","0"
"22-02-2024","Hyderabad","Raw Milk Value Pack 0.5L","17","0","0"
"22-03-2020","Hyderabad","Past Milk 1L","1","0","0"
"22-03-2020","Hyderabad","A2 Value Pack 1L","2","0","0"
"22-03-2021","Hyderabad","A2 Value Pack 1L","2","0","0"
"22-03-2022","Hyderabad","Past Milk 1L","10","0","1"
"22-03-2022","Hyderabad","Raw Milk 1L","13","0","0"
"22-03-2022","Hyderabad","Past Milk 0.5L","3","0","1"
"22-03-2022","Hyderabad","A2 1L","33","0","1"
"22-03-2022","Hyderabad","Curd Culture","1","0","0"
"22-03-2022","Hyderabad","A2 Ghee","1","0","0"
"22-03-2022","Hyderabad","Buffalo Milk 1L","37","0","3"
"22-03-2022","Hyderabad","Paneer 200g Cows Milk","1","0","0"
"22-03-2022","Hyderabad","A2 Value Pack 1L","45","0","2"
"22-03-2022","Hyderabad","A2 Gir Cow Paneer 200g","1","0","0"
"22-03-2022","Hyderabad","New A2 Value Pack 500ml","26","0","5"
"22-03-2022","Hyderabad","Insulated Door Bag","1","0","0"
"22-03-2022","Hyderabad","Buffalo Milk Value Pack 500ml","15","0","5"
"22-03-2022","Hyderabad","Dahi","1","0","0"
"22-03-2023","Hyderabad","Past Milk 1L","25","0","0"
"22-03-2023","Hyderabad","Raw Milk 1L","23","0","0"
"22-03-2023","Hyderabad","Ghee 500ml","3","0","0"
"22-03-2023","Hyderabad","A2 1L","69","2","1"
"22-03-2023","Hyderabad","Curd Culture","2","0","0"
"22-03-2023","Hyderabad","A2 Ghee","6","0","0"
"22-03-2023","Hyderabad","Buffalo Milk 1L","54","1","6"
"22-03-2023","Hyderabad","Paneer 200g Cows Milk","7","0","0"
"22-03-2023","Hyderabad","A2 Value Pack 1L","280","3","2"
"22-03-2023","Hyderabad","Buffalo Ghee 500ml","3","0","0"
"22-03-2023","Hyderabad","Kharwas 120g","3","0","0"
"22-03-2023","Hyderabad","A2 Gir Cow Paneer 200g","1","0","0"
"22-03-2023","Hyderabad","New A2 Value Pack 500ml","107","0","2"
"22-03-2023","Hyderabad","Insulated Door Bag","1","0","0"
"22-03-2023","Hyderabad","Buffalo Milk Value Pack 500ml","77","0","3"
"22-03-2023","Hyderabad","Dahi","11","0","0"
"22-03-2023","Hyderabad","Past Milk Value Pack 1L","19","0","0"
"22-03-2023","Hyderabad","Raw Value Pack 1L","39","0","2"
"22-03-2023","Hyderabad","Buffalo Value Pack 1L","138","3","5"
"22-03-2023","Hyderabad","Lactose Free Milk 0.5L","8","0","0"
"22-03-2023","Hyderabad","Past Milk Value Pack 0.5L","7","0","0"
"22-03-2023","Hyderabad","Raw Milk Value Pack 0.5L","27","0","1"
"22-03-2024","Hyderabad","Past Milk 1L","28","0","0"
"22-03-2024","Hyderabad","Raw Milk 1L","18","0","1"
"22-03-2024","Hyderabad","Ghee 500ml","3","0","0"
"22-03-2024","Hyderabad","A2 1L","60","0","7"
"22-03-2024","Hyderabad","Curd Culture","3","0","0"
"22-03-2024","Hyderabad","A2 Ghee","1","0","0"
"22-03-2024","Hyderabad","Buffalo Milk 1L","45","0","9"
"22-03-2024","Hyderabad","Paneer 200g Cows Milk","12","0","0"
"22-03-2024","Hyderabad","A2 Value Pack 1L","581","1","0"
"22-03-2024","Hyderabad","Buffalo Ghee 500ml","4","0","0"
"22-03-2024","Hyderabad","Kharwas 120g","7","0","0"
"22-03-2024","Hyderabad","A2 Gir Cow Paneer 200g","2","0","0"
"22-03-2024","Hyderabad","New A2 Value Pack 500ml","203","0","0"
"22-03-2024","Hyderabad","Buffalo Milk Value Pack 500ml","167","0","0"
"22-03-2024","Hyderabad","Dahi","13","0","0"
"22-03-2024","Hyderabad","Past Milk Value Pack 1L","24","0","0"
"22-03-2024","Hyderabad","Raw Value Pack 1L","67","0","0"
"22-03-2024","Hyderabad","Buffalo Value Pack 1L","393","2","0"
"22-03-2024","Hyderabad","Lactose Free Milk 0.5L","18","0","2"
"22-03-2024","Hyderabad","Past Milk Value Pack 0.5L","14","0","0"
"22-03-2024","Hyderabad","Raw Milk Value Pack 0.5L","24","0","0"
"22-04-2020","Hyderabad","Past Milk 1L","2","0","0"
"22-04-2020","Hyderabad","New A2 Value Pack 500ml","1","0","0"
"22-04-2021","Hyderabad","A2 1L","1","0","0"
"22-04-2021","Hyderabad","A2 Value Pack 1L","2","0","0"
"22-04-2022","Hyderabad","Past Milk 1L","15","0","1"
"22-04-2022","Hyderabad","Raw Milk 1L","13","0","1"
"22-04-2022","Hyderabad","Past Milk 0.5L","4","0","0"
"22-04-2022","Hyderabad","A2 1L","42","0","2"
"22-04-2022","Hyderabad","Curd Culture","3","0","0"
"22-04-2022","Hyderabad","A2 Ghee","1","0","0"
"22-04-2022","Hyderabad","Buffalo Milk 1L","42","0","0"
"22-04-2022","Hyderabad","Paneer 200g Cows Milk","1","0","0"
"22-04-2022","Hyderabad","A2 Value Pack 1L","72","0","0"
"22-04-2022","Hyderabad","Buffalo Ghee 500ml","1","0","0"
"22-04-2022","Hyderabad","Kharwas 120g","1","0","0"
"22-04-2022","Hyderabad","A2 Gir Cow Paneer 200g","1","0","0"
"22-04-2022","Hyderabad","New A2 Value Pack 500ml","31","0","0"
"22-04-2022","Hyderabad","Buffalo Milk Value Pack 500ml","21","0","0"
"22-04-2023","Hyderabad","Past Milk 1L","18","1","0"
"22-04-2023","Hyderabad","Raw Milk 1L","14","0","0"
"22-04-2023","Hyderabad","Ghee 500ml","1","0","0"
"22-04-2023","Hyderabad","A2 1L","71","6","0"
"22-04-2023","Hyderabad","Curd Culture","1","0","0"
"22-04-2023","Hyderabad","Buffalo Milk 1L","59","10","1"
"22-04-2023","Hyderabad","Paneer 200g Cows Milk","5","0","0"
"22-04-2023","Hyderabad","A2 Value Pack 1L","279","6","0"
"22-04-2023","Hyderabad","Kharwas 120g","3","0","0"
"22-04-2023","Hyderabad","A2 Gir Cow Paneer 200g","1","0","0"
"22-04-2023","Hyderabad","New A2 Value Pack 500ml","106","3","0"
"22-04-2023","Hyderabad","Buffalo Milk Value Pack 500ml","71","4","0"
"22-04-2023","Hyderabad","Dahi","10","0","0"
"22-04-2023","Hyderabad","Past Milk Value Pack 1L","15","0","0"
"22-04-2023","Hyderabad","Raw Value Pack 1L","40","0","0"
"22-04-2023","Hyderabad","Buffalo Value Pack 1L","187","6","1"
"22-04-2023","Hyderabad","Lactose Free Milk 0.5L","6","0","0"
"22-04-2023","Hyderabad","Past Milk Value Pack 0.5L","5","0","0"
"22-04-2023","Hyderabad","Raw Milk Value Pack 0.5L","21","0","0"
"22-05-2020","Hyderabad","Past Milk 1L","2","0","0"
"22-05-2021","Hyderabad","A2 1L","1","0","0"
"22-05-2021","Hyderabad","A2 Value Pack 1L","1","0","0"
"22-05-2022","Hyderabad","Past Milk 1L","22","0","1"
"22-05-2022","Hyderabad","Raw Milk 1L","23","0","0"
"22-05-2022","Hyderabad","Past Milk 0.5L","2","0","1"
"22-05-2022","Hyderabad","A2 1L","54","0","0"
"22-05-2022","Hyderabad","Curd Culture","1","0","0"
"22-05-2022","Hyderabad","A2 Ghee","2","0","0"
"22-05-2022","Hyderabad","Buffalo Milk 1L","46","0","2"
"22-05-2022","Hyderabad","Paneer 200g Cows Milk","4","0","0"
"22-05-2022","Hyderabad","A2 Value Pack 1L","81","0","6"
"22-05-2022","Hyderabad","A2 Gir Cow Paneer 200g","2","0","0"
"22-05-2022","Hyderabad","New A2 Value Pack 500ml","33","1","0"
"22-05-2022","Hyderabad","Insulated Door Bag","2","0","0"
"22-05-2022","Hyderabad","Buffalo Milk Value Pack 500ml","24","0","0"
"22-05-2022","Hyderabad","Dahi","2","0","0"
"22-05-2023","Hyderabad","Past Milk 1L","13","0","0"
"22-05-2023","Hyderabad","Raw Milk 1L","21","0","0"
"22-05-2023","Hyderabad","Ghee 500ml","3","0","0"
"22-05-2023","Hyderabad","A2 1L","50","4","0"
"22-05-2023","Hyderabad","Curd Culture","5","0","0"
"22-05-2023","Hyderabad","Buffalo Milk 1L","0","1","0"
"22-05-2023","Hyderabad","Paneer 200g Cows Milk","1","0","0"
"22-05-2023","Hyderabad","A2 Value Pack 1L","282","12","0"
"22-05-2023","Hyderabad","Kharwas 120g","4","0","0"
"22-05-2023","Hyderabad","A2 Gir Cow Paneer 200g","3","0","0"
"22-05-2023","Hyderabad","New A2 Value Pack 500ml","108","3","0"
"22-05-2023","Hyderabad","Buffalo Milk Value Pack 500ml","3","3","0"
"22-05-2023","Hyderabad","Dahi","14","0","0"
"22-05-2023","Hyderabad","Past Milk Value Pack 1L","17","0","0"
"22-05-2023","Hyderabad","Raw Value Pack 1L","35","0","0"
"22-05-2023","Hyderabad","Buffalo Value Pack 1L","14","2","0"
"22-05-2023","Hyderabad","Lactose Free Milk 0.5L","7","0","0"
"22-05-2023","Hyderabad","Past Milk Value Pack 0.5L","8","1","0"
"22-05-2023","Hyderabad","Raw Milk Value Pack 0.5L","14","0","0"
"22-06-2020","Hyderabad","Past Milk 1L","2","0","0"
"22-06-2020","Hyderabad","A2 1L","1","0","0"
"22-06-2021","Hyderabad","A2 1L","1","0","0"
"22-06-2021","Hyderabad","A2 Value Pack 1L","2","0","0"
"22-06-2022","Hyderabad","Past Milk 1L","19","0","1"
"22-06-2022","Hyderabad","Raw Milk 1L","21","0","0"
"22-06-2022","Hyderabad","Past Milk 0.5L","8","0","0"
"22-06-2022","Hyderabad","Ghee 500ml","2","0","0"
"22-06-2022","Hyderabad","A2 1L","60","2","1"
"22-06-2022","Hyderabad","Curd Culture","1","0","0"
"22-06-2022","Hyderabad","A2 Ghee","2","0","0"
"22-06-2022","Hyderabad","Buffalo Milk 1L","66","4","1"
"22-06-2022","Hyderabad","Paneer 200g Cows Milk","5","0","0"
"22-06-2022","Hyderabad","A2 Value Pack 1L","146","0","0"
"22-06-2022","Hyderabad","A2 Gir Cow Paneer 200g","5","0","0"
"22-06-2022","Hyderabad","New A2 Value Pack 500ml","50","1","1"
"22-06-2022","Hyderabad","Insulated Door Bag","1","0","0"
"22-06-2022","Hyderabad","Buffalo Milk Value Pack 500ml","44","0","0"
"22-06-2023","Hyderabad","Past Milk 1L","25","1","0"
"22-06-2023","Hyderabad","Raw Milk 1L","20","0","0"
"22-06-2023","Hyderabad","Ghee 500ml","1","0","0"
"22-06-2023","Hyderabad","A2 1L","69","10","5"
"22-06-2023","Hyderabad","Curd Culture","2","0","0"
"22-06-2023","Hyderabad","A2 Ghee","1","0","0"
"22-06-2023","Hyderabad","Buffalo Milk 1L","46","4","1"
"22-06-2023","Hyderabad","Paneer 200g Cows Milk","9","0","0"
"22-06-2023","Hyderabad","A2 Value Pack 1L","363","12","10"
"22-06-2023","Hyderabad","Kharwas 120g","2","0","0"
"22-06-2023","Hyderabad","A2 Gir Cow Paneer 200g","2","0","0"
"22-06-2023","Hyderabad","New A2 Value Pack 500ml","128","4","1"
"22-06-2023","Hyderabad","Insulated Door Bag","1","0","0"
"22-06-2023","Hyderabad","Buffalo Milk Value Pack 500ml","78","1","2"
"22-06-2023","Hyderabad","Dahi","14","0","0"
"22-06-2023","Hyderabad","Past Milk Value Pack 1L","21","1","0"
"22-06-2023","Hyderabad","Raw Value Pack 1L","43","1","0"
"22-06-2023","Hyderabad","Buffalo Value Pack 1L","186","19","18"
"22-06-2023","Hyderabad","Lactose Free Milk 0.5L","11","0","0"
"22-06-2023","Hyderabad","Past Milk Value Pack 0.5L","14","0","0"
"22-06-2023","Hyderabad","Raw Milk Value Pack 0.5L","20","0","0"
"22-07-2020","Hyderabad","Past Milk 1L","2","0","0"
"22-07-2020","Hyderabad","A2 1L","1","0","0"
"22-07-2021","Hyderabad","A2 1L","1","0","0"
"22-07-2021","Hyderabad","A2 Value Pack 1L","1","0","0"
"22-07-2022","Hyderabad","Past Milk 1L","16","0","0"
"22-07-2022","Hyderabad","Raw Milk 1L","16","0","0"
"22-07-2022","Hyderabad","A2 1L","63","0","0"
"22-07-2022","Hyderabad","Buffalo Milk 1L","61","1","0"
"22-07-2022","Hyderabad","Paneer 200g Cows Milk","2","0","0"
"22-07-2022","Hyderabad","A2 Value Pack 1L","138","0","0"
"22-07-2022","Hyderabad","Buffalo Ghee 500ml","2","0","0"
"22-07-2022","Hyderabad","Kharwas 120g","2","0","0"
"22-07-2022","Hyderabad","A2 Gir Cow Paneer 200g","1","0","0"
"22-07-2022","Hyderabad","New A2 Value Pack 500ml","68","1","0"
"22-07-2022","Hyderabad","Buffalo Milk Value Pack 500ml","30","0","0"
"22-07-2022","Hyderabad","Dahi","3","0","0"
"22-07-2022","Hyderabad","Past Milk Value Pack 1L","3","0","0"
"22-07-2022","Hyderabad","Raw Value Pack 1L","10","0","0"
"22-07-2022","Hyderabad","Buffalo Value Pack 1L","8","0","0"
"22-07-2022","Hyderabad","Lactose Free Milk 0.5L","5","0","0"
"22-07-2023","Hyderabad","Past Milk 1L","19","0","0"
"22-07-2023","Hyderabad","Raw Milk 1L","11","0","0"
"22-07-2023","Hyderabad","Ghee 500ml","3","0","0"
"22-07-2023","Hyderabad","A2 1L","81","0","1"
"22-07-2023","Hyderabad","Curd Culture","2","0","0"
"22-07-2023","Hyderabad","A2 Ghee","7","0","0"
"22-07-2023","Hyderabad","Buffalo Milk 1L","45","0","5"
"22-07-2023","Hyderabad","Paneer 200g Cows Milk","17","0","0"
"22-07-2023","Hyderabad","A2 Value Pack 1L","431","0","2"
"22-07-2023","Hyderabad","Buffalo Ghee 500ml","4","0","0"
"22-07-2023","Hyderabad","Kharwas 120g","9","0","0"
"22-07-2023","Hyderabad","A2 Gir Cow Paneer 200g","7","0","0"
"22-07-2023","Hyderabad","New A2 Value Pack 500ml","146","0","2"
"22-07-2023","Hyderabad","Insulated Door Bag","1","0","0"
"22-07-2023","Hyderabad","Buffalo Milk Value Pack 500ml","97","0","1"
"22-07-2023","Hyderabad","Dahi","14","0","0"
"22-07-2023","Hyderabad","Past Milk Value Pack 1L","15","0","0"
"22-07-2023","Hyderabad","Raw Value Pack 1L","54","0","1"
"22-07-2023","Hyderabad","Buffalo Value Pack 1L","193","0","1"
"22-07-2023","Hyderabad","Lactose Free Milk 0.5L","13","0","0"
"22-07-2023","Hyderabad","Past Milk Value Pack 0.5L","8","0","0"
"22-07-2023","Hyderabad","Raw Milk Value Pack 0.5L","19","0","0"
"22-08-2020","Hyderabad","Past Milk 1L","2","0","0"
"22-08-2020","Hyderabad","A2 Value Pack 1L","1","0","0"
"22-08-2021","Hyderabad","A2 1L","1","0","0"
"22-08-2021","Hyderabad","A2 Value Pack 1L","1","0","0"
"22-08-2022","Hyderabad","Past Milk 1L","22","0","0"
"22-08-2022","Hyderabad","Raw Milk 1L","15","0","0"
"22-08-2022","Hyderabad","Ghee 500ml","3","0","0"
"22-08-2022","Hyderabad","A2 1L","41","0","0"
"22-08-2022","Hyderabad","Curd Culture","1","0","0"
"22-08-2022","Hyderabad","Buffalo Milk 1L","48","0","0"
"22-08-2022","Hyderabad","Paneer 200g Cows Milk","2","0","0"
"22-08-2022","Hyderabad","A2 Value Pack 1L","115","0","0"
"22-08-2022","Hyderabad","Buffalo Ghee 500ml","2","0","0"
"22-08-2022","Hyderabad","Kharwas 120g","8","0","0"
"22-08-2022","Hyderabad","A2 Gir Cow Paneer 200g","2","0","0"
"22-08-2022","Hyderabad","New A2 Value Pack 500ml","67","0","0"
"22-08-2022","Hyderabad","Buffalo Milk Value Pack 500ml","31","0","0"
"22-08-2022","Hyderabad","Dahi","3","0","0"
"22-08-2022","Hyderabad","Past Milk Value Pack 1L","8","0","0"
"22-08-2022","Hyderabad","Raw Value Pack 1L","12","0","0"
"22-08-2022","Hyderabad","Buffalo Value Pack 1L","14","0","0"
"22-08-2022","Hyderabad","Lactose Free Milk 0.5L","2","0","0"
"22-08-2023","Hyderabad","Past Milk 1L","18","0","0"
"22-08-2023","Hyderabad","Raw Milk 1L","15","0","0"
"22-08-2023","Hyderabad","Ghee 500ml","1","0","0"
"22-08-2023","Hyderabad","A2 1L","68","0","0"
"22-08-2023","Hyderabad","Curd Culture","4","0","0"
"22-08-2023","Hyderabad","A2 Ghee","1","0","0"
"22-08-2023","Hyderabad","Buffalo Milk 1L","36","1","2"
"22-08-2023","Hyderabad","Paneer 200g Cows Milk","6","0","0"
"22-08-2023","Hyderabad","A2 Value Pack 1L","421","1","8"
"22-08-2023","Hyderabad","Buffalo Ghee 500ml","1","0","0"
"22-08-2023","Hyderabad","Kharwas 120g","4","0","0"
"22-08-2023","Hyderabad","A2 Gir Cow Paneer 200g","3","0","0"
"22-08-2023","Hyderabad","New A2 Value Pack 500ml","159","0","3"
"22-08-2023","Hyderabad","Buffalo Milk Value Pack 500ml","110","0","2"
"22-08-2023","Hyderabad","Dahi","9","0","0"
"22-08-2023","Hyderabad","Past Milk Value Pack 1L","20","0","0"
"22-08-2023","Hyderabad","Raw Value Pack 1L","61","1","0"
"22-08-2023","Hyderabad","Buffalo Value Pack 1L","202","2","6"
"22-08-2023","Hyderabad","Lactose Free Milk 0.5L","13","0","0"
"22-08-2023","Hyderabad","Past Milk Value Pack 0.5L","12","0","0"
"22-08-2023","Hyderabad","Raw Milk Value Pack 0.5L","24","0","0"
"22-09-2020","Hyderabad","Past Milk 1L","1","0","0"
"22-09-2021","Hyderabad","A2 1L","1","0","0"
"22-09-2021","Hyderabad","A2 Value Pack 1L","1","0","0"
"22-09-2022","Hyderabad","Past Milk 1L","24","0","1"
"22-09-2022","Hyderabad","Raw Milk 1L","17","0","1"
"22-09-2022","Hyderabad","Ghee 500ml","2","0","0"
"22-09-2022","Hyderabad","A2 1L","65","0","5"
"22-09-2022","Hyderabad","A2 Ghee","1","0","0"
"22-09-2022","Hyderabad","Buffalo Milk 1L","66","1","2"
"22-09-2022","Hyderabad","Paneer 200g Cows Milk","6","0","0"
"22-09-2022","Hyderabad","A2 Value Pack 1L","154","0","0"
"22-09-2022","Hyderabad","Buffalo Ghee 500ml","1","0","0"
"22-09-2022","Hyderabad","Kharwas 120g","1","0","0"
"22-09-2022","Hyderabad","A2 Gir Cow Paneer 200g","2","0","0"
"22-09-2022","Hyderabad","New A2 Value Pack 500ml","82","0","1"
"22-09-2022","Hyderabad","Buffalo Milk Value Pack 500ml","38","0","3"
"22-09-2022","Hyderabad","Dahi","13","0","0"
"22-09-2022","Hyderabad","Past Milk Value Pack 1L","10","0","0"
"22-09-2022","Hyderabad","Raw Value Pack 1L","20","0","1"
"22-09-2022","Hyderabad","Buffalo Value Pack 1L","22","0","2"
"22-09-2022","Hyderabad","Lactose Free Milk 0.5L","5","0","0"
"22-09-2023","Hyderabad","Past Milk 1L","22","0","0"
"22-09-2023","Hyderabad","Raw Milk 1L","16","0","0"
"22-09-2023","Hyderabad","Ghee 500ml","4","0","0"
"22-09-2023","Hyderabad","A2 1L","54","0","2"
"22-09-2023","Hyderabad","A2 Ghee","1","0","0"
"22-09-2023","Hyderabad","Buffalo Milk 1L","60","0","0"
"22-09-2023","Hyderabad","Paneer 200g Cows Milk","5","0","0"
"22-09-2023","Hyderabad","A2 Value Pack 1L","478","3","9"
"22-09-2023","Hyderabad","Buffalo Ghee 500ml","3","0","0"
"22-09-2023","Hyderabad","Kharwas 120g","2","0","0"
"22-09-2023","Hyderabad","A2 Gir Cow Paneer 200g","6","0","0"
"22-09-2023","Hyderabad","New A2 Value Pack 500ml","163","2","0"
"22-09-2023","Hyderabad","Buffalo Milk Value Pack 500ml","116","0","0"
"22-09-2023","Hyderabad","Dahi","16","0","0"
"22-09-2023","Hyderabad","Past Milk Value Pack 1L","21","1","1"
"22-09-2023","Hyderabad","Raw Value Pack 1L","51","0","1"
"22-09-2023","Hyderabad","Buffalo Value Pack 1L","247","0","3"
"22-09-2023","Hyderabad","Lactose Free Milk 0.5L","5","0","0"
"22-09-2023","Hyderabad","Past Milk Value Pack 0.5L","15","0","0"
"22-09-2023","Hyderabad","Raw Milk Value Pack 0.5L","23","0","0"
"22-10-2020","Hyderabad","A2 Value Pack 1L","1","0","0"
"22-10-2021","Hyderabad","Past Milk 1L","1","0","0"
"22-10-2021","Hyderabad","A2 Value Pack 1L","1","0","0"
"22-10-2022","Hyderabad","Past Milk 1L","19","0","0"
"22-10-2022","Hyderabad","Raw Milk 1L","15","0","1"
"22-10-2022","Hyderabad","Ghee 500ml","1","0","0"
"22-10-2022","Hyderabad","A2 1L","59","1","0"
"22-10-2022","Hyderabad","A2 Ghee","3","0","0"
"22-10-2022","Hyderabad","Buffalo Milk 1L","54","0","0"
"22-10-2022","Hyderabad","Paneer 200g Cows Milk","2","0","0"
"22-10-2022","Hyderabad","A2 Value Pack 1L","144","0","0"
"22-10-2022","Hyderabad","Buffalo Ghee 500ml","1","0","0"
"22-10-2022","Hyderabad","Kharwas 120g","1","0","0"
"22-10-2022","Hyderabad","A2 Gir Cow Paneer 200g","2","0","0"
"22-10-2022","Hyderabad","New A2 Value Pack 500ml","81","0","2"
"22-10-2022","Hyderabad","Buffalo Milk Value Pack 500ml","34","0","0"
"22-10-2022","Hyderabad","Dahi","8","0","0"
"22-10-2022","Hyderabad","Past Milk Value Pack 1L","7","0","0"
"22-10-2022","Hyderabad","Raw Value Pack 1L","16","0","0"
"22-10-2022","Hyderabad","Buffalo Value Pack 1L","22","0","0"
"22-10-2022","Hyderabad","Lactose Free Milk 0.5L","7","0","0"
"22-10-2023","Hyderabad","Past Milk 1L","16","0","0"
"22-10-2023","Hyderabad","Raw Milk 1L","15","0","0"
"22-10-2023","Hyderabad","Ghee 500ml","1","0","0"
"22-10-2023","Hyderabad","A2 1L","47","0","0"
"22-10-2023","Hyderabad","Curd Culture","5","0","0"
"22-10-2023","Hyderabad","A2 Ghee","3","0","0"
"22-10-2023","Hyderabad","Buffalo Milk 1L","33","0","0"
"22-10-2023","Hyderabad","Paneer 200g Cows Milk","5","0","0"
"22-10-2023","Hyderabad","A2 Value Pack 1L","406","1","4"
"22-10-2023","Hyderabad","Kharwas 120g","1","0","0"
"22-10-2023","Hyderabad","A2 Gir Cow Paneer 200g","2","0","0"
"22-10-2023","Hyderabad","New A2 Value Pack 500ml","153","0","0"
"22-10-2023","Hyderabad","Buffalo Milk Value Pack 500ml","105","0","0"
"22-10-2023","Hyderabad","Dahi","14","0","0"
"22-10-2023","Hyderabad","Past Milk Value Pack 1L","19","0","0"
"22-10-2023","Hyderabad","Raw Value Pack 1L","39","0","0"
"22-10-2023","Hyderabad","Buffalo Value Pack 1L","231","0","1"
"22-10-2023","Hyderabad","Lactose Free Milk 0.5L","7","0","0"
"22-10-2023","Hyderabad","Past Milk Value Pack 0.5L","16","0","0"
"22-10-2023","Hyderabad","Raw Milk Value Pack 0.5L","22","0","0"
"22-11-2020","Hyderabad","Past Milk 1L","1","0","0"
"22-11-2020","Hyderabad","A2 1L","1","0","0"
"22-11-2020","Hyderabad","A2 Value Pack 1L","2","0","0"
"22-11-2021","Hyderabad","Past Milk 1L","1","0","0"
"22-11-2021","Hyderabad","Raw Milk 1L","1","0","0"
"22-11-2021","Hyderabad","A2 Value Pack 1L","1","0","0"
"22-11-2021","Hyderabad","New A2 Value Pack 500ml","1","0","0"
"22-11-2021","Hyderabad","Tender Coconut","2","0","0"
"22-11-2022","Hyderabad","Past Milk 1L","21","0","0"
"22-11-2022","Hyderabad","Raw Milk 1L","18","0","0"
"22-11-2022","Hyderabad","A2 1L","40","0","10"
"22-11-2022","Hyderabad","Curd Culture","5","0","1"
"22-11-2022","Hyderabad","A2 Ghee","2","0","0"
"22-11-2022","Hyderabad","Buffalo Milk 1L","67","0","5"
"22-11-2022","Hyderabad","Paneer 200g Cows Milk","1","0","0"
"22-11-2022","Hyderabad","A2 Value Pack 1L","173","0","0"
"22-11-2022","Hyderabad","Buffalo Ghee 500ml","3","0","0"
"22-11-2022","Hyderabad","Kharwas 120g","4","0","0"
"22-11-2022","Hyderabad","A2 Gir Cow Paneer 200g","5","0","0"
"22-11-2022","Hyderabad","New A2 Value Pack 500ml","93","0","2"
"22-11-2022","Hyderabad","Buffalo Milk Value Pack 500ml","40","0","2"
"22-11-2022","Hyderabad","Dahi","5","0","0"
"22-11-2022","Hyderabad","Past Milk Value Pack 1L","8","0","0"
"22-11-2022","Hyderabad","Raw Value Pack 1L","25","0","0"
"22-11-2022","Hyderabad","Buffalo Value Pack 1L","22","0","2"
"22-11-2022","Hyderabad","Lactose Free Milk 0.5L","10","0","0"
"22-11-2022","Hyderabad","Raw Milk Value Pack 0.5L","1","0","2"
"22-11-2023","Hyderabad","Past Milk 1L","15","0","0"
"22-11-2023","Hyderabad","Raw Milk 1L","14","0","0"
"22-11-2023","Hyderabad","Ghee 500ml","2","0","0"
"22-11-2023","Hyderabad","A2 1L","67","0","0"
"22-11-2023","Hyderabad","A2 Ghee","3","2","0"
"22-11-2023","Hyderabad","Buffalo Milk 1L","31","0","2"
"22-11-2023","Hyderabad","Paneer 200g Cows Milk","11","0","0"
"22-11-2023","Hyderabad","A2 Value Pack 1L","486","0","2"
"22-11-2023","Hyderabad","Buffalo Ghee 500ml","2","0","0"
"22-11-2023","Hyderabad","Kharwas 120g","6","0","0"
"22-11-2023","Hyderabad","A2 Gir Cow Paneer 200g","2","0","0"
"22-11-2023","Hyderabad","New A2 Value Pack 500ml","197","0","2"
"22-11-2023","Hyderabad","Buffalo Milk Value Pack 500ml","157","0","1"
"22-11-2023","Hyderabad","Dahi","15","0","0"
"22-11-2023","Hyderabad","Past Milk Value Pack 1L","22","0","0"
"22-11-2023","Hyderabad","Raw Value Pack 1L","53","0","0"
"22-11-2023","Hyderabad","Buffalo Value Pack 1L","311","1","4"
"22-11-2023","Hyderabad","Lactose Free Milk 0.5L","10","0","0"
"22-11-2023","Hyderabad","Past Milk Value Pack 0.5L","15","0","0"
"22-11-2023","Hyderabad","Raw Milk Value Pack 0.5L","20","0","0"
"22-12-2020","Hyderabad","Buffalo Milk 1L","1","0","0"
"22-12-2020","Hyderabad","A2 Value Pack 1L","1","0","0"
"22-12-2021","Hyderabad","A2 Value Pack 1L","2","0","0"
"22-12-2022","Hyderabad","Past Milk 1L","16","0","0"
"22-12-2022","Hyderabad","Raw Milk 1L","15","0","0"
"22-12-2022","Hyderabad","A2 1L","69","0","7"
"22-12-2022","Hyderabad","Curd Culture","4","0","0"
"22-12-2022","Hyderabad","Buffalo Milk 1L","50","0","9"
"22-12-2022","Hyderabad","A2 Value Pack 1L","205","0","0"
"22-12-2022","Hyderabad","Kharwas 120g","1","0","0"
"22-12-2022","Hyderabad","New A2 Value Pack 500ml","89","0","0"
"22-12-2022","Hyderabad","Buffalo Milk Value Pack 500ml","40","0","0"
"22-12-2022","Hyderabad","Dahi","5","0","0"
"22-12-2022","Hyderabad","Past Milk Value Pack 1L","20","0","0"
"22-12-2022","Hyderabad","Raw Value Pack 1L","23","0","0"
"22-12-2022","Hyderabad","Buffalo Value Pack 1L","60","1","0"
"22-12-2022","Hyderabad","Lactose Free Milk 0.5L","4","0","0"
"22-12-2022","Hyderabad","Past Milk Value Pack 0.5L","1","0","0"
"22-12-2022","Hyderabad","Raw Milk Value Pack 0.5L","11","1","0"
"22-12-2023","Hyderabad","Past Milk 1L","18","0","0"
"22-12-2023","Hyderabad","Raw Milk 1L","15","0","0"
"22-12-2023","Hyderabad","Ghee 500ml","1","0","0"
"22-12-2023","Hyderabad","A2 1L","80","0","0"
"22-12-2023","Hyderabad","A2 Ghee","3","1","0"
"22-12-2023","Hyderabad","Buffalo Milk 1L","37","0","3"
"22-12-2023","Hyderabad","Paneer 200g Cows Milk","9","0","0"
"22-12-2023","Hyderabad","A2 Value Pack 1L","522","3","4"
"22-12-2023","Hyderabad","Buffalo Ghee 500ml","0","1","0"
"22-12-2023","Hyderabad","Kharwas 120g","10","0","0"
"22-12-2023","Hyderabad","A2 Gir Cow Paneer 200g","3","0","0"
"22-12-2023","Hyderabad","New A2 Value Pack 500ml","197","0","2"
"22-12-2023","Hyderabad","Buffalo Milk Value Pack 500ml","146","1","3"
"22-12-2023","Hyderabad","Dahi","18","0","0"
"22-12-2023","Hyderabad","Past Milk Value Pack 1L","20","0","0"
"22-12-2023","Hyderabad","Raw Value Pack 1L","60","0","2"
"22-12-2023","Hyderabad","Buffalo Value Pack 1L","325","1","2"
"22-12-2023","Hyderabad","Lactose Free Milk 0.5L","9","0","0"
"22-12-2023","Hyderabad","Past Milk Value Pack 0.5L","15","0","0"
"22-12-2023","Hyderabad","Raw Milk Value Pack 0.5L","15","0","3"
"23-01-2020","Hyderabad","Past Milk 1L","1","0","0"
"23-01-2020","Hyderabad","Raw Milk 1L","1","0","0"
"23-01-2020","Hyderabad","A2 Value Pack 1L","2","0","0"
"23-01-2021","Hyderabad","Buffalo Milk 1L","1","0","0"
"23-01-2021","Hyderabad","A2 Value Pack 1L","1","0","0"
"23-01-2022","Hyderabad","A2 1L","3","0","2"
"23-01-2022","Hyderabad","Buffalo Milk 1L","0","0","2"
"23-01-2022","Hyderabad","A2 Value Pack 1L","5","0","0"
"23-01-2022","Hyderabad","New A2 Value Pack 500ml","1","0","0"
"23-01-2023","Hyderabad","Past Milk 1L","21","0","0"
"23-01-2023","Hyderabad","Raw Milk 1L","22","0","0"
"23-01-2023","Hyderabad","Ghee 500ml","2","0","0"
"23-01-2023","Hyderabad","A2 1L","59","1","0"
"23-01-2023","Hyderabad","Curd Culture","1","0","0"
"23-01-2023","Hyderabad","A2 Ghee","2","0","0"
"23-01-2023","Hyderabad","Buffalo Milk 1L","45","4","1"
"23-01-2023","Hyderabad","Paneer 200g Cows Milk","1","0","0"
"23-01-2023","Hyderabad","A2 Value Pack 1L","245","0","0"
"23-01-2023","Hyderabad","Buffalo Ghee 500ml","2","0","0"
"23-01-2023","Hyderabad","Kharwas 120g","3","0","0"
"23-01-2023","Hyderabad","A2 Gir Cow Paneer 200g","8","0","0"
"23-01-2023","Hyderabad","New A2 Value Pack 500ml","91","0","1"
"23-01-2023","Hyderabad","Buffalo Milk Value Pack 500ml","55","0","0"
"23-01-2023","Hyderabad","Dahi","8","0","0"
"23-01-2023","Hyderabad","Past Milk Value Pack 1L","10","0","0"
"23-01-2023","Hyderabad","Raw Value Pack 1L","34","0","1"
"23-01-2023","Hyderabad","Buffalo Value Pack 1L","93","0","0"
"23-01-2023","Hyderabad","Lactose Free Milk 0.5L","6","0","0"
"23-01-2023","Hyderabad","Past Milk Value Pack 0.5L","4","0","0"
"23-01-2023","Hyderabad","Raw Milk Value Pack 0.5L","15","0","0"
"23-01-2024","Hyderabad","Past Milk 1L","20","0","0"
"23-01-2024","Hyderabad","Raw Milk 1L","12","0","0"
"23-01-2024","Hyderabad","Ghee 500ml","3","0","0"
"23-01-2024","Hyderabad","A2 1L","70","0","3"
"23-01-2024","Hyderabad","Curd Culture","2","0","0"
"23-01-2024","Hyderabad","A2 Ghee","0","1","0"
"23-01-2024","Hyderabad","Buffalo Milk 1L","43","0","5"
"23-01-2024","Hyderabad","Paneer 200g Cows Milk","8","0","0"
"23-01-2024","Hyderabad","A2 Value Pack 1L","545","3","1"
"23-01-2024","Hyderabad","Buffalo Ghee 500ml","3","0","0"
"23-01-2024","Hyderabad","Kharwas 120g","3","0","0"
"23-01-2024","Hyderabad","A2 Gir Cow Paneer 200g","2","0","0"
"23-01-2024","Hyderabad","New A2 Value Pack 500ml","200","0","2"
"23-01-2024","Hyderabad","Buffalo Milk Value Pack 500ml","134","0","1"
"23-01-2024","Hyderabad","Dahi","14","0","0"
"23-01-2024","Hyderabad","Past Milk Value Pack 1L","22","0","0"
"23-01-2024","Hyderabad","Raw Value Pack 1L","66","0","0"
"23-01-2024","Hyderabad","Buffalo Value Pack 1L","325","2","0"
"23-01-2024","Hyderabad","Lactose Free Milk 0.5L","7","0","0"
"23-01-2024","Hyderabad","Past Milk Value Pack 0.5L","21","0","0"
"23-01-2024","Hyderabad","Raw Milk Value Pack 0.5L","25","0","0"
"23-02-2020","Hyderabad","Past Milk 1L","2","0","0"
"23-02-2020","Hyderabad","A2 Value Pack 1L","1","0","0"
"23-02-2021","Hyderabad","Buffalo Milk 1L","1","0","0"
"23-02-2021","Hyderabad","A2 Value Pack 1L","1","0","0"
"23-02-2021","Hyderabad","Kharwas 120g","1","0","0"
"23-02-2022","Hyderabad","Past Milk 1L","6","0","0"
"23-02-2022","Hyderabad","Raw Milk 1L","9","0","0"
"23-02-2022","Hyderabad","Past Milk 0.5L","3","0","0"
"23-02-2022","Hyderabad","A2 1L","24","0","10"
"23-02-2022","Hyderabad","Buffalo Milk 1L","20","0","10"
"23-02-2022","Hyderabad","Paneer 200g Cows Milk","4","0","0"
"23-02-2022","Hyderabad","A2 Value Pack 1L","35","0","5"
"23-02-2022","Hyderabad","Buffalo Ghee 500ml","1","0","0"
"23-02-2022","Hyderabad","Kharwas 120g","3","0","0"
"23-02-2022","Hyderabad","A2 Gir Cow Paneer 200g","2","0","0"
"23-02-2022","Hyderabad","New A2 Value Pack 500ml","24","0","2"
"23-02-2022","Hyderabad","Buffalo Milk Value Pack 500ml","10","0","5"
"23-02-2022","Hyderabad","Dahi","2","0","0"
"23-02-2023","Hyderabad","Past Milk 1L","13","0","0"
"23-02-2023","Hyderabad","Raw Milk 1L","20","0","0"
"23-02-2023","Hyderabad","Ghee 500ml","1","0","0"
"23-02-2023","Hyderabad","A2 1L","56","2","2"
"23-02-2023","Hyderabad","Curd Culture","2","0","0"
"23-02-2023","Hyderabad","A2 Ghee","1","0","0"
"23-02-2023","Hyderabad","Buffalo Milk 1L","42","1","11"
"23-02-2023","Hyderabad","Paneer 200g Cows Milk","2","0","0"
"23-02-2023","Hyderabad","A2 Value Pack 1L","254","1","6"
"23-02-2023","Hyderabad","Buffalo Ghee 500ml","1","0","0"
"23-02-2023","Hyderabad","Kharwas 120g","10","0","0"
"23-02-2023","Hyderabad","A2 Gir Cow Paneer 200g","2","0","0"
"23-02-2023","Hyderabad","New A2 Value Pack 500ml","109","0","1"
"23-02-2023","Hyderabad","Buffalo Milk Value Pack 500ml","66","0","3"
"23-02-2023","Hyderabad","Dahi","13","0","0"
"23-02-2023","Hyderabad","Past Milk Value Pack 1L","14","2","1"
"23-02-2023","Hyderabad","Raw Value Pack 1L","35","0","1"
"23-02-2023","Hyderabad","Buffalo Value Pack 1L","112","0","9"
"23-02-2023","Hyderabad","Lactose Free Milk 0.5L","12","0","0"
"23-02-2023","Hyderabad","Past Milk Value Pack 0.5L","3","0","0"
"23-02-2023","Hyderabad","Raw Milk Value Pack 0.5L","17","0","0"
"23-02-2024","Hyderabad","Past Milk 1L","23","0","0"
"23-02-2024","Hyderabad","Raw Milk 1L","15","0","0"
"23-02-2024","Hyderabad","Ghee 500ml","3","0","0"
"23-02-2024","Hyderabad","A2 1L","56","0","5"
"23-02-2024","Hyderabad","Curd Culture","3","0","0"
"23-02-2024","Hyderabad","A2 Ghee","3","1","0"
"23-02-2024","Hyderabad","Buffalo Milk 1L","49","0","11"
"23-02-2024","Hyderabad","Paneer 200g Cows Milk","16","0","0"
"23-02-2024","Hyderabad","A2 Value Pack 1L","554","1","0"
"23-02-2024","Hyderabad","Kharwas 120g","14","0","0"
"23-02-2024","Hyderabad","A2 Gir Cow Paneer 200g","4","0","0"
"23-02-2024","Hyderabad","New A2 Value Pack 500ml","217","0","1"
"23-02-2024","Hyderabad","Buffalo Milk Value Pack 500ml","169","1","0"
"23-02-2024","Hyderabad","Dahi","11","0","0"
"23-02-2024","Hyderabad","Past Milk Value Pack 1L","21","0","0"
"23-02-2024","Hyderabad","Raw Value Pack 1L","66","0","1"
"23-02-2024","Hyderabad","Buffalo Value Pack 1L","344","2","0"
"23-02-2024","Hyderabad","Lactose Free Milk 0.5L","15","0","0"
"23-02-2024","Hyderabad","Past Milk Value Pack 0.5L","19","0","0"
"23-02-2024","Hyderabad","Raw Milk Value Pack 0.5L","18","0","0"
"23-03-2020","Hyderabad","Past Milk 1L","2","0","0"
"23-03-2020","Hyderabad","A2 Value Pack 1L","2","0","0"
"23-03-2020","Hyderabad","Kharwas 120g","1","0","0"
"23-03-2021","Hyderabad","A2 1L","1","0","0"
"23-03-2021","Hyderabad","A2 Value Pack 1L","2","0","0"
"23-03-2022","Hyderabad","Past Milk 1L","9","0","0"
"23-03-2022","Hyderabad","Raw Milk 1L","15","0","1"
"23-03-2022","Hyderabad","Past Milk 0.5L","2","0","1"
"23-03-2022","Hyderabad","A2 1L","25","0","3"
"23-03-2022","Hyderabad","A2 Ghee","1","0","0"
"23-03-2022","Hyderabad","Buffalo Milk 1L","42","0","4"
"23-03-2022","Hyderabad","Paneer 200g Cows Milk","2","0","0"
"23-03-2022","Hyderabad","A2 Value Pack 1L","56","0","0"
"23-03-2022","Hyderabad","New A2 Value Pack 500ml","32","0","1"
"23-03-2022","Hyderabad","Insulated Door Bag","1","0","0"
"23-03-2022","Hyderabad","Buffalo Milk Value Pack 500ml","20","0","0"
"23-03-2022","Hyderabad","Dahi","1","0","0"
"23-03-2023","Hyderabad","Past Milk 1L","22","0","0"
"23-03-2023","Hyderabad","Raw Milk 1L","23","0","0"
"23-03-2023","Hyderabad","Ghee 500ml","1","0","0"
"23-03-2023","Hyderabad","A2 1L","69","2","0"
"23-03-2023","Hyderabad","Curd Culture","2","0","0"
"23-03-2023","Hyderabad","A2 Ghee","4","0","0"
"23-03-2023","Hyderabad","Buffalo Milk 1L","43","0","2"
"23-03-2023","Hyderabad","Paneer 200g Cows Milk","4","0","0"
"23-03-2023","Hyderabad","A2 Value Pack 1L","272","3","0"
"23-03-2023","Hyderabad","Buffalo Ghee 500ml","2","0","0"
"23-03-2023","Hyderabad","Kharwas 120g","5","0","0"
"23-03-2023","Hyderabad","A2 Gir Cow Paneer 200g","2","0","0"
"23-03-2023","Hyderabad","New A2 Value Pack 500ml","102","1","0"
"23-03-2023","Hyderabad","Insulated Door Bag","2","0","0"
"23-03-2023","Hyderabad","Buffalo Milk Value Pack 500ml","59","1","1"
"23-03-2023","Hyderabad","Dahi","14","0","0"
"23-03-2023","Hyderabad","Past Milk Value Pack 1L","15","0","0"
"23-03-2023","Hyderabad","Raw Value Pack 1L","37","1","0"
"23-03-2023","Hyderabad","Buffalo Value Pack 1L","125","1","2"
"23-03-2023","Hyderabad","Lactose Free Milk 0.5L","4","0","0"
"23-03-2023","Hyderabad","Past Milk Value Pack 0.5L","11","0","0"
"23-03-2023","Hyderabad","Raw Milk Value Pack 0.5L","21","0","0"
"23-03-2024","Hyderabad","Past Milk 1L","20","0","0"
"23-03-2024","Hyderabad","Raw Milk 1L","15","0","0"
"23-03-2024","Hyderabad","Ghee 500ml","2","0","0"
"23-03-2024","Hyderabad","A2 1L","70","0","5"
"23-03-2024","Hyderabad","Curd Culture","4","0","0"
"23-03-2024","Hyderabad","A2 Ghee","3","2","0"
"23-03-2024","Hyderabad","Buffalo Milk 1L","61","0","8"
"23-03-2024","Hyderabad","Paneer 200g Cows Milk","8","0","0"
"23-03-2024","Hyderabad","A2 Value Pack 1L","572","0","0"
"23-03-2024","Hyderabad","Buffalo Ghee 500ml","1","0","0"
"23-03-2024","Hyderabad","Kharwas 120g","2","0","0"
"23-03-2024","Hyderabad","A2 Gir Cow Paneer 200g","3","0","0"
"23-03-2024","Hyderabad","New A2 Value Pack 500ml","212","1","0"
"23-03-2024","Hyderabad","Buffalo Milk Value Pack 500ml","171","0","0"
"23-03-2024","Hyderabad","Dahi","22","0","0"
"23-03-2024","Hyderabad","Past Milk Value Pack 1L","20","0","0"
"23-03-2024","Hyderabad","Raw Value Pack 1L","70","0","0"
"23-03-2024","Hyderabad","Buffalo Value Pack 1L","401","0","1"
"23-03-2024","Hyderabad","Lactose Free Milk 0.5L","14","0","0"
"23-03-2024","Hyderabad","Past Milk Value Pack 0.5L","15","0","0"
"23-03-2024","Hyderabad","Raw Milk Value Pack 0.5L","20","0","0"
"23-04-2020","Hyderabad","Past Milk 1L","2","0","0"
"23-04-2020","Hyderabad","Buffalo Milk 1L","1","0","0"
"23-04-2020","Hyderabad","New A2 Value Pack 500ml","1","0","0"
"23-04-2021","Hyderabad","Buffalo Milk 1L","1","0","0"
"23-04-2021","Hyderabad","A2 Value Pack 1L","1","0","0"
"23-04-2022","Hyderabad","Past Milk 1L","19","0","0"
"23-04-2022","Hyderabad","Raw Milk 1L","16","0","0"
"23-04-2022","Hyderabad","Past Milk 0.5L","6","0","1"
"23-04-2022","Hyderabad","A2 1L","44","0","10"
"23-04-2022","Hyderabad","Buffalo Milk 1L","43","0","7"
"23-04-2022","Hyderabad","Paneer 200g Cows Milk","3","0","0"
"23-04-2022","Hyderabad","A2 Value Pack 1L","75","0","2"
"23-04-2022","Hyderabad","A2 Gir Cow Paneer 200g","1","0","0"
"23-04-2022","Hyderabad","New A2 Value Pack 500ml","32","0","3"
"23-04-2022","Hyderabad","Buffalo Milk Value Pack 500ml","33","0","2"
"23-04-2023","Hyderabad","Past Milk 1L","20","1","0"
"23-04-2023","Hyderabad","Raw Milk 1L","23","0","0"
"23-04-2023","Hyderabad","Ghee 500ml","3","0","0"
"23-04-2023","Hyderabad","A2 1L","56","7","0"
"23-04-2023","Hyderabad","Curd Culture","1","0","0"
"23-04-2023","Hyderabad","A2 Ghee","1","0","0"
"23-04-2023","Hyderabad","Buffalo Milk 1L","42","9","1"
"23-04-2023","Hyderabad","Paneer 200g Cows Milk","4","0","0"
"23-04-2023","Hyderabad","A2 Value Pack 1L","266","8","1"
"23-04-2023","Hyderabad","Buffalo Ghee 500ml","2","0","0"
"23-04-2023","Hyderabad","Kharwas 120g","1","0","0"
"23-04-2023","Hyderabad","A2 Gir Cow Paneer 200g","2","0","0"
"23-04-2023","Hyderabad","New A2 Value Pack 500ml","93","3","0"
"23-04-2023","Hyderabad","Buffalo Milk Value Pack 500ml","77","5","0"
"23-04-2023","Hyderabad","Dahi","10","0","0"
"23-04-2023","Hyderabad","Past Milk Value Pack 1L","20","0","0"
"23-04-2023","Hyderabad","Raw Value Pack 1L","40","0","0"
"23-04-2023","Hyderabad","Buffalo Value Pack 1L","161","13","1"
"23-04-2023","Hyderabad","Lactose Free Milk 0.5L","8","0","0"
"23-04-2023","Hyderabad","Past Milk Value Pack 0.5L","8","0","0"
"23-04-2023","Hyderabad","Raw Milk Value Pack 0.5L","25","0","0"
"23-05-2020","Hyderabad","Past Milk 1L","1","0","0"
"23-05-2020","Hyderabad","A2 1L","1","0","0"
"23-05-2020","Hyderabad","A2 Value Pack 1L","1","0","0"
"23-05-2021","Hyderabad","A2 1L","1","0","0"
"23-05-2021","Hyderabad","Buffalo Milk 1L","1","0","0"
"23-05-2021","Hyderabad","A2 Value Pack 1L","2","0","0"
"23-05-2021","Hyderabad","Kharwas 120g","1","0","0"
"23-05-2022","Hyderabad","Past Milk 1L","14","0","0"
"23-05-2022","Hyderabad","Raw Milk 1L","16","0","0"
"23-05-2022","Hyderabad","Past Milk 0.5L","5","0","0"
"23-05-2022","Hyderabad","A2 1L","51","3","0"
"23-05-2022","Hyderabad","Curd Culture","1","0","0"
"23-05-2022","Hyderabad","A2 Ghee","1","0","0"
"23-05-2022","Hyderabad","Buffalo Milk 1L","51","2","1"
"23-05-2022","Hyderabad","Paneer 200g Cows Milk","2","0","0"
"23-05-2022","Hyderabad","A2 Value Pack 1L","90","0","0"
"23-05-2022","Hyderabad","Kharwas 120g","1","0","0"
"23-05-2022","Hyderabad","A2 Gir Cow Paneer 200g","2","0","0"
"23-05-2022","Hyderabad","New A2 Value Pack 500ml","33","1","1"
"23-05-2022","Hyderabad","Insulated Door Bag","1","0","0"
"23-05-2022","Hyderabad","Buffalo Milk Value Pack 500ml","20","0","0"
"23-05-2023","Hyderabad","Past Milk 1L","26","0","0"
"23-05-2023","Hyderabad","Raw Milk 1L","18","1","0"
"23-05-2023","Hyderabad","Ghee 500ml","1","0","0"
"23-05-2023","Hyderabad","A2 1L","62","6","0"
"23-05-2023","Hyderabad","Curd Culture","1","0","0"
"23-05-2023","Hyderabad","A2 Ghee","2","0","0"
"23-05-2023","Hyderabad","Buffalo Milk 1L","35","3","1"
"23-05-2023","Hyderabad","Paneer 200g Cows Milk","5","0","0"
"23-05-2023","Hyderabad","A2 Value Pack 1L","269","13","2"
"23-05-2023","Hyderabad","Buffalo Ghee 500ml","1","0","0"
"23-05-2023","Hyderabad","Kharwas 120g","6","0","0"
"23-05-2023","Hyderabad","A2 Gir Cow Paneer 200g","2","0","0"
"23-05-2023","Hyderabad","New A2 Value Pack 500ml","107","3","1"
"23-05-2023","Hyderabad","Insulated Door Bag","1","0","0"
"23-05-2023","Hyderabad","Buffalo Milk Value Pack 500ml","75","6","0"
"23-05-2023","Hyderabad","Dahi","7","0","0"
"23-05-2023","Hyderabad","Past Milk Value Pack 1L","20","0","0"
"23-05-2023","Hyderabad","Raw Value Pack 1L","39","1","0"
"23-05-2023","Hyderabad","Buffalo Value Pack 1L","152","15","3"
"23-05-2023","Hyderabad","Lactose Free Milk 0.5L","6","1","0"
"23-05-2023","Hyderabad","Past Milk Value Pack 0.5L","8","0","0"
"23-05-2023","Hyderabad","Raw Milk Value Pack 0.5L","16","0","0"
"23-06-2020","Hyderabad","Past Milk 1L","2","0","0"
"23-06-2020","Hyderabad","A2 Value Pack 1L","1","0","0"
"23-06-2021","Hyderabad","A2 1L","1","0","0"
"23-06-2021","Hyderabad","Buffalo Milk 1L","1","0","0"
"23-06-2021","Hyderabad","A2 Value Pack 1L","1","0","0"
"23-06-2021","Hyderabad","Kharwas 120g","1","0","0"
"23-06-2022","Hyderabad","Past Milk 1L","24","0","0"
"23-06-2022","Hyderabad","Raw Milk 1L","20","0","0"
"23-06-2022","Hyderabad","Past Milk 0.5L","3","0","0"
"23-06-2022","Hyderabad","Ghee 500ml","2","0","0"
"23-06-2022","Hyderabad","A2 1L","55","1","2"
"23-06-2022","Hyderabad","A2 Ghee","1","0","0"
"23-06-2022","Hyderabad","Buffalo Milk 1L","67","3","0"
"23-06-2022","Hyderabad","A2 Value Pack 1L","133","2","0"
"23-06-2022","Hyderabad","Buffalo Ghee 500ml","1","0","0"
"23-06-2022","Hyderabad","Kharwas 120g","1","0","0"
"23-06-2022","Hyderabad","A2 Gir Cow Paneer 200g","1","0","0"
"23-06-2022","Hyderabad","New A2 Value Pack 500ml","61","1","0"
"23-06-2022","Hyderabad","Buffalo Milk Value Pack 500ml","45","0","0"
"23-06-2023","Hyderabad","Past Milk 1L","15","0","0"
"23-06-2023","Hyderabad","Raw Milk 1L","21","0","0"
"23-06-2023","Hyderabad","Ghee 500ml","4","0","0"
"23-06-2023","Hyderabad","A2 1L","77","2","0"
"23-06-2023","Hyderabad","Curd Culture","2","0","0"
"23-06-2023","Hyderabad","Buffalo Milk 1L","41","4","9"
"23-06-2023","Hyderabad","Paneer 200g Cows Milk","10","0","0"
"23-06-2023","Hyderabad","A2 Value Pack 1L","389","10","12"
"23-06-2023","Hyderabad","Buffalo Ghee 500ml","1","0","0"
"23-06-2023","Hyderabad","Kharwas 120g","5","0","0"
"23-06-2023","Hyderabad","A2 Gir Cow Paneer 200g","2","0","0"
"23-06-2023","Hyderabad","New A2 Value Pack 500ml","141","2","2"
"23-06-2023","Hyderabad","Insulated Door Bag","2","0","0"
"23-06-2023","Hyderabad","Buffalo Milk Value Pack 500ml","93","1","1"
"23-06-2023","Hyderabad","Dahi","10","0","0"
"23-06-2023","Hyderabad","Past Milk Value Pack 1L","21","0","1"
"23-06-2023","Hyderabad","Raw Value Pack 1L","51","1","0"
"23-06-2023","Hyderabad","Buffalo Value Pack 1L","184","9","8"
"23-06-2023","Hyderabad","Lactose Free Milk 0.5L","8","0","0"
"23-06-2023","Hyderabad","Past Milk Value Pack 0.5L","12","0","0"
"23-06-2023","Hyderabad","Raw Milk Value Pack 0.5L","13","1","0"
"23-07-2020","Hyderabad","Past Milk 1L","1","0","0"
"23-07-2020","Hyderabad","A2 Value Pack 1L","1","0","0"
"23-07-2021","Hyderabad","A2 1L","1","0","0"
"23-07-2021","Hyderabad","A2 Value Pack 1L","1","0","0"
"23-07-2022","Hyderabad","Past Milk 1L","24","0","0"
"23-07-2022","Hyderabad","Raw Milk 1L","17","0","0"
"23-07-2022","Hyderabad","Ghee 500ml","3","0","0"
"23-07-2022","Hyderabad","A2 1L","51","0","0"
"23-07-2022","Hyderabad","Buffalo Milk 1L","58","0","1"
"23-07-2022","Hyderabad","Paneer 200g Cows Milk","1","0","0"
"23-07-2022","Hyderabad","A2 Value Pack 1L","117","0","0"
"23-07-2022","Hyderabad","Buffalo Ghee 500ml","1","0","0"
"23-07-2022","Hyderabad","Kharwas 120g","3","0","0"
"23-07-2022","Hyderabad","A2 Gir Cow Paneer 200g","3","0","0"
"23-07-2022","Hyderabad","New A2 Value Pack 500ml","58","0","0"
"23-07-2022","Hyderabad","Buffalo Milk Value Pack 500ml","27","0","0"
"23-07-2022","Hyderabad","Dahi","10","0","0"
"23-07-2022","Hyderabad","Past Milk Value Pack 1L","5","0","0"
"23-07-2022","Hyderabad","Raw Value Pack 1L","8","0","0"
"23-07-2022","Hyderabad","Buffalo Value Pack 1L","4","0","0"
"23-07-2022","Hyderabad","Lactose Free Milk 0.5L","4","0","0"
"23-07-2023","Hyderabad","Past Milk 1L","15","0","0"
"23-07-2023","Hyderabad","Raw Milk 1L","18","0","0"
"23-07-2023","Hyderabad","Ghee 500ml","4","0","0"
"23-07-2023","Hyderabad","A2 1L","69","0","0"
"23-07-2023","Hyderabad","Curd Culture","1","0","0"
"23-07-2023","Hyderabad","A2 Ghee","5","0","0"
"23-07-2023","Hyderabad","Buffalo Milk 1L","33","0","0"
"23-07-2023","Hyderabad","Paneer 200g Cows Milk","4","0","0"
"23-07-2023","Hyderabad","A2 Value Pack 1L","407","2","0"
"23-07-2023","Hyderabad","Kharwas 120g","5","0","0"
"23-07-2023","Hyderabad","A2 Gir Cow Paneer 200g","1","0","0"
"23-07-2023","Hyderabad","New A2 Value Pack 500ml","139","0","4"
"23-07-2023","Hyderabad","Buffalo Milk Value Pack 500ml","93","1","3"
"23-07-2023","Hyderabad","Dahi","14","0","0"
"23-07-2023","Hyderabad","Past Milk Value Pack 1L","13","0","0"
"23-07-2023","Hyderabad","Raw Value Pack 1L","57","1","0"
"23-07-2023","Hyderabad","Buffalo Value Pack 1L","190","2","2"
"23-07-2023","Hyderabad","Lactose Free Milk 0.5L","11","0","0"
"23-07-2023","Hyderabad","Past Milk Value Pack 0.5L","7","0","0"
"23-07-2023","Hyderabad","Raw Milk Value Pack 0.5L","15","0","0"
"23-08-2020","Hyderabad","A2 1L","1","0","0"
"23-08-2020","Hyderabad","Buffalo Milk 1L","1","0","0"
"23-08-2021","Hyderabad","A2 Value Pack 1L","1","0","0"
"23-08-2022","Hyderabad","Past Milk 1L","26","0","0"
"23-08-2022","Hyderabad","Raw Milk 1L","11","0","1"
"23-08-2022","Hyderabad","Ghee 500ml","2","0","0"
"23-08-2022","Hyderabad","A2 1L","40","1","4"
"23-08-2022","Hyderabad","A2 Ghee","1","0","0"
"23-08-2022","Hyderabad","Buffalo Milk 1L","48","0","2"
"23-08-2022","Hyderabad","Paneer 200g Cows Milk","2","0","0"
"23-08-2022","Hyderabad","A2 Value Pack 1L","133","0","0"
"23-08-2022","Hyderabad","New A2 Value Pack 500ml","75","0","2"
"23-08-2022","Hyderabad","Buffalo Milk Value Pack 500ml","33","0","0"
"23-08-2022","Hyderabad","Dahi","6","0","0"
"23-08-2022","Hyderabad","Past Milk Value Pack 1L","6","0","0"
"23-08-2022","Hyderabad","Raw Value Pack 1L","13","0","0"
"23-08-2022","Hyderabad","Buffalo Value Pack 1L","18","0","3"
"23-08-2022","Hyderabad","Lactose Free Milk 0.5L","3","0","0"
"23-08-2023","Hyderabad","Past Milk 1L","26","0","0"
"23-08-2023","Hyderabad","Raw Milk 1L","15","0","0"
"23-08-2023","Hyderabad","Ghee 500ml","3","0","0"
"23-08-2023","Hyderabad","A2 1L","72","1","3"
"23-08-2023","Hyderabad","Curd Culture","1","0","0"
"23-08-2023","Hyderabad","A2 Ghee","7","0","0"
"23-08-2023","Hyderabad","Buffalo Milk 1L","41","0","5"
"23-08-2023","Hyderabad","Paneer 200g Cows Milk","4","0","0"
"23-08-2023","Hyderabad","A2 Value Pack 1L","441","1","2"
"23-08-2023","Hyderabad","Buffalo Ghee 500ml","2","0","0"
"23-08-2023","Hyderabad","Kharwas 120g","4","0","0"
"23-08-2023","Hyderabad","A2 Gir Cow Paneer 200g","5","0","0"
"23-08-2023","Hyderabad","New A2 Value Pack 500ml","158","0","1"
"23-08-2023","Hyderabad","Buffalo Milk Value Pack 500ml","113","0","2"
"23-08-2023","Hyderabad","Dahi","16","0","0"
"23-08-2023","Hyderabad","Past Milk Value Pack 1L","18","0","0"
"23-08-2023","Hyderabad","Raw Value Pack 1L","64","0","1"
"23-08-2023","Hyderabad","Buffalo Value Pack 1L","207","2","1"
"23-08-2023","Hyderabad","Lactose Free Milk 0.5L","15","0","0"
"23-08-2023","Hyderabad","Past Milk Value Pack 0.5L","10","0","0"
"23-08-2023","Hyderabad","Raw Milk Value Pack 0.5L","25","0","0"
"23-09-2020","Hyderabad","Past Milk 1L","1","0","0"
"23-09-2020","Hyderabad","A2 1L","1","0","0"
"23-09-2020","Hyderabad","A2 Value Pack 1L","1","0","0"
"23-09-2021","Hyderabad","A2 Value Pack 1L","2","0","0"
"23-09-2022","Hyderabad","Past Milk 1L","22","0","0"
"23-09-2022","Hyderabad","Raw Milk 1L","15","2","2"
"23-09-2022","Hyderabad","Ghee 500ml","4","0","0"
"23-09-2022","Hyderabad","A2 1L","60","1","7"
"23-09-2022","Hyderabad","Curd Culture","1","0","0"
"23-09-2022","Hyderabad","A2 Ghee","1","0","0"
"23-09-2022","Hyderabad","Buffalo Milk 1L","58","0","4"
"23-09-2022","Hyderabad","Paneer 200g Cows Milk","4","0","0"
"23-09-2022","Hyderabad","A2 Value Pack 1L","133","1","0"
"23-09-2022","Hyderabad","Kharwas 120g","5","0","0"
"23-09-2022","Hyderabad","A2 Gir Cow Paneer 200g","1","0","0"
"23-09-2022","Hyderabad","New A2 Value Pack 500ml","93","0","0"
"23-09-2022","Hyderabad","Insulated Door Bag","1","0","0"
"23-09-2022","Hyderabad","Buffalo Milk Value Pack 500ml","30","0","0"
"23-09-2022","Hyderabad","Dahi","8","0","0"
"23-09-2022","Hyderabad","Past Milk Value Pack 1L","10","0","0"
"23-09-2022","Hyderabad","Raw Value Pack 1L","22","0","0"
"23-09-2022","Hyderabad","Buffalo Value Pack 1L","11","0","0"
"23-09-2022","Hyderabad","Lactose Free Milk 0.5L","9","0","0"
"23-09-2023","Hyderabad","Past Milk 1L","23","0","0"
"23-09-2023","Hyderabad","Raw Milk 1L","12","0","0"
"23-09-2023","Hyderabad","Ghee 500ml","2","0","0"
"23-09-2023","Hyderabad","A2 1L","81","0","0"
"23-09-2023","Hyderabad","Curd Culture","1","0","1"
"23-09-2023","Hyderabad","A2 Ghee","7","0","0"
"23-09-2023","Hyderabad","Buffalo Milk 1L","51","0","4"
"23-09-2023","Hyderabad","Paneer 200g Cows Milk","9","0","0"
"23-09-2023","Hyderabad","A2 Value Pack 1L","466","1","2"
"23-09-2023","Hyderabad","Buffalo Ghee 500ml","1","0","0"
"23-09-2023","Hyderabad","Kharwas 120g","2","0","0"
"23-09-2023","Hyderabad","A2 Gir Cow Paneer 200g","5","0","0"
"23-09-2023","Hyderabad","New A2 Value Pack 500ml","171","0","1"
"23-09-2023","Hyderabad","Buffalo Milk Value Pack 500ml","127","1","1"
"23-09-2023","Hyderabad","Dahi","7","0","0"
"23-09-2023","Hyderabad","Past Milk Value Pack 1L","24","0","0"
"23-09-2023","Hyderabad","Raw Value Pack 1L","55","1","1"
"23-09-2023","Hyderabad","Buffalo Value Pack 1L","241","1","3"
"23-09-2023","Hyderabad","Lactose Free Milk 0.5L","8","0","0"
"23-09-2023","Hyderabad","Past Milk Value Pack 0.5L","14","0","0"
"23-09-2023","Hyderabad","Raw Milk Value Pack 0.5L","24","0","0"
"23-10-2020","Hyderabad","Past Milk 1L","1","0","0"
"23-10-2020","Hyderabad","A2 1L","1","0","0"
"23-10-2020","Hyderabad","A2 Value Pack 1L","1","0","0"
"23-10-2021","Hyderabad","Past Milk 1L","1","0","0"
"23-10-2021","Hyderabad","A2 Value Pack 1L","1","0","0"
"23-10-2022","Hyderabad","Past Milk 1L","14","0","0"
"23-10-2022","Hyderabad","Raw Milk 1L","15","0","0"
"23-10-2022","Hyderabad","Ghee 500ml","1","0","0"
"23-10-2022","Hyderabad","A2 1L","47","2","0"
"23-10-2022","Hyderabad","Curd Culture","2","0","0"
"23-10-2022","Hyderabad","A2 Ghee","2","0","0"
"23-10-2022","Hyderabad","Buffalo Milk 1L","59","0","1"
"23-10-2022","Hyderabad","Paneer 200g Cows Milk","3","0","0"
"23-10-2022","Hyderabad","A2 Value Pack 1L","151","0","0"
"23-10-2022","Hyderabad","Kharwas 120g","1","0","0"
"23-10-2022","Hyderabad","A2 Gir Cow Paneer 200g","1","0","0"
"23-10-2022","Hyderabad","New A2 Value Pack 500ml","81","0","0"
"23-10-2022","Hyderabad","Buffalo Milk Value Pack 500ml","35","0","0"
"23-10-2022","Hyderabad","Dahi","11","0","0"
"23-10-2022","Hyderabad","Past Milk Value Pack 1L","10","0","0"
"23-10-2022","Hyderabad","Raw Value Pack 1L","23","0","0"
"23-10-2022","Hyderabad","Buffalo Value Pack 1L","26","0","0"
"23-10-2022","Hyderabad","Lactose Free Milk 0.5L","4","0","0"
"23-10-2022","Hyderabad","Raw Milk Value Pack 0.5L","2","0","0"
"23-10-2023","Hyderabad","Past Milk 1L","16","0","0"
"23-10-2023","Hyderabad","Raw Milk 1L","12","0","0"
"23-10-2023","Hyderabad","Ghee 500ml","2","0","0"
"23-10-2023","Hyderabad","A2 1L","58","0","0"
"23-10-2023","Hyderabad","Curd Culture","2","0","0"
"23-10-2023","Hyderabad","A2 Ghee","3","0","0"
"23-10-2023","Hyderabad","Buffalo Milk 1L","47","0","0"
"23-10-2023","Hyderabad","Paneer 200g Cows Milk","4","0","0"
"23-10-2023","Hyderabad","A2 Value Pack 1L","409","0","0"
"23-10-2023","Hyderabad","Kharwas 120g","8","0","0"
"23-10-2023","Hyderabad","A2 Gir Cow Paneer 200g","2","0","0"
"23-10-2023","Hyderabad","New A2 Value Pack 500ml","153","1","0"
"23-10-2023","Hyderabad","Buffalo Milk Value Pack 500ml","106","0","0"
"23-10-2023","Hyderabad","Dahi","13","0","0"
"23-10-2023","Hyderabad","Past Milk Value Pack 1L","20","0","0"
"23-10-2023","Hyderabad","Raw Value Pack 1L","44","0","0"
"23-10-2023","Hyderabad","Buffalo Value Pack 1L","239","1","0"
"23-10-2023","Hyderabad","Lactose Free Milk 0.5L","5","0","0"
"23-10-2023","Hyderabad","Past Milk Value Pack 0.5L","14","0","0"
"23-10-2023","Hyderabad","Raw Milk Value Pack 0.5L","20","0","0"
"23-11-2020","Hyderabad","A2 Value Pack 1L","1","0","0"
"23-11-2021","Hyderabad","Past Milk 1L","1","0","0"
"23-11-2021","Hyderabad","Buffalo Milk 1L","1","0","0"
"23-11-2021","Hyderabad","A2 Value Pack 1L","1","0","0"
"23-11-2021","Hyderabad","New A2 Value Pack 500ml","1","0","0"
"23-11-2021","Hyderabad","Tender Coconut","4","0","0"
"23-11-2022","Hyderabad","Past Milk 1L","15","0","1"
"23-11-2022","Hyderabad","Raw Milk 1L","14","0","1"
"23-11-2022","Hyderabad","Ghee 500ml","1","0","0"
"23-11-2022","Hyderabad","A2 1L","39","1","6"
"23-11-2022","Hyderabad","Curd Culture","1","0","0"
"23-11-2022","Hyderabad","Buffalo Milk 1L","69","0","8"
"23-11-2022","Hyderabad","Paneer 200g Cows Milk","2","0","0"
"23-11-2022","Hyderabad","A2 Value Pack 1L","175","0","1"
"23-11-2022","Hyderabad","Buffalo Ghee 500ml","2","0","0"
"23-11-2022","Hyderabad","Kharwas 120g","10","0","0"
"23-11-2022","Hyderabad","A2 Gir Cow Paneer 200g","3","0","0"
"23-11-2022","Hyderabad","New A2 Value Pack 500ml","99","0","1"
"23-11-2022","Hyderabad","Buffalo Milk Value Pack 500ml","40","0","4"
"23-11-2022","Hyderabad","Dahi","7","0","0"
"23-11-2022","Hyderabad","Past Milk Value Pack 1L","10","0","0"
"23-11-2022","Hyderabad","Raw Value Pack 1L","29","0","0"
"23-11-2022","Hyderabad","Buffalo Value Pack 1L","20","0","2"
"23-11-2022","Hyderabad","Lactose Free Milk 0.5L","5","0","0"
"23-11-2022","Hyderabad","Past Milk Value Pack 0.5L","5","0","0"
"23-11-2022","Hyderabad","Raw Milk Value Pack 0.5L","4","0","1"
"23-11-2023","Hyderabad","Past Milk 1L","21","0","0"
"23-11-2023","Hyderabad","Raw Milk 1L","17","0","0"
"23-11-2023","Hyderabad","Ghee 500ml","1","0","0"
"23-11-2023","Hyderabad","A2 1L","49","0","0"
"23-11-2023","Hyderabad","Curd Culture","5","0","0"
"23-11-2023","Hyderabad","A2 Ghee","3","1","0"
"23-11-2023","Hyderabad","Buffalo Milk 1L","44","0","1"
"23-11-2023","Hyderabad","Paneer 200g Cows Milk","9","0","0"
"23-11-2023","Hyderabad","A2 Value Pack 1L","493","0","4"
"23-11-2023","Hyderabad","Buffalo Ghee 500ml","2","0","0"
"23-11-2023","Hyderabad","Kharwas 120g","4","0","0"
"23-11-2023","Hyderabad","A2 Gir Cow Paneer 200g","1","0","0"
"23-11-2023","Hyderabad","New A2 Value Pack 500ml","199","0","1"
"23-11-2023","Hyderabad","Insulated Door Bag","1","0","0"
"23-11-2023","Hyderabad","Buffalo Milk Value Pack 500ml","137","0","1"
"23-11-2023","Hyderabad","Dahi","18","0","0"
"23-11-2023","Hyderabad","Past Milk Value Pack 1L","20","0","0"
"23-11-2023","Hyderabad","Raw Value Pack 1L","64","0","1"
"23-11-2023","Hyderabad","Buffalo Value Pack 1L","303","0","7"
"23-11-2023","Hyderabad","Lactose Free Milk 0.5L","8","0","0"
"23-11-2023","Hyderabad","Past Milk Value Pack 0.5L","18","0","0"
"23-11-2023","Hyderabad","Raw Milk Value Pack 0.5L","23","0","0"
"23-12-2020","Hyderabad","A2 1L","1","0","0"
"23-12-2020","Hyderabad","Buffalo Milk 1L","1","0","0"
"23-12-2020","Hyderabad","A2 Value Pack 1L","1","0","0"
"23-12-2021","Hyderabad","A2 Value Pack 1L","2","0","0"
"23-12-2022","Hyderabad","Past Milk 1L","13","0","0"
"23-12-2022","Hyderabad","Raw Milk 1L","16","0","0"
"23-12-2022","Hyderabad","Ghee 500ml","1","0","0"
"23-12-2022","Hyderabad","A2 1L","55","0","1"
"23-12-2022","Hyderabad","A2 Ghee","2","0","0"
"23-12-2022","Hyderabad","Buffalo Milk 1L","48","0","11"
"23-12-2022","Hyderabad","Paneer 200g Cows Milk","5","0","0"
"23-12-2022","Hyderabad","A2 Value Pack 1L","205","0","3"
"23-12-2022","Hyderabad","Buffalo Ghee 500ml","3","0","0"
"23-12-2022","Hyderabad","Kharwas 120g","2","0","0"
"23-12-2022","Hyderabad","A2 Gir Cow Paneer 200g","3","0","0"
"23-12-2022","Hyderabad","New A2 Value Pack 500ml","88","0","3"
"23-12-2022","Hyderabad","Buffalo Milk Value Pack 500ml","38","0","0"
"23-12-2022","Hyderabad","Dahi","8","0","0"
"23-12-2022","Hyderabad","Past Milk Value Pack 1L","9","0","1"
"23-12-2022","Hyderabad","Raw Value Pack 1L","19","0","1"
"23-12-2022","Hyderabad","Buffalo Value Pack 1L","63","1","1"
"23-12-2022","Hyderabad","Lactose Free Milk 0.5L","6","0","0"
"23-12-2022","Hyderabad","Raw Milk Value Pack 0.5L","9","0","0"
"23-12-2023","Hyderabad","Past Milk 1L","19","0","0"
"23-12-2023","Hyderabad","Raw Milk 1L","19","0","0"
"23-12-2023","Hyderabad","Ghee 500ml","1","0","0"
"23-12-2023","Hyderabad","A2 1L","58","1","1"
"23-12-2023","Hyderabad","Curd Culture","2","0","0"
"23-12-2023","Hyderabad","A2 Ghee","3","0","0"
"23-12-2023","Hyderabad","Buffalo Milk 1L","40","0","0"
"23-12-2023","Hyderabad","Paneer 200g Cows Milk","18","0","0"
"23-12-2023","Hyderabad","A2 Value Pack 1L","505","2","3"
"23-12-2023","Hyderabad","Buffalo Ghee 500ml","5","0","0"
"23-12-2023","Hyderabad","Kharwas 120g","14","0","0"
"23-12-2023","Hyderabad","New A2 Value Pack 500ml","174","0","2"
"23-12-2023","Hyderabad","Buffalo Milk Value Pack 500ml","127","0","1"
"23-12-2023","Hyderabad","Dahi","12","0","0"
"23-12-2023","Hyderabad","Past Milk Value Pack 1L","24","0","2"
"23-12-2023","Hyderabad","Raw Value Pack 1L","63","0","0"
"23-12-2023","Hyderabad","Buffalo Value Pack 1L","303","0","7"
"23-12-2023","Hyderabad","Lactose Free Milk 0.5L","12","0","0"
"23-12-2023","Hyderabad","Past Milk Value Pack 0.5L","18","0","0"
"23-12-2023","Hyderabad","Raw Milk Value Pack 0.5L","18","0","2"
"24-01-2020","Hyderabad","Past Milk 1L","2","0","0"
"24-01-2020","Hyderabad","A2 Value Pack 1L","1","0","0"
"24-01-2021","Hyderabad","A2 1L","1","0","0"
"24-01-2021","Hyderabad","Buffalo Milk 1L","1","0","0"
"24-01-2022","Hyderabad","Past Milk 1L","1","0","0"
"24-01-2022","Hyderabad","A2 1L","2","0","1"
"24-01-2022","Hyderabad","Buffalo Milk 1L","1","0","0"
"24-01-2022","Hyderabad","Paneer 200g Cows Milk","1","0","0"
"24-01-2022","Hyderabad","A2 Value Pack 1L","7","0","0"
"24-01-2023","Hyderabad","Past Milk 1L","19","0","0"
"24-01-2023","Hyderabad","Raw Milk 1L","19","0","1"
"24-01-2023","Hyderabad","Ghee 500ml","1","0","0"
"24-01-2023","Hyderabad","A2 1L","49","2","1"
"24-01-2023","Hyderabad","Curd Culture","2","0","0"
"24-01-2023","Hyderabad","A2 Ghee","2","0","0"
"24-01-2023","Hyderabad","Buffalo Milk 1L","47","1","2"
"24-01-2023","Hyderabad","Paneer 200g Cows Milk","8","0","0"
"24-01-2023","Hyderabad","A2 Value Pack 1L","223","0","1"
"24-01-2023","Hyderabad","A2 Gir Cow Paneer 200g","3","0","0"
"24-01-2023","Hyderabad","New A2 Value Pack 500ml","102","0","0"
"24-01-2023","Hyderabad","Buffalo Milk Value Pack 500ml","48","1","1"
"24-01-2023","Hyderabad","Dahi","10","0","0"
"24-01-2023","Hyderabad","Past Milk Value Pack 1L","8","0","0"
"24-01-2023","Hyderabad","Raw Value Pack 1L","23","0","1"
"24-01-2023","Hyderabad","Buffalo Value Pack 1L","91","1","5"
"24-01-2023","Hyderabad","Lactose Free Milk 0.5L","8","0","0"
"24-01-2023","Hyderabad","Past Milk Value Pack 0.5L","3","0","0"
"24-01-2023","Hyderabad","Raw Milk Value Pack 0.5L","8","0","1"
"24-01-2024","Hyderabad","Past Milk 1L","21","0","0"
"24-01-2024","Hyderabad","Raw Milk 1L","18","0","1"
"24-01-2024","Hyderabad","Ghee 500ml","5","0","0"
"24-01-2024","Hyderabad","A2 1L","57","0","0"
"24-01-2024","Hyderabad","Curd Culture","3","0","0"
"24-01-2024","Hyderabad","A2 Ghee","6","0","0"
"24-01-2024","Hyderabad","Buffalo Milk 1L","47","0","2"
"24-01-2024","Hyderabad","Paneer 200g Cows Milk","12","0","0"
"24-01-2024","Hyderabad","A2 Value Pack 1L","584","0","4"
"24-01-2024","Hyderabad","Kharwas 120g","4","0","0"
"24-01-2024","Hyderabad","A2 Gir Cow Paneer 200g","3","0","0"
"24-01-2024","Hyderabad","New A2 Value Pack 500ml","226","0","0"
"24-01-2024","Hyderabad","Buffalo Milk Value Pack 500ml","139","0","1"
"24-01-2024","Hyderabad","Dahi","10","0","0"
"24-01-2024","Hyderabad","Past Milk Value Pack 1L","26","0","0"
"24-01-2024","Hyderabad","Raw Value Pack 1L","62","0","0"
"24-01-2024","Hyderabad","Buffalo Value Pack 1L","333","1","4"
"24-01-2024","Hyderabad","Lactose Free Milk 0.5L","6","0","0"
"24-01-2024","Hyderabad","Past Milk Value Pack 0.5L","25","0","0"
"24-01-2024","Hyderabad","Raw Milk Value Pack 0.5L","32","0","0"
"24-02-2020","Hyderabad","Past Milk 1L","2","0","0"
"24-02-2020","Hyderabad","A2 Value Pack 1L","2","0","0"
"24-02-2021","Hyderabad","A2 1L","1","0","0"
"24-02-2021","Hyderabad","Buffalo Milk 1L","1","0","0"
"24-02-2021","Hyderabad","A2 Value Pack 1L","1","0","0"
"24-02-2022","Hyderabad","Past Milk 1L","7","0","1"
"24-02-2022","Hyderabad","Raw Milk 1L","8","0","0"
"24-02-2022","Hyderabad","Past Milk 0.5L","3","0","0"
"24-02-2022","Hyderabad","A2 1L","32","0","6"
"24-02-2022","Hyderabad","Curd Culture","2","0","0"
"24-02-2022","Hyderabad","Buffalo Milk 1L","22","0","7"
"24-02-2022","Hyderabad","Paneer 200g Cows Milk","2","0","0"
"24-02-2022","Hyderabad","A2 Value Pack 1L","35","0","2"
"24-02-2022","Hyderabad","New A2 Value Pack 500ml","23","0","2"
"24-02-2022","Hyderabad","Buffalo Milk Value Pack 500ml","14","0","4"
"24-02-2022","Hyderabad","Dahi","2","0","0"
"24-02-2023","Hyderabad","Past Milk 1L","20","0","0"
"24-02-2023","Hyderabad","Raw Milk 1L","14","0","0"
"24-02-2023","Hyderabad","Ghee 500ml","2","0","0"
"24-02-2023","Hyderabad","A2 1L","51","1","5"
"24-02-2023","Hyderabad","Curd Culture","2","0","0"
"24-02-2023","Hyderabad","A2 Ghee","2","0","0"
"24-02-2023","Hyderabad","Buffalo Milk 1L","41","0","6"
"24-02-2023","Hyderabad","Paneer 200g Cows Milk","3","0","0"
"24-02-2023","Hyderabad","A2 Value Pack 1L","255","0","4"
"24-02-2023","Hyderabad","Kharwas 120g","2","0","0"
"24-02-2023","Hyderabad","A2 Gir Cow Paneer 200g","1","0","0"
"24-02-2023","Hyderabad","New A2 Value Pack 500ml","105","1","1"
"24-02-2023","Hyderabad","Buffalo Milk Value Pack 500ml","56","0","2"
"24-02-2023","Hyderabad","Dahi","8","0","0"
"24-02-2023","Hyderabad","Past Milk Value Pack 1L","14","0","0"
"24-02-2023","Hyderabad","Raw Value Pack 1L","37","0","1"
"24-02-2023","Hyderabad","Buffalo Value Pack 1L","119","2","9"
"24-02-2023","Hyderabad","Lactose Free Milk 0.5L","9","0","0"
"24-02-2023","Hyderabad","Past Milk Value Pack 0.5L","4","0","0"
"24-02-2023","Hyderabad","Raw Milk Value Pack 0.5L","19","0","1"
"24-02-2024","Hyderabad","Past Milk 1L","16","0","1"
"24-02-2024","Hyderabad","Raw Milk 1L","13","0","0"
"24-02-2024","Hyderabad","Ghee 500ml","2","2","0"
"24-02-2024","Hyderabad","A2 1L","83","0","3"
"24-02-2024","Hyderabad","Curd Culture","8","0","0"
"24-02-2024","Hyderabad","A2 Ghee","6","1","0"
"24-02-2024","Hyderabad","Buffalo Milk 1L","56","0","3"
"24-02-2024","Hyderabad","Paneer 200g Cows Milk","8","0","0"
"24-02-2024","Hyderabad","A2 Value Pack 1L","530","1","1"
"24-02-2024","Hyderabad","Buffalo Ghee 500ml","1","0","0"
"24-02-2024","Hyderabad","Kharwas 120g","4","0","0"
"24-02-2024","Hyderabad","A2 Gir Cow Paneer 200g","3","0","0"
"24-02-2024","Hyderabad","New A2 Value Pack 500ml","223","1","3"
"24-02-2024","Hyderabad","Buffalo Milk Value Pack 500ml","166","0","1"
"24-02-2024","Hyderabad","Dahi","17","0","0"
"24-02-2024","Hyderabad","Past Milk Value Pack 1L","27","0","0"
"24-02-2024","Hyderabad","Raw Value Pack 1L","62","0","1"
"24-02-2024","Hyderabad","Buffalo Value Pack 1L","339","0","0"
"24-02-2024","Hyderabad","Lactose Free Milk 0.5L","8","0","0"
"24-02-2024","Hyderabad","Past Milk Value Pack 0.5L","18","0","1"
"24-02-2024","Hyderabad","Raw Milk Value Pack 0.5L","15","0","0"
"24-03-2020","Hyderabad","Past Milk 1L","2","0","0"
"24-03-2020","Hyderabad","Curd Culture","1","0","0"
"24-03-2020","Hyderabad","A2 Value Pack 1L","2","0","0"
"24-03-2021","Hyderabad","A2 Value Pack 1L","2","0","0"
"24-03-2022","Hyderabad","Past Milk 1L","13","0","1"
"24-03-2022","Hyderabad","Raw Milk 1L","14","0","0"
"24-03-2022","Hyderabad","Past Milk 0.5L","4","0","0"
"24-03-2022","Hyderabad","Ghee 500ml","1","0","0"
"24-03-2022","Hyderabad","A2 1L","39","0","4"
"24-03-2022","Hyderabad","Curd Culture","2","0","0"
"24-03-2022","Hyderabad","Buffalo Milk 1L","40","0","1"
"24-03-2022","Hyderabad","Paneer 200g Cows Milk","1","0","0"
"24-03-2022","Hyderabad","A2 Value Pack 1L","49","0","0"
"24-03-2022","Hyderabad","Kharwas 120g","1","0","0"
"24-03-2022","Hyderabad","A2 Gir Cow Paneer 200g","4","0","0"
"24-03-2022","Hyderabad","New A2 Value Pack 500ml","33","0","0"
"24-03-2022","Hyderabad","Insulated Door Bag","1","0","0"
"24-03-2022","Hyderabad","Buffalo Milk Value Pack 500ml","14","0","0"
"24-03-2023","Hyderabad","Past Milk 1L","19","0","0"
"24-03-2023","Hyderabad","Raw Milk 1L","22","0","0"
"24-03-2023","Hyderabad","Ghee 500ml","1","0","0"
"24-03-2023","Hyderabad","A2 1L","55","0","2"
"24-03-2023","Hyderabad","Curd Culture","1","0","0"
"24-03-2023","Hyderabad","A2 Ghee","3","0","0"
"24-03-2023","Hyderabad","Buffalo Milk 1L","52","1","6"
"24-03-2023","Hyderabad","Paneer 200g Cows Milk","3","0","0"
"24-03-2023","Hyderabad","A2 Value Pack 1L","270","2","1"
"24-03-2023","Hyderabad","Kharwas 120g","4","0","0"
"24-03-2023","Hyderabad","A2 Gir Cow Paneer 200g","2","0","0"
"24-03-2023","Hyderabad","New A2 Value Pack 500ml","120","0","1"
"24-03-2023","Hyderabad","Buffalo Milk Value Pack 500ml","55","0","3"
"24-03-2023","Hyderabad","Dahi","12","0","0"
"24-03-2023","Hyderabad","Past Milk Value Pack 1L","19","0","1"
"24-03-2023","Hyderabad","Raw Value Pack 1L","40","2","0"
"24-03-2023","Hyderabad","Buffalo Value Pack 1L","131","0","1"
"24-03-2023","Hyderabad","Lactose Free Milk 0.5L","8","0","0"
"24-03-2023","Hyderabad","Past Milk Value Pack 0.5L","5","1","1"
"24-03-2023","Hyderabad","Raw Milk Value Pack 0.5L","22","1","0"
"24-03-2024","Hyderabad","Past Milk 1L","20","0","0"
"24-03-2024","Hyderabad","Raw Milk 1L","14","0","0"
"24-03-2024","Hyderabad","Ghee 500ml","1","0","0"
"24-03-2024","Hyderabad","A2 1L","65","0","4"
"24-03-2024","Hyderabad","Curd Culture","7","0","0"
"24-03-2024","Hyderabad","A2 Ghee","6","0","0"
"24-03-2024","Hyderabad","Buffalo Milk 1L","44","0","6"
"24-03-2024","Hyderabad","Paneer 200g Cows Milk","14","0","0"
"24-03-2024","Hyderabad","A2 Value Pack 1L","566","0","0"
"24-03-2024","Hyderabad","Buffalo Ghee 500ml","4","0","0"
"24-03-2024","Hyderabad","Kharwas 120g","5","0","0"
"24-03-2024","Hyderabad","A2 Gir Cow Paneer 200g","4","0","0"
"24-03-2024","Hyderabad","New A2 Value Pack 500ml","203","0","2"
"24-03-2024","Hyderabad","Buffalo Milk Value Pack 500ml","142","0","1"
"24-03-2024","Hyderabad","Dahi","16","0","0"
"24-03-2024","Hyderabad","Past Milk Value Pack 1L","20","0","0"
"24-03-2024","Hyderabad","Raw Value Pack 1L","65","0","0"
"24-03-2024","Hyderabad","Buffalo Value Pack 1L","372","2","0"
"24-03-2024","Hyderabad","Lactose Free Milk 0.5L","17","0","1"
"24-03-2024","Hyderabad","Past Milk Value Pack 0.5L","14","0","0"
"24-03-2024","Hyderabad","Raw Milk Value Pack 0.5L","20","0","0"
"24-04-2020","Hyderabad","Past Milk 1L","2","0","0"
"24-04-2020","Hyderabad","New A2 Value Pack 500ml","1","0","0"
"24-04-2021","Hyderabad","A2 1L","1","0","0"
"24-04-2021","Hyderabad","A2 Value Pack 1L","2","0","0"
"24-04-2022","Hyderabad","Past Milk 1L","11","0","1"
"24-04-2022","Hyderabad","Raw Milk 1L","13","0","0"
"24-04-2022","Hyderabad","Past Milk 0.5L","3","0","0"
"24-04-2022","Hyderabad","Ghee 500ml","1","0","0"
"24-04-2022","Hyderabad","A2 1L","35","0","3"
"24-04-2022","Hyderabad","Buffalo Milk 1L","40","0","2"
"24-04-2022","Hyderabad","Paneer 200g Cows Milk","1","0","0"
"24-04-2022","Hyderabad","A2 Value Pack 1L","66","0","1"
"24-04-2022","Hyderabad","Buffalo Ghee 500ml","2","0","0"
"24-04-2022","Hyderabad","A2 Gir Cow Paneer 200g","1","0","0"
"24-04-2022","Hyderabad","New A2 Value Pack 500ml","25","0","0"
"24-04-2022","Hyderabad","Buffalo Milk Value Pack 500ml","24","0","1"
"24-04-2022","Hyderabad","Dahi","2","0","0"
"24-04-2023","Hyderabad","Past Milk 1L","17","1","0"
"24-04-2023","Hyderabad","Raw Milk 1L","15","0","0"
"24-04-2023","Hyderabad","Ghee 500ml","1","0","0"
"24-04-2023","Hyderabad","A2 1L","61","4","0"
"24-04-2023","Hyderabad","Curd Culture","1","0","0"
"24-04-2023","Hyderabad","A2 Ghee","1","0","0"
"24-04-2023","Hyderabad","Buffalo Milk 1L","45","10","1"
"24-04-2023","Hyderabad","Paneer 200g Cows Milk","4","0","0"
"24-04-2023","Hyderabad","A2 Value Pack 1L","273","6","0"
"24-04-2023","Hyderabad","Buffalo Ghee 500ml","1","0","0"
"24-04-2023","Hyderabad","Kharwas 120g","6","0","0"
"24-04-2023","Hyderabad","A2 Gir Cow Paneer 200g","6","0","0"
"24-04-2023","Hyderabad","New A2 Value Pack 500ml","97","4","0"
"24-04-2023","Hyderabad","Insulated Door Bag","2","0","0"
"24-04-2023","Hyderabad","Buffalo Milk Value Pack 500ml","77","4","0"
"24-04-2023","Hyderabad","Dahi","12","0","0"
"24-04-2023","Hyderabad","Past Milk Value Pack 1L","17","0","0"
"24-04-2023","Hyderabad","Raw Value Pack 1L","42","0","0"
"24-04-2023","Hyderabad","Buffalo Value Pack 1L","151","14","0"
"24-04-2023","Hyderabad","Lactose Free Milk 0.5L","3","0","0"
"24-04-2023","Hyderabad","Past Milk Value Pack 0.5L","4","0","0"
"24-04-2023","Hyderabad","Raw Milk Value Pack 0.5L","16","1","0"
"24-05-2020","Hyderabad","Past Milk 1L","2","0","0"
"24-05-2020","Hyderabad","Past Milk 0.5L","1","0","0"
"24-05-2021","Hyderabad","A2 1L","1","0","0"
"24-05-2021","Hyderabad","A2 Value Pack 1L","1","0","0"
"24-05-2022","Hyderabad","Past Milk 1L","18","0","0"
"24-05-2022","Hyderabad","Raw Milk 1L","19","0","0"
"24-05-2022","Hyderabad","Past Milk 0.5L","2","0","0"
"24-05-2022","Hyderabad","A2 1L","49","3","5"
"24-05-2022","Hyderabad","A2 Ghee","2","0","0"
"24-05-2022","Hyderabad","Buffalo Milk 1L","45","4","4"
"24-05-2022","Hyderabad","Paneer 200g Cows Milk","2","0","0"
"24-05-2022","Hyderabad","A2 Value Pack 1L","86","0","1"
"24-05-2022","Hyderabad","New A2 Value Pack 500ml","30","1","0"
"24-05-2022","Hyderabad","Buffalo Milk Value Pack 500ml","25","0","0"
"24-05-2023","Hyderabad","Past Milk 1L","9","0","0"
"24-05-2023","Hyderabad","Raw Milk 1L","16","1","0"
"24-05-2023","Hyderabad","Ghee 500ml","5","0","0"
"24-05-2023","Hyderabad","A2 1L","54","0","0"
"24-05-2023","Hyderabad","Curd Culture","1","0","0"
"24-05-2023","Hyderabad","A2 Ghee","4","0","0"
"24-05-2023","Hyderabad","Buffalo Milk 1L","35","1","3"
"24-05-2023","Hyderabad","Paneer 200g Cows Milk","4","0","0"
"24-05-2023","Hyderabad","A2 Value Pack 1L","262","9","3"
"24-05-2023","Hyderabad","Kharwas 120g","1","0","0"
"24-05-2023","Hyderabad","A2 Gir Cow Paneer 200g","1","0","0"
"24-05-2023","Hyderabad","New A2 Value Pack 500ml","113","1","0"
"24-05-2023","Hyderabad","Insulated Door Bag","2","0","0"
"24-05-2023","Hyderabad","Buffalo Milk Value Pack 500ml","79","4","2"
"24-05-2023","Hyderabad","Dahi","19","0","0"
"24-05-2023","Hyderabad","Past Milk Value Pack 1L","25","1","0"
"24-05-2023","Hyderabad","Raw Value Pack 1L","42","0","1"
"24-05-2023","Hyderabad","Buffalo Value Pack 1L","170","12","3"
"24-05-2023","Hyderabad","Lactose Free Milk 0.5L","6","1","0"
"24-05-2023","Hyderabad","Past Milk Value Pack 0.5L","8","2","0"
"24-05-2023","Hyderabad","Raw Milk Value Pack 0.5L","16","0","0"
"24-06-2020","Hyderabad","Past Milk 1L","2","0","0"
"24-06-2020","Hyderabad","A2 1L","1","0","0"
"24-06-2021","Hyderabad","A2 1L","1","0","0"
"24-06-2021","Hyderabad","A2 Value Pack 1L","2","0","0"
"24-06-2022","Hyderabad","Past Milk 1L","21","0","0"
"24-06-2022","Hyderabad","Raw Milk 1L","19","0","0"
"24-06-2022","Hyderabad","Past Milk 0.5L","4","0","0"
"24-06-2022","Hyderabad","A2 1L","67","2","1"
"24-06-2022","Hyderabad","Curd Culture","1","0","0"
"24-06-2022","Hyderabad","Buffalo Milk 1L","64","1","0"
"24-06-2022","Hyderabad","Paneer 200g Cows Milk","2","0","0"
"24-06-2022","Hyderabad","A2 Value Pack 1L","136","1","0"
"24-06-2022","Hyderabad","New A2 Value Pack 500ml","62","1","1"
"24-06-2022","Hyderabad","Buffalo Milk Value Pack 500ml","32","0","0"
"24-06-2022","Hyderabad","Dahi","1","0","0"
"24-06-2022","Hyderabad","Raw Value Pack 1L","3","0","0"
"24-06-2023","Hyderabad","Past Milk 1L","18","1","0"
"24-06-2023","Hyderabad","Raw Milk 1L","13","0","0"
"24-06-2023","Hyderabad","Ghee 500ml","3","0","0"
"24-06-2023","Hyderabad","A2 1L","68","7","0"
"24-06-2023","Hyderabad","Curd Culture","1","0","0"
"24-06-2023","Hyderabad","A2 Ghee","1","0","0"
"24-06-2023","Hyderabad","Buffalo Milk 1L","38","6","9"
"24-06-2023","Hyderabad","Paneer 200g Cows Milk","5","0","0"
"24-06-2023","Hyderabad","A2 Value Pack 1L","394","10","5"
"24-06-2023","Hyderabad","Buffalo Ghee 500ml","1","0","0"
"24-06-2023","Hyderabad","Kharwas 120g","11","0","0"
"24-06-2023","Hyderabad","A2 Gir Cow Paneer 200g","1","0","0"
"24-06-2023","Hyderabad","New A2 Value Pack 500ml","115","3","2"
"24-06-2023","Hyderabad","Buffalo Milk Value Pack 500ml","83","4","2"
"24-06-2023","Hyderabad","Dahi","11","0","0"
"24-06-2023","Hyderabad","Past Milk Value Pack 1L","19","0","1"
"24-06-2023","Hyderabad","Raw Value Pack 1L","34","0","3"
"24-06-2023","Hyderabad","Buffalo Value Pack 1L","191","3","5"
"24-06-2023","Hyderabad","Lactose Free Milk 0.5L","12","0","0"
"24-06-2023","Hyderabad","Past Milk Value Pack 0.5L","9","0","0"
"24-06-2023","Hyderabad","Raw Milk Value Pack 0.5L","17","0","0"
"24-07-2020","Hyderabad","Past Milk 1L","2","0","0"
"24-07-2020","Hyderabad","A2 1L","1","0","0"
"24-07-2021","Hyderabad","A2 1L","1","0","0"
"24-07-2021","Hyderabad","A2 Value Pack 1L","1","0","0"
"24-07-2022","Hyderabad","Past Milk 1L","18","0","0"
"24-07-2022","Hyderabad","Raw Milk 1L","18","0","0"
"24-07-2022","Hyderabad","Ghee 500ml","2","0","0"
"24-07-2022","Hyderabad","A2 1L","51","0","0"
"24-07-2022","Hyderabad","A2 Ghee","2","0","0"
"24-07-2022","Hyderabad","Buffalo Milk 1L","65","0","0"
"24-07-2022","Hyderabad","Paneer 200g Cows Milk","5","0","0"
"24-07-2022","Hyderabad","A2 Value Pack 1L","139","0","0"
"24-07-2022","Hyderabad","New A2 Value Pack 500ml","65","0","0"
"24-07-2022","Hyderabad","Buffalo Milk Value Pack 500ml","32","0","0"
"24-07-2022","Hyderabad","Dahi","4","0","0"
"24-07-2022","Hyderabad","Past Milk Value Pack 1L","5","0","0"
"24-07-2022","Hyderabad","Raw Value Pack 1L","7","0","0"
"24-07-2022","Hyderabad","Buffalo Value Pack 1L","3","0","0"
"24-07-2022","Hyderabad","Lactose Free Milk 0.5L","2","0","0"
"24-07-2023","Hyderabad","Past Milk 1L","17","0","0"
"24-07-2023","Hyderabad","Raw Milk 1L","14","0","0"
"24-07-2023","Hyderabad","Ghee 500ml","2","0","0"
"24-07-2023","Hyderabad","A2 1L","66","1","0"
"24-07-2023","Hyderabad","Curd Culture","1","0","0"
"24-07-2023","Hyderabad","A2 Ghee","6","0","0"
"24-07-2023","Hyderabad","Buffalo Milk 1L","42","0","0"
"24-07-2023","Hyderabad","Paneer 200g Cows Milk","11","0","0"
"24-07-2023","Hyderabad","A2 Value Pack 1L","424","0","0"
"24-07-2023","Hyderabad","Kharwas 120g","4","0","0"
"24-07-2023","Hyderabad","A2 Gir Cow Paneer 200g","5","0","0"
"24-07-2023","Hyderabad","New A2 Value Pack 500ml","149","0","1"
"24-07-2023","Hyderabad","Buffalo Milk Value Pack 500ml","80","0","0"
"24-07-2023","Hyderabad","Dahi","15","0","0"
"24-07-2023","Hyderabad","Past Milk Value Pack 1L","11","0","0"
"24-07-2023","Hyderabad","Raw Value Pack 1L","65","2","0"
"24-07-2023","Hyderabad","Buffalo Value Pack 1L","222","0","2"
"24-07-2023","Hyderabad","Lactose Free Milk 0.5L","13","0","0"
"24-07-2023","Hyderabad","Past Milk Value Pack 0.5L","9","0","0"
"24-07-2023","Hyderabad","Raw Milk Value Pack 0.5L","22","0","0"
"24-08-2020","Hyderabad","Past Milk 1L","1","0","0"
"24-08-2020","Hyderabad","A2 Value Pack 1L","1","0","0"
"24-08-2021","Hyderabad","A2 1L","1","0","0"
"24-08-2021","Hyderabad","A2 Value Pack 1L","1","0","0"
"24-08-2022","Hyderabad","Past Milk 1L","24","0","0"
"24-08-2022","Hyderabad","Raw Milk 1L","15","0","0"
"24-08-2022","Hyderabad","Ghee 500ml","3","0","0"
"24-08-2022","Hyderabad","A2 1L","39","1","2"
"24-08-2022","Hyderabad","A2 Ghee","2","0","0"
"24-08-2022","Hyderabad","Buffalo Milk 1L","48","1","5"
"24-08-2022","Hyderabad","Paneer 200g Cows Milk","1","0","0"
"24-08-2022","Hyderabad","A2 Value Pack 1L","109","0","0"
"24-08-2022","Hyderabad","Kharwas 120g","1","0","0"
"24-08-2022","Hyderabad","A2 Gir Cow Paneer 200g","2","0","0"
"24-08-2022","Hyderabad","New A2 Value Pack 500ml","71","1","0"
"24-08-2022","Hyderabad","Buffalo Milk Value Pack 500ml","37","0","0"
"24-08-2022","Hyderabad","Dahi","10","0","0"
"24-08-2022","Hyderabad","Past Milk Value Pack 1L","8","0","0"
"24-08-2022","Hyderabad","Raw Value Pack 1L","16","0","1"
"24-08-2022","Hyderabad","Buffalo Value Pack 1L","14","0","0"
"24-08-2022","Hyderabad","Lactose Free Milk 0.5L","2","0","0"
"24-08-2023","Hyderabad","Past Milk 1L","18","0","0"
"24-08-2023","Hyderabad","Raw Milk 1L","13","0","0"
"24-08-2023","Hyderabad","Ghee 500ml","4","0","0"
"24-08-2023","Hyderabad","A2 1L","71","1","1"
"24-08-2023","Hyderabad","Curd Culture","2","0","0"
"24-08-2023","Hyderabad","A2 Ghee","3","0","0"
"24-08-2023","Hyderabad","Buffalo Milk 1L","48","0","2"
"24-08-2023","Hyderabad","Paneer 200g Cows Milk","3","0","0"
"24-08-2023","Hyderabad","A2 Value Pack 1L","444","0","2"
"24-08-2023","Hyderabad","Kharwas 120g","3","0","0"
"24-08-2023","Hyderabad","A2 Gir Cow Paneer 200g","2","0","0"
"24-08-2023","Hyderabad","New A2 Value Pack 500ml","160","0","1"
"24-08-2023","Hyderabad","Buffalo Milk Value Pack 500ml","123","0","0"
"24-08-2023","Hyderabad","Dahi","7","0","0"
"24-08-2023","Hyderabad","Past Milk Value Pack 1L","18","0","0"
"24-08-2023","Hyderabad","Raw Value Pack 1L","65","0","0"
"24-08-2023","Hyderabad","Buffalo Value Pack 1L","214","2","4"
"24-08-2023","Hyderabad","Lactose Free Milk 0.5L","13","0","0"
"24-08-2023","Hyderabad","Past Milk Value Pack 0.5L","18","0","0"
"24-08-2023","Hyderabad","Raw Milk Value Pack 0.5L","25","0","0"
"24-09-2020","Hyderabad","Past Milk 1L","1","0","0"
"24-09-2020","Hyderabad","A2 Value Pack 1L","1","0","0"
"24-09-2021","Hyderabad","A2 1L","1","0","0"
"24-09-2021","Hyderabad","A2 Value Pack 1L","1","0","0"
"24-09-2022","Hyderabad","Past Milk 1L","24","0","0"
"24-09-2022","Hyderabad","Raw Milk 1L","21","0","1"
"24-09-2022","Hyderabad","A2 1L","57","0","5"
"24-09-2022","Hyderabad","Buffalo Milk 1L","61","0","2"
"24-09-2022","Hyderabad","Paneer 200g Cows Milk","3","0","0"
"24-09-2022","Hyderabad","A2 Value Pack 1L","137","0","0"
"24-09-2022","Hyderabad","Kharwas 120g","4","0","0"
"24-09-2022","Hyderabad","A2 Gir Cow Paneer 200g","1","0","0"
"24-09-2022","Hyderabad","New A2 Value Pack 500ml","83","0","0"
"24-09-2022","Hyderabad","Insulated Door Bag","1","0","0"
"24-09-2022","Hyderabad","Buffalo Milk Value Pack 500ml","33","0","2"
"24-09-2022","Hyderabad","Dahi","7","0","0"
"24-09-2022","Hyderabad","Past Milk Value Pack 1L","8","0","0"
"24-09-2022","Hyderabad","Raw Value Pack 1L","23","0","0"
"24-09-2022","Hyderabad","Buffalo Value Pack 1L","13","0","0"
"24-09-2022","Hyderabad","Lactose Free Milk 0.5L","4","1","0"
"24-09-2023","Hyderabad","Past Milk 1L","20","0","0"
"24-09-2023","Hyderabad","Raw Milk 1L","16","0","0"
"24-09-2023","Hyderabad","Ghee 500ml","1","0","0"
"24-09-2023","Hyderabad","A2 1L","68","1","0"
"24-09-2023","Hyderabad","Curd Culture","3","0","0"
"24-09-2023","Hyderabad","A2 Ghee","1","0","0"
"24-09-2023","Hyderabad","Buffalo Milk 1L","54","1","2"
"24-09-2023","Hyderabad","Paneer 200g Cows Milk","4","0","0"
"24-09-2023","Hyderabad","A2 Value Pack 1L","486","1","3"
"24-09-2023","Hyderabad","Buffalo Ghee 500ml","3","0","0"
"24-09-2023","Hyderabad","Kharwas 120g","7","0","0"
"24-09-2023","Hyderabad","A2 Gir Cow Paneer 200g","7","0","0"
"24-09-2023","Hyderabad","New A2 Value Pack 500ml","145","1","0"
"24-09-2023","Hyderabad","Buffalo Milk Value Pack 500ml","146","0","0"
"24-09-2023","Hyderabad","Dahi","6","0","0"
"24-09-2023","Hyderabad","Past Milk Value Pack 1L","18","0","0"
"24-09-2023","Hyderabad","Raw Value Pack 1L","56","0","0"
"24-09-2023","Hyderabad","Buffalo Value Pack 1L","243","2","1"
"24-09-2023","Hyderabad","Lactose Free Milk 0.5L","7","0","0"
"24-09-2023","Hyderabad","Past Milk Value Pack 0.5L","15","0","0"
"24-09-2023","Hyderabad","Raw Milk Value Pack 0.5L","25","0","0"
"24-10-2020","Hyderabad","Past Milk 1L","1","0","0"
"24-10-2020","Hyderabad","A2 Value Pack 1L","1","0","0"
"24-10-2021","Hyderabad","A2 1L","1","0","0"
"24-10-2021","Hyderabad","A2 Value Pack 1L","2","0","0"
"24-10-2022","Hyderabad","Past Milk 1L","20","0","0"
"24-10-2022","Hyderabad","Raw Milk 1L","15","0","0"
"24-10-2022","Hyderabad","Ghee 500ml","2","0","0"
"24-10-2022","Hyderabad","A2 1L","90","0","0"
"24-10-2022","Hyderabad","A2 Ghee","1","0","0"
"24-10-2022","Hyderabad","Buffalo Milk 1L","55","1","0"
"24-10-2022","Hyderabad","Paneer 200g Cows Milk","5","0","0"
"24-10-2022","Hyderabad","A2 Value Pack 1L","139","0","1"
"24-10-2022","Hyderabad","Kharwas 120g","4","0","0"
"24-10-2022","Hyderabad","A2 Gir Cow Paneer 200g","2","0","0"
"24-10-2022","Hyderabad","New A2 Value Pack 500ml","75","0","0"
"24-10-2022","Hyderabad","Buffalo Milk Value Pack 500ml","42","0","0"
"24-10-2022","Hyderabad","Dahi","12","0","0"
"24-10-2022","Hyderabad","Past Milk Value Pack 1L","10","0","0"
"24-10-2022","Hyderabad","Raw Value Pack 1L","22","1","0"
"24-10-2022","Hyderabad","Buffalo Value Pack 1L","24","0","0"
"24-10-2022","Hyderabad","Lactose Free Milk 0.5L","7","0","0"
"24-10-2023","Hyderabad","Past Milk 1L","15","0","0"
"24-10-2023","Hyderabad","Raw Milk 1L","15","0","0"
"24-10-2023","Hyderabad","Ghee 500ml","2","0","0"
"24-10-2023","Hyderabad","A2 1L","43","0","0"
"24-10-2023","Hyderabad","Curd Culture","2","0","0"
"24-10-2023","Hyderabad","A2 Ghee","2","0","0"
"24-10-2023","Hyderabad","Buffalo Milk 1L","38","0","1"
"24-10-2023","Hyderabad","Paneer 200g Cows Milk","6","0","0"
"24-10-2023","Hyderabad","A2 Value Pack 1L","391","0","0"
"24-10-2023","Hyderabad","Kharwas 120g","5","0","0"
"24-10-2023","Hyderabad","A2 Gir Cow Paneer 200g","3","0","0"
"24-10-2023","Hyderabad","New A2 Value Pack 500ml","146","0","0"
"24-10-2023","Hyderabad","Buffalo Milk Value Pack 500ml","117","0","2"
"24-10-2023","Hyderabad","Dahi","6","0","0"
"24-10-2023","Hyderabad","Past Milk Value Pack 1L","20","0","0"
"24-10-2023","Hyderabad","Raw Value Pack 1L","44","0","0"
"24-10-2023","Hyderabad","Buffalo Value Pack 1L","218","0","1"
"24-10-2023","Hyderabad","Lactose Free Milk 0.5L","10","0","0"
"24-10-2023","Hyderabad","Past Milk Value Pack 0.5L","14","0","0"
"24-10-2023","Hyderabad","Raw Milk Value Pack 0.5L","26","0","0"
"24-11-2020","Hyderabad","Past Milk 1L","1","0","0"
"24-11-2020","Hyderabad","A2 1L","1","0","0"
"24-11-2020","Hyderabad","A2 Value Pack 1L","1","0","0"
"24-11-2021","Hyderabad","Past Milk 1L","1","0","0"
"24-11-2021","Hyderabad","Buffalo Milk 1L","1","0","0"
"24-11-2021","Hyderabad","A2 Value Pack 1L","2","0","0"
"24-11-2021","Hyderabad","New A2 Value Pack 500ml","1","0","0"
"24-11-2022","Hyderabad","Past Milk 1L","21","0","1"
"24-11-2022","Hyderabad","Raw Milk 1L","16","0","0"
"24-11-2022","Hyderabad","Ghee 500ml","3","0","0"
"24-11-2022","Hyderabad","A2 1L","63","0","7"
"24-11-2022","Hyderabad","Curd Culture","1","0","0"
"24-11-2022","Hyderabad","A2 Ghee","1","0","0"
"24-11-2022","Hyderabad","Buffalo Milk 1L","75","1","9"
"24-11-2022","Hyderabad","Paneer 200g Cows Milk","5","0","0"
"24-11-2022","Hyderabad","A2 Value Pack 1L","171","0","3"
"24-11-2022","Hyderabad","Kharwas 120g","2","0","0"
"24-11-2022","Hyderabad","A2 Gir Cow Paneer 200g","4","0","0"
"24-11-2022","Hyderabad","New A2 Value Pack 500ml","107","0","0"
"24-11-2022","Hyderabad","Buffalo Milk Value Pack 500ml","44","0","6"
"24-11-2022","Hyderabad","Dahi","13","0","0"
"24-11-2022","Hyderabad","Past Milk Value Pack 1L","8","0","0"
"24-11-2022","Hyderabad","Raw Value Pack 1L","26","0","1"
"24-11-2022","Hyderabad","Buffalo Value Pack 1L","27","0","1"
"24-11-2022","Hyderabad","Lactose Free Milk 0.5L","9","0","0"
"24-11-2022","Hyderabad","Past Milk Value Pack 0.5L","1","0","0"
"24-11-2022","Hyderabad","Raw Milk Value Pack 0.5L","4","0","0"
"24-11-2023","Hyderabad","Past Milk 1L","16","0","0"
"24-11-2023","Hyderabad","Raw Milk 1L","15","0","0"
"24-11-2023","Hyderabad","Ghee 500ml","6","0","0"
"24-11-2023","Hyderabad","A2 1L","69","1","1"
"24-11-2023","Hyderabad","Curd Culture","2","0","0"
"24-11-2023","Hyderabad","A2 Ghee","2","0","0"
"24-11-2023","Hyderabad","Buffalo Milk 1L","40","0","3"
"24-11-2023","Hyderabad","Paneer 200g Cows Milk","2","0","0"
"24-11-2023","Hyderabad","A2 Value Pack 1L","485","0","2"
"24-11-2023","Hyderabad","Buffalo Ghee 500ml","1","0","0"
"24-11-2023","Hyderabad","Kharwas 120g","5","0","0"
"24-11-2023","Hyderabad","A2 Gir Cow Paneer 200g","1","0","0"
"24-11-2023","Hyderabad","New A2 Value Pack 500ml","182","0","0"
"24-11-2023","Hyderabad","Buffalo Milk Value Pack 500ml","124","0","1"
"24-11-2023","Hyderabad","Dahi","14","0","0"
"24-11-2023","Hyderabad","Past Milk Value Pack 1L","20","0","0"
"24-11-2023","Hyderabad","Raw Value Pack 1L","55","0","0"
"24-11-2023","Hyderabad","Buffalo Value Pack 1L","281","0","5"
"24-11-2023","Hyderabad","Lactose Free Milk 0.5L","7","0","0"
"24-11-2023","Hyderabad","Past Milk Value Pack 0.5L","15","0","0"
"24-11-2023","Hyderabad","Raw Milk Value Pack 0.5L","25","0","0"
"24-12-2020","Hyderabad","A2 Value Pack 1L","1","0","0"
"24-12-2022","Hyderabad","Past Milk 1L","14","0","0"
"24-12-2022","Hyderabad","Raw Milk 1L","11","0","0"
"24-12-2022","Hyderabad","A2 1L","53","2","5"
"24-12-2022","Hyderabad","Curd Culture","2","0","0"
"24-12-2022","Hyderabad","Buffalo Milk 1L","46","1","13"
"24-12-2022","Hyderabad","Paneer 200g Cows Milk","1","0","0"
"24-12-2022","Hyderabad","A2 Value Pack 1L","192","0","1"
"24-12-2022","Hyderabad","Kharwas 120g","2","0","0"
"24-12-2022","Hyderabad","New A2 Value Pack 500ml","78","0","3"
"24-12-2022","Hyderabad","Buffalo Milk Value Pack 500ml","33","0","5"
"24-12-2022","Hyderabad","Dahi","7","0","0"
"24-12-2022","Hyderabad","Past Milk Value Pack 1L","12","0","0"
"24-12-2022","Hyderabad","Raw Value Pack 1L","27","0","0"
"24-12-2022","Hyderabad","Buffalo Value Pack 1L","58","1","1"
"24-12-2022","Hyderabad","Lactose Free Milk 0.5L","8","0","0"
"24-12-2022","Hyderabad","Raw Milk Value Pack 0.5L","6","0","0"
"24-12-2023","Hyderabad","Past Milk 1L","18","0","0"
"24-12-2023","Hyderabad","Raw Milk 1L","16","0","0"
"24-12-2023","Hyderabad","Ghee 500ml","1","0","0"
"24-12-2023","Hyderabad","A2 1L","48","0","1"
"24-12-2023","Hyderabad","Curd Culture","2","0","0"
"24-12-2023","Hyderabad","A2 Ghee","3","0","0"
"24-12-2023","Hyderabad","Buffalo Milk 1L","32","0","1"
"24-12-2023","Hyderabad","Paneer 200g Cows Milk","4","0","0"
"24-12-2023","Hyderabad","A2 Value Pack 1L","471","0","2"
"24-12-2023","Hyderabad","Buffalo Ghee 500ml","3","0","0"
"24-12-2023","Hyderabad","Kharwas 120g","13","0","0"
"24-12-2023","Hyderabad","A2 Gir Cow Paneer 200g","10","0","0"
"24-12-2023","Hyderabad","New A2 Value Pack 500ml","153","0","2"
"24-12-2023","Hyderabad","Buffalo Milk Value Pack 500ml","161","0","1"
"24-12-2023","Hyderabad","Dahi","19","0","0"
"24-12-2023","Hyderabad","Past Milk Value Pack 1L","21","0","1"
"24-12-2023","Hyderabad","Raw Value Pack 1L","58","0","1"
"24-12-2023","Hyderabad","Buffalo Value Pack 1L","306","1","6"
"24-12-2023","Hyderabad","Lactose Free Milk 0.5L","10","0","0"
"24-12-2023","Hyderabad","Past Milk Value Pack 0.5L","16","0","0"
"24-12-2023","Hyderabad","Raw Milk Value Pack 0.5L","20","0","0"
"25-01-2020","Hyderabad","Past Milk 1L","1","0","0"
"25-01-2020","Hyderabad","Raw Milk 1L","1","0","0"
"25-01-2020","Hyderabad","A2 Value Pack 1L","1","0","0"
"25-01-2021","Hyderabad","Buffalo Milk 1L","1","0","0"
"25-01-2021","Hyderabad","A2 Value Pack 1L","2","0","0"
"25-01-2022","Hyderabad","Raw Milk 1L","1","0","0"
"25-01-2022","Hyderabad","A2 1L","4","0","1"
"25-01-2022","Hyderabad","A2 Value Pack 1L","7","0","1"
"25-01-2022","Hyderabad","New A2 Value Pack 500ml","1","0","0"
"25-01-2023","Hyderabad","Past Milk 1L","19","0","0"
"25-01-2023","Hyderabad","Raw Milk 1L","23","0","0"
"25-01-2023","Hyderabad","Ghee 500ml","3","0","0"
"25-01-2023","Hyderabad","A2 1L","56","0","1"
"25-01-2023","Hyderabad","A2 Ghee","2","0","0"
"25-01-2023","Hyderabad","Buffalo Milk 1L","47","2","1"
"25-01-2023","Hyderabad","Paneer 200g Cows Milk","1","0","0"
"25-01-2023","Hyderabad","A2 Value Pack 1L","223","0","1"
"25-01-2023","Hyderabad","Kharwas 120g","8","0","0"
"25-01-2023","Hyderabad","A2 Gir Cow Paneer 200g","6","0","0"
"25-01-2023","Hyderabad","New A2 Value Pack 500ml","97","0","1"
"25-01-2023","Hyderabad","Buffalo Milk Value Pack 500ml","45","0","0"
"25-01-2023","Hyderabad","Dahi","19","0","0"
"25-01-2023","Hyderabad","Past Milk Value Pack 1L","13","0","0"
"25-01-2023","Hyderabad","Raw Value Pack 1L","31","0","0"
"25-01-2023","Hyderabad","Buffalo Value Pack 1L","102","0","4"
"25-01-2023","Hyderabad","Lactose Free Milk 0.5L","4","0","0"
"25-01-2023","Hyderabad","Past Milk Value Pack 0.5L","3","0","0"
"25-01-2023","Hyderabad","Raw Milk Value Pack 0.5L","12","0","0"
"25-01-2024","Hyderabad","Past Milk 1L","16","0","0"
"25-01-2024","Hyderabad","Raw Milk 1L","16","0","0"
"25-01-2024","Hyderabad","Ghee 500ml","1","1","0"
"25-01-2024","Hyderabad","A2 1L","63","0","8"
"25-01-2024","Hyderabad","Curd Culture","2","0","0"
"25-01-2024","Hyderabad","A2 Ghee","3","0","0"
"25-01-2024","Hyderabad","Buffalo Milk 1L","39","0","5"
"25-01-2024","Hyderabad","Paneer 200g Cows Milk","11","0","0"
"25-01-2024","Hyderabad","A2 Value Pack 1L","525","0","2"
"25-01-2024","Hyderabad","Buffalo Ghee 500ml","3","0","0"
"25-01-2024","Hyderabad","Kharwas 120g","8","0","0"
"25-01-2024","Hyderabad","A2 Gir Cow Paneer 200g","2","0","0"
"25-01-2024","Hyderabad","New A2 Value Pack 500ml","198","0","2"
"25-01-2024","Hyderabad","Buffalo Milk Value Pack 500ml","152","0","0"
"25-01-2024","Hyderabad","Dahi","18","0","0"
"25-01-2024","Hyderabad","Past Milk Value Pack 1L","20","0","0"
"25-01-2024","Hyderabad","Raw Value Pack 1L","70","0","0"
"25-01-2024","Hyderabad","Buffalo Value Pack 1L","331","0","0"
"25-01-2024","Hyderabad","Lactose Free Milk 0.5L","8","0","0"
"25-01-2024","Hyderabad","Past Milk Value Pack 0.5L","19","0","1"
"25-01-2024","Hyderabad","Raw Milk Value Pack 0.5L","24","0","1"
"25-02-2020","Hyderabad","Past Milk 1L","2","0","0"
"25-02-2020","Hyderabad","A2 1L","1","0","0"
"25-02-2020","Hyderabad","A2 Value Pack 1L","1","0","0"
"25-02-2021","Hyderabad","Buffalo Milk 1L","1","0","0"
"25-02-2021","Hyderabad","A2 Value Pack 1L","1","0","0"
"25-02-2022","Hyderabad","Past Milk 1L","6","0","0"
"25-02-2022","Hyderabad","Raw Milk 1L","9","0","0"
"25-02-2022","Hyderabad","Past Milk 0.5L","3","0","0"
"25-02-2022","Hyderabad","Ghee 500ml","1","0","0"
"25-02-2022","Hyderabad","A2 1L","25","0","3"
"25-02-2022","Hyderabad","Buffalo Milk 1L","26","0","8"
"25-02-2022","Hyderabad","A2 Value Pack 1L","34","0","0"
"25-02-2022","Hyderabad","Buffalo Ghee 500ml","1","0","0"
"25-02-2022","Hyderabad","A2 Gir Cow Paneer 200g","2","0","0"
"25-02-2022","Hyderabad","New A2 Value Pack 500ml","30","0","0"
"25-02-2022","Hyderabad","Buffalo Milk Value Pack 500ml","11","0","1"
"25-02-2022","Hyderabad","Dahi","1","0","0"
"25-02-2023","Hyderabad","Past Milk 1L","16","0","0"
"25-02-2023","Hyderabad","Raw Milk 1L","20","0","0"
"25-02-2023","Hyderabad","Ghee 500ml","3","0","0"
"25-02-2023","Hyderabad","A2 1L","69","2","0"
"25-02-2023","Hyderabad","Curd Culture","2","0","0"
"25-02-2023","Hyderabad","A2 Ghee","3","0","0"
"25-02-2023","Hyderabad","Buffalo Milk 1L","58","0","1"
"25-02-2023","Hyderabad","Paneer 200g Cows Milk","2","0","0"
"25-02-2023","Hyderabad","A2 Value Pack 1L","251","2","4"
"25-02-2023","Hyderabad","Buffalo Ghee 500ml","3","0","0"
"25-02-2023","Hyderabad","Kharwas 120g","9","0","0"
"25-02-2023","Hyderabad","A2 Gir Cow Paneer 200g","4","0","0"
"25-02-2023","Hyderabad","New A2 Value Pack 500ml","109","0","1"
"25-02-2023","Hyderabad","Buffalo Milk Value Pack 500ml","67","0","2"
"25-02-2023","Hyderabad","Dahi","9","0","0"
"25-02-2023","Hyderabad","Past Milk Value Pack 1L","13","1","1"
"25-02-2023","Hyderabad","Raw Value Pack 1L","38","1","0"
"25-02-2023","Hyderabad","Buffalo Value Pack 1L","114","1","11"
"25-02-2023","Hyderabad","Lactose Free Milk 0.5L","11","0","0"
"25-02-2023","Hyderabad","Past Milk Value Pack 0.5L","3","0","0"
"25-02-2023","Hyderabad","Raw Milk Value Pack 0.5L","16","0","0"
"25-02-2024","Hyderabad","Past Milk 1L","25","0","0"
"25-02-2024","Hyderabad","Raw Milk 1L","17","0","1"
"25-02-2024","Hyderabad","Ghee 500ml","3","0","0"
"25-02-2024","Hyderabad","A2 1L","70","0","9"
"25-02-2024","Hyderabad","Curd Culture","4","0","0"
"25-02-2024","Hyderabad","A2 Ghee","1","1","0"
"25-02-2024","Hyderabad","Buffalo Milk 1L","54","0","8"
"25-02-2024","Hyderabad","Paneer 200g Cows Milk","8","0","0"
"25-02-2024","Hyderabad","A2 Value Pack 1L","562","0","0"
"25-02-2024","Hyderabad","Buffalo Ghee 500ml","3","0","0"
"25-02-2024","Hyderabad","Kharwas 120g","7","0","0"
"25-02-2024","Hyderabad","A2 Gir Cow Paneer 200g","6","0","0"
"25-02-2024","Hyderabad","New A2 Value Pack 500ml","225","0","2"
"25-02-2024","Hyderabad","Buffalo Milk Value Pack 500ml","139","0","0"
"25-02-2024","Hyderabad","Dahi","15","0","0"
"25-02-2024","Hyderabad","Past Milk Value Pack 1L","25","0","0"
"25-02-2024","Hyderabad","Raw Value Pack 1L","68","0","0"
"25-02-2024","Hyderabad","Buffalo Value Pack 1L","364","1","4"
"25-02-2024","Hyderabad","Lactose Free Milk 0.5L","14","1","0"
"25-02-2024","Hyderabad","Past Milk Value Pack 0.5L","23","0","0"
"25-02-2024","Hyderabad","Raw Milk Value Pack 0.5L","20","0","0"
"25-03-2020","Hyderabad","Past Milk 1L","3","0","0"
"25-03-2020","Hyderabad","A2 Ghee","1","0","0"
"25-03-2020","Hyderabad","Paneer 200g Cows Milk","1","0","0"
"25-03-2021","Hyderabad","A2 1L","1","0","0"
"25-03-2021","Hyderabad","A2 Value Pack 1L","2","0","0"
"25-03-2022","Hyderabad","Past Milk 1L","11","0","1"
"25-03-2022","Hyderabad","Raw Milk 1L","11","0","1"
"25-03-2022","Hyderabad","Past Milk 0.5L","4","0","0"
"25-03-2022","Hyderabad","A2 1L","27","0","7"
"25-03-2022","Hyderabad","Curd Culture","2","0","0"
"25-03-2022","Hyderabad","A2 Ghee","1","0","0"
"25-03-2022","Hyderabad","Buffalo Milk 1L","33","0","9"
"25-03-2022","Hyderabad","Paneer 200g Cows Milk","1","0","0"
"25-03-2022","Hyderabad","A2 Value Pack 1L","52","0","0"
"25-03-2022","Hyderabad","New A2 Value Pack 500ml","31","0","1"
"25-03-2022","Hyderabad","Buffalo Milk Value Pack 500ml","13","0","1"
"25-03-2022","Hyderabad","Dahi","4","0","0"
"25-03-2023","Hyderabad","Past Milk 1L","16","0","0"
"25-03-2023","Hyderabad","Raw Milk 1L","21","0","0"
"25-03-2023","Hyderabad","Ghee 500ml","1","0","0"
"25-03-2023","Hyderabad","A2 1L","78","3","1"
"25-03-2023","Hyderabad","Curd Culture","1","0","0"
"25-03-2023","Hyderabad","A2 Ghee","1","0","0"
"25-03-2023","Hyderabad","Buffalo Milk 1L","48","2","9"
"25-03-2023","Hyderabad","Paneer 200g Cows Milk","3","0","0"
"25-03-2023","Hyderabad","A2 Value Pack 1L","270","1","4"
"25-03-2023","Hyderabad","Buffalo Ghee 500ml","1","0","0"
"25-03-2023","Hyderabad","Kharwas 120g","3","0","0"
"25-03-2023","Hyderabad","A2 Gir Cow Paneer 200g","2","0","0"
"25-03-2023","Hyderabad","New A2 Value Pack 500ml","120","0","0"
"25-03-2023","Hyderabad","Buffalo Milk Value Pack 500ml","65","0","7"
"25-03-2023","Hyderabad","Dahi","12","0","0"
"25-03-2023","Hyderabad","Past Milk Value Pack 1L","19","0","0"
"25-03-2023","Hyderabad","Raw Value Pack 1L","40","0","0"
"25-03-2023","Hyderabad","Buffalo Value Pack 1L","140","1","5"
"25-03-2023","Hyderabad","Lactose Free Milk 0.5L","9","0","0"
"25-03-2023","Hyderabad","Past Milk Value Pack 0.5L","3","0","0"
"25-03-2023","Hyderabad","Raw Milk Value Pack 0.5L","12","0","0"
"25-03-2024","Hyderabad","Past Milk 1L","20","0","0"
"25-03-2024","Hyderabad","Raw Milk 1L","9","0","0"
"25-03-2024","Hyderabad","Ghee 500ml","3","0","0"
"25-03-2024","Hyderabad","A2 1L","56","0","2"
"25-03-2024","Hyderabad","Curd Culture","2","0","0"
"25-03-2024","Hyderabad","A2 Ghee","3","0","0"
"25-03-2024","Hyderabad","Buffalo Milk 1L","35","0","2"
"25-03-2024","Hyderabad","Paneer 200g Cows Milk","12","0","0"
"25-03-2024","Hyderabad","A2 Value Pack 1L","581","0","0"
"25-03-2024","Hyderabad","Buffalo Ghee 500ml","1","0","0"
"25-03-2024","Hyderabad","Kharwas 120g","2","0","0"
"25-03-2024","Hyderabad","A2 Gir Cow Paneer 200g","3","0","0"
"25-03-2024","Hyderabad","New A2 Value Pack 500ml","192","0","0"
"25-03-2024","Hyderabad","Buffalo Milk Value Pack 500ml","150","0","0"
"25-03-2024","Hyderabad","Dahi","11","0","0"
"25-03-2024","Hyderabad","Past Milk Value Pack 1L","17","0","0"
"25-03-2024","Hyderabad","Raw Value Pack 1L","71","0","0"
"25-03-2024","Hyderabad","Buffalo Value Pack 1L","374","1","1"
"25-03-2024","Hyderabad","Lactose Free Milk 0.5L","15","0","0"
"25-03-2024","Hyderabad","Past Milk Value Pack 0.5L","12","0","0"
"25-03-2024","Hyderabad","Raw Milk Value Pack 0.5L","19","1","0"
"25-04-2020","Hyderabad","Past Milk 1L","2","0","0"
"25-04-2020","Hyderabad","A2 Value Pack 1L","1","0","0"
"25-04-2020","Hyderabad","New A2 Value Pack 500ml","1","0","0"
"25-04-2021","Hyderabad","Buffalo Milk 1L","1","0","0"
"25-04-2021","Hyderabad","A2 Value Pack 1L","1","0","0"
"25-04-2022","Hyderabad","Past Milk 1L","11","0","0"
"25-04-2022","Hyderabad","Raw Milk 1L","14","0","0"
"25-04-2022","Hyderabad","A2 1L","38","0","1"
"25-04-2022","Hyderabad","A2 Ghee","1","0","0"
"25-04-2022","Hyderabad","Buffalo Milk 1L","38","0","1"
"25-04-2022","Hyderabad","Paneer 200g Cows Milk","3","0","0"
"25-04-2022","Hyderabad","A2 Value Pack 1L","80","0","0"
"25-04-2022","Hyderabad","New A2 Value Pack 500ml","30","0","0"
"25-04-2022","Hyderabad","Buffalo Milk Value Pack 500ml","21","0","0"
"25-04-2022","Hyderabad","Dahi","1","0","0"
"25-04-2023","Hyderabad","Past Milk 1L","28","1","0"
"25-04-2023","Hyderabad","Raw Milk 1L","20","0","0"
"25-04-2023","Hyderabad","Ghee 500ml","1","0","0"
"25-04-2023","Hyderabad","A2 1L","52","8","1"
"25-04-2023","Hyderabad","Curd Culture","3","0","0"
"25-04-2023","Hyderabad","Buffalo Milk 1L","51","9","0"
"25-04-2023","Hyderabad","Paneer 200g Cows Milk","7","0","0"
"25-04-2023","Hyderabad","A2 Value Pack 1L","269","7","0"
"25-04-2023","Hyderabad","A2 Gir Cow Paneer 200g","2","0","0"
"25-04-2023","Hyderabad","New A2 Value Pack 500ml","100","5","0"
"25-04-2023","Hyderabad","Buffalo Milk Value Pack 500ml","69","4","0"
"25-04-2023","Hyderabad","Dahi","7","0","0"
"25-04-2023","Hyderabad","Past Milk Value Pack 1L","14","0","0"
"25-04-2023","Hyderabad","Raw Value Pack 1L","40","0","0"
"25-04-2023","Hyderabad","Buffalo Value Pack 1L","143","17","0"
"25-04-2023","Hyderabad","Lactose Free Milk 0.5L","6","0","0"
"25-04-2023","Hyderabad","Past Milk Value Pack 0.5L","5","0","0"
"25-04-2023","Hyderabad","Raw Milk Value Pack 0.5L","16","1","0"
"25-05-2020","Hyderabad","Past Milk 1L","2","0","0"
"25-05-2020","Hyderabad","Past Milk 0.5L","1","0","0"
"25-05-2020","Hyderabad","A2 1L","1","0","0"
"25-05-2020","Hyderabad","A2 Value Pack 1L","1","0","0"
"25-05-2021","Hyderabad","A2 1L","1","0","0"
"25-05-2021","Hyderabad","Buffalo Milk 1L","1","0","0"
"25-05-2021","Hyderabad","A2 Value Pack 1L","2","0","0"
"25-05-2022","Hyderabad","Past Milk 1L","16","0","0"
"25-05-2022","Hyderabad","Raw Milk 1L","21","0","1"
"25-05-2022","Hyderabad","Past Milk 0.5L","6","0","1"
"25-05-2022","Hyderabad","A2 1L","54","5","2"
"25-05-2022","Hyderabad","Buffalo Milk 1L","49","3","6"
"25-05-2022","Hyderabad","Paneer 200g Cows Milk","1","0","0"
"25-05-2022","Hyderabad","A2 Value Pack 1L","95","0","0"
"25-05-2022","Hyderabad","Buffalo Ghee 500ml","1","0","0"
"25-05-2022","Hyderabad","Kharwas 120g","1","0","0"
"25-05-2022","Hyderabad","New A2 Value Pack 500ml","35","0","0"
"25-05-2022","Hyderabad","Buffalo Milk Value Pack 500ml","17","0","1"
"25-05-2023","Hyderabad","Past Milk 1L","25","0","0"
"25-05-2023","Hyderabad","Raw Milk 1L","19","1","0"
"25-05-2023","Hyderabad","A2 1L","58","5","0"
"25-05-2023","Hyderabad","Curd Culture","2","0","0"
"25-05-2023","Hyderabad","A2 Ghee","1","0","0"
"25-05-2023","Hyderabad","Buffalo Milk 1L","38","2","2"
"25-05-2023","Hyderabad","A2 Value Pack 1L","275","7","1"
"25-05-2023","Hyderabad","Buffalo Ghee 500ml","4","0","0"
"25-05-2023","Hyderabad","Kharwas 120g","2","0","0"
"25-05-2023","Hyderabad","A2 Gir Cow Paneer 200g","2","0","0"
"25-05-2023","Hyderabad","New A2 Value Pack 500ml","102","0","0"
"25-05-2023","Hyderabad","Buffalo Milk Value Pack 500ml","88","0","0"
"25-05-2023","Hyderabad","Dahi","12","0","0"
"25-05-2023","Hyderabad","Past Milk Value Pack 1L","17","1","0"
"25-05-2023","Hyderabad","Raw Value Pack 1L","39","1","0"
"25-05-2023","Hyderabad","Buffalo Value Pack 1L","159","12","4"
"25-05-2023","Hyderabad","Lactose Free Milk 0.5L","6","1","0"
"25-05-2023","Hyderabad","Past Milk Value Pack 0.5L","8","1","0"
"25-05-2023","Hyderabad","Raw Milk Value Pack 0.5L","16","0","0"
"25-06-2020","Hyderabad","Past Milk 1L","2","0","0"
"25-06-2020","Hyderabad","A2 Value Pack 1L","1","0","0"
"25-06-2021","Hyderabad","A2 1L","1","0","0"
"25-06-2021","Hyderabad","Buffalo Milk 1L","1","0","0"
"25-06-2021","Hyderabad","A2 Value Pack 1L","1","0","0"
"25-06-2022","Hyderabad","Past Milk 1L","24","0","0"
"25-06-2022","Hyderabad","Raw Milk 1L","18","0","1"
"25-06-2022","Hyderabad","Past Milk 0.5L","5","0","0"
"25-06-2022","Hyderabad","A2 1L","66","0","1"
"25-06-2022","Hyderabad","Curd Culture","1","0","0"
"25-06-2022","Hyderabad","Buffalo Milk 1L","73","1","0"
"25-06-2022","Hyderabad","Paneer 200g Cows Milk","4","0","0"
"25-06-2022","Hyderabad","A2 Value Pack 1L","131","0","0"
"25-06-2022","Hyderabad","Kharwas 120g","4","0","0"
"25-06-2022","Hyderabad","New A2 Value Pack 500ml","62","2","0"
"25-06-2022","Hyderabad","Buffalo Milk Value Pack 500ml","28","0","0"
"25-06-2022","Hyderabad","Dahi","3","0","0"
"25-06-2022","Hyderabad","Raw Value Pack 1L","5","0","0"
"25-06-2023","Hyderabad","Past Milk 1L","20","0","0"
"25-06-2023","Hyderabad","Raw Milk 1L","17","0","0"
"25-06-2023","Hyderabad","A2 1L","74","7","1"
"25-06-2023","Hyderabad","Curd Culture","3","0","0"
"25-06-2023","Hyderabad","A2 Ghee","1","0","0"
"25-06-2023","Hyderabad","Buffalo Milk 1L","38","1","8"
"25-06-2023","Hyderabad","Paneer 200g Cows Milk","5","0","0"
"25-06-2023","Hyderabad","A2 Value Pack 1L","376","6","4"
"25-06-2023","Hyderabad","Buffalo Ghee 500ml","3","0","0"
"25-06-2023","Hyderabad","Kharwas 120g","8","0","0"
"25-06-2023","Hyderabad","A2 Gir Cow Paneer 200g","1","0","0"
"25-06-2023","Hyderabad","New A2 Value Pack 500ml","134","1","0"
"25-06-2023","Hyderabad","Insulated Door Bag","3","0","0"
"25-06-2023","Hyderabad","Buffalo Milk Value Pack 500ml","89","2","1"
"25-06-2023","Hyderabad","Dahi","8","0","0"
"25-06-2023","Hyderabad","Past Milk Value Pack 1L","20","1","0"
"25-06-2023","Hyderabad","Raw Value Pack 1L","37","0","0"
"25-06-2023","Hyderabad","Buffalo Value Pack 1L","203","5","6"
"25-06-2023","Hyderabad","Lactose Free Milk 0.5L","6","0","0"
"25-06-2023","Hyderabad","Past Milk Value Pack 0.5L","7","0","0"
"25-06-2023","Hyderabad","Raw Milk Value Pack 0.5L","18","0","1"
"25-07-2020","Hyderabad","Past Milk 1L","2","0","0"
"25-07-2020","Hyderabad","A2 Value Pack 1L","1","0","0"
"25-07-2021","Hyderabad","A2 1L","1","0","0"
"25-07-2021","Hyderabad","A2 Value Pack 1L","2","0","0"
"25-07-2022","Hyderabad","Past Milk 1L","19","0","0"
"25-07-2022","Hyderabad","Raw Milk 1L","17","0","0"
"25-07-2022","Hyderabad","Ghee 500ml","1","0","0"
"25-07-2022","Hyderabad","A2 1L","47","0","0"
"25-07-2022","Hyderabad","Curd Culture","1","0","0"
"25-07-2022","Hyderabad","A2 Ghee","3","0","0"
"25-07-2022","Hyderabad","Buffalo Milk 1L","49","0","0"
"25-07-2022","Hyderabad","Paneer 200g Cows Milk","1","0","0"
"25-07-2022","Hyderabad","A2 Value Pack 1L","131","0","0"
"25-07-2022","Hyderabad","A2 Gir Cow Paneer 200g","4","0","0"
"25-07-2022","Hyderabad","New A2 Value Pack 500ml","69","0","0"
"25-07-2022","Hyderabad","Buffalo Milk Value Pack 500ml","26","0","0"
"25-07-2022","Hyderabad","Dahi","5","0","0"
"25-07-2022","Hyderabad","Past Milk Value Pack 1L","1","0","0"
"25-07-2022","Hyderabad","Raw Value Pack 1L","11","0","0"
"25-07-2022","Hyderabad","Buffalo Value Pack 1L","6","0","0"
"25-07-2022","Hyderabad","Lactose Free Milk 0.5L","1","0","0"
"25-07-2023","Hyderabad","Past Milk 1L","17","0","0"
"25-07-2023","Hyderabad","Raw Milk 1L","17","0","0"
"25-07-2023","Hyderabad","Ghee 500ml","1","0","0"
"25-07-2023","Hyderabad","A2 1L","67","0","0"
"25-07-2023","Hyderabad","Curd Culture","4","0","0"
"25-07-2023","Hyderabad","A2 Ghee","1","0","0"
"25-07-2023","Hyderabad","Buffalo Milk 1L","29","0","2"
"25-07-2023","Hyderabad","Paneer 200g Cows Milk","5","0","0"
"25-07-2023","Hyderabad","A2 Value Pack 1L","430","4","7"
"25-07-2023","Hyderabad","Buffalo Ghee 500ml","2","0","0"
"25-07-2023","Hyderabad","Kharwas 120g","2","0","0"
"25-07-2023","Hyderabad","A2 Gir Cow Paneer 200g","5","0","0"
"25-07-2023","Hyderabad","New A2 Value Pack 500ml","151","0","1"
"25-07-2023","Hyderabad","Buffalo Milk Value Pack 500ml","79","0","1"
"25-07-2023","Hyderabad","Dahi","14","0","0"
"25-07-2023","Hyderabad","Past Milk Value Pack 1L","13","0","0"
"25-07-2023","Hyderabad","Raw Value Pack 1L","53","0","0"
"25-07-2023","Hyderabad","Buffalo Value Pack 1L","215","1","6"
"25-07-2023","Hyderabad","Lactose Free Milk 0.5L","10","0","0"
"25-07-2023","Hyderabad","Past Milk Value Pack 0.5L","9","0","0"
"25-07-2023","Hyderabad","Raw Milk Value Pack 0.5L","16","0","0"
"25-08-2020","Hyderabad","Past Milk 1L","1","0","0"
"25-08-2020","Hyderabad","A2 1L","1","0","0"
"25-08-2021","Hyderabad","A2 Value Pack 1L","2","0","0"
"25-08-2022","Hyderabad","Past Milk 1L","25","0","0"
"25-08-2022","Hyderabad","Raw Milk 1L","18","0","0"
"25-08-2022","Hyderabad","A2 1L","44","0","2"
"25-08-2022","Hyderabad","A2 Ghee","4","0","0"
"25-08-2022","Hyderabad","Buffalo Milk 1L","46","0","2"
"25-08-2022","Hyderabad","Paneer 200g Cows Milk","4","0","0"
"25-08-2022","Hyderabad","A2 Value Pack 1L","122","0","0"
"25-08-2022","Hyderabad","Kharwas 120g","8","0","0"
"25-08-2022","Hyderabad","A2 Gir Cow Paneer 200g","2","0","0"
"25-08-2022","Hyderabad","New A2 Value Pack 500ml","78","0","0"
"25-08-2022","Hyderabad","Buffalo Milk Value Pack 500ml","39","0","1"
"25-08-2022","Hyderabad","Dahi","4","0","0"
"25-08-2022","Hyderabad","Past Milk Value Pack 1L","8","0","0"
"25-08-2022","Hyderabad","Raw Value Pack 1L","17","0","0"
"25-08-2022","Hyderabad","Buffalo Value Pack 1L","15","0","5"
"25-08-2022","Hyderabad","Lactose Free Milk 0.5L","4","0","0"
"25-08-2023","Hyderabad","Past Milk 1L","21","0","1"
"25-08-2023","Hyderabad","Raw Milk 1L","20","0","0"
"25-08-2023","Hyderabad","Ghee 500ml","2","0","0"
"25-08-2023","Hyderabad","A2 1L","94","0","3"
"25-08-2023","Hyderabad","Curd Culture","5","0","0"
"25-08-2023","Hyderabad","A2 Ghee","4","0","0"
"25-08-2023","Hyderabad","Buffalo Milk 1L","50","0","3"
"25-08-2023","Hyderabad","Paneer 200g Cows Milk","1","0","0"
"25-08-2023","Hyderabad","A2 Value Pack 1L","450","1","4"
"25-08-2023","Hyderabad","Buffalo Ghee 500ml","1","0","0"
"25-08-2023","Hyderabad","Kharwas 120g","9","0","0"
"25-08-2023","Hyderabad","A2 Gir Cow Paneer 200g","5","0","0"
"25-08-2023","Hyderabad","New A2 Value Pack 500ml","172","1","2"
"25-08-2023","Hyderabad","Buffalo Milk Value Pack 500ml","130","2","2"
"25-08-2023","Hyderabad","Dahi","22","0","0"
"25-08-2023","Hyderabad","Past Milk Value Pack 1L","26","0","0"
"25-08-2023","Hyderabad","Raw Value Pack 1L","62","0","1"
"25-08-2023","Hyderabad","Buffalo Value Pack 1L","223","2","1"
"25-08-2023","Hyderabad","Lactose Free Milk 0.5L","10","0","0"
"25-08-2023","Hyderabad","Past Milk Value Pack 0.5L","10","0","0"
"25-08-2023","Hyderabad","Raw Milk Value Pack 0.5L","22","1","0"
"25-09-2020","Hyderabad","Past Milk 1L","1","0","0"
"25-09-2020","Hyderabad","A2 1L","1","0","0"
"25-09-2020","Hyderabad","A2 Value Pack 1L","1","0","0"
"25-09-2021","Hyderabad","A2 Value Pack 1L","2","0","0"
"25-09-2022","Hyderabad","Past Milk 1L","20","1","1"
"25-09-2022","Hyderabad","Raw Milk 1L","17","0","1"
"25-09-2022","Hyderabad","Ghee 500ml","2","0","0"
"25-09-2022","Hyderabad","A2 1L","57","0","2"
"25-09-2022","Hyderabad","Curd Culture","1","0","0"
"25-09-2022","Hyderabad","Buffalo Milk 1L","56","1","4"
"25-09-2022","Hyderabad","Paneer 200g Cows Milk","3","0","0"
"25-09-2022","Hyderabad","A2 Value Pack 1L","132","0","1"
"25-09-2022","Hyderabad","Buffalo Ghee 500ml","1","0","0"
"25-09-2022","Hyderabad","Kharwas 120g","8","0","0"
"25-09-2022","Hyderabad","A2 Gir Cow Paneer 200g","2","0","0"
"25-09-2022","Hyderabad","New A2 Value Pack 500ml","85","0","0"
"25-09-2022","Hyderabad","Buffalo Milk Value Pack 500ml","27","1","0"
"25-09-2022","Hyderabad","Dahi","9","0","0"
"25-09-2022","Hyderabad","Past Milk Value Pack 1L","7","0","0"
"25-09-2022","Hyderabad","Raw Value Pack 1L","25","0","0"
"25-09-2022","Hyderabad","Buffalo Value Pack 1L","10","0","0"
"25-09-2022","Hyderabad","Lactose Free Milk 0.5L","10","0","0"
"25-09-2023","Hyderabad","Past Milk 1L","26","0","0"
"25-09-2023","Hyderabad","Raw Milk 1L","11","0","0"
"25-09-2023","Hyderabad","Ghee 500ml","5","0","0"
"25-09-2023","Hyderabad","A2 1L","72","3","0"
"25-09-2023","Hyderabad","Curd Culture","3","0","0"
"25-09-2023","Hyderabad","A2 Ghee","3","0","0"
"25-09-2023","Hyderabad","Buffalo Milk 1L","45","0","0"
"25-09-2023","Hyderabad","Paneer 200g Cows Milk","9","0","0"
"25-09-2023","Hyderabad","A2 Value Pack 1L","485","1","0"
"25-09-2023","Hyderabad","Buffalo Ghee 500ml","1","0","0"
"25-09-2023","Hyderabad","Kharwas 120g","4","0","0"
"25-09-2023","Hyderabad","A2 Gir Cow Paneer 200g","3","0","0"
"25-09-2023","Hyderabad","New A2 Value Pack 500ml","165","0","0"
"25-09-2023","Hyderabad","Buffalo Milk Value Pack 500ml","101","1","0"
"25-09-2023","Hyderabad","Dahi","14","0","0"
"25-09-2023","Hyderabad","Past Milk Value Pack 1L","20","0","0"
"25-09-2023","Hyderabad","Raw Value Pack 1L","56","0","0"
"25-09-2023","Hyderabad","Buffalo Value Pack 1L","257","0","0"
"25-09-2023","Hyderabad","Lactose Free Milk 0.5L","12","0","0"
"25-09-2023","Hyderabad","Past Milk Value Pack 0.5L","15","0","0"
"25-09-2023","Hyderabad","Raw Milk Value Pack 0.5L","24","0","0"
"25-10-2020","Hyderabad","Past Milk 1L","1","0","0"
"25-10-2020","Hyderabad","A2 1L","1","0","0"
"25-10-2020","Hyderabad","A2 Value Pack 1L","1","0","0"
"25-10-2021","Hyderabad","A2 Ghee","1","0","0"
"25-10-2021","Hyderabad","A2 Value Pack 1L","1","0","0"
"25-10-2021","Hyderabad","Tender Coconut","2","0","0"
"25-10-2022","Hyderabad","Past Milk 1L","16","0","0"
"25-10-2022","Hyderabad","Raw Milk 1L","15","0","0"
"25-10-2022","Hyderabad","A2 1L","46","1","0"
"25-10-2022","Hyderabad","A2 Ghee","1","0","0"
"25-10-2022","Hyderabad","Buffalo Milk 1L","57","1","0"
"25-10-2022","Hyderabad","Paneer 200g Cows Milk","2","0","0"
"25-10-2022","Hyderabad","A2 Value Pack 1L","139","0","0"
"25-10-2022","Hyderabad","New A2 Value Pack 500ml","81","0","0"
"25-10-2022","Hyderabad","Buffalo Milk Value Pack 500ml","34","0","0"
"25-10-2022","Hyderabad","Dahi","7","0","0"
"25-10-2022","Hyderabad","Past Milk Value Pack 1L","10","0","0"
"25-10-2022","Hyderabad","Raw Value Pack 1L","23","0","0"
"25-10-2022","Hyderabad","Buffalo Value Pack 1L","24","0","0"
"25-10-2022","Hyderabad","Lactose Free Milk 0.5L","5","0","0"
"25-10-2022","Hyderabad","Past Milk Value Pack 0.5L","2","0","0"
"25-10-2022","Hyderabad","Raw Milk Value Pack 0.5L","3","0","0"
"25-10-2023","Hyderabad","Past Milk 1L","16","0","0"
"25-10-2023","Hyderabad","Raw Milk 1L","15","0","0"
"25-10-2023","Hyderabad","A2 1L","64","0","0"
"25-10-2023","Hyderabad","Curd Culture","4","0","0"
"25-10-2023","Hyderabad","A2 Ghee","5","0","0"
"25-10-2023","Hyderabad","Buffalo Milk 1L","37","0","0"
"25-10-2023","Hyderabad","Paneer 200g Cows Milk","7","0","0"
"25-10-2023","Hyderabad","A2 Value Pack 1L","421","1","0"
"25-10-2023","Hyderabad","Buffalo Ghee 500ml","1","0","0"
"25-10-2023","Hyderabad","Kharwas 120g","2","0","0"
"25-10-2023","Hyderabad","A2 Gir Cow Paneer 200g","1","0","0"
"25-10-2023","Hyderabad","New A2 Value Pack 500ml","149","0","0"
"25-10-2023","Hyderabad","Buffalo Milk Value Pack 500ml","109","1","0"
"25-10-2023","Hyderabad","Dahi","13","0","0"
"25-10-2023","Hyderabad","Past Milk Value Pack 1L","18","0","0"
"25-10-2023","Hyderabad","Raw Value Pack 1L","43","0","0"
"25-10-2023","Hyderabad","Buffalo Value Pack 1L","260","0","1"
"25-10-2023","Hyderabad","Lactose Free Milk 0.5L","7","0","0"
"25-10-2023","Hyderabad","Past Milk Value Pack 0.5L","13","0","1"
"25-10-2023","Hyderabad","Raw Milk Value Pack 0.5L","23","0","1"
"25-11-2020","Hyderabad","Past Milk 1L","1","0","0"
"25-11-2020","Hyderabad","A2 Value Pack 1L","1","0","0"
"25-11-2021","Hyderabad","Past Milk 1L","1","0","0"
"25-11-2021","Hyderabad","Raw Milk 1L","1","0","0"
"25-11-2021","Hyderabad","A2 Value Pack 1L","2","0","0"
"25-11-2021","Hyderabad","New A2 Value Pack 500ml","1","0","0"
"25-11-2022","Hyderabad","Past Milk 1L","11","0","1"
"25-11-2022","Hyderabad","Raw Milk 1L","16","0","0"
"25-11-2022","Hyderabad","A2 1L","61","0","4"
"25-11-2022","Hyderabad","A2 Ghee","2","0","0"
"25-11-2022","Hyderabad","Buffalo Milk 1L","69","2","6"
"25-11-2022","Hyderabad","Paneer 200g Cows Milk","4","0","0"
"25-11-2022","Hyderabad","A2 Value Pack 1L","171","0","0"
"25-11-2022","Hyderabad","Kharwas 120g","1","0","0"
"25-11-2022","Hyderabad","A2 Gir Cow Paneer 200g","1","0","0"
"25-11-2022","Hyderabad","New A2 Value Pack 500ml","99","0","0"
"25-11-2022","Hyderabad","Insulated Door Bag","1","0","0"
"25-11-2022","Hyderabad","Buffalo Milk Value Pack 500ml","38","0","9"
"25-11-2022","Hyderabad","Dahi","4","0","0"
"25-11-2022","Hyderabad","Past Milk Value Pack 1L","10","0","0"
"25-11-2022","Hyderabad","Raw Value Pack 1L","31","0","0"
"25-11-2022","Hyderabad","Buffalo Value Pack 1L","35","0","5"
"25-11-2022","Hyderabad","Lactose Free Milk 0.5L","7","0","0"
"25-11-2022","Hyderabad","Raw Milk Value Pack 0.5L","3","0","0"
"25-11-2023","Hyderabad","Past Milk 1L","18","0","0"
"25-11-2023","Hyderabad","Raw Milk 1L","15","0","0"
"25-11-2023","Hyderabad","Ghee 500ml","2","0","0"
"25-11-2023","Hyderabad","A2 1L","63","0","3"
"25-11-2023","Hyderabad","Curd Culture","1","0","0"
"25-11-2023","Hyderabad","A2 Ghee","6","0","0"
"25-11-2023","Hyderabad","Buffalo Milk 1L","45","0","0"
"25-11-2023","Hyderabad","Paneer 200g Cows Milk","14","0","0"
"25-11-2023","Hyderabad","A2 Value Pack 1L","489","0","4"
"25-11-2023","Hyderabad","Buffalo Ghee 500ml","4","0","0"
"25-11-2023","Hyderabad","Kharwas 120g","2","0","0"
"25-11-2023","Hyderabad","A2 Gir Cow Paneer 200g","7","0","0"
"25-11-2023","Hyderabad","New A2 Value Pack 500ml","170","1","0"
"25-11-2023","Hyderabad","Buffalo Milk Value Pack 500ml","131","0","0"
"25-11-2023","Hyderabad","Dahi","13","0","0"
"25-11-2023","Hyderabad","Past Milk Value Pack 1L","20","0","1"
"25-11-2023","Hyderabad","Raw Value Pack 1L","53","0","1"
"25-11-2023","Hyderabad","Buffalo Value Pack 1L","313","2","4"
"25-11-2023","Hyderabad","Lactose Free Milk 0.5L","12","0","0"
"25-11-2023","Hyderabad","Past Milk Value Pack 0.5L","14","0","0"
"25-11-2023","Hyderabad","Raw Milk Value Pack 0.5L","24","0","1"
"25-12-2020","Hyderabad","A2 1L","1","0","0"
"25-12-2020","Hyderabad","Buffalo Milk 1L","1","0","0"
"25-12-2020","Hyderabad","A2 Value Pack 1L","1","0","0"
"25-12-2021","Hyderabad","A2 Value Pack 1L","2","0","0"
"25-12-2022","Hyderabad","Past Milk 1L","16","0","0"
"25-12-2022","Hyderabad","Raw Milk 1L","20","0","0"
"25-12-2022","Hyderabad","A2 1L","39","1","0"
"25-12-2022","Hyderabad","Curd Culture","1","0","0"
"25-12-2022","Hyderabad","A2 Ghee","1","0","0"
"25-12-2022","Hyderabad","Buffalo Milk 1L","58","0","2"
"25-12-2022","Hyderabad","Paneer 200g Cows Milk","5","0","0"
"25-12-2022","Hyderabad","A2 Value Pack 1L","178","0","2"
"25-12-2022","Hyderabad","Buffalo Ghee 500ml","2","0","0"
"25-12-2022","Hyderabad","New A2 Value Pack 500ml","84","0","0"
"25-12-2022","Hyderabad","Buffalo Milk Value Pack 500ml","32","0","7"
"25-12-2022","Hyderabad","Dahi","14","0","0"
"25-12-2022","Hyderabad","Past Milk Value Pack 1L","14","0","1"
"25-12-2022","Hyderabad","Raw Value Pack 1L","20","0","0"
"25-12-2022","Hyderabad","Buffalo Value Pack 1L","66","0","1"
"25-12-2022","Hyderabad","Lactose Free Milk 0.5L","5","0","0"
"25-12-2022","Hyderabad","Raw Milk Value Pack 0.5L","8","0","0"
"25-12-2023","Hyderabad","Past Milk 1L","18","0","0"
"25-12-2023","Hyderabad","Raw Milk 1L","17","0","0"
"25-12-2023","Hyderabad","Ghee 500ml","3","0","0"
"25-12-2023","Hyderabad","A2 1L","42","0","0"
"25-12-2023","Hyderabad","Curd Culture","4","0","0"
"25-12-2023","Hyderabad","A2 Ghee","3","0","0"
"25-12-2023","Hyderabad","Buffalo Milk 1L","43","0","0"
"25-12-2023","Hyderabad","Paneer 200g Cows Milk","13","0","0"
"25-12-2023","Hyderabad","A2 Value Pack 1L","492","1","0"
"25-12-2023","Hyderabad","Buffalo Ghee 500ml","3","0","0"
"25-12-2023","Hyderabad","Kharwas 120g","2","0","0"
"25-12-2023","Hyderabad","A2 Gir Cow Paneer 200g","3","0","0"
"25-12-2023","Hyderabad","New A2 Value Pack 500ml","177","0","0"
"25-12-2023","Hyderabad","Insulated Door Bag","1","0","0"
"25-12-2023","Hyderabad","Buffalo Milk Value Pack 500ml","126","0","0"
"25-12-2023","Hyderabad","Dahi","12","0","0"
"25-12-2023","Hyderabad","Past Milk Value Pack 1L","28","0","0"
"25-12-2023","Hyderabad","Raw Value Pack 1L","60","0","0"
"25-12-2023","Hyderabad","Buffalo Value Pack 1L","296","0","2"
"25-12-2023","Hyderabad","Lactose Free Milk 0.5L","10","0","0"
"25-12-2023","Hyderabad","Past Milk Value Pack 0.5L","22","0","0"
"25-12-2023","Hyderabad","Raw Milk Value Pack 0.5L","19","0","0"
"26-01-2020","Hyderabad","Past Milk 1L","3","0","0"
"26-01-2020","Hyderabad","A2 1L","1","0","0"
"26-01-2020","Hyderabad","A2 Value Pack 1L","1","0","0"
"26-01-2021","Hyderabad","A2 1L","1","0","0"
"26-01-2021","Hyderabad","Buffalo Milk 1L","1","0","0"
"26-01-2021","Hyderabad","A2 Value Pack 1L","1","0","0"
"26-01-2022","Hyderabad","Past Milk 1L","3","0","0"
"26-01-2022","Hyderabad","Raw Milk 1L","1","0","0"
"26-01-2022","Hyderabad","A2 1L","3","0","3"
"26-01-2022","Hyderabad","Buffalo Milk 1L","1","0","0"
"26-01-2022","Hyderabad","A2 Value Pack 1L","7","0","0"
"26-01-2022","Hyderabad","New A2 Value Pack 500ml","0","0","2"
"26-01-2022","Hyderabad","Buffalo Milk Value Pack 500ml","0","0","1"
"26-01-2023","Hyderabad","Past Milk 1L","14","0","0"
"26-01-2023","Hyderabad","Raw Milk 1L","18","0","1"
"26-01-2023","Hyderabad","A2 1L","41","0","1"
"26-01-2023","Hyderabad","Curd Culture","2","0","0"
"26-01-2023","Hyderabad","A2 Ghee","1","0","0"
"26-01-2023","Hyderabad","Buffalo Milk 1L","54","1","0"
"26-01-2023","Hyderabad","Paneer 200g Cows Milk","5","0","0"
"26-01-2023","Hyderabad","A2 Value Pack 1L","223","0","1"
"26-01-2023","Hyderabad","Kharwas 120g","1","0","0"
"26-01-2023","Hyderabad","A2 Gir Cow Paneer 200g","1","0","0"
"26-01-2023","Hyderabad","New A2 Value Pack 500ml","95","0","1"
"26-01-2023","Hyderabad","Buffalo Milk Value Pack 500ml","43","0","1"
"26-01-2023","Hyderabad","Dahi","13","0","0"
"26-01-2023","Hyderabad","Past Milk Value Pack 1L","13","0","1"
"26-01-2023","Hyderabad","Raw Value Pack 1L","22","1","0"
"26-01-2023","Hyderabad","Buffalo Value Pack 1L","110","1","1"
"26-01-2023","Hyderabad","Lactose Free Milk 0.5L","11","0","0"
"26-01-2023","Hyderabad","Past Milk Value Pack 0.5L","5","0","0"
"26-01-2023","Hyderabad","Raw Milk Value Pack 0.5L","11","0","0"
"26-01-2024","Hyderabad","Past Milk 1L","18","0","0"
"26-01-2024","Hyderabad","Raw Milk 1L","15","0","0"
"26-01-2024","Hyderabad","Ghee 500ml","4","1","0"
"26-01-2024","Hyderabad","A2 1L","59","0","8"
"26-01-2024","Hyderabad","Curd Culture","2","0","0"
"26-01-2024","Hyderabad","A2 Ghee","4","1","0"
"26-01-2024","Hyderabad","Buffalo Milk 1L","50","0","4"
"26-01-2024","Hyderabad","Paneer 200g Cows Milk","10","0","0"
"26-01-2024","Hyderabad","A2 Value Pack 1L","556","1","1"
"26-01-2024","Hyderabad","Buffalo Ghee 500ml","1","0","0"
"26-01-2024","Hyderabad","Kharwas 120g","4","0","0"
"26-01-2024","Hyderabad","A2 Gir Cow Paneer 200g","4","0","0"
"26-01-2024","Hyderabad","New A2 Value Pack 500ml","199","0","1"
"26-01-2024","Hyderabad","Buffalo Milk Value Pack 500ml","131","0","1"
"26-01-2024","Hyderabad","Dahi","8","0","0"
"26-01-2024","Hyderabad","Past Milk Value Pack 1L","28","0","0"
"26-01-2024","Hyderabad","Raw Value Pack 1L","67","0","0"
"26-01-2024","Hyderabad","Buffalo Value Pack 1L","327","1","1"
"26-01-2024","Hyderabad","Lactose Free Milk 0.5L","10","0","0"
"26-01-2024","Hyderabad","Past Milk Value Pack 0.5L","21","0","0"
"26-01-2024","Hyderabad","Raw Milk Value Pack 0.5L","24","1","0"
"26-02-2020","Hyderabad","Past Milk 1L","2","0","0"
"26-02-2021","Hyderabad","A2 1L","1","0","0"
"26-02-2021","Hyderabad","Buffalo Milk 1L","1","0","0"
"26-02-2021","Hyderabad","A2 Value Pack 1L","2","0","0"
"26-02-2022","Hyderabad","Past Milk 1L","4","0","0"
"26-02-2022","Hyderabad","Raw Milk 1L","10","0","1"
"26-02-2022","Hyderabad","Past Milk 0.5L","3","0","0"
"26-02-2022","Hyderabad","A2 1L","27","0","2"
"26-02-2022","Hyderabad","Curd Culture","1","0","0"
"26-02-2022","Hyderabad","Buffalo Milk 1L","24","0","5"
"26-02-2022","Hyderabad","Paneer 200g Cows Milk","1","0","0"
"26-02-2022","Hyderabad","A2 Value Pack 1L","29","0","1"
"26-02-2022","Hyderabad","Buffalo Ghee 500ml","2","0","0"
"26-02-2022","Hyderabad","A2 Gir Cow Paneer 200g","1","0","0"
"26-02-2022","Hyderabad","New A2 Value Pack 500ml","21","0","0"
"26-02-2022","Hyderabad","Buffalo Milk Value Pack 500ml","9","0","1"
"26-02-2022","Hyderabad","Dahi","2","0","0"
"26-02-2023","Hyderabad","Past Milk 1L","19","0","0"
"26-02-2023","Hyderabad","Raw Milk 1L","20","0","0"
"26-02-2023","Hyderabad","Ghee 500ml","4","0","0"
"26-02-2023","Hyderabad","A2 1L","50","1","1"
"26-02-2023","Hyderabad","Curd Culture","2","0","0"
"26-02-2023","Hyderabad","Buffalo Milk 1L","52","2","1"
"26-02-2023","Hyderabad","Paneer 200g Cows Milk","4","0","0"
"26-02-2023","Hyderabad","A2 Value Pack 1L","233","2","5"
"26-02-2023","Hyderabad","Kharwas 120g","8","0","0"
"26-02-2023","Hyderabad","New A2 Value Pack 500ml","111","1","2"
"26-02-2023","Hyderabad","Insulated Door Bag","1","0","0"
"26-02-2023","Hyderabad","Buffalo Milk Value Pack 500ml","63","0","2"
"26-02-2023","Hyderabad","Dahi","8","0","0"
"26-02-2023","Hyderabad","Past Milk Value Pack 1L","11","0","1"
"26-02-2023","Hyderabad","Raw Value Pack 1L","36","0","0"
"26-02-2023","Hyderabad","Buffalo Value Pack 1L","121","2","3"
"26-02-2023","Hyderabad","Lactose Free Milk 0.5L","7","0","0"
"26-02-2023","Hyderabad","Past Milk Value Pack 0.5L","5","0","1"
"26-02-2023","Hyderabad","Raw Milk Value Pack 0.5L","15","0","0"
"26-02-2024","Hyderabad","Past Milk 1L","18","0","0"
"26-02-2024","Hyderabad","Raw Milk 1L","12","0","0"
"26-02-2024","Hyderabad","Ghee 500ml","3","1","0"
"26-02-2024","Hyderabad","A2 1L","76","0","3"
"26-02-2024","Hyderabad","Curd Culture","4","0","0"
"26-02-2024","Hyderabad","A2 Ghee","2","4","2"
"26-02-2024","Hyderabad","Buffalo Milk 1L","45","0","4"
"26-02-2024","Hyderabad","Paneer 200g Cows Milk","10","0","0"
"26-02-2024","Hyderabad","A2 Value Pack 1L","557","1","1"
"26-02-2024","Hyderabad","Buffalo Ghee 500ml","2","1","0"
"26-02-2024","Hyderabad","Kharwas 120g","5","0","0"
"26-02-2024","Hyderabad","A2 Gir Cow Paneer 200g","1","0","0"
"26-02-2024","Hyderabad","New A2 Value Pack 500ml","225","0","0"
"26-02-2024","Hyderabad","Insulated Door Bag","2","0","0"
"26-02-2024","Hyderabad","Buffalo Milk Value Pack 500ml","163","0","0"
"26-02-2024","Hyderabad","Dahi","19","0","0"
"26-02-2024","Hyderabad","Past Milk Value Pack 1L","23","0","0"
"26-02-2024","Hyderabad","Raw Value Pack 1L","77","0","0"
"26-02-2024","Hyderabad","Buffalo Value Pack 1L","375","1","0"
"26-02-2024","Hyderabad","Lactose Free Milk 0.5L","18","0","0"
"26-02-2024","Hyderabad","Past Milk Value Pack 0.5L","19","0","0"
"26-02-2024","Hyderabad","Raw Milk Value Pack 0.5L","13","0","0"
"26-03-2020","Hyderabad","Past Milk 1L","2","0","0"
"26-03-2020","Hyderabad","Ghee 500ml","1","0","0"
"26-03-2020","Hyderabad","A2 Value Pack 1L","1","0","0"
"26-03-2021","Hyderabad","A2 Value Pack 1L","2","0","0"
"26-03-2022","Hyderabad","Past Milk 1L","7","0","0"
"26-03-2022","Hyderabad","Raw Milk 1L","14","0","2"
"26-03-2022","Hyderabad","Past Milk 0.5L","4","0","0"
"26-03-2022","Hyderabad","Ghee 500ml","3","0","0"
"26-03-2022","Hyderabad","A2 1L","37","0","2"
"26-03-2022","Hyderabad","Curd Culture","3","0","0"
"26-03-2022","Hyderabad","A2 Ghee","2","0","0"
"26-03-2022","Hyderabad","Buffalo Milk 1L","41","0","3"
"26-03-2022","Hyderabad","Paneer 200g Cows Milk","1","0","0"
"26-03-2022","Hyderabad","A2 Value Pack 1L","56","0","1"
"26-03-2022","Hyderabad","Kharwas 120g","2","0","0"
"26-03-2022","Hyderabad","New A2 Value Pack 500ml","32","0","0"
"26-03-2022","Hyderabad","Buffalo Milk Value Pack 500ml","15","0","4"
"26-03-2022","Hyderabad","Dahi","2","0","0"
"26-03-2023","Hyderabad","Past Milk 1L","17","1","0"
"26-03-2023","Hyderabad","Raw Milk 1L","20","0","0"
"26-03-2023","Hyderabad","Ghee 500ml","1","0","0"
"26-03-2023","Hyderabad","A2 1L","62","2","1"
"26-03-2023","Hyderabad","Curd Culture","3","0","0"
"26-03-2023","Hyderabad","A2 Ghee","1","0","0"
"26-03-2023","Hyderabad","Buffalo Milk 1L","61","2","9"
"26-03-2023","Hyderabad","Paneer 200g Cows Milk","4","0","0"
"26-03-2023","Hyderabad","A2 Value Pack 1L","263","2","4"
"26-03-2023","Hyderabad","Buffalo Ghee 500ml","3","0","0"
"26-03-2023","Hyderabad","Kharwas 120g","4","0","0"
"26-03-2023","Hyderabad","A2 Gir Cow Paneer 200g","1","0","0"
"26-03-2023","Hyderabad","New A2 Value Pack 500ml","106","3","1"
"26-03-2023","Hyderabad","Buffalo Milk Value Pack 500ml","58","0","5"
"26-03-2023","Hyderabad","Dahi","10","0","0"
"26-03-2023","Hyderabad","Past Milk Value Pack 1L","13","0","0"
"26-03-2023","Hyderabad","Raw Value Pack 1L","32","4","3"
"26-03-2023","Hyderabad","Buffalo Value Pack 1L","135","0","2"
"26-03-2023","Hyderabad","Lactose Free Milk 0.5L","9","0","0"
"26-03-2023","Hyderabad","Past Milk Value Pack 0.5L","8","0","0"
"26-03-2023","Hyderabad","Raw Milk Value Pack 0.5L","16","0","0"
"26-03-2024","Hyderabad","Past Milk 1L","18","0","0"
"26-03-2024","Hyderabad","Raw Milk 1L","12","0","0"
"26-03-2024","Hyderabad","A2 1L","67","0","2"
"26-03-2024","Hyderabad","Curd Culture","3","0","0"
"26-03-2024","Hyderabad","A2 Ghee","1","0","0"
"26-03-2024","Hyderabad","Buffalo Milk 1L","51","0","0"
"26-03-2024","Hyderabad","Paneer 200g Cows Milk","6","0","0"
"26-03-2024","Hyderabad","A2 Value Pack 1L","578","1","0"
"26-03-2024","Hyderabad","Kharwas 120g","5","0","0"
"26-03-2024","Hyderabad","A2 Gir Cow Paneer 200g","3","0","0"
"26-03-2024","Hyderabad","New A2 Value Pack 500ml","203","0","0"
"26-03-2024","Hyderabad","Buffalo Milk Value Pack 500ml","172","0","0"
"26-03-2024","Hyderabad","Dahi","11","0","0"
"26-03-2024","Hyderabad","Past Milk Value Pack 1L","17","0","0"
"26-03-2024","Hyderabad","Raw Value Pack 1L","66","0","0"
"26-03-2024","Hyderabad","Buffalo Value Pack 1L","371","2","0"
"26-03-2024","Hyderabad","Lactose Free Milk 0.5L","18","1","0"
"26-03-2024","Hyderabad","Past Milk Value Pack 0.5L","18","0","0"
"26-03-2024","Hyderabad","Raw Milk Value Pack 0.5L","17","0","0"
"26-04-2020","Hyderabad","Past Milk 1L","2","0","0"
"26-04-2020","Hyderabad","A2 1L","1","0","0"
"26-04-2020","Hyderabad","New A2 Value Pack 500ml","1","0","0"
"26-04-2021","Hyderabad","A2 1L","1","0","0"
"26-04-2021","Hyderabad","A2 Value Pack 1L","1","0","0"
"26-04-2022","Hyderabad","Past Milk 1L","11","0","1"
"26-04-2022","Hyderabad","Raw Milk 1L","15","0","0"
"26-04-2022","Hyderabad","Past Milk 0.5L","3","0","0"
"26-04-2022","Hyderabad","Ghee 500ml","1","0","0"
"26-04-2022","Hyderabad","A2 1L","39","0","3"
"26-04-2022","Hyderabad","A2 Ghee","1","0","0"
"26-04-2022","Hyderabad","Buffalo Milk 1L","36","0","3"
"26-04-2022","Hyderabad","Paneer 200g Cows Milk","3","0","0"
"26-04-2022","Hyderabad","A2 Value Pack 1L","63","0","0"
"26-04-2022","Hyderabad","Kharwas 120g","1","0","0"
"26-04-2022","Hyderabad","New A2 Value Pack 500ml","35","0","3"
"26-04-2022","Hyderabad","Insulated Door Bag","1","0","0"
"26-04-2022","Hyderabad","Buffalo Milk Value Pack 500ml","22","0","1"
"26-04-2022","Hyderabad","Dahi","2","0","0"
"26-04-2023","Hyderabad","Past Milk 1L","12","1","0"
"26-04-2023","Hyderabad","Raw Milk 1L","13","0","0"
"26-04-2023","Hyderabad","Ghee 500ml","1","0","0"
"26-04-2023","Hyderabad","A2 1L","54","10","0"
"26-04-2023","Hyderabad","Curd Culture","2","0","0"
"26-04-2023","Hyderabad","A2 Ghee","3","0","0"
"26-04-2023","Hyderabad","Buffalo Milk 1L","50","8","1"
"26-04-2023","Hyderabad","Paneer 200g Cows Milk","2","0","0"
"26-04-2023","Hyderabad","A2 Value Pack 1L","264","3","0"
"26-04-2023","Hyderabad","Kharwas 120g","1","0","0"
"26-04-2023","Hyderabad","New A2 Value Pack 500ml","116","5","0"
"26-04-2023","Hyderabad","Insulated Door Bag","1","0","0"
"26-04-2023","Hyderabad","Buffalo Milk Value Pack 500ml","81","6","0"
"26-04-2023","Hyderabad","Dahi","22","0","0"
"26-04-2023","Hyderabad","Past Milk Value Pack 1L","15","0","0"
"26-04-2023","Hyderabad","Raw Value Pack 1L","38","0","0"
"26-04-2023","Hyderabad","Buffalo Value Pack 1L","147","18","0"
"26-04-2023","Hyderabad","Lactose Free Milk 0.5L","4","0","0"
"26-04-2023","Hyderabad","Past Milk Value Pack 0.5L","7","0","0"
"26-04-2023","Hyderabad","Raw Milk Value Pack 0.5L","14","1","0"
"26-05-2020","Hyderabad","Past Milk 1L","2","0","0"
"26-05-2021","Hyderabad","A2 1L","1","0","0"
"26-05-2021","Hyderabad","A2 Value Pack 1L","1","0","0"
"26-05-2022","Hyderabad","Past Milk 1L","14","0","0"
"26-05-2022","Hyderabad","Raw Milk 1L","22","0","0"
"26-05-2022","Hyderabad","Past Milk 0.5L","2","0","0"
"26-05-2022","Hyderabad","A2 1L","40","4","7"
"26-05-2022","Hyderabad","Curd Culture","2","0","0"
"26-05-2022","Hyderabad","A2 Ghee","1","0","0"
"26-05-2022","Hyderabad","Buffalo Milk 1L","47","4","3"
"26-05-2022","Hyderabad","A2 Value Pack 1L","87","0","0"
"26-05-2022","Hyderabad","Kharwas 120g","2","0","0"
"26-05-2022","Hyderabad","A2 Gir Cow Paneer 200g","3","0","0"
"26-05-2022","Hyderabad","New A2 Value Pack 500ml","36","0","0"
"26-05-2022","Hyderabad","Buffalo Milk Value Pack 500ml","24","0","0"
"26-05-2022","Hyderabad","Dahi","1","0","0"
"26-05-2023","Hyderabad","Past Milk 1L","18","0","0"
"26-05-2023","Hyderabad","Raw Milk 1L","21","0","0"
"26-05-2023","Hyderabad","A2 1L","50","0","2"
"26-05-2023","Hyderabad","Curd Culture","4","0","0"
"26-05-2023","Hyderabad","A2 Ghee","4","0","0"
"26-05-2023","Hyderabad","Buffalo Milk 1L","38","1","3"
"26-05-2023","Hyderabad","Paneer 200g Cows Milk","2","0","0"
"26-05-2023","Hyderabad","A2 Value Pack 1L","284","5","1"
"26-05-2023","Hyderabad","Kharwas 120g","2","0","0"
"26-05-2023","Hyderabad","New A2 Value Pack 500ml","118","0","0"
"26-05-2023","Hyderabad","Insulated Door Bag","1","0","0"
"26-05-2023","Hyderabad","Buffalo Milk Value Pack 500ml","78","3","0"
"26-05-2023","Hyderabad","Dahi","14","0","0"
"26-05-2023","Hyderabad","Past Milk Value Pack 1L","22","2","0"
"26-05-2023","Hyderabad","Raw Value Pack 1L","43","1","0"
"26-05-2023","Hyderabad","Buffalo Value Pack 1L","168","11","1"
"26-05-2023","Hyderabad","Lactose Free Milk 0.5L","5","0","0"
"26-05-2023","Hyderabad","Past Milk Value Pack 0.5L","6","1","0"
"26-05-2023","Hyderabad","Raw Milk Value Pack 0.5L","16","0","0"
"26-06-2020","Hyderabad","Past Milk 1L","2","0","0"
"26-06-2020","Hyderabad","A2 1L","1","0","0"
"26-06-2021","Hyderabad","A2 1L","1","0","0"
"26-06-2021","Hyderabad","A2 Value Pack 1L","2","0","0"
"26-06-2022","Hyderabad","Past Milk 1L","21","0","0"
"26-06-2022","Hyderabad","Raw Milk 1L","16","0","0"
"26-06-2022","Hyderabad","Past Milk 0.5L","4","0","0"
"26-06-2022","Hyderabad","A2 1L","61","1","1"
"26-06-2022","Hyderabad","Buffalo Milk 1L","70","1","0"
"26-06-2022","Hyderabad","Paneer 200g Cows Milk","3","0","0"
"26-06-2022","Hyderabad","A2 Value Pack 1L","131","0","2"
"26-06-2022","Hyderabad","Kharwas 120g","6","0","0"
"26-06-2022","Hyderabad","A2 Gir Cow Paneer 200g","1","0","0"
"26-06-2022","Hyderabad","New A2 Value Pack 500ml","58","1","1"
"26-06-2022","Hyderabad","Buffalo Milk Value Pack 500ml","34","0","0"
"26-06-2022","Hyderabad","Dahi","6","0","0"
"26-06-2022","Hyderabad","Past Milk Value Pack 1L","5","0","0"
"26-06-2022","Hyderabad","Raw Value Pack 1L","4","0","0"
"26-06-2023","Hyderabad","Past Milk 1L","21","1","0"
"26-06-2023","Hyderabad","Raw Milk 1L","12","0","0"
"26-06-2023","Hyderabad","A2 1L","65","0","0"
"26-06-2023","Hyderabad","Curd Culture","1","0","0"
"26-06-2023","Hyderabad","Buffalo Milk 1L","40","1","0"
"26-06-2023","Hyderabad","Paneer 200g Cows Milk","8","0","0"
"26-06-2023","Hyderabad","A2 Value Pack 1L","400","0","2"
"26-06-2023","Hyderabad","Buffalo Ghee 500ml","3","0","0"
"26-06-2023","Hyderabad","Kharwas 120g","6","0","0"
"26-06-2023","Hyderabad","A2 Gir Cow Paneer 200g","1","0","0"
"26-06-2023","Hyderabad","New A2 Value Pack 500ml","137","0","0"
"26-06-2023","Hyderabad","Insulated Door Bag","1","0","0"
"26-06-2023","Hyderabad","Buffalo Milk Value Pack 500ml","70","0","0"
"26-06-2023","Hyderabad","Dahi","10","0","0"
"26-06-2023","Hyderabad","Past Milk Value Pack 1L","17","0","0"
"26-06-2023","Hyderabad","Raw Value Pack 1L","42","0","0"
"26-06-2023","Hyderabad","Buffalo Value Pack 1L","205","2","2"
"26-06-2023","Hyderabad","Lactose Free Milk 0.5L","14","0","0"
"26-06-2023","Hyderabad","Past Milk Value Pack 0.5L","6","0","0"
"26-06-2023","Hyderabad","Raw Milk Value Pack 0.5L","20","0","0"
"26-07-2020","Hyderabad","Past Milk 1L","2","0","0"
"26-07-2020","Hyderabad","A2 1L","1","0","0"
"26-07-2021","Hyderabad","A2 1L","1","0","0"
"26-07-2021","Hyderabad","A2 Value Pack 1L","1","0","0"
"26-07-2022","Hyderabad","Past Milk 1L","18","0","1"
"26-07-2022","Hyderabad","Raw Milk 1L","13","0","1"
"26-07-2022","Hyderabad","A2 1L","50","0","1"
"26-07-2022","Hyderabad","Buffalo Milk 1L","58","0","2"
"26-07-2022","Hyderabad","Paneer 200g Cows Milk","1","0","0"
"26-07-2022","Hyderabad","A2 Value Pack 1L","147","0","0"
"26-07-2022","Hyderabad","Buffalo Ghee 500ml","2","0","0"
"26-07-2022","Hyderabad","Kharwas 120g","1","0","0"
"26-07-2022","Hyderabad","A2 Gir Cow Paneer 200g","1","0","0"
"26-07-2022","Hyderabad","New A2 Value Pack 500ml","64","0","0"
"26-07-2022","Hyderabad","Buffalo Milk Value Pack 500ml","34","0","1"
"26-07-2022","Hyderabad","Dahi","2","0","0"
"26-07-2022","Hyderabad","Past Milk Value Pack 1L","5","0","0"
"26-07-2022","Hyderabad","Raw Value Pack 1L","11","0","0"
"26-07-2022","Hyderabad","Buffalo Value Pack 1L","4","0","0"
"26-07-2022","Hyderabad","Lactose Free Milk 0.5L","5","0","0"
"26-07-2023","Hyderabad","Past Milk 1L","14","0","0"
"26-07-2023","Hyderabad","Raw Milk 1L","12","0","0"
"26-07-2023","Hyderabad","Ghee 500ml","2","0","0"
"26-07-2023","Hyderabad","A2 1L","75","1","1"
"26-07-2023","Hyderabad","Curd Culture","5","0","0"
"26-07-2023","Hyderabad","A2 Ghee","2","0","0"
"26-07-2023","Hyderabad","Buffalo Milk 1L","38","0","0"
"26-07-2023","Hyderabad","Paneer 200g Cows Milk","7","0","0"
"26-07-2023","Hyderabad","A2 Value Pack 1L","425","2","3"
"26-07-2023","Hyderabad","Kharwas 120g","6","0","0"
"26-07-2023","Hyderabad","A2 Gir Cow Paneer 200g","4","0","0"
"26-07-2023","Hyderabad","New A2 Value Pack 500ml","151","0","6"
"26-07-2023","Hyderabad","Buffalo Milk Value Pack 500ml","97","0","1"
"26-07-2023","Hyderabad","Dahi","15","0","0"
"26-07-2023","Hyderabad","Past Milk Value Pack 1L","11","0","1"
"26-07-2023","Hyderabad","Raw Value Pack 1L","60","0","0"
"26-07-2023","Hyderabad","Buffalo Value Pack 1L","211","2","2"
"26-07-2023","Hyderabad","Lactose Free Milk 0.5L","13","0","0"
"26-07-2023","Hyderabad","Past Milk Value Pack 0.5L","9","0","1"
"26-07-2023","Hyderabad","Raw Milk Value Pack 0.5L","18","0","0"
"26-08-2020","Hyderabad","Past Milk 1L","1","0","0"
"26-08-2020","Hyderabad","A2 Value Pack 1L","1","0","0"
"26-08-2021","Hyderabad","A2 1L","1","0","0"
"26-08-2021","Hyderabad","A2 Value Pack 1L","1","0","0"
"26-08-2022","Hyderabad","Past Milk 1L","25","0","0"
"26-08-2022","Hyderabad","Raw Milk 1L","22","0","0"
"26-08-2022","Hyderabad","A2 1L","38","0","1"
"26-08-2022","Hyderabad","Curd Culture","1","0","0"
"26-08-2022","Hyderabad","Buffalo Milk 1L","45","0","4"
"26-08-2022","Hyderabad","Paneer 200g Cows Milk","3","0","0"
"26-08-2022","Hyderabad","A2 Value Pack 1L","115","1","0"
"26-08-2022","Hyderabad","Buffalo Ghee 500ml","1","0","0"
"26-08-2022","Hyderabad","Kharwas 120g","1","0","0"
"26-08-2022","Hyderabad","New A2 Value Pack 500ml","76","0","0"
"26-08-2022","Hyderabad","Insulated Door Bag","1","0","0"
"26-08-2022","Hyderabad","Buffalo Milk Value Pack 500ml","28","0","1"
"26-08-2022","Hyderabad","Past Milk Value Pack 1L","8","0","0"
"26-08-2022","Hyderabad","Raw Value Pack 1L","14","0","0"
"26-08-2022","Hyderabad","Buffalo Value Pack 1L","15","0","0"
"26-08-2022","Hyderabad","Lactose Free Milk 0.5L","2","0","0"
"26-08-2023","Hyderabad","Past Milk 1L","20","0","0"
"26-08-2023","Hyderabad","Raw Milk 1L","17","0","1"
"26-08-2023","Hyderabad","A2 1L","99","2","3"
"26-08-2023","Hyderabad","Curd Culture","3","0","0"
"26-08-2023","Hyderabad","A2 Ghee","1","0","0"
"26-08-2023","Hyderabad","Buffalo Milk 1L","35","1","3"
"26-08-2023","Hyderabad","Paneer 200g Cows Milk","6","0","0"
"26-08-2023","Hyderabad","A2 Value Pack 1L","446","3","5"
"26-08-2023","Hyderabad","Kharwas 120g","7","0","0"
"26-08-2023","Hyderabad","A2 Gir Cow Paneer 200g","2","0","0"
"26-08-2023","Hyderabad","New A2 Value Pack 500ml","148","1","2"
"26-08-2023","Hyderabad","Buffalo Milk Value Pack 500ml","96","0","1"
"26-08-2023","Hyderabad","Dahi","14","0","0"
"26-08-2023","Hyderabad","Past Milk Value Pack 1L","20","0","0"
"26-08-2023","Hyderabad","Raw Value Pack 1L","59","0","2"
"26-08-2023","Hyderabad","Buffalo Value Pack 1L","198","1","2"
"26-08-2023","Hyderabad","Lactose Free Milk 0.5L","12","0","0"
"26-08-2023","Hyderabad","Past Milk Value Pack 0.5L","12","0","0"
"26-08-2023","Hyderabad","Raw Milk Value Pack 0.5L","38","0","0"
"26-09-2020","Hyderabad","Past Milk 1L","1","0","0"
"26-09-2021","Hyderabad","A2 1L","1","0","0"
"26-09-2021","Hyderabad","A2 Value Pack 1L","1","0","0"
"26-09-2022","Hyderabad","Past Milk 1L","19","0","0"
"26-09-2022","Hyderabad","Raw Milk 1L","18","0","0"
"26-09-2022","Hyderabad","A2 1L","61","1","1"
"26-09-2022","Hyderabad","Curd Culture","1","0","0"
"26-09-2022","Hyderabad","A2 Ghee","4","0","0"
"26-09-2022","Hyderabad","Buffalo Milk 1L","61","0","2"
"26-09-2022","Hyderabad","Paneer 200g Cows Milk","3","0","0"
"26-09-2022","Hyderabad","A2 Value Pack 1L","142","1","0"
"26-09-2022","Hyderabad","Kharwas 120g","3","0","0"
"26-09-2022","Hyderabad","A2 Gir Cow Paneer 200g","4","0","0"
"26-09-2022","Hyderabad","New A2 Value Pack 500ml","87","0","1"
"26-09-2022","Hyderabad","Buffalo Milk Value Pack 500ml","39","0","1"
"26-09-2022","Hyderabad","Dahi","16","0","0"
"26-09-2022","Hyderabad","Past Milk Value Pack 1L","13","0","0"
"26-09-2022","Hyderabad","Raw Value Pack 1L","19","0","0"
"26-09-2022","Hyderabad","Buffalo Value Pack 1L","11","0","0"
"26-09-2022","Hyderabad","Lactose Free Milk 0.5L","5","0","0"
"26-09-2023","Hyderabad","Past Milk 1L","24","0","0"
"26-09-2023","Hyderabad","Raw Milk 1L","13","0","0"
"26-09-2023","Hyderabad","Ghee 500ml","1","0","0"
"26-09-2023","Hyderabad","A2 1L","74","0","1"
"26-09-2023","Hyderabad","Curd Culture","3","0","0"
"26-09-2023","Hyderabad","A2 Ghee","1","0","0"
"26-09-2023","Hyderabad","Buffalo Milk 1L","55","1","0"
"26-09-2023","Hyderabad","Paneer 200g Cows Milk","5","0","0"
"26-09-2023","Hyderabad","A2 Value Pack 1L","480","2","2"
"26-09-2023","Hyderabad","Kharwas 120g","5","0","0"
"26-09-2023","Hyderabad","A2 Gir Cow Paneer 200g","3","0","0"
"26-09-2023","Hyderabad","New A2 Value Pack 500ml","157","0","1"
"26-09-2023","Hyderabad","Buffalo Milk Value Pack 500ml","121","1","2"
"26-09-2023","Hyderabad","Dahi","13","0","0"
"26-09-2023","Hyderabad","Past Milk Value Pack 1L","19","0","0"
"26-09-2023","Hyderabad","Raw Value Pack 1L","56","0","0"
"26-09-2023","Hyderabad","Buffalo Value Pack 1L","252","1","1"
"26-09-2023","Hyderabad","Lactose Free Milk 0.5L","15","0","0"
"26-09-2023","Hyderabad","Past Milk Value Pack 0.5L","17","0","0"
"26-09-2023","Hyderabad","Raw Milk Value Pack 0.5L","24","0","0"
"26-10-2020","Hyderabad","Past Milk 1L","1","0","0"
"26-10-2020","Hyderabad","Buffalo Milk 1L","1","0","0"
"26-10-2020","Hyderabad","A2 Value Pack 1L","1","0","0"
"26-10-2021","Hyderabad","A2 Value Pack 1L","2","0","0"
"26-10-2021","Hyderabad","Tender Coconut","4","0","0"
"26-10-2022","Hyderabad","Past Milk 1L","22","0","0"
"26-10-2022","Hyderabad","Raw Milk 1L","13","0","0"
"26-10-2022","Hyderabad","Ghee 500ml","3","0","0"
"26-10-2022","Hyderabad","A2 1L","46","0","1"
"26-10-2022","Hyderabad","A2 Ghee","1","0","0"
"26-10-2022","Hyderabad","Buffalo Milk 1L","60","0","0"
"26-10-2022","Hyderabad","Paneer 200g Cows Milk","1","0","0"
"26-10-2022","Hyderabad","A2 Value Pack 1L","136","0","0"
"26-10-2022","Hyderabad","Buffalo Ghee 500ml","1","0","0"
"26-10-2022","Hyderabad","Kharwas 120g","1","0","0"
"26-10-2022","Hyderabad","New A2 Value Pack 500ml","74","0","1"
"26-10-2022","Hyderabad","Buffalo Milk Value Pack 500ml","40","1","1"
"26-10-2022","Hyderabad","Dahi","4","0","0"
"26-10-2022","Hyderabad","Past Milk Value Pack 1L","6","0","0"
"26-10-2022","Hyderabad","Raw Value Pack 1L","17","0","0"
"26-10-2022","Hyderabad","Buffalo Value Pack 1L","18","0","0"
"26-10-2022","Hyderabad","Lactose Free Milk 0.5L","6","0","1"
"26-10-2022","Hyderabad","Past Milk Value Pack 0.5L","1","0","0"
"26-10-2022","Hyderabad","Raw Milk Value Pack 0.5L","2","0","0"
"26-10-2023","Hyderabad","Past Milk 1L","21","0","0"
"26-10-2023","Hyderabad","Raw Milk 1L","16","0","0"
"26-10-2023","Hyderabad","Ghee 500ml","3","0","0"
"26-10-2023","Hyderabad","A2 1L","61","0","0"
"26-10-2023","Hyderabad","Curd Culture","6","0","0"
"26-10-2023","Hyderabad","A2 Ghee","1","0","0"
"26-10-2023","Hyderabad","Buffalo Milk 1L","40","0","7"
"26-10-2023","Hyderabad","Paneer 200g Cows Milk","11","0","0"
"26-10-2023","Hyderabad","A2 Value Pack 1L","432","0","2"
"26-10-2023","Hyderabad","Kharwas 120g","5","0","0"
"26-10-2023","Hyderabad","A2 Gir Cow Paneer 200g","3","0","0"
"26-10-2023","Hyderabad","New A2 Value Pack 500ml","162","0","0"
"26-10-2023","Hyderabad","Buffalo Milk Value Pack 500ml","127","0","1"
"26-10-2023","Hyderabad","Dahi","18","0","0"
"26-10-2023","Hyderabad","Past Milk Value Pack 1L","22","0","0"
"26-10-2023","Hyderabad","Raw Value Pack 1L","44","0","0"
"26-10-2023","Hyderabad","Buffalo Value Pack 1L","246","0","4"
"26-10-2023","Hyderabad","Lactose Free Milk 0.5L","13","0","0"
"26-10-2023","Hyderabad","Past Milk Value Pack 0.5L","14","0","0"
"26-10-2023","Hyderabad","Raw Milk Value Pack 0.5L","29","0","1"
"26-11-2020","Hyderabad","Past Milk 1L","1","0","0"
"26-11-2020","Hyderabad","A2 1L","1","0","0"
"26-11-2020","Hyderabad","A2 Value Pack 1L","1","0","0"
"26-11-2021","Hyderabad","Raw Milk 1L","1","0","0"
"26-11-2021","Hyderabad","A2 Value Pack 1L","2","0","0"
"26-11-2021","Hyderabad","New A2 Value Pack 500ml","1","0","0"
"26-11-2022","Hyderabad","Past Milk 1L","19","0","1"
"26-11-2022","Hyderabad","Raw Milk 1L","19","0","0"
"26-11-2022","Hyderabad","A2 1L","58","0","4"
"26-11-2022","Hyderabad","Curd Culture","3","0","0"
"26-11-2022","Hyderabad","A2 Ghee","2","0","0"
"26-11-2022","Hyderabad","Buffalo Milk 1L","74","0","2"
"26-11-2022","Hyderabad","Paneer 200g Cows Milk","4","0","0"
"26-11-2022","Hyderabad","A2 Value Pack 1L","166","0","0"
"26-11-2022","Hyderabad","Kharwas 120g","5","0","0"
"26-11-2022","Hyderabad","A2 Gir Cow Paneer 200g","3","0","0"
"26-11-2022","Hyderabad","New A2 Value Pack 500ml","98","0","2"
"26-11-2022","Hyderabad","Buffalo Milk Value Pack 500ml","46","0","4"
"26-11-2022","Hyderabad","Dahi","12","0","0"
"26-11-2022","Hyderabad","Past Milk Value Pack 1L","9","0","0"
"26-11-2022","Hyderabad","Raw Value Pack 1L","24","0","0"
"26-11-2022","Hyderabad","Buffalo Value Pack 1L","24","0","7"
"26-11-2022","Hyderabad","Lactose Free Milk 0.5L","7","0","0"
"26-11-2022","Hyderabad","Past Milk Value Pack 0.5L","3","0","0"
"26-11-2022","Hyderabad","Raw Milk Value Pack 0.5L","4","0","0"
"26-11-2023","Hyderabad","Past Milk 1L","20","0","0"
"26-11-2023","Hyderabad","Raw Milk 1L","15","0","0"
"26-11-2023","Hyderabad","A2 1L","57","0","2"
"26-11-2023","Hyderabad","Curd Culture","2","0","0"
"26-11-2023","Hyderabad","A2 Ghee","5","0","0"
"26-11-2023","Hyderabad","Buffalo Milk 1L","39","0","1"
"26-11-2023","Hyderabad","Paneer 200g Cows Milk","11","0","0"
"26-11-2023","Hyderabad","A2 Value Pack 1L","463","3","6"
"26-11-2023","Hyderabad","Buffalo Ghee 500ml","1","0","0"
"26-11-2023","Hyderabad","Kharwas 120g","4","0","0"
"26-11-2023","Hyderabad","A2 Gir Cow Paneer 200g","1","0","0"
"26-11-2023","Hyderabad","New A2 Value Pack 500ml","170","0","2"
"26-11-2023","Hyderabad","Buffalo Milk Value Pack 500ml","143","0","0"
"26-11-2023","Hyderabad","Dahi","12","0","0"
"26-11-2023","Hyderabad","Past Milk Value Pack 1L","21","0","1"
"26-11-2023","Hyderabad","Raw Value Pack 1L","53","0","1"
"26-11-2023","Hyderabad","Buffalo Value Pack 1L","303","1","3"
"26-11-2023","Hyderabad","Lactose Free Milk 0.5L","10","0","0"
"26-11-2023","Hyderabad","Past Milk Value Pack 0.5L","12","0","2"
"26-11-2023","Hyderabad","Raw Milk Value Pack 0.5L","25","0","1"
"26-12-2020","Hyderabad","Buffalo Milk 1L","1","0","0"
"26-12-2020","Hyderabad","A2 Value Pack 1L","1","0","0"
"26-12-2021","Hyderabad","A2 Value Pack 1L","2","0","0"
"26-12-2022","Hyderabad","Past Milk 1L","19","0","0"
"26-12-2022","Hyderabad","Raw Milk 1L","9","0","0"
"26-12-2022","Hyderabad","A2 1L","53","1","0"
"26-12-2022","Hyderabad","A2 Ghee","1","0","0"
"26-12-2022","Hyderabad","Buffalo Milk 1L","46","0","0"
"26-12-2022","Hyderabad","Paneer 200g Cows Milk","2","0","0"
"26-12-2022","Hyderabad","A2 Value Pack 1L","191","0","0"
"26-12-2022","Hyderabad","Kharwas 120g","1","0","0"
"26-12-2022","Hyderabad","A2 Gir Cow Paneer 200g","4","0","0"
"26-12-2022","Hyderabad","New A2 Value Pack 500ml","79","0","0"
"26-12-2022","Hyderabad","Buffalo Milk Value Pack 500ml","35","1","0"
"26-12-2022","Hyderabad","Dahi","6","0","0"
"26-12-2022","Hyderabad","Past Milk Value Pack 1L","9","0","0"
"26-12-2022","Hyderabad","Raw Value Pack 1L","27","0","0"
"26-12-2022","Hyderabad","Buffalo Value Pack 1L","69","0","0"
"26-12-2022","Hyderabad","Lactose Free Milk 0.5L","4","0","0"
"26-12-2022","Hyderabad","Raw Milk Value Pack 0.5L","6","1","0"
"26-12-2023","Hyderabad","Past Milk 1L","15","0","0"
"26-12-2023","Hyderabad","Raw Milk 1L","18","0","0"
"26-12-2023","Hyderabad","Ghee 500ml","2","1","0"
"26-12-2023","Hyderabad","A2 1L","68","0","1"
"26-12-2023","Hyderabad","Curd Culture","4","0","1"
"26-12-2023","Hyderabad","A2 Ghee","3","0","0"
"26-12-2023","Hyderabad","Buffalo Milk 1L","40","0","4"
"26-12-2023","Hyderabad","Paneer 200g Cows Milk","6","0","0"
"26-12-2023","Hyderabad","A2 Value Pack 1L","459","0","1"
"26-12-2023","Hyderabad","Buffalo Ghee 500ml","2","0","0"
"26-12-2023","Hyderabad","Kharwas 120g","3","0","0"
"26-12-2023","Hyderabad","A2 Gir Cow Paneer 200g","3","0","0"
"26-12-2023","Hyderabad","New A2 Value Pack 500ml","169","1","3"
"26-12-2023","Hyderabad","Insulated Door Bag","4","0","0"
"26-12-2023","Hyderabad","Buffalo Milk Value Pack 500ml","146","0","3"
"26-12-2023","Hyderabad","Dahi","17","0","0"
"26-12-2023","Hyderabad","Past Milk Value Pack 1L","21","0","0"
"26-12-2023","Hyderabad","Raw Value Pack 1L","57","0","1"
"26-12-2023","Hyderabad","Buffalo Value Pack 1L","279","0","1"
"26-12-2023","Hyderabad","Lactose Free Milk 0.5L","7","0","0"
"26-12-2023","Hyderabad","Past Milk Value Pack 0.5L","13","0","1"
"26-12-2023","Hyderabad","Raw Milk Value Pack 0.5L","17","0","0"
"27-01-2020","Hyderabad","Past Milk 1L","1","0","0"
"27-01-2020","Hyderabad","A2 Value Pack 1L","1","0","0"
"27-01-2021","Hyderabad","Buffalo Milk 1L","1","0","0"
"27-01-2021","Hyderabad","A2 Value Pack 1L","1","0","0"
"27-01-2022","Hyderabad","Past Milk 1L","1","0","0"
"27-01-2022","Hyderabad","Raw Milk 1L","1","0","0"
"27-01-2022","Hyderabad","A2 1L","2","0","0"
"27-01-2022","Hyderabad","Buffalo Milk 1L","1","0","0"
"27-01-2022","Hyderabad","A2 Value Pack 1L","6","0","0"
"27-01-2022","Hyderabad","New A2 Value Pack 500ml","1","0","0"
"27-01-2023","Hyderabad","Past Milk 1L","21","0","0"
"27-01-2023","Hyderabad","Raw Milk 1L","17","0","0"
"27-01-2023","Hyderabad","Ghee 500ml","1","0","0"
"27-01-2023","Hyderabad","A2 1L","51","0","0"
"27-01-2023","Hyderabad","Curd Culture","5","0","0"
"27-01-2023","Hyderabad","Buffalo Milk 1L","49","2","0"
"27-01-2023","Hyderabad","Paneer 200g Cows Milk","2","0","0"
"27-01-2023","Hyderabad","A2 Value Pack 1L","221","0","0"
"27-01-2023","Hyderabad","Buffalo Ghee 500ml","3","0","0"
"27-01-2023","Hyderabad","Kharwas 120g","2","0","0"
"27-01-2023","Hyderabad","A2 Gir Cow Paneer 200g","2","0","0"
"27-01-2023","Hyderabad","New A2 Value Pack 500ml","100","0","0"
"27-01-2023","Hyderabad","Insulated Door Bag","1","0","0"
"27-01-2023","Hyderabad","Buffalo Milk Value Pack 500ml","44","1","0"
"27-01-2023","Hyderabad","Dahi","17","0","0"
"27-01-2023","Hyderabad","Past Milk Value Pack 1L","11","0","0"
"27-01-2023","Hyderabad","Raw Value Pack 1L","24","0","0"
"27-01-2023","Hyderabad","Buffalo Value Pack 1L","96","1","0"
"27-01-2023","Hyderabad","Lactose Free Milk 0.5L","5","0","0"
"27-01-2023","Hyderabad","Past Milk Value Pack 0.5L","2","0","0"
"27-01-2023","Hyderabad","Raw Milk Value Pack 0.5L","8","0","0"
"27-01-2024","Hyderabad","Past Milk 1L","15","0","1"
"27-01-2024","Hyderabad","Raw Milk 1L","10","0","0"
"27-01-2024","Hyderabad","A2 1L","55","2","1"
"27-01-2024","Hyderabad","A2 Ghee","3","2","0"
"27-01-2024","Hyderabad","Buffalo Milk 1L","47","1","0"
"27-01-2024","Hyderabad","Paneer 200g Cows Milk","11","0","0"
"27-01-2024","Hyderabad","A2 Value Pack 1L","513","0","0"
"27-01-2024","Hyderabad","Buffalo Ghee 500ml","1","0","0"
"27-01-2024","Hyderabad","Kharwas 120g","12","0","0"
"27-01-2024","Hyderabad","A2 Gir Cow Paneer 200g","3","0","0"
"27-01-2024","Hyderabad","New A2 Value Pack 500ml","192","1","0"
"27-01-2024","Hyderabad","Buffalo Milk Value Pack 500ml","127","0","0"
"27-01-2024","Hyderabad","Dahi","16","0","0"
"27-01-2024","Hyderabad","Past Milk Value Pack 1L","19","1","0"
"27-01-2024","Hyderabad","Raw Value Pack 1L","62","0","0"
"27-01-2024","Hyderabad","Buffalo Value Pack 1L","313","0","0"
"27-01-2024","Hyderabad","Lactose Free Milk 0.5L","6","0","0"
"27-01-2024","Hyderabad","Past Milk Value Pack 0.5L","24","0","0"
"27-01-2024","Hyderabad","Raw Milk Value Pack 0.5L","23","0","0"
"27-02-2020","Hyderabad","Past Milk 1L","2","0","0"
"27-02-2020","Hyderabad","A2 Value Pack 1L","2","0","0"
"27-02-2021","Hyderabad","Past Milk 0.5L","1","0","0"
"27-02-2021","Hyderabad","A2 Value Pack 1L","2","0","0"
"27-02-2022","Hyderabad","Past Milk 1L","7","0","2"
"27-02-2022","Hyderabad","Raw Milk 1L","11","0","0"
"27-02-2022","Hyderabad","Past Milk 0.5L","1","0","1"
"27-02-2022","Hyderabad","Ghee 500ml","1","0","0"
"27-02-2022","Hyderabad","A2 1L","22","0","3"
"27-02-2022","Hyderabad","Curd Culture","1","0","0"
"27-02-2022","Hyderabad","A2 Ghee","1","0","0"
"27-02-2022","Hyderabad","Buffalo Milk 1L","24","0","3"
"27-02-2022","Hyderabad","A2 Value Pack 1L","35","0","0"
"27-02-2022","Hyderabad","Kharwas 120g","2","0","0"
"27-02-2022","Hyderabad","New A2 Value Pack 500ml","26","0","0"
"27-02-2022","Hyderabad","Buffalo Milk Value Pack 500ml","9","0","0"
"27-02-2022","Hyderabad","Dahi","3","0","0"
"27-02-2023","Hyderabad","Past Milk 1L","14","0","0"
"27-02-2023","Hyderabad","Raw Milk 1L","15","0","0"
"27-02-2023","Hyderabad","Ghee 500ml","1","0","0"
"27-02-2023","Hyderabad","A2 1L","57","0","0"
"27-02-2023","Hyderabad","Curd Culture","5","0","0"
"27-02-2023","Hyderabad","A2 Ghee","2","0","0"
"27-02-2023","Hyderabad","Buffalo Milk 1L","57","2","0"
"27-02-2023","Hyderabad","Paneer 200g Cows Milk","1","0","0"
"27-02-2023","Hyderabad","A2 Value Pack 1L","262","0","0"
"27-02-2023","Hyderabad","Buffalo Ghee 500ml","1","0","0"
"27-02-2023","Hyderabad","Kharwas 120g","2","0","0"
"27-02-2023","Hyderabad","A2 Gir Cow Paneer 200g","3","0","0"
"27-02-2023","Hyderabad","New A2 Value Pack 500ml","99","0","0"
"27-02-2023","Hyderabad","Insulated Door Bag","1","0","0"
"27-02-2023","Hyderabad","Buffalo Milk Value Pack 500ml","68","0","0"
"27-02-2023","Hyderabad","Dahi","8","0","0"
"27-02-2023","Hyderabad","Past Milk Value Pack 1L","14","0","0"
"27-02-2023","Hyderabad","Raw Value Pack 1L","38","2","0"
"27-02-2023","Hyderabad","Buffalo Value Pack 1L","125","0","0"
"27-02-2023","Hyderabad","Lactose Free Milk 0.5L","10","0","0"
"27-02-2023","Hyderabad","Past Milk Value Pack 0.5L","6","0","0"
"27-02-2023","Hyderabad","Raw Milk Value Pack 0.5L","14","0","0"
"27-02-2024","Hyderabad","Past Milk 1L","21","0","0"
"27-02-2024","Hyderabad","Raw Milk 1L","15","0","0"
"27-02-2024","Hyderabad","Ghee 500ml","4","0","0"
"27-02-2024","Hyderabad","A2 1L","61","0","5"
"27-02-2024","Hyderabad","Curd Culture","5","0","0"
"27-02-2024","Hyderabad","A2 Ghee","4","1","0"
"27-02-2024","Hyderabad","Buffalo Milk 1L","45","0","6"
"27-02-2024","Hyderabad","Paneer 200g Cows Milk","12","0","0"
"27-02-2024","Hyderabad","A2 Value Pack 1L","565","1","1"
"27-02-2024","Hyderabad","Buffalo Ghee 500ml","1","0","0"
"27-02-2024","Hyderabad","Kharwas 120g","3","0","0"
"27-02-2024","Hyderabad","A2 Gir Cow Paneer 200g","2","0","0"
"27-02-2024","Hyderabad","New A2 Value Pack 500ml","249","0","1"
"27-02-2024","Hyderabad","Insulated Door Bag","1","0","0"
"27-02-2024","Hyderabad","Buffalo Milk Value Pack 500ml","167","0","2"
"27-02-2024","Hyderabad","Dahi","11","0","0"
"27-02-2024","Hyderabad","Past Milk Value Pack 1L","24","0","1"
"27-02-2024","Hyderabad","Raw Value Pack 1L","70","1","0"
"27-02-2024","Hyderabad","Buffalo Value Pack 1L","368","1","0"
"27-02-2024","Hyderabad","Lactose Free Milk 0.5L","13","0","0"
"27-02-2024","Hyderabad","Past Milk Value Pack 0.5L","20","0","0"
"27-02-2024","Hyderabad","Raw Milk Value Pack 0.5L","20","0","0"
"27-03-2020","Hyderabad","Past Milk 1L","2","0","0"
"27-03-2021","Hyderabad","A2 1L","1","0","0"
"27-03-2021","Hyderabad","A2 Value Pack 1L","2","0","0"
"27-03-2022","Hyderabad","Past Milk 1L","10","0","0"
"27-03-2022","Hyderabad","Raw Milk 1L","12","0","1"
"27-03-2022","Hyderabad","Past Milk 0.5L","3","0","0"
"27-03-2022","Hyderabad","A2 1L","25","0","7"
"27-03-2022","Hyderabad","Curd Culture","1","0","0"
"27-03-2022","Hyderabad","Buffalo Milk 1L","43","0","2"
"27-03-2022","Hyderabad","A2 Value Pack 1L","56","0","0"
"27-03-2022","Hyderabad","A2 Gir Cow Paneer 200g","2","0","0"
"27-03-2022","Hyderabad","New A2 Value Pack 500ml","32","0","0"
"27-03-2022","Hyderabad","Buffalo Milk Value Pack 500ml","16","0","1"
"27-03-2023","Hyderabad","Past Milk 1L","12","0","0"
"27-03-2023","Hyderabad","Raw Milk 1L","12","0","0"
"27-03-2023","Hyderabad","Ghee 500ml","1","0","0"
"27-03-2023","Hyderabad","A2 1L","64","0","0"
"27-03-2023","Hyderabad","Curd Culture","2","0","0"
"27-03-2023","Hyderabad","A2 Ghee","2","0","0"
"27-03-2023","Hyderabad","Buffalo Milk 1L","63","1","0"
"27-03-2023","Hyderabad","Paneer 200g Cows Milk","2","0","0"
"27-03-2023","Hyderabad","A2 Value Pack 1L","289","2","1"
"27-03-2023","Hyderabad","A2 Gir Cow Paneer 200g","3","0","0"
"27-03-2023","Hyderabad","New A2 Value Pack 500ml","110","1","0"
"27-03-2023","Hyderabad","Buffalo Milk Value Pack 500ml","55","0","0"
"27-03-2023","Hyderabad","Dahi","14","0","0"
"27-03-2023","Hyderabad","Past Milk Value Pack 1L","20","0","0"
"27-03-2023","Hyderabad","Raw Value Pack 1L","50","1","0"
"27-03-2023","Hyderabad","Buffalo Value Pack 1L","143","5","2"
"27-03-2023","Hyderabad","Lactose Free Milk 0.5L","7","0","0"
"27-03-2023","Hyderabad","Past Milk Value Pack 0.5L","6","0","0"
"27-03-2023","Hyderabad","Raw Milk Value Pack 0.5L","13","0","0"
"27-03-2024","Hyderabad","Past Milk 1L","22","0","0"
"27-03-2024","Hyderabad","Raw Milk 1L","10","0","1"
"27-03-2024","Hyderabad","A2 1L","58","0","4"
"27-03-2024","Hyderabad","Curd Culture","10","0","0"
"27-03-2024","Hyderabad","A2 Ghee","4","2","0"
"27-03-2024","Hyderabad","Buffalo Milk 1L","46","0","8"
"27-03-2024","Hyderabad","Paneer 200g Cows Milk","7","0","0"
"27-03-2024","Hyderabad","A2 Value Pack 1L","579","0","0"
"27-03-2024","Hyderabad","Kharwas 120g","6","0","0"
"27-03-2024","Hyderabad","A2 Gir Cow Paneer 200g","3","0","0"
"27-03-2024","Hyderabad","New A2 Value Pack 500ml","187","0","0"
"27-03-2024","Hyderabad","Buffalo Milk Value Pack 500ml","163","0","0"
"27-03-2024","Hyderabad","Dahi","17","0","0"
"27-03-2024","Hyderabad","Past Milk Value Pack 1L","19","0","0"
"27-03-2024","Hyderabad","Raw Value Pack 1L","66","0","0"
"27-03-2024","Hyderabad","Buffalo Value Pack 1L","370","0","0"
"27-03-2024","Hyderabad","Lactose Free Milk 0.5L","14","0","0"
"27-03-2024","Hyderabad","Past Milk Value Pack 0.5L","12","0","0"
"27-03-2024","Hyderabad","Raw Milk Value Pack 0.5L","17","0","0"
"27-04-2020","Hyderabad","Past Milk 1L","2","0","0"
"27-04-2020","Hyderabad","Buffalo Milk 1L","1","0","0"
"27-04-2020","Hyderabad","A2 Value Pack 1L","1","0","0"
"27-04-2020","Hyderabad","New A2 Value Pack 500ml","1","0","0"
"27-04-2021","Hyderabad","Buffalo Milk 1L","1","0","0"
"27-04-2021","Hyderabad","A2 Value Pack 1L","2","0","0"
"27-04-2022","Hyderabad","Past Milk 1L","15","0","1"
"27-04-2022","Hyderabad","Raw Milk 1L","15","0","0"
"27-04-2022","Hyderabad","Past Milk 0.5L","2","0","0"
"27-04-2022","Hyderabad","A2 1L","39","0","5"
"27-04-2022","Hyderabad","Curd Culture","1","0","0"
"27-04-2022","Hyderabad","A2 Ghee","1","0","0"
"27-04-2022","Hyderabad","Buffalo Milk 1L","35","0","3"
"27-04-2022","Hyderabad","Paneer 200g Cows Milk","1","0","0"
"27-04-2022","Hyderabad","A2 Value Pack 1L","76","0","1"
"27-04-2022","Hyderabad","Buffalo Ghee 500ml","1","0","0"
"27-04-2022","Hyderabad","A2 Gir Cow Paneer 200g","1","0","0"
"27-04-2022","Hyderabad","New A2 Value Pack 500ml","30","0","2"
"27-04-2022","Hyderabad","Buffalo Milk Value Pack 500ml","22","0","3"
"27-04-2023","Hyderabad","Past Milk 1L","20","0","0"
"27-04-2023","Hyderabad","Raw Milk 1L","16","0","0"
"27-04-2023","Hyderabad","Ghee 500ml","1","0","0"
"27-04-2023","Hyderabad","A2 1L","65","7","0"
"27-04-2023","Hyderabad","Curd Culture","1","0","0"
"27-04-2023","Hyderabad","A2 Ghee","3","0","0"
"27-04-2023","Hyderabad","Buffalo Milk 1L","54","9","0"
"27-04-2023","Hyderabad","Paneer 200g Cows Milk","8","0","0"
"27-04-2023","Hyderabad","A2 Value Pack 1L","273","4","0"
"27-04-2023","Hyderabad","Buffalo Ghee 500ml","2","0","0"
"27-04-2023","Hyderabad","Kharwas 120g","1","0","0"
"27-04-2023","Hyderabad","A2 Gir Cow Paneer 200g","3","0","0"
"27-04-2023","Hyderabad","New A2 Value Pack 500ml","91","4","0"
"27-04-2023","Hyderabad","Insulated Door Bag","1","0","0"
"27-04-2023","Hyderabad","Buffalo Milk Value Pack 500ml","77","6","0"
"27-04-2023","Hyderabad","Dahi","14","0","0"
"27-04-2023","Hyderabad","Past Milk Value Pack 1L","21","0","0"
"27-04-2023","Hyderabad","Raw Value Pack 1L","40","0","0"
"27-04-2023","Hyderabad","Buffalo Value Pack 1L","149","19","2"
"27-04-2023","Hyderabad","Lactose Free Milk 0.5L","10","0","0"
"27-04-2023","Hyderabad","Past Milk Value Pack 0.5L","3","0","0"
"27-04-2023","Hyderabad","Raw Milk Value Pack 0.5L","13","1","0"
"27-05-2020","Hyderabad","Past Milk 1L","2","0","0"
"27-05-2020","Hyderabad","A2 1L","1","0","0"
"27-05-2020","Hyderabad","A2 Value Pack 1L","1","0","0"
"27-05-2021","Hyderabad","A2 1L","1","0","0"
"27-05-2021","Hyderabad","Buffalo Milk 1L","1","0","0"
"27-05-2021","Hyderabad","A2 Value Pack 1L","2","0","0"
"27-05-2022","Hyderabad","Past Milk 1L","12","0","0"
"27-05-2022","Hyderabad","Raw Milk 1L","15","0","0"
"27-05-2022","Hyderabad","Past Milk 0.5L","4","0","0"
"27-05-2022","Hyderabad","A2 1L","38","3","5"
"27-05-2022","Hyderabad","Buffalo Milk 1L","61","1","1"
"27-05-2022","Hyderabad","Paneer 200g Cows Milk","2","0","0"
"27-05-2022","Hyderabad","A2 Value Pack 1L","89","0","0"
"27-05-2022","Hyderabad","Kharwas 120g","2","0","0"
"27-05-2022","Hyderabad","New A2 Value Pack 500ml","37","0","3"
"27-05-2022","Hyderabad","Buffalo Milk Value Pack 500ml","19","0","1"
"27-05-2022","Hyderabad","Dahi","10","0","0"
"27-05-2023","Hyderabad","Past Milk 1L","21","0","0"
"27-05-2023","Hyderabad","Raw Milk 1L","20","0","0"
"27-05-2023","Hyderabad","Ghee 500ml","2","0","0"
"27-05-2023","Hyderabad","A2 1L","65","5","0"
"27-05-2023","Hyderabad","Curd Culture","1","0","0"
"27-05-2023","Hyderabad","A2 Ghee","1","0","0"
"27-05-2023","Hyderabad","Buffalo Milk 1L","47","2","1"
"27-05-2023","Hyderabad","Paneer 200g Cows Milk","2","0","0"
"27-05-2023","Hyderabad","A2 Value Pack 1L","285","5","2"
"27-05-2023","Hyderabad","Buffalo Ghee 500ml","2","0","0"
"27-05-2023","Hyderabad","Kharwas 120g","1","0","0"
"27-05-2023","Hyderabad","A2 Gir Cow Paneer 200g","2","0","0"
"27-05-2023","Hyderabad","New A2 Value Pack 500ml","89","0","1"
"27-05-2023","Hyderabad","Buffalo Milk Value Pack 500ml","73","5","1"
"27-05-2023","Hyderabad","Dahi","9","0","0"
"27-05-2023","Hyderabad","Past Milk Value Pack 1L","19","1","0"
"27-05-2023","Hyderabad","Raw Value Pack 1L","38","1","0"
"27-05-2023","Hyderabad","Buffalo Value Pack 1L","184","10","1"
"27-05-2023","Hyderabad","Lactose Free Milk 0.5L","7","0","0"
"27-05-2023","Hyderabad","Past Milk Value Pack 0.5L","6","0","0"
"27-05-2023","Hyderabad","Raw Milk Value Pack 0.5L","10","0","0"
"27-06-2020","Hyderabad","Past Milk 1L","2","0","0"
"27-06-2020","Hyderabad","A2 Value Pack 1L","1","0","0"
"27-06-2021","Hyderabad","Buffalo Milk 1L","1","0","0"
"27-06-2021","Hyderabad","A2 Value Pack 1L","1","0","0"
"27-06-2022","Hyderabad","Past Milk 1L","24","0","0"
"27-06-2022","Hyderabad","Raw Milk 1L","18","0","0"
"27-06-2022","Hyderabad","Past Milk 0.5L","2","0","0"
"27-06-2022","Hyderabad","Ghee 500ml","3","0","0"
"27-06-2022","Hyderabad","A2 1L","48","2","0"
"27-06-2022","Hyderabad","A2 Ghee","2","0","0"
"27-06-2022","Hyderabad","Buffalo Milk 1L","74","2","0"
"27-06-2022","Hyderabad","Paneer 200g Cows Milk","1","0","0"
"27-06-2022","Hyderabad","A2 Value Pack 1L","135","1","0"
"27-06-2022","Hyderabad","Buffalo Ghee 500ml","1","0","0"
"27-06-2022","Hyderabad","Kharwas 120g","3","0","0"
"27-06-2022","Hyderabad","A2 Gir Cow Paneer 200g","2","0","0"
"27-06-2022","Hyderabad","New A2 Value Pack 500ml","64","1","0"
"27-06-2022","Hyderabad","Buffalo Milk Value Pack 500ml","30","0","0"
"27-06-2022","Hyderabad","Dahi","1","0","0"
"27-06-2022","Hyderabad","Past Milk Value Pack 1L","4","0","0"
"27-06-2022","Hyderabad","Raw Value Pack 1L","1","0","0"
"27-06-2023","Hyderabad","Past Milk 1L","26","0","0"
"27-06-2023","Hyderabad","Raw Milk 1L","20","0","0"
"27-06-2023","Hyderabad","A2 1L","64","1","1"
"27-06-2023","Hyderabad","Curd Culture","3","0","0"
"27-06-2023","Hyderabad","A2 Ghee","8","0","0"
"27-06-2023","Hyderabad","Buffalo Milk 1L","43","2","0"
"27-06-2023","Hyderabad","Paneer 200g Cows Milk","8","0","0"
"27-06-2023","Hyderabad","A2 Value Pack 1L","394","0","4"
"27-06-2023","Hyderabad","Kharwas 120g","2","0","0"
"27-06-2023","Hyderabad","A2 Gir Cow Paneer 200g","4","0","0"
"27-06-2023","Hyderabad","New A2 Value Pack 500ml","141","0","1"
"27-06-2023","Hyderabad","Insulated Door Bag","1","0","0"
"27-06-2023","Hyderabad","Buffalo Milk Value Pack 500ml","79","0","0"
"27-06-2023","Hyderabad","Dahi","11","0","0"
"27-06-2023","Hyderabad","Past Milk Value Pack 1L","18","0","0"
"27-06-2023","Hyderabad","Raw Value Pack 1L","45","0","0"
"27-06-2023","Hyderabad","Buffalo Value Pack 1L","188","3","8"
"27-06-2023","Hyderabad","Lactose Free Milk 0.5L","8","0","0"
"27-06-2023","Hyderabad","Past Milk Value Pack 0.5L","13","0","0"
"27-06-2023","Hyderabad","Raw Milk Value Pack 0.5L","19","0","0"
"27-07-2020","Hyderabad","Past Milk 1L","2","0","0"
"27-07-2020","Hyderabad","Past Milk 0.5L","1","0","0"
"27-07-2020","Hyderabad","A2 Value Pack 1L","1","0","0"
"27-07-2021","Hyderabad","A2 1L","1","0","0"
"27-07-2021","Hyderabad","A2 Value Pack 1L","1","0","0"
"27-07-2022","Hyderabad","Past Milk 1L","17","0","0"
"27-07-2022","Hyderabad","Raw Milk 1L","19","0","0"
"27-07-2022","Hyderabad","A2 1L","50","0","0"
"27-07-2022","Hyderabad","Buffalo Milk 1L","49","1","1"
"27-07-2022","Hyderabad","Paneer 200g Cows Milk","4","0","0"
"27-07-2022","Hyderabad","A2 Value Pack 1L","123","0","0"
"27-07-2022","Hyderabad","A2 Gir Cow Paneer 200g","3","0","0"
"27-07-2022","Hyderabad","New A2 Value Pack 500ml","67","0","0"
"27-07-2022","Hyderabad","Buffalo Milk Value Pack 500ml","30","0","0"
"27-07-2022","Hyderabad","Dahi","2","0","0"
"27-07-2022","Hyderabad","Past Milk Value Pack 1L","3","0","0"
"27-07-2022","Hyderabad","Raw Value Pack 1L","13","0","0"
"27-07-2022","Hyderabad","Buffalo Value Pack 1L","4","0","0"
"27-07-2022","Hyderabad","Lactose Free Milk 0.5L","2","0","0"
"27-07-2023","Hyderabad","Past Milk 1L","15","0","0"
"27-07-2023","Hyderabad","Raw Milk 1L","10","0","0"
"27-07-2023","Hyderabad","Ghee 500ml","2","0","0"
"27-07-2023","Hyderabad","A2 1L","69","0","0"
"27-07-2023","Hyderabad","Curd Culture","3","0","0"
"27-07-2023","Hyderabad","A2 Ghee","4","0","0"
"27-07-2023","Hyderabad","Buffalo Milk 1L","36","1","0"
"27-07-2023","Hyderabad","Paneer 200g Cows Milk","7","0","0"
"27-07-2023","Hyderabad","A2 Value Pack 1L","426","1","5"
"27-07-2023","Hyderabad","Kharwas 120g","4","0","0"
"27-07-2023","Hyderabad","A2 Gir Cow Paneer 200g","6","0","0"
"27-07-2023","Hyderabad","New A2 Value Pack 500ml","156","0","3"
"27-07-2023","Hyderabad","Insulated Door Bag","1","0","0"
"27-07-2023","Hyderabad","Buffalo Milk Value Pack 500ml","87","0","0"
"27-07-2023","Hyderabad","Dahi","9","0","0"
"27-07-2023","Hyderabad","Past Milk Value Pack 1L","11","0","0"
"27-07-2023","Hyderabad","Raw Value Pack 1L","58","0","0"
"27-07-2023","Hyderabad","Buffalo Value Pack 1L","191","2","2"
"27-07-2023","Hyderabad","Lactose Free Milk 0.5L","12","0","0"
"27-07-2023","Hyderabad","Past Milk Value Pack 0.5L","7","0","1"
"27-07-2023","Hyderabad","Raw Milk Value Pack 0.5L","16","0","0"
"27-08-2020","Hyderabad","Past Milk 1L","1","0","0"
"27-08-2020","Hyderabad","A2 1L","1","0","0"
"27-08-2021","Hyderabad","A2 Value Pack 1L","1","0","0"
"27-08-2022","Hyderabad","Past Milk 1L","22","0","0"
"27-08-2022","Hyderabad","Raw Milk 1L","14","0","1"
"27-08-2022","Hyderabad","Ghee 500ml","1","0","0"
"27-08-2022","Hyderabad","A2 1L","40","1","3"
"27-08-2022","Hyderabad","A2 Ghee","1","0","0"
"27-08-2022","Hyderabad","Buffalo Milk 1L","49","0","2"
"27-08-2022","Hyderabad","Paneer 200g Cows Milk","2","0","0"
"27-08-2022","Hyderabad","A2 Value Pack 1L","122","0","0"
"27-08-2022","Hyderabad","Kharwas 120g","1","0","0"
"27-08-2022","Hyderabad","A2 Gir Cow Paneer 200g","1","0","0"
"27-08-2022","Hyderabad","New A2 Value Pack 500ml","73","0","0"
"27-08-2022","Hyderabad","Insulated Door Bag","1","0","0"
"27-08-2022","Hyderabad","Buffalo Milk Value Pack 500ml","32","0","1"
"27-08-2022","Hyderabad","Dahi","4","0","0"
"27-08-2022","Hyderabad","Past Milk Value Pack 1L","8","0","0"
"27-08-2022","Hyderabad","Raw Value Pack 1L","14","0","0"
"27-08-2022","Hyderabad","Buffalo Value Pack 1L","20","0","0"
"27-08-2022","Hyderabad","Lactose Free Milk 0.5L","2","0","0"
"27-08-2023","Hyderabad","Past Milk 1L","22","0","0"
"27-08-2023","Hyderabad","Raw Milk 1L","20","2","0"
"27-08-2023","Hyderabad","A2 1L","65","0","5"
"27-08-2023","Hyderabad","Curd Culture","2","0","1"
"27-08-2023","Hyderabad","A2 Ghee","1","0","0"
"27-08-2023","Hyderabad","Buffalo Milk 1L","52","0","5"
"27-08-2023","Hyderabad","Paneer 200g Cows Milk","5","0","0"
"27-08-2023","Hyderabad","A2 Value Pack 1L","429","0","5"
"27-08-2023","Hyderabad","Kharwas 120g","4","0","0"
"27-08-2023","Hyderabad","A2 Gir Cow Paneer 200g","4","0","0"
"27-08-2023","Hyderabad","New A2 Value Pack 500ml","142","1","2"
"27-08-2023","Hyderabad","Buffalo Milk Value Pack 500ml","89","1","1"
"27-08-2023","Hyderabad","Dahi","19","0","0"
"27-08-2023","Hyderabad","Past Milk Value Pack 1L","18","0","0"
"27-08-2023","Hyderabad","Raw Value Pack 1L","53","0","2"
"27-08-2023","Hyderabad","Buffalo Value Pack 1L","204","2","7"
"27-08-2023","Hyderabad","Lactose Free Milk 0.5L","11","0","0"
"27-08-2023","Hyderabad","Past Milk Value Pack 0.5L","8","0","0"
"27-08-2023","Hyderabad","Raw Milk Value Pack 0.5L","21","1","0"
"27-09-2020","Hyderabad","Past Milk 1L","1","0","0"
"27-09-2020","Hyderabad","A2 1L","1","0","0"
"27-09-2020","Hyderabad","A2 Value Pack 1L","1","0","0"
"27-09-2021","Hyderabad","A2 Value Pack 1L","1","0","0"
"27-09-2022","Hyderabad","Past Milk 1L","17","0","0"
"27-09-2022","Hyderabad","Raw Milk 1L","22","0","0"
"27-09-2022","Hyderabad","Ghee 500ml","2","0","0"
"27-09-2022","Hyderabad","A2 1L","45","0","2"
"27-09-2022","Hyderabad","Curd Culture","1","0","0"
"27-09-2022","Hyderabad","A2 Ghee","1","0","0"
"27-09-2022","Hyderabad","Buffalo Milk 1L","56","0","5"
"27-09-2022","Hyderabad","Paneer 200g Cows Milk","1","0","0"
"27-09-2022","Hyderabad","A2 Value Pack 1L","129","0","0"
"27-09-2022","Hyderabad","Buffalo Ghee 500ml","1","0","0"
"27-09-2022","Hyderabad","A2 Gir Cow Paneer 200g","1","0","0"
"27-09-2022","Hyderabad","New A2 Value Pack 500ml","77","0","0"
"27-09-2022","Hyderabad","Buffalo Milk Value Pack 500ml","24","0","0"
"27-09-2022","Hyderabad","Dahi","8","0","0"
"27-09-2022","Hyderabad","Past Milk Value Pack 1L","10","0","0"
"27-09-2022","Hyderabad","Raw Value Pack 1L","19","0","0"
"27-09-2022","Hyderabad","Buffalo Value Pack 1L","13","0","2"
"27-09-2022","Hyderabad","Lactose Free Milk 0.5L","5","0","0"
"27-09-2023","Hyderabad","Past Milk 1L","23","0","0"
"27-09-2023","Hyderabad","Raw Milk 1L","12","0","0"
"27-09-2023","Hyderabad","Ghee 500ml","4","0","0"
"27-09-2023","Hyderabad","A2 1L","64","1","1"
"27-09-2023","Hyderabad","Curd Culture","9","0","0"
"27-09-2023","Hyderabad","A2 Ghee","3","0","0"
"27-09-2023","Hyderabad","Buffalo Milk 1L","44","0","0"
"27-09-2023","Hyderabad","Paneer 200g Cows Milk","8","0","0"
"27-09-2023","Hyderabad","A2 Value Pack 1L","487","0","4"
"27-09-2023","Hyderabad","Kharwas 120g","5","0","0"
"27-09-2023","Hyderabad","A2 Gir Cow Paneer 200g","2","0","0"
"27-09-2023","Hyderabad","New A2 Value Pack 500ml","171","1","1"
"27-09-2023","Hyderabad","Insulated Door Bag","1","0","0"
"27-09-2023","Hyderabad","Buffalo Milk Value Pack 500ml","101","0","0"
"27-09-2023","Hyderabad","Dahi","21","0","0"
"27-09-2023","Hyderabad","Past Milk Value Pack 1L","20","0","0"
"27-09-2023","Hyderabad","Raw Value Pack 1L","54","1","0"
"27-09-2023","Hyderabad","Buffalo Value Pack 1L","273","1","1"
"27-09-2023","Hyderabad","Lactose Free Milk 0.5L","11","0","0"
"27-09-2023","Hyderabad","Past Milk Value Pack 0.5L","14","0","0"
"27-09-2023","Hyderabad","Raw Milk Value Pack 0.5L","25","0","0"
"27-10-2020","Hyderabad","Past Milk 1L","1","0","0"
"27-10-2020","Hyderabad","A2 1L","1","0","0"
"27-10-2020","Hyderabad","A2 Value Pack 1L","1","0","0"
"27-10-2021","Hyderabad","Past Milk 1L","1","0","0"
"27-10-2021","Hyderabad","A2 Value Pack 1L","1","0","0"
"27-10-2021","Hyderabad","Tender Coconut","4","0","0"
"27-10-2022","Hyderabad","Past Milk 1L","22","0","0"
"27-10-2022","Hyderabad","Raw Milk 1L","15","0","0"
"27-10-2022","Hyderabad","Ghee 500ml","1","0","0"
"27-10-2022","Hyderabad","A2 1L","45","0","0"
"27-10-2022","Hyderabad","Curd Culture","1","0","0"
"27-10-2022","Hyderabad","A2 Ghee","1","0","0"
"27-10-2022","Hyderabad","Buffalo Milk 1L","61","0","0"
"27-10-2022","Hyderabad","Paneer 200g Cows Milk","1","0","0"
"27-10-2022","Hyderabad","A2 Value Pack 1L","151","0","0"
"27-10-2022","Hyderabad","Buffalo Ghee 500ml","4","0","0"
"27-10-2022","Hyderabad","New A2 Value Pack 500ml","85","0","1"
"27-10-2022","Hyderabad","Buffalo Milk Value Pack 500ml","32","0","1"
"27-10-2022","Hyderabad","Dahi","8","0","0"
"27-10-2022","Hyderabad","Past Milk Value Pack 1L","6","0","0"
"27-10-2022","Hyderabad","Raw Value Pack 1L","19","0","0"
"27-10-2022","Hyderabad","Buffalo Value Pack 1L","24","0","0"
"27-10-2022","Hyderabad","Lactose Free Milk 0.5L","5","0","0"
"27-10-2022","Hyderabad","Past Milk Value Pack 0.5L","2","0","0"
"27-10-2022","Hyderabad","Raw Milk Value Pack 0.5L","2","0","0"
"27-10-2023","Hyderabad","Past Milk 1L","14","0","0"
"27-10-2023","Hyderabad","Raw Milk 1L","13","0","0"
"27-10-2023","Hyderabad","A2 1L","63","1","0"
"27-10-2023","Hyderabad","Curd Culture","2","0","0"
"27-10-2023","Hyderabad","A2 Ghee","7","0","0"
"27-10-2023","Hyderabad","Buffalo Milk 1L","35","0","2"
"27-10-2023","Hyderabad","Paneer 200g Cows Milk","7","0","0"
"27-10-2023","Hyderabad","A2 Value Pack 1L","442","0","4"
"27-10-2023","Hyderabad","Kharwas 120g","5","0","0"
"27-10-2023","Hyderabad","A2 Gir Cow Paneer 200g","1","0","0"
"27-10-2023","Hyderabad","New A2 Value Pack 500ml","153","0","2"
"27-10-2023","Hyderabad","Buffalo Milk Value Pack 500ml","132","0","1"
"27-10-2023","Hyderabad","Dahi","21","0","0"
"27-10-2023","Hyderabad","Past Milk Value Pack 1L","20","0","0"
"27-10-2023","Hyderabad","Raw Value Pack 1L","53","1","0"
"27-10-2023","Hyderabad","Buffalo Value Pack 1L","271","1","5"
"27-10-2023","Hyderabad","Lactose Free Milk 0.5L","6","0","0"
"27-10-2023","Hyderabad","Past Milk Value Pack 0.5L","15","0","0"
"27-10-2023","Hyderabad","Raw Milk Value Pack 0.5L","25","0","1"
"27-11-2020","Hyderabad","Past Milk 1L","1","0","0"
"27-11-2020","Hyderabad","A2 Value Pack 1L","1","0","0"
"27-11-2021","Hyderabad","Past Milk 1L","1","0","0"
"27-11-2021","Hyderabad","Raw Milk 1L","1","0","0"
"27-11-2021","Hyderabad","A2 Value Pack 1L","2","0","0"
"27-11-2021","Hyderabad","New A2 Value Pack 500ml","1","0","0"
"27-11-2022","Hyderabad","Past Milk 1L","16","0","1"
"27-11-2022","Hyderabad","Raw Milk 1L","14","0","2"
"27-11-2022","Hyderabad","Ghee 500ml","2","0","0"
"27-11-2022","Hyderabad","A2 1L","56","1","8"
"27-11-2022","Hyderabad","A2 Ghee","1","0","0"
"27-11-2022","Hyderabad","Buffalo Milk 1L","71","0","9"
"27-11-2022","Hyderabad","Paneer 200g Cows Milk","2","0","0"
"27-11-2022","Hyderabad","A2 Value Pack 1L","170","0","1"
"27-11-2022","Hyderabad","Buffalo Ghee 500ml","1","0","0"
"27-11-2022","Hyderabad","Kharwas 120g","4","0","0"
"27-11-2022","Hyderabad","New A2 Value Pack 500ml","93","0","0"
"27-11-2022","Hyderabad","Buffalo Milk Value Pack 500ml","41","1","1"
"27-11-2022","Hyderabad","Dahi","6","0","0"
"27-11-2022","Hyderabad","Past Milk Value Pack 1L","10","0","0"
"27-11-2022","Hyderabad","Raw Value Pack 1L","29","0","0"
"27-11-2022","Hyderabad","Buffalo Value Pack 1L","33","0","2"
"27-11-2022","Hyderabad","Lactose Free Milk 0.5L","10","0","0"
"27-11-2022","Hyderabad","Past Milk Value Pack 0.5L","3","0","0"
"27-11-2022","Hyderabad","Raw Milk Value Pack 0.5L","4","0","0"
"27-11-2023","Hyderabad","Past Milk 1L","18","0","0"
"27-11-2023","Hyderabad","Raw Milk 1L","17","0","0"
"27-11-2023","Hyderabad","Ghee 500ml","3","0","0"
"27-11-2023","Hyderabad","A2 1L","58","0","0"
"27-11-2023","Hyderabad","Curd Culture","5","0","0"
"27-11-2023","Hyderabad","A2 Ghee","2","0","0"
"27-11-2023","Hyderabad","Buffalo Milk 1L","50","0","0"
"27-11-2023","Hyderabad","Paneer 200g Cows Milk","10","0","0"
"27-11-2023","Hyderabad","A2 Value Pack 1L","516","0","2"
"27-11-2023","Hyderabad","Buffalo Ghee 500ml","1","1","0"
"27-11-2023","Hyderabad","Kharwas 120g","6","0","0"
"27-11-2023","Hyderabad","A2 Gir Cow Paneer 200g","2","0","0"
"27-11-2023","Hyderabad","New A2 Value Pack 500ml","186","1","0"
"27-11-2023","Hyderabad","Buffalo Milk Value Pack 500ml","129","0","0"
"27-11-2023","Hyderabad","Dahi","17","0","0"
"27-11-2023","Hyderabad","Past Milk Value Pack 1L","22","0","0"
"27-11-2023","Hyderabad","Raw Value Pack 1L","53","0","0"
"27-11-2023","Hyderabad","Buffalo Value Pack 1L","303","0","1"
"27-11-2023","Hyderabad","Lactose Free Milk 0.5L","10","0","0"
"27-11-2023","Hyderabad","Past Milk Value Pack 0.5L","15","0","0"
"27-11-2023","Hyderabad","Raw Milk Value Pack 0.5L","24","0","0"
"27-12-2020","Hyderabad","A2 1L","1","0","0"
"27-12-2020","Hyderabad","Buffalo Milk 1L","1","0","0"
"27-12-2020","Hyderabad","A2 Value Pack 1L","1","0","0"
"27-12-2021","Hyderabad","A2 Value Pack 1L","2","0","0"
"27-12-2022","Hyderabad","Past Milk 1L","15","0","0"
"27-12-2022","Hyderabad","Raw Milk 1L","13","0","0"
"27-12-2022","Hyderabad","A2 1L","44","0","2"
"27-12-2022","Hyderabad","Curd Culture","1","0","0"
"27-12-2022","Hyderabad","A2 Ghee","4","0","0"
"27-12-2022","Hyderabad","Buffalo Milk 1L","47","0","8"
"27-12-2022","Hyderabad","Paneer 200g Cows Milk","4","0","0"
"27-12-2022","Hyderabad","A2 Value Pack 1L","172","0","1"
"27-12-2022","Hyderabad","Kharwas 120g","3","0","0"
"27-12-2022","Hyderabad","New A2 Value Pack 500ml","85","0","0"
"27-12-2022","Hyderabad","Insulated Door Bag","1","0","0"
"27-12-2022","Hyderabad","Buffalo Milk Value Pack 500ml","33","0","2"
"27-12-2022","Hyderabad","Dahi","17","0","0"
"27-12-2022","Hyderabad","Past Milk Value Pack 1L","10","0","0"
"27-12-2022","Hyderabad","Raw Value Pack 1L","23","0","1"
"27-12-2022","Hyderabad","Buffalo Value Pack 1L","61","0","4"
"27-12-2022","Hyderabad","Lactose Free Milk 0.5L","4","0","0"
"27-12-2022","Hyderabad","Raw Milk Value Pack 0.5L","5","0","2"
"27-12-2023","Hyderabad","Past Milk 1L","17","0","0"
"27-12-2023","Hyderabad","Raw Milk 1L","16","0","0"
"27-12-2023","Hyderabad","A2 1L","59","0","6"
"27-12-2023","Hyderabad","Curd Culture","2","0","0"
"27-12-2023","Hyderabad","A2 Ghee","3","0","0"
"27-12-2023","Hyderabad","Buffalo Milk 1L","42","1","6"
"27-12-2023","Hyderabad","Paneer 200g Cows Milk","8","0","0"
"27-12-2023","Hyderabad","A2 Value Pack 1L","495","1","6"
"27-12-2023","Hyderabad","Buffalo Ghee 500ml","2","0","0"
"27-12-2023","Hyderabad","Kharwas 120g","4","0","0"
"27-12-2023","Hyderabad","A2 Gir Cow Paneer 200g","4","0","0"
"27-12-2023","Hyderabad","New A2 Value Pack 500ml","177","0","2"
"27-12-2023","Hyderabad","Buffalo Milk Value Pack 500ml","134","0","1"
"27-12-2023","Hyderabad","Dahi","16","0","0"
"27-12-2023","Hyderabad","Past Milk Value Pack 1L","26","0","0"
"27-12-2023","Hyderabad","Raw Value Pack 1L","57","0","1"
"27-12-2023","Hyderabad","Buffalo Value Pack 1L","286","0","3"
"27-12-2023","Hyderabad","Lactose Free Milk 0.5L","5","0","0"
"27-12-2023","Hyderabad","Past Milk Value Pack 0.5L","14","0","1"
"27-12-2023","Hyderabad","Raw Milk Value Pack 0.5L","24","0","1"
"28-01-2020","Hyderabad","Past Milk 1L","2","0","0"
"28-01-2020","Hyderabad","A2 Value Pack 1L","1","0","0"
"28-01-2021","Hyderabad","A2 1L","1","0","0"
"28-01-2021","Hyderabad","Buffalo Milk 1L","1","0","0"
"28-01-2021","Hyderabad","A2 Value Pack 1L","1","0","0"
"28-01-2022","Hyderabad","Past Milk 1L","2","0","0"
"28-01-2022","Hyderabad","Raw Milk 1L","2","0","0"
"28-01-2022","Hyderabad","A2 1L","5","0","5"
"28-01-2022","Hyderabad","Buffalo Milk 1L","1","0","1"
"28-01-2022","Hyderabad","A2 Value Pack 1L","7","0","1"
"28-01-2023","Hyderabad","Past Milk 1L","19","0","0"
"28-01-2023","Hyderabad","Raw Milk 1L","15","1","1"
"28-01-2023","Hyderabad","Ghee 500ml","1","0","0"
"28-01-2023","Hyderabad","A2 1L","52","0","1"
"28-01-2023","Hyderabad","Curd Culture","4","0","0"
"28-01-2023","Hyderabad","A2 Ghee","3","0","0"
"28-01-2023","Hyderabad","Buffalo Milk 1L","50","0","4"
"28-01-2023","Hyderabad","Paneer 200g Cows Milk","1","0","0"
"28-01-2023","Hyderabad","A2 Value Pack 1L","219","1","2"
"28-01-2023","Hyderabad","Buffalo Ghee 500ml","1","0","0"
"28-01-2023","Hyderabad","Kharwas 120g","1","0","0"
"28-01-2023","Hyderabad","A2 Gir Cow Paneer 200g","2","0","0"
"28-01-2023","Hyderabad","New A2 Value Pack 500ml","90","0","1"
"28-01-2023","Hyderabad","Buffalo Milk Value Pack 500ml","46","1","3"
"28-01-2023","Hyderabad","Dahi","7","0","0"
"28-01-2023","Hyderabad","Past Milk Value Pack 1L","11","0","0"
"28-01-2023","Hyderabad","Raw Value Pack 1L","27","0","0"
"28-01-2023","Hyderabad","Buffalo Value Pack 1L","98","1","4"
"28-01-2023","Hyderabad","Lactose Free Milk 0.5L","11","0","0"
"28-01-2023","Hyderabad","Past Milk Value Pack 0.5L","8","0","1"
"28-01-2023","Hyderabad","Raw Milk Value Pack 0.5L","10","0","0"
"28-01-2024","Hyderabad","Past Milk 1L","19","0","1"
"28-01-2024","Hyderabad","Raw Milk 1L","14","0","1"
"28-01-2024","Hyderabad","Ghee 500ml","3","0","0"
"28-01-2024","Hyderabad","A2 1L","51","0","2"
"28-01-2024","Hyderabad","Curd Culture","5","0","0"
"28-01-2024","Hyderabad","A2 Ghee","3","0","0"
"28-01-2024","Hyderabad","Buffalo Milk 1L","45","0","6"
"28-01-2024","Hyderabad","Paneer 200g Cows Milk","14","0","0"
"28-01-2024","Hyderabad","A2 Value Pack 1L","523","0","3"
"28-01-2024","Hyderabad","Buffalo Ghee 500ml","1","0","0"
"28-01-2024","Hyderabad","Kharwas 120g","5","0","0"
"28-01-2024","Hyderabad","A2 Gir Cow Paneer 200g","6","0","0"
"28-01-2024","Hyderabad","New A2 Value Pack 500ml","194","0","3"
"28-01-2024","Hyderabad","Buffalo Milk Value Pack 500ml","147","0","4"
"28-01-2024","Hyderabad","Dahi","14","0","0"
"28-01-2024","Hyderabad","Past Milk Value Pack 1L","25","0","0"
"28-01-2024","Hyderabad","Raw Value Pack 1L","58","0","0"
"28-01-2024","Hyderabad","Buffalo Value Pack 1L","293","1","1"
"28-01-2024","Hyderabad","Lactose Free Milk 0.5L","7","0","0"
"28-01-2024","Hyderabad","Past Milk Value Pack 0.5L","24","0","0"
"28-01-2024","Hyderabad","Raw Milk Value Pack 0.5L","24","0","1"
"28-02-2020","Hyderabad","Past Milk 1L","2","0","0"
"28-02-2021","Hyderabad","A2 Value Pack 1L","1","0","0"
"28-02-2022","Hyderabad","Past Milk 1L","7","0","0"
"28-02-2022","Hyderabad","Raw Milk 1L","6","0","0"
"28-02-2022","Hyderabad","Past Milk 0.5L","4","0","0"
"28-02-2022","Hyderabad","A2 1L","23","0","0"
"28-02-2022","Hyderabad","A2 Ghee","1","0","0"
"28-02-2022","Hyderabad","Buffalo Milk 1L","22","0","0"
"28-02-2022","Hyderabad","A2 Value Pack 1L","37","0","0"
"28-02-2022","Hyderabad","Kharwas 120g","3","0","0"
"28-02-2022","Hyderabad","New A2 Value Pack 500ml","24","0","0"
"28-02-2022","Hyderabad","Buffalo Milk Value Pack 500ml","9","0","0"
"28-02-2023","Hyderabad","Past Milk 1L","21","0","0"
"28-02-2023","Hyderabad","Raw Milk 1L","20","0","0"
"28-02-2023","Hyderabad","Ghee 500ml","4","0","0"
"28-02-2023","Hyderabad","A2 1L","57","0","0"
"28-02-2023","Hyderabad","Curd Culture","5","0","0"
"28-02-2023","Hyderabad","A2 Ghee","2","0","0"
"28-02-2023","Hyderabad","Buffalo Milk 1L","61","3","3"
"28-02-2023","Hyderabad","Paneer 200g Cows Milk","3","0","0"
"28-02-2023","Hyderabad","A2 Value Pack 1L","245","0","6"
"28-02-2023","Hyderabad","Buffalo Ghee 500ml","3","0","0"
"28-02-2023","Hyderabad","Kharwas 120g","3","0","0"
"28-02-2023","Hyderabad","A2 Gir Cow Paneer 200g","1","0","0"
"28-02-2023","Hyderabad","New A2 Value Pack 500ml","98","2","0"
"28-02-2023","Hyderabad","Insulated Door Bag","2","0","0"
"28-02-2023","Hyderabad","Buffalo Milk Value Pack 500ml","59","0","0"
"28-02-2023","Hyderabad","Dahi","13","0","0"
"28-02-2023","Hyderabad","Past Milk Value Pack 1L","15","0","0"
"28-02-2023","Hyderabad","Raw Value Pack 1L","30","1","1"
"28-02-2023","Hyderabad","Buffalo Value Pack 1L","124","1","6"
"28-02-2023","Hyderabad","Lactose Free Milk 0.5L","6","0","1"
"28-02-2023","Hyderabad","Past Milk Value Pack 0.5L","3","0","0"
"28-02-2023","Hyderabad","Raw Milk Value Pack 0.5L","19","0","0"
"28-02-2024","Hyderabad","Past Milk 1L","22","0","1"
"28-02-2024","Hyderabad","Raw Milk 1L","15","0","0"
"28-02-2024","Hyderabad","Ghee 500ml","1","0","0"
"28-02-2024","Hyderabad","A2 1L","71","0","4"
"28-02-2024","Hyderabad","Curd Culture","3","0","0"
"28-02-2024","Hyderabad","A2 Ghee","1","0","0"
"28-02-2024","Hyderabad","Buffalo Milk 1L","52","1","4"
"28-02-2024","Hyderabad","Paneer 200g Cows Milk","6","0","0"
"28-02-2024","Hyderabad","A2 Value Pack 1L","564","1","1"
"28-02-2024","Hyderabad","Buffalo Ghee 500ml","2","1","0"
"28-02-2024","Hyderabad","Kharwas 120g","8","0","0"
"28-02-2024","Hyderabad","A2 Gir Cow Paneer 200g","3","0","0"
"28-02-2024","Hyderabad","New A2 Value Pack 500ml","220","0","0"
"28-02-2024","Hyderabad","Buffalo Milk Value Pack 500ml","168","1","1"
"28-02-2024","Hyderabad","Dahi","20","0","0"
"28-02-2024","Hyderabad","Past Milk Value Pack 1L","23","0","0"
"28-02-2024","Hyderabad","Raw Value Pack 1L","75","1","0"
"28-02-2024","Hyderabad","Buffalo Value Pack 1L","368","1","1"
"28-02-2024","Hyderabad","Lactose Free Milk 0.5L","9","0","0"
"28-02-2024","Hyderabad","Past Milk Value Pack 0.5L","22","0","0"
"28-02-2024","Hyderabad","Raw Milk Value Pack 0.5L","20","0","0"
"28-03-2020","Hyderabad","Past Milk 1L","2","0","0"
"28-03-2020","Hyderabad","A2 Value Pack 1L","3","0","0"
"28-03-2022","Hyderabad","Past Milk 1L","8","0","0"
"28-03-2022","Hyderabad","Raw Milk 1L","16","0","1"
"28-03-2022","Hyderabad","Past Milk 0.5L","3","0","0"
"28-03-2022","Hyderabad","A2 1L","37","0","0"
"28-03-2022","Hyderabad","Curd Culture","1","0","0"
"28-03-2022","Hyderabad","Buffalo Milk 1L","39","0","0"
"28-03-2022","Hyderabad","A2 Value Pack 1L","56","0","0"
"28-03-2022","Hyderabad","Kharwas 120g","2","0","0"
"28-03-2022","Hyderabad","A2 Gir Cow Paneer 200g","2","0","0"
"28-03-2022","Hyderabad","New A2 Value Pack 500ml","29","0","0"
"28-03-2022","Hyderabad","Buffalo Milk Value Pack 500ml","19","0","0"
"28-03-2022","Hyderabad","Dahi","1","0","0"
"28-03-2023","Hyderabad","Past Milk 1L","29","0","0"
"28-03-2023","Hyderabad","Raw Milk 1L","26","0","0"
"28-03-2023","Hyderabad","A2 1L","73","1","1"
"28-03-2023","Hyderabad","A2 Ghee","3","0","0"
"28-03-2023","Hyderabad","Buffalo Milk 1L","57","1","0"
"28-03-2023","Hyderabad","Paneer 200g Cows Milk","3","0","0"
"28-03-2023","Hyderabad","A2 Value Pack 1L","270","0","2"
"28-03-2023","Hyderabad","A2 Gir Cow Paneer 200g","3","0","0"
"28-03-2023","Hyderabad","New A2 Value Pack 500ml","123","0","0"
"28-03-2023","Hyderabad","Buffalo Milk Value Pack 500ml","52","0","1"
"28-03-2023","Hyderabad","Dahi","8","0","0"
"28-03-2023","Hyderabad","Past Milk Value Pack 1L","17","0","0"
"28-03-2023","Hyderabad","Raw Value Pack 1L","33","1","1"
"28-03-2023","Hyderabad","Buffalo Value Pack 1L","136","0","7"
"28-03-2023","Hyderabad","Lactose Free Milk 0.5L","11","0","0"
"28-03-2023","Hyderabad","Past Milk Value Pack 0.5L","6","0","0"
"28-03-2023","Hyderabad","Raw Milk Value Pack 0.5L","18","0","0"
"28-03-2024","Hyderabad","Past Milk 1L","22","0","0"
"28-03-2024","Hyderabad","Raw Milk 1L","15","0","0"
"28-03-2024","Hyderabad","Ghee 500ml","3","0","0"
"28-03-2024","Hyderabad","A2 1L","72","0","4"
"28-03-2024","Hyderabad","Curd Culture","2","0","0"
"28-03-2024","Hyderabad","A2 Ghee","4","2","0"
"28-03-2024","Hyderabad","Buffalo Milk 1L","40","0","3"
"28-03-2024","Hyderabad","Paneer 200g Cows Milk","10","0","0"
"28-03-2024","Hyderabad","A2 Value Pack 1L","571","2","2"
"28-03-2024","Hyderabad","Buffalo Ghee 500ml","2","1","0"
"28-03-2024","Hyderabad","Kharwas 120g","7","0","0"
"28-03-2024","Hyderabad","A2 Gir Cow Paneer 200g","1","0","0"
"28-03-2024","Hyderabad","New A2 Value Pack 500ml","215","0","0"
"28-03-2024","Hyderabad","Buffalo Milk Value Pack 500ml","168","0","0"
"28-03-2024","Hyderabad","Dahi","16","0","0"
"28-03-2024","Hyderabad","Past Milk Value Pack 1L","18","0","0"
"28-03-2024","Hyderabad","Raw Value Pack 1L","64","0","0"
"28-03-2024","Hyderabad","Buffalo Value Pack 1L","374","1","0"
"28-03-2024","Hyderabad","Lactose Free Milk 0.5L","20","0","0"
"28-03-2024","Hyderabad","Past Milk Value Pack 0.5L","14","0","0"
"28-03-2024","Hyderabad","Raw Milk Value Pack 0.5L","23","0","0"
"28-04-2020","Hyderabad","Past Milk 1L","2","0","0"
"28-04-2020","Hyderabad","New A2 Value Pack 500ml","1","0","0"
"28-04-2021","Hyderabad","A2 1L","1","0","0"
"28-04-2021","Hyderabad","A2 Value Pack 1L","1","0","0"
"28-04-2022","Hyderabad","Past Milk 1L","16","0","0"
"28-04-2022","Hyderabad","Raw Milk 1L","15","0","3"
"28-04-2022","Hyderabad","Past Milk 0.5L","6","0","0"
"28-04-2022","Hyderabad","A2 1L","41","0","3"
"28-04-2022","Hyderabad","A2 Ghee","2","0","0"
"28-04-2022","Hyderabad","Buffalo Milk 1L","33","0","4"
"28-04-2022","Hyderabad","Paneer 200g Cows Milk","1","0","0"
"28-04-2022","Hyderabad","A2 Value Pack 1L","62","0","0"
"28-04-2022","Hyderabad","Buffalo Ghee 500ml","1","0","0"
"28-04-2022","Hyderabad","A2 Gir Cow Paneer 200g","3","0","0"
"28-04-2022","Hyderabad","New A2 Value Pack 500ml","24","0","0"
"28-04-2022","Hyderabad","Buffalo Milk Value Pack 500ml","26","0","1"
"28-04-2022","Hyderabad","Dahi","11","0","0"
"28-04-2023","Hyderabad","Past Milk 1L","14","0","0"
"28-04-2023","Hyderabad","Raw Milk 1L","12","0","0"
"28-04-2023","Hyderabad","A2 1L","59","4","0"
"28-04-2023","Hyderabad","A2 Ghee","2","0","0"
"28-04-2023","Hyderabad","Buffalo Milk 1L","43","4","0"
"28-04-2023","Hyderabad","Paneer 200g Cows Milk","3","0","0"
"28-04-2023","Hyderabad","A2 Value Pack 1L","271","4","1"
"28-04-2023","Hyderabad","Kharwas 120g","1","0","0"
"28-04-2023","Hyderabad","A2 Gir Cow Paneer 200g","1","0","0"
"28-04-2023","Hyderabad","New A2 Value Pack 500ml","117","3","0"
"28-04-2023","Hyderabad","Buffalo Milk Value Pack 500ml","74","8","0"
"28-04-2023","Hyderabad","Dahi","10","0","0"
"28-04-2023","Hyderabad","Past Milk Value Pack 1L","10","1","0"
"28-04-2023","Hyderabad","Raw Value Pack 1L","35","0","0"
"28-04-2023","Hyderabad","Buffalo Value Pack 1L","145","14","1"
"28-04-2023","Hyderabad","Lactose Free Milk 0.5L","5","0","0"
"28-04-2023","Hyderabad","Past Milk Value Pack 0.5L","11","0","0"
"28-04-2023","Hyderabad","Raw Milk Value Pack 0.5L","12","1","0"
"28-05-2020","Hyderabad","Past Milk 1L","2","0","0"
"28-05-2021","Hyderabad","A2 1L","1","0","0"
"28-05-2021","Hyderabad","A2 Value Pack 1L","1","0","0"
"28-05-2022","Hyderabad","Past Milk 1L","11","1","0"
"28-05-2022","Hyderabad","Raw Milk 1L","17","0","0"
"28-05-2022","Hyderabad","Past Milk 0.5L","3","0","0"
"28-05-2022","Hyderabad","A2 1L","50","0","1"
"28-05-2022","Hyderabad","A2 Ghee","1","0","0"
"28-05-2022","Hyderabad","Buffalo Milk 1L","53","1","7"
"28-05-2022","Hyderabad","A2 Value Pack 1L","79","1","0"
"28-05-2022","Hyderabad","A2 Gir Cow Paneer 200g","2","0","0"
"28-05-2022","Hyderabad","New A2 Value Pack 500ml","36","2","0"
"28-05-2022","Hyderabad","Buffalo Milk Value Pack 500ml","22","0","2"
"28-05-2022","Hyderabad","Dahi","4","0","0"
"28-05-2023","Hyderabad","Past Milk 1L","11","0","0"
"28-05-2023","Hyderabad","Raw Milk 1L","22","0","0"
"28-05-2023","Hyderabad","Ghee 500ml","1","0","0"
"28-05-2023","Hyderabad","A2 1L","54","0","1"
"28-05-2023","Hyderabad","Curd Culture","2","0","0"
"28-05-2023","Hyderabad","A2 Ghee","4","1","0"
"28-05-2023","Hyderabad","Buffalo Milk 1L","34","1","0"
"28-05-2023","Hyderabad","Paneer 200g Cows Milk","6","0","0"
"28-05-2023","Hyderabad","A2 Value Pack 1L","260","8","1"
"28-05-2023","Hyderabad","Kharwas 120g","6","0","0"
"28-05-2023","Hyderabad","A2 Gir Cow Paneer 200g","2","0","0"
"28-05-2023","Hyderabad","New A2 Value Pack 500ml","104","0","0"
"28-05-2023","Hyderabad","Insulated Door Bag","1","0","0"
"28-05-2023","Hyderabad","Buffalo Milk Value Pack 500ml","77","5","0"
"28-05-2023","Hyderabad","Dahi","9","0","0"
"28-05-2023","Hyderabad","Past Milk Value Pack 1L","22","0","0"
"28-05-2023","Hyderabad","Raw Value Pack 1L","35","1","2"
"28-05-2023","Hyderabad","Buffalo Value Pack 1L","176","6","3"
"28-05-2023","Hyderabad","Lactose Free Milk 0.5L","6","0","0"
"28-05-2023","Hyderabad","Past Milk Value Pack 0.5L","10","0","0"
"28-05-2023","Hyderabad","Raw Milk Value Pack 0.5L","12","0","0"
"28-06-2020","Hyderabad","Past Milk 1L","2","0","0"
"28-06-2020","Hyderabad","A2 1L","1","0","0"
"28-06-2021","Hyderabad","A2 1L","1","0","0"
"28-06-2021","Hyderabad","A2 Value Pack 1L","1","0","0"
"28-06-2022","Hyderabad","Past Milk 1L","18","0","0"
"28-06-2022","Hyderabad","Raw Milk 1L","13","0","0"
"28-06-2022","Hyderabad","Past Milk 0.5L","2","0","0"
"28-06-2022","Hyderabad","A2 1L","65","1","2"
"28-06-2022","Hyderabad","Curd Culture","2","0","0"
"28-06-2022","Hyderabad","A2 Ghee","1","0","0"
"28-06-2022","Hyderabad","Buffalo Milk 1L","59","2","1"
"28-06-2022","Hyderabad","Paneer 200g Cows Milk","2","0","0"
"28-06-2022","Hyderabad","A2 Value Pack 1L","120","0","0"
"28-06-2022","Hyderabad","Kharwas 120g","1","0","0"
"28-06-2022","Hyderabad","New A2 Value Pack 500ml","67","0","0"
"28-06-2022","Hyderabad","Buffalo Milk Value Pack 500ml","36","0","0"
"28-06-2022","Hyderabad","Dahi","6","0","0"
"28-06-2022","Hyderabad","Past Milk Value Pack 1L","0","1","0"
"28-06-2022","Hyderabad","Raw Value Pack 1L","3","0","0"
"28-06-2023","Hyderabad","Past Milk 1L","18","0","0"
"28-06-2023","Hyderabad","Raw Milk 1L","15","0","0"
"28-06-2023","Hyderabad","A2 1L","67","0","0"
"28-06-2023","Hyderabad","Curd Culture","1","0","0"
"28-06-2023","Hyderabad","A2 Ghee","5","0","0"
"28-06-2023","Hyderabad","Buffalo Milk 1L","47","1","1"
"28-06-2023","Hyderabad","Paneer 200g Cows Milk","9","0","0"
"28-06-2023","Hyderabad","A2 Value Pack 1L","395","0","7"
"28-06-2023","Hyderabad","Buffalo Ghee 500ml","2","0","0"
"28-06-2023","Hyderabad","Kharwas 120g","8","0","0"
"28-06-2023","Hyderabad","A2 Gir Cow Paneer 200g","3","0","0"
"28-06-2023","Hyderabad","New A2 Value Pack 500ml","129","0","0"
"28-06-2023","Hyderabad","Buffalo Milk Value Pack 500ml","78","0","1"
"28-06-2023","Hyderabad","Dahi","16","0","0"
"28-06-2023","Hyderabad","Past Milk Value Pack 1L","18","0","1"
"28-06-2023","Hyderabad","Raw Value Pack 1L","38","0","0"
"28-06-2023","Hyderabad","Buffalo Value Pack 1L","203","1","10"
"28-06-2023","Hyderabad","Lactose Free Milk 0.5L","15","0","0"
"28-06-2023","Hyderabad","Past Milk Value Pack 0.5L","11","0","0"
"28-06-2023","Hyderabad","Raw Milk Value Pack 0.5L","17","0","0"
"28-07-2020","Hyderabad","Past Milk 1L","2","0","0"
"28-07-2020","Hyderabad","Past Milk 0.5L","1","0","0"
"28-07-2020","Hyderabad","A2 1L","1","0","0"
"28-07-2021","Hyderabad","A2 1L","1","0","0"
"28-07-2021","Hyderabad","A2 Value Pack 1L","1","0","0"
"28-07-2022","Hyderabad","Past Milk 1L","25","0","0"
"28-07-2022","Hyderabad","Raw Milk 1L","19","0","0"
"28-07-2022","Hyderabad","Ghee 500ml","2","0","0"
"28-07-2022","Hyderabad","A2 1L","36","1","0"
"28-07-2022","Hyderabad","Curd Culture","1","0","0"
"28-07-2022","Hyderabad","A2 Ghee","4","0","0"
"28-07-2022","Hyderabad","Buffalo Milk 1L","52","0","0"
"28-07-2022","Hyderabad","A2 Value Pack 1L","133","0","0"
"28-07-2022","Hyderabad","Buffalo Ghee 500ml","1","0","0"
"28-07-2022","Hyderabad","Kharwas 120g","4","0","0"
"28-07-2022","Hyderabad","A2 Gir Cow Paneer 200g","2","0","0"
"28-07-2022","Hyderabad","New A2 Value Pack 500ml","62","0","0"
"28-07-2022","Hyderabad","Buffalo Milk Value Pack 500ml","33","0","0"
"28-07-2022","Hyderabad","Dahi","4","0","0"
"28-07-2022","Hyderabad","Past Milk Value Pack 1L","5","0","0"
"28-07-2022","Hyderabad","Raw Value Pack 1L","10","0","0"
"28-07-2022","Hyderabad","Buffalo Value Pack 1L","1","0","0"
"28-07-2022","Hyderabad","Lactose Free Milk 0.5L","5","0","0"
"28-07-2023","Hyderabad","Past Milk 1L","18","0","0"
"28-07-2023","Hyderabad","Raw Milk 1L","14","0","0"
"28-07-2023","Hyderabad","Ghee 500ml","1","0","0"
"28-07-2023","Hyderabad","A2 1L","72","0","1"
"28-07-2023","Hyderabad","Curd Culture","1","0","0"
"28-07-2023","Hyderabad","Buffalo Milk 1L","41","0","1"
"28-07-2023","Hyderabad","Paneer 200g Cows Milk","4","0","0"
"28-07-2023","Hyderabad","A2 Value Pack 1L","432","2","3"
"28-07-2023","Hyderabad","Buffalo Ghee 500ml","1","0","0"
"28-07-2023","Hyderabad","Kharwas 120g","4","0","0"
"28-07-2023","Hyderabad","A2 Gir Cow Paneer 200g","3","0","0"
"28-07-2023","Hyderabad","New A2 Value Pack 500ml","154","0","0"
"28-07-2023","Hyderabad","Insulated Door Bag","1","0","0"
"28-07-2023","Hyderabad","Buffalo Milk Value Pack 500ml","87","0","0"
"28-07-2023","Hyderabad","Dahi","8","0","0"
"28-07-2023","Hyderabad","Past Milk Value Pack 1L","12","0","0"
"28-07-2023","Hyderabad","Raw Value Pack 1L","60","0","0"
"28-07-2023","Hyderabad","Buffalo Value Pack 1L","218","0","5"
"28-07-2023","Hyderabad","Lactose Free Milk 0.5L","14","0","0"
"28-07-2023","Hyderabad","Past Milk Value Pack 0.5L","9","0","0"
"28-07-2023","Hyderabad","Raw Milk Value Pack 0.5L","16","0","0"
"28-08-2020","Hyderabad","Past Milk 1L","1","0","0"
"28-08-2021","Hyderabad","Raw Milk 1L","1","0","0"
"28-08-2021","Hyderabad","A2 1L","1","0","0"
"28-08-2021","Hyderabad","A2 Value Pack 1L","1","0","0"
"28-08-2022","Hyderabad","Past Milk 1L","11","0","1"
"28-08-2022","Hyderabad","Raw Milk 1L","11","0","1"
"28-08-2022","Hyderabad","Ghee 500ml","1","0","0"
"28-08-2022","Hyderabad","A2 1L","39","1","3"
"28-08-2022","Hyderabad","Curd Culture","1","0","1"
"28-08-2022","Hyderabad","A2 Ghee","1","0","0"
"28-08-2022","Hyderabad","Buffalo Milk 1L","42","0","3"
"28-08-2022","Hyderabad","Paneer 200g Cows Milk","1","0","0"
"28-08-2022","Hyderabad","A2 Value Pack 1L","114","0","1"
"28-08-2022","Hyderabad","Kharwas 120g","2","0","0"
"28-08-2022","Hyderabad","A2 Gir Cow Paneer 200g","3","0","0"
"28-08-2022","Hyderabad","New A2 Value Pack 500ml","61","0","1"
"28-08-2022","Hyderabad","Buffalo Milk Value Pack 500ml","27","0","2"
"28-08-2022","Hyderabad","Dahi","5","0","0"
"28-08-2022","Hyderabad","Past Milk Value Pack 1L","9","0","0"
"28-08-2022","Hyderabad","Raw Value Pack 1L","17","0","0"
"28-08-2022","Hyderabad","Buffalo Value Pack 1L","11","0","0"
"28-08-2022","Hyderabad","Lactose Free Milk 0.5L","5","0","0"
"28-08-2023","Hyderabad","Past Milk 1L","21","0","0"
"28-08-2023","Hyderabad","Raw Milk 1L","20","0","0"
"28-08-2023","Hyderabad","Ghee 500ml","13","0","0"
"28-08-2023","Hyderabad","A2 1L","67","0","0"
"28-08-2023","Hyderabad","Curd Culture","4","0","0"
"28-08-2023","Hyderabad","A2 Ghee","2","0","0"
"28-08-2023","Hyderabad","Buffalo Milk 1L","51","0","0"
"28-08-2023","Hyderabad","Paneer 200g Cows Milk","9","0","0"
"28-08-2023","Hyderabad","A2 Value Pack 1L","455","1","0"
"28-08-2023","Hyderabad","Buffalo Ghee 500ml","2","0","0"
"28-08-2023","Hyderabad","Kharwas 120g","9","0","0"
"28-08-2023","Hyderabad","A2 Gir Cow Paneer 200g","4","0","0"
"28-08-2023","Hyderabad","New A2 Value Pack 500ml","152","1","0"
"28-08-2023","Hyderabad","Buffalo Milk Value Pack 500ml","105","1","3"
"28-08-2023","Hyderabad","Dahi","15","0","0"
"28-08-2023","Hyderabad","Past Milk Value Pack 1L","20","0","0"
"28-08-2023","Hyderabad","Raw Value Pack 1L","64","0","0"
"28-08-2023","Hyderabad","Buffalo Value Pack 1L","241","1","2"
"28-08-2023","Hyderabad","Lactose Free Milk 0.5L","8","0","0"
"28-08-2023","Hyderabad","Past Milk Value Pack 0.5L","24","0","0"
"28-08-2023","Hyderabad","Raw Milk Value Pack 0.5L","20","0","0"
"28-09-2020","Hyderabad","Past Milk 1L","1","0","0"
"28-09-2021","Hyderabad","A2 1L","1","0","0"
"28-09-2021","Hyderabad","A2 Value Pack 1L","2","0","0"
"28-09-2022","Hyderabad","Past Milk 1L","19","0","0"
"28-09-2022","Hyderabad","Raw Milk 1L","19","0","0"
"28-09-2022","Hyderabad","Ghee 500ml","4","0","0"
"28-09-2022","Hyderabad","A2 1L","58","0","0"
"28-09-2022","Hyderabad","A2 Ghee","1","0","0"
"28-09-2022","Hyderabad","Buffalo Milk 1L","55","1","0"
"28-09-2022","Hyderabad","Paneer 200g Cows Milk","4","0","0"
"28-09-2022","Hyderabad","A2 Value Pack 1L","130","0","0"
"28-09-2022","Hyderabad","Buffalo Ghee 500ml","1","0","0"
"28-09-2022","Hyderabad","Kharwas 120g","3","0","0"
"28-09-2022","Hyderabad","A2 Gir Cow Paneer 200g","3","0","0"
"28-09-2022","Hyderabad","New A2 Value Pack 500ml","79","0","0"
"28-09-2022","Hyderabad","Buffalo Milk Value Pack 500ml","29","0","0"
"28-09-2022","Hyderabad","Dahi","6","0","0"
"28-09-2022","Hyderabad","Past Milk Value Pack 1L","8","0","0"
"28-09-2022","Hyderabad","Raw Value Pack 1L","18","0","0"
"28-09-2022","Hyderabad","Buffalo Value Pack 1L","13","0","0"
"28-09-2022","Hyderabad","Lactose Free Milk 0.5L","5","0","0"
"28-09-2023","Hyderabad","Past Milk 1L","24","0","0"
"28-09-2023","Hyderabad","Raw Milk 1L","15","0","1"
"28-09-2023","Hyderabad","Ghee 500ml","5","0","0"
"28-09-2023","Hyderabad","A2 1L","56","1","0"
"28-09-2023","Hyderabad","Curd Culture","3","0","0"
"28-09-2023","Hyderabad","A2 Ghee","1","0","0"
"28-09-2023","Hyderabad","Buffalo Milk 1L","50","0","1"
"28-09-2023","Hyderabad","Paneer 200g Cows Milk","12","0","0"
"28-09-2023","Hyderabad","A2 Value Pack 1L","484","1","2"
"28-09-2023","Hyderabad","Kharwas 120g","14","0","0"
"28-09-2023","Hyderabad","A2 Gir Cow Paneer 200g","1","0","0"
"28-09-2023","Hyderabad","New A2 Value Pack 500ml","156","0","0"
"28-09-2023","Hyderabad","Buffalo Milk Value Pack 500ml","112","0","0"
"28-09-2023","Hyderabad","Dahi","26","0","0"
"28-09-2023","Hyderabad","Past Milk Value Pack 1L","24","0","0"
"28-09-2023","Hyderabad","Raw Value Pack 1L","55","0","0"
"28-09-2023","Hyderabad","Buffalo Value Pack 1L","254","2","6"
"28-09-2023","Hyderabad","Lactose Free Milk 0.5L","11","1","0"
"28-09-2023","Hyderabad","Past Milk Value Pack 0.5L","14","0","0"
"28-09-2023","Hyderabad","Raw Milk Value Pack 0.5L","24","0","0"
"28-10-2020","Hyderabad","Past Milk 1L","1","0","0"
"28-10-2020","Hyderabad","A2 Value Pack 1L","1","0","0"
"28-10-2021","Hyderabad","Past Milk 1L","1","0","0"
"28-10-2021","Hyderabad","A2 1L","1","0","0"
"28-10-2021","Hyderabad","A2 Value Pack 1L","2","0","0"
"28-10-2021","Hyderabad","Tender Coconut","2","0","0"
"28-10-2022","Hyderabad","Past Milk 1L","18","0","0"
"28-10-2022","Hyderabad","Raw Milk 1L","15","0","1"
"28-10-2022","Hyderabad","Ghee 500ml","1","0","0"
"28-10-2022","Hyderabad","A2 1L","46","0","0"
"28-10-2022","Hyderabad","A2 Ghee","1","0","0"
"28-10-2022","Hyderabad","Buffalo Milk 1L","54","0","1"
"28-10-2022","Hyderabad","Paneer 200g Cows Milk","2","0","0"
"28-10-2022","Hyderabad","A2 Value Pack 1L","157","0","0"
"28-10-2022","Hyderabad","Kharwas 120g","1","0","0"
"28-10-2022","Hyderabad","A2 Gir Cow Paneer 200g","5","0","0"
"28-10-2022","Hyderabad","New A2 Value Pack 500ml","72","0","4"
"28-10-2022","Hyderabad","Insulated Door Bag","1","0","0"
"28-10-2022","Hyderabad","Buffalo Milk Value Pack 500ml","35","0","1"
"28-10-2022","Hyderabad","Dahi","6","0","0"
"28-10-2022","Hyderabad","Past Milk Value Pack 1L","8","0","0"
"28-10-2022","Hyderabad","Raw Value Pack 1L","19","0","0"
"28-10-2022","Hyderabad","Buffalo Value Pack 1L","21","0","0"
"28-10-2022","Hyderabad","Lactose Free Milk 0.5L","6","0","0"
"28-10-2022","Hyderabad","Past Milk Value Pack 0.5L","2","0","0"
"28-10-2022","Hyderabad","Raw Milk Value Pack 0.5L","1","0","0"
"28-10-2023","Hyderabad","Past Milk 1L","16","0","0"
"28-10-2023","Hyderabad","Raw Milk 1L","12","0","0"
"28-10-2023","Hyderabad","Ghee 500ml","3","0","0"
"28-10-2023","Hyderabad","A2 1L","75","1","1"
"28-10-2023","Hyderabad","Curd Culture","4","0","0"
"28-10-2023","Hyderabad","A2 Ghee","4","0","0"
"28-10-2023","Hyderabad","Buffalo Milk 1L","34","1","1"
"28-10-2023","Hyderabad","Paneer 200g Cows Milk","9","0","0"
"28-10-2023","Hyderabad","A2 Value Pack 1L","461","1","1"
"28-10-2023","Hyderabad","Buffalo Ghee 500ml","2","0","0"
"28-10-2023","Hyderabad","Kharwas 120g","6","0","0"
"28-10-2023","Hyderabad","A2 Gir Cow Paneer 200g","2","0","0"
"28-10-2023","Hyderabad","New A2 Value Pack 500ml","157","0","1"
"28-10-2023","Hyderabad","Buffalo Milk Value Pack 500ml","142","0","1"
"28-10-2023","Hyderabad","Dahi","15","0","0"
"28-10-2023","Hyderabad","Past Milk Value Pack 1L","19","0","0"
"28-10-2023","Hyderabad","Raw Value Pack 1L","55","0","0"
"28-10-2023","Hyderabad","Buffalo Value Pack 1L","251","2","2"
"28-10-2023","Hyderabad","Lactose Free Milk 0.5L","8","0","0"
"28-10-2023","Hyderabad","Past Milk Value Pack 0.5L","15","0","0"
"28-10-2023","Hyderabad","Raw Milk Value Pack 0.5L","24","0","1"
"28-11-2020","Hyderabad","Past Milk 1L","1","0","0"
"28-11-2020","Hyderabad","A2 1L","1","0","0"
"28-11-2020","Hyderabad","A2 Value Pack 1L","2","0","0"
"28-11-2021","Hyderabad","Raw Milk 1L","1","0","0"
"28-11-2021","Hyderabad","A2 Value Pack 1L","1","0","0"
"28-11-2021","Hyderabad","New A2 Value Pack 500ml","1","0","0"
"28-11-2022","Hyderabad","Past Milk 1L","19","0","0"
"28-11-2022","Hyderabad","Raw Milk 1L","16","0","0"
"28-11-2022","Hyderabad","Ghee 500ml","1","0","0"
"28-11-2022","Hyderabad","A2 1L","47","0","0"
"28-11-2022","Hyderabad","Curd Culture","1","0","0"
"28-11-2022","Hyderabad","A2 Ghee","2","0","0"
"28-11-2022","Hyderabad","Buffalo Milk 1L","75","0","0"
"28-11-2022","Hyderabad","Paneer 200g Cows Milk","2","0","0"
"28-11-2022","Hyderabad","A2 Value Pack 1L","166","0","0"
"28-11-2022","Hyderabad","Buffalo Ghee 500ml","1","0","0"
"28-11-2022","Hyderabad","Kharwas 120g","4","0","0"
"28-11-2022","Hyderabad","A2 Gir Cow Paneer 200g","4","0","0"
"28-11-2022","Hyderabad","New A2 Value Pack 500ml","95","0","1"
"28-11-2022","Hyderabad","Buffalo Milk Value Pack 500ml","46","0","0"
"28-11-2022","Hyderabad","Dahi","18","0","0"
"28-11-2022","Hyderabad","Past Milk Value Pack 1L","12","0","0"
"28-11-2022","Hyderabad","Raw Value Pack 1L","31","0","0"
"28-11-2022","Hyderabad","Buffalo Value Pack 1L","25","0","0"
"28-11-2022","Hyderabad","Lactose Free Milk 0.5L","7","0","0"
"28-11-2022","Hyderabad","Past Milk Value Pack 0.5L","3","0","0"
"28-11-2022","Hyderabad","Raw Milk Value Pack 0.5L","5","0","0"
"28-11-2023","Hyderabad","Past Milk 1L","18","0","0"
"28-11-2023","Hyderabad","Raw Milk 1L","10","0","0"
"28-11-2023","Hyderabad","A2 1L","67","0","1"
"28-11-2023","Hyderabad","Curd Culture","4","0","0"
"28-11-2023","Hyderabad","A2 Ghee","6","0","0"
"28-11-2023","Hyderabad","Buffalo Milk 1L","44","0","6"
"28-11-2023","Hyderabad","Paneer 200g Cows Milk","16","0","0"
"28-11-2023","Hyderabad","A2 Value Pack 1L","486","0","5"
"28-11-2023","Hyderabad","Kharwas 120g","7","0","0"
"28-11-2023","Hyderabad","New A2 Value Pack 500ml","177","0","3"
"28-11-2023","Hyderabad","Buffalo Milk Value Pack 500ml","135","0","3"
"28-11-2023","Hyderabad","Dahi","13","0","0"
"28-11-2023","Hyderabad","Past Milk Value Pack 1L","17","0","1"
"28-11-2023","Hyderabad","Raw Value Pack 1L","52","0","1"
"28-11-2023","Hyderabad","Buffalo Value Pack 1L","292","3","4"
"28-11-2023","Hyderabad","Lactose Free Milk 0.5L","12","0","0"
"28-11-2023","Hyderabad","Past Milk Value Pack 0.5L","15","0","0"
"28-11-2023","Hyderabad","Raw Milk Value Pack 0.5L","22","0","0"
"28-12-2020","Hyderabad","Buffalo Milk 1L","1","0","0"
"28-12-2020","Hyderabad","A2 Value Pack 1L","2","0","0"
"28-12-2021","Hyderabad","A2 Value Pack 1L","1","0","0"
"28-12-2022","Hyderabad","Past Milk 1L","22","0","1"
"28-12-2022","Hyderabad","Raw Milk 1L","12","0","0"
"28-12-2022","Hyderabad","A2 1L","52","0","4"
"28-12-2022","Hyderabad","A2 Ghee","6","0","0"
"28-12-2022","Hyderabad","Buffalo Milk 1L","48","0","6"
"28-12-2022","Hyderabad","Paneer 200g Cows Milk","6","0","0"
"28-12-2022","Hyderabad","A2 Value Pack 1L","191","0","2"
"28-12-2022","Hyderabad","Buffalo Ghee 500ml","1","0","0"
"28-12-2022","Hyderabad","Kharwas 120g","8","0","0"
"28-12-2022","Hyderabad","A2 Gir Cow Paneer 200g","2","0","0"
"28-12-2022","Hyderabad","New A2 Value Pack 500ml","83","0","1"
"28-12-2022","Hyderabad","Buffalo Milk Value Pack 500ml","32","0","8"
"28-12-2022","Hyderabad","Dahi","11","0","0"
"28-12-2022","Hyderabad","Past Milk Value Pack 1L","11","0","0"
"28-12-2022","Hyderabad","Raw Value Pack 1L","25","0","1"
"28-12-2022","Hyderabad","Buffalo Value Pack 1L","60","0","1"
"28-12-2022","Hyderabad","Lactose Free Milk 0.5L","8","0","0"
"28-12-2022","Hyderabad","Past Milk Value Pack 0.5L","4","0","0"
"28-12-2022","Hyderabad","Raw Milk Value Pack 0.5L","4","0","0"
"28-12-2023","Hyderabad","Past Milk 1L","16","0","0"
"28-12-2023","Hyderabad","Raw Milk 1L","16","0","1"
"28-12-2023","Hyderabad","Ghee 500ml","5","1","0"
"28-12-2023","Hyderabad","A2 1L","49","0","0"
"28-12-2023","Hyderabad","Curd Culture","1","0","0"
"28-12-2023","Hyderabad","A2 Ghee","3","0","0"
"28-12-2023","Hyderabad","Buffalo Milk 1L","43","1","2"
"28-12-2023","Hyderabad","Paneer 200g Cows Milk","14","0","0"
"28-12-2023","Hyderabad","A2 Value Pack 1L","513","1","5"
"28-12-2023","Hyderabad","Buffalo Ghee 500ml","2","2","0"
"28-12-2023","Hyderabad","Kharwas 120g","2","0","0"
"28-12-2023","Hyderabad","A2 Gir Cow Paneer 200g","8","0","0"
"28-12-2023","Hyderabad","New A2 Value Pack 500ml","175","0","0"
"28-12-2023","Hyderabad","Buffalo Milk Value Pack 500ml","137","0","1"
"28-12-2023","Hyderabad","Dahi","14","0","0"
"28-12-2023","Hyderabad","Past Milk Value Pack 1L","24","0","2"
"28-12-2023","Hyderabad","Raw Value Pack 1L","58","0","1"
"28-12-2023","Hyderabad","Buffalo Value Pack 1L","296","2","4"
"28-12-2023","Hyderabad","Lactose Free Milk 0.5L","6","0","0"
"28-12-2023","Hyderabad","Past Milk Value Pack 0.5L","13","0","0"
"28-12-2023","Hyderabad","Raw Milk Value Pack 0.5L","17","0","0"
"29-01-2020","Hyderabad","Past Milk 1L","2","0","0"
"29-01-2020","Hyderabad","A2 1L","1","0","0"
"29-01-2020","Hyderabad","A2 Value Pack 1L","1","0","0"
"29-01-2020","Hyderabad","A2 Gir Cow Paneer 200g","1","0","0"
"29-01-2021","Hyderabad","Buffalo Milk 1L","1","0","0"
"29-01-2021","Hyderabad","A2 Value Pack 1L","1","0","0"
"29-01-2022","Hyderabad","Past Milk 1L","3","0","0"
"29-01-2022","Hyderabad","Raw Milk 1L","3","0","1"
"29-01-2022","Hyderabad","A2 1L","3","0","1"
"29-01-2022","Hyderabad","Buffalo Milk 1L","1","0","2"
"29-01-2022","Hyderabad","Paneer 200g Cows Milk","1","0","0"
"29-01-2022","Hyderabad","A2 Value Pack 1L","13","0","0"
"29-01-2022","Hyderabad","New A2 Value Pack 500ml","2","0","0"
"29-01-2022","Hyderabad","Buffalo Milk Value Pack 500ml","1","0","2"
"29-01-2023","Hyderabad","Past Milk 1L","22","1","0"
"29-01-2023","Hyderabad","Raw Milk 1L","26","0","0"
"29-01-2023","Hyderabad","Ghee 500ml","1","0","0"
"29-01-2023","Hyderabad","A2 1L","59","1","1"
"29-01-2023","Hyderabad","A2 Ghee","1","0","0"
"29-01-2023","Hyderabad","Buffalo Milk 1L","47","2","1"
"29-01-2023","Hyderabad","Paneer 200g Cows Milk","1","0","0"
"29-01-2023","Hyderabad","A2 Value Pack 1L","221","1","2"
"29-01-2023","Hyderabad","Buffalo Ghee 500ml","4","0","0"
"29-01-2023","Hyderabad","A2 Gir Cow Paneer 200g","1","0","0"
"29-01-2023","Hyderabad","New A2 Value Pack 500ml","79","0","1"
"29-01-2023","Hyderabad","Buffalo Milk Value Pack 500ml","45","0","0"
"29-01-2023","Hyderabad","Dahi","12","0","1"
"29-01-2023","Hyderabad","Past Milk Value Pack 1L","8","0","0"
"29-01-2023","Hyderabad","Raw Value Pack 1L","26","0","1"
"29-01-2023","Hyderabad","Buffalo Value Pack 1L","98","0","2"
"29-01-2023","Hyderabad","Lactose Free Milk 0.5L","5","0","0"
"29-01-2023","Hyderabad","Past Milk Value Pack 0.5L","2","0","0"
"29-01-2023","Hyderabad","Raw Milk Value Pack 0.5L","10","0","0"
"29-01-2024","Hyderabad","Past Milk 1L","13","0","0"
"29-01-2024","Hyderabad","Raw Milk 1L","11","0","0"
"29-01-2024","Hyderabad","Ghee 500ml","1","0","0"
"29-01-2024","Hyderabad","A2 1L","62","0","2"
"29-01-2024","Hyderabad","Curd Culture","6","0","0"
"29-01-2024","Hyderabad","A2 Ghee","7","0","0"
"29-01-2024","Hyderabad","Buffalo Milk 1L","39","0","1"
"29-01-2024","Hyderabad","Paneer 200g Cows Milk","5","0","0"
"29-01-2024","Hyderabad","A2 Value Pack 1L","568","1","2"
"29-01-2024","Hyderabad","Buffalo Ghee 500ml","1","0","0"
"29-01-2024","Hyderabad","Kharwas 120g","4","0","0"
"29-01-2024","Hyderabad","A2 Gir Cow Paneer 200g","5","0","0"
"29-01-2024","Hyderabad","New A2 Value Pack 500ml","204","1","1"
"29-01-2024","Hyderabad","Insulated Door Bag","1","0","0"
"29-01-2024","Hyderabad","Buffalo Milk Value Pack 500ml","170","0","0"
"29-01-2024","Hyderabad","Dahi","17","0","0"
"29-01-2024","Hyderabad","Past Milk Value Pack 1L","26","0","0"
"29-01-2024","Hyderabad","Raw Value Pack 1L","65","0","0"
"29-01-2024","Hyderabad","Buffalo Value Pack 1L","319","1","0"
"29-01-2024","Hyderabad","Lactose Free Milk 0.5L","8","0","0"
"29-01-2024","Hyderabad","Past Milk Value Pack 0.5L","22","0","0"
"29-01-2024","Hyderabad","Raw Milk Value Pack 0.5L","25","0","0"
"29-02-2020","Hyderabad","Past Milk 1L","2","0","0"
"29-02-2020","Hyderabad","A2 Value Pack 1L","2","0","0"
"29-02-2024","Hyderabad","Past Milk 1L","25","0","0"
"29-02-2024","Hyderabad","Raw Milk 1L","14","0","0"
"29-02-2024","Hyderabad","Ghee 500ml","2","0","0"
"29-02-2024","Hyderabad","A2 1L","50","1","2"
"29-02-2024","Hyderabad","Curd Culture","5","0","0"
"29-02-2024","Hyderabad","A2 Ghee","6","1","0"
"29-02-2024","Hyderabad","Buffalo Milk 1L","46","0","4"
"29-02-2024","Hyderabad","Paneer 200g Cows Milk","8","0","0"
"29-02-2024","Hyderabad","A2 Value Pack 1L","580","2","0"
"29-02-2024","Hyderabad","Kharwas 120g","11","0","0"
"29-02-2024","Hyderabad","A2 Gir Cow Paneer 200g","4","0","0"
"29-02-2024","Hyderabad","New A2 Value Pack 500ml","217","0","1"
"29-02-2024","Hyderabad","Buffalo Milk Value Pack 500ml","145","0","0"
"29-02-2024","Hyderabad","Dahi","12","0","0"
"29-02-2024","Hyderabad","Past Milk Value Pack 1L","24","0","0"
"29-02-2024","Hyderabad","Raw Value Pack 1L","67","0","0"
"29-02-2024","Hyderabad","Buffalo Value Pack 1L","371","1","0"
"29-02-2024","Hyderabad","Lactose Free Milk 0.5L","15","0","0"
"29-02-2024","Hyderabad","Past Milk Value Pack 0.5L","19","0","1"
"29-02-2024","Hyderabad","Raw Milk Value Pack 0.5L","22","0","0"
"29-03-2020","Hyderabad","Past Milk 1L","2","0","0"
"29-03-2021","Hyderabad","A2 1L","1","0","0"
"29-03-2021","Hyderabad","A2 Value Pack 1L","3","0","0"
"29-03-2022","Hyderabad","Past Milk 1L","10","0","0"
"29-03-2022","Hyderabad","Raw Milk 1L","13","0","1"
"29-03-2022","Hyderabad","Past Milk 0.5L","3","0","0"
"29-03-2022","Hyderabad","A2 1L","30","0","3"
"29-03-2022","Hyderabad","A2 Ghee","1","0","0"
"29-03-2022","Hyderabad","Buffalo Milk 1L","39","0","3"
"29-03-2022","Hyderabad","Paneer 200g Cows Milk","2","0","0"
"29-03-2022","Hyderabad","A2 Value Pack 1L","56","0","1"
"29-03-2022","Hyderabad","Kharwas 120g","1","0","0"
"29-03-2022","Hyderabad","New A2 Value Pack 500ml","32","0","2"
"29-03-2022","Hyderabad","Insulated Door Bag","1","0","0"
"29-03-2022","Hyderabad","Buffalo Milk Value Pack 500ml","14","0","11"
"29-03-2022","Hyderabad","Dahi","1","0","0"
"29-03-2023","Hyderabad","Past Milk 1L","22","0","0"
"29-03-2023","Hyderabad","Raw Milk 1L","21","0","0"
"29-03-2023","Hyderabad","Ghee 500ml","3","0","0"
"29-03-2023","Hyderabad","A2 1L","70","0","0"
"29-03-2023","Hyderabad","A2 Ghee","2","0","0"
"29-03-2023","Hyderabad","Buffalo Milk 1L","52","2","4"
"29-03-2023","Hyderabad","Paneer 200g Cows Milk","5","0","0"
"29-03-2023","Hyderabad","A2 Value Pack 1L","300","1","2"
"29-03-2023","Hyderabad","Buffalo Ghee 500ml","3","0","0"
"29-03-2023","Hyderabad","Kharwas 120g","4","0","0"
"29-03-2023","Hyderabad","A2 Gir Cow Paneer 200g","2","0","0"
"29-03-2023","Hyderabad","New A2 Value Pack 500ml","117","0","0"
"29-03-2023","Hyderabad","Buffalo Milk Value Pack 500ml","56","1","0"
"29-03-2023","Hyderabad","Dahi","15","0","0"
"29-03-2023","Hyderabad","Past Milk Value Pack 1L","12","0","0"
"29-03-2023","Hyderabad","Raw Value Pack 1L","40","0","0"
"29-03-2023","Hyderabad","Buffalo Value Pack 1L","142","1","0"
"29-03-2023","Hyderabad","Lactose Free Milk 0.5L","10","0","0"
"29-03-2023","Hyderabad","Past Milk Value Pack 0.5L","7","0","0"
"29-03-2023","Hyderabad","Raw Milk Value Pack 0.5L","21","0","0"
"29-03-2024","Hyderabad","Past Milk 1L","20","0","1"
"29-03-2024","Hyderabad","Raw Milk 1L","11","0","1"
"29-03-2024","Hyderabad","Ghee 500ml","3","0","0"
"29-03-2024","Hyderabad","A2 1L","51","0","0"
"29-03-2024","Hyderabad","Curd Culture","3","0","0"
"29-03-2024","Hyderabad","A2 Ghee","10","1","0"
"29-03-2024","Hyderabad","Buffalo Milk 1L","32","0","1"
"29-03-2024","Hyderabad","Paneer 200g Cows Milk","9","0","0"
"29-03-2024","Hyderabad","A2 Value Pack 1L","563","0","0"
"29-03-2024","Hyderabad","Buffalo Ghee 500ml","2","0","0"
"29-03-2024","Hyderabad","Kharwas 120g","14","0","0"
"29-03-2024","Hyderabad","A2 Gir Cow Paneer 200g","2","0","0"
"29-03-2024","Hyderabad","New A2 Value Pack 500ml","199","1","0"
"29-03-2024","Hyderabad","Buffalo Milk Value Pack 500ml","172","0","0"
"29-03-2024","Hyderabad","Dahi","12","0","0"
"29-03-2024","Hyderabad","Past Milk Value Pack 1L","19","0","0"
"29-03-2024","Hyderabad","Raw Value Pack 1L","50","0","0"
"29-03-2024","Hyderabad","Buffalo Value Pack 1L","365","2","1"
"29-03-2024","Hyderabad","Lactose Free Milk 0.5L","19","0","0"
"29-03-2024","Hyderabad","Past Milk Value Pack 0.5L","15","0","0"
"29-03-2024","Hyderabad","Raw Milk Value Pack 0.5L","18","0","0"
"29-04-2020","Hyderabad","Past Milk 1L","3","0","0"
"29-04-2020","Hyderabad","A2 1L","1","0","0"
"29-04-2020","Hyderabad","Buffalo Milk 1L","1","0","0"
"29-04-2020","Hyderabad","A2 Value Pack 1L","1","0","0"
"29-04-2020","Hyderabad","New A2 Value Pack 500ml","1","0","0"
"29-04-2021","Hyderabad","Buffalo Milk 1L","1","0","0"
"29-04-2021","Hyderabad","A2 Value Pack 1L","1","0","0"
"29-04-2022","Hyderabad","Past Milk 1L","16","0","0"
"29-04-2022","Hyderabad","Raw Milk 1L","16","0","0"
"29-04-2022","Hyderabad","A2 1L","44","0","1"
"29-04-2022","Hyderabad","Curd Culture","3","0","0"
"29-04-2022","Hyderabad","Buffalo Milk 1L","43","0","0"
"29-04-2022","Hyderabad","Paneer 200g Cows Milk","2","0","0"
"29-04-2022","Hyderabad","A2 Value Pack 1L","74","0","1"
"29-04-2022","Hyderabad","Kharwas 120g","3","0","0"
"29-04-2022","Hyderabad","A2 Gir Cow Paneer 200g","2","0","0"
"29-04-2022","Hyderabad","New A2 Value Pack 500ml","29","0","1"
"29-04-2022","Hyderabad","Insulated Door Bag","1","0","0"
"29-04-2022","Hyderabad","Buffalo Milk Value Pack 500ml","29","0","0"
"29-04-2022","Hyderabad","Dahi","1","0","0"
"29-04-2023","Hyderabad","Past Milk 1L","19","0","0"
"29-04-2023","Hyderabad","Raw Milk 1L","15","0","0"
"29-04-2023","Hyderabad","Ghee 500ml","1","0","0"
"29-04-2023","Hyderabad","A2 1L","58","8","0"
"29-04-2023","Hyderabad","Curd Culture","3","0","0"
"29-04-2023","Hyderabad","A2 Ghee","2","0","0"
"29-04-2023","Hyderabad","Buffalo Milk 1L","48","7","0"
"29-04-2023","Hyderabad","Paneer 200g Cows Milk","7","0","0"
"29-04-2023","Hyderabad","A2 Value Pack 1L","256","3","1"
"29-04-2023","Hyderabad","Kharwas 120g","2","0","0"
"29-04-2023","Hyderabad","A2 Gir Cow Paneer 200g","2","0","0"
"29-04-2023","Hyderabad","New A2 Value Pack 500ml","102","1","0"
"29-04-2023","Hyderabad","Buffalo Milk Value Pack 500ml","78","5","0"
"29-04-2023","Hyderabad","Dahi","6","0","0"
"29-04-2023","Hyderabad","Past Milk Value Pack 1L","23","0","0"
"29-04-2023","Hyderabad","Raw Value Pack 1L","42","1","0"
"29-04-2023","Hyderabad","Buffalo Value Pack 1L","143","15","1"
"29-04-2023","Hyderabad","Lactose Free Milk 0.5L","9","0","0"
"29-04-2023","Hyderabad","Past Milk Value Pack 0.5L","4","0","0"
"29-04-2023","Hyderabad","Raw Milk Value Pack 0.5L","13","1","0"
"29-05-2020","Hyderabad","Past Milk 1L","2","0","0"
"29-05-2020","Hyderabad","A2 1L","1","0","0"
"29-05-2021","Hyderabad","A2 1L","1","0","0"
"29-05-2021","Hyderabad","Buffalo Milk 1L","1","0","0"
"29-05-2021","Hyderabad","A2 Value Pack 1L","2","0","0"
"29-05-2022","Hyderabad","Past Milk 1L","17","1","0"
"29-05-2022","Hyderabad","Raw Milk 1L","15","0","0"
"29-05-2022","Hyderabad","Past Milk 0.5L","6","0","0"
"29-05-2022","Hyderabad","Ghee 500ml","3","0","0"
"29-05-2022","Hyderabad","A2 1L","48","0","2"
"29-05-2022","Hyderabad","Curd Culture","1","0","0"
"29-05-2022","Hyderabad","A2 Ghee","1","0","0"
"29-05-2022","Hyderabad","Buffalo Milk 1L","55","0","1"
"29-05-2022","Hyderabad","A2 Value Pack 1L","94","1","0"
"29-05-2022","Hyderabad","A2 Gir Cow Paneer 200g","2","0","0"
"29-05-2022","Hyderabad","New A2 Value Pack 500ml","45","1","0"
"29-05-2022","Hyderabad","Buffalo Milk Value Pack 500ml","20","0","3"
"29-05-2022","Hyderabad","Dahi","3","0","0"
"29-05-2023","Hyderabad","Past Milk 1L","25","0","0"
"29-05-2023","Hyderabad","Raw Milk 1L","19","0","0"
"29-05-2023","Hyderabad","A2 1L","46","4","0"
"29-05-2023","Hyderabad","Curd Culture","1","0","0"
"29-05-2023","Hyderabad","A2 Ghee","2","0","0"
"29-05-2023","Hyderabad","Buffalo Milk 1L","37","2","0"
"29-05-2023","Hyderabad","Paneer 200g Cows Milk","3","0","0"
"29-05-2023","Hyderabad","A2 Value Pack 1L","282","7","0"
"29-05-2023","Hyderabad","Kharwas 120g","8","0","0"
"29-05-2023","Hyderabad","A2 Gir Cow Paneer 200g","6","0","0"
"29-05-2023","Hyderabad","New A2 Value Pack 500ml","94","1","0"
"29-05-2023","Hyderabad","Insulated Door Bag","1","0","0"
"29-05-2023","Hyderabad","Buffalo Milk Value Pack 500ml","76","5","0"
"29-05-2023","Hyderabad","Dahi","14","0","0"
"29-05-2023","Hyderabad","Past Milk Value Pack 1L","15","1","0"
"29-05-2023","Hyderabad","Raw Value Pack 1L","39","0","0"
"29-05-2023","Hyderabad","Buffalo Value Pack 1L","172","7","0"
"29-05-2023","Hyderabad","Lactose Free Milk 0.5L","5","0","0"
"29-05-2023","Hyderabad","Past Milk Value Pack 0.5L","5","0","0"
"29-05-2023","Hyderabad","Raw Milk Value Pack 0.5L","9","0","0"
"29-06-2020","Hyderabad","Past Milk 1L","2","0","0"
"29-06-2020","Hyderabad","A2 Value Pack 1L","1","0","0"
"29-06-2021","Hyderabad","A2 1L","1","0","0"
"29-06-2021","Hyderabad","Buffalo Milk 1L","1","0","0"
"29-06-2021","Hyderabad","A2 Value Pack 1L","1","0","0"
"29-06-2022","Hyderabad","Past Milk 1L","20","0","1"
"29-06-2022","Hyderabad","Raw Milk 1L","13","0","0"
"29-06-2022","Hyderabad","Past Milk 0.5L","5","0","0"
"29-06-2022","Hyderabad","Ghee 500ml","3","0","0"
"29-06-2022","Hyderabad","A2 1L","58","2","2"
"29-06-2022","Hyderabad","Curd Culture","2","0","0"
"29-06-2022","Hyderabad","A2 Ghee","3","0","0"
"29-06-2022","Hyderabad","Buffalo Milk 1L","67","3","0"
"29-06-2022","Hyderabad","Paneer 200g Cows Milk","1","0","0"
"29-06-2022","Hyderabad","A2 Value Pack 1L","120","1","1"
"29-06-2022","Hyderabad","Buffalo Ghee 500ml","2","0","0"
"29-06-2022","Hyderabad","Kharwas 120g","3","0","0"
"29-06-2022","Hyderabad","A2 Gir Cow Paneer 200g","2","0","0"
"29-06-2022","Hyderabad","New A2 Value Pack 500ml","57","0","0"
"29-06-2022","Hyderabad","Buffalo Milk Value Pack 500ml","39","0","0"
"29-06-2022","Hyderabad","Past Milk Value Pack 1L","1","2","0"
"29-06-2022","Hyderabad","Raw Value Pack 1L","6","0","0"
"29-06-2022","Hyderabad","Lactose Free Milk 0.5L","1","0","0"
"29-06-2023","Hyderabad","Past Milk 1L","19","0","0"
"29-06-2023","Hyderabad","Raw Milk 1L","15","0","0"
"29-06-2023","Hyderabad","Ghee 500ml","5","0","0"
"29-06-2023","Hyderabad","A2 1L","63","0","1"
"29-06-2023","Hyderabad","Curd Culture","4","0","2"
"29-06-2023","Hyderabad","A2 Ghee","2","0","0"
"29-06-2023","Hyderabad","Buffalo Milk 1L","50","0","0"
"29-06-2023","Hyderabad","Paneer 200g Cows Milk","9","0","0"
"29-06-2023","Hyderabad","A2 Value Pack 1L","397","2","3"
"29-06-2023","Hyderabad","Kharwas 120g","7","0","0"
"29-06-2023","Hyderabad","A2 Gir Cow Paneer 200g","5","0","0"
"29-06-2023","Hyderabad","New A2 Value Pack 500ml","137","0","0"
"29-06-2023","Hyderabad","Buffalo Milk Value Pack 500ml","76","0","0"
"29-06-2023","Hyderabad","Dahi","25","0","0"
"29-06-2023","Hyderabad","Past Milk Value Pack 1L","18","0","1"
"29-06-2023","Hyderabad","Raw Value Pack 1L","38","0","0"
"29-06-2023","Hyderabad","Buffalo Value Pack 1L","204","1","2"
"29-06-2023","Hyderabad","Lactose Free Milk 0.5L","9","0","0"
"29-06-2023","Hyderabad","Past Milk Value Pack 0.5L","11","0","1"
"29-06-2023","Hyderabad","Raw Milk Value Pack 0.5L","17","0","1"
"29-07-2020","Hyderabad","Past Milk 1L","2","0","0"
"29-07-2020","Hyderabad","A2 Value Pack 1L","1","0","0"
"29-07-2021","Hyderabad","A2 1L","1","0","0"
"29-07-2021","Hyderabad","A2 Value Pack 1L","1","0","0"
"29-07-2022","Hyderabad","Past Milk 1L","23","0","0"
"29-07-2022","Hyderabad","Raw Milk 1L","16","0","0"
"29-07-2022","Hyderabad","Ghee 500ml","1","0","0"
"29-07-2022","Hyderabad","A2 1L","53","0","0"
"29-07-2022","Hyderabad","Buffalo Milk 1L","47","0","0"
"29-07-2022","Hyderabad","Paneer 200g Cows Milk","1","0","0"
"29-07-2022","Hyderabad","A2 Value Pack 1L","126","0","0"
"29-07-2022","Hyderabad","A2 Gir Cow Paneer 200g","1","0","0"
"29-07-2022","Hyderabad","New A2 Value Pack 500ml","68","0","0"
"29-07-2022","Hyderabad","Insulated Door Bag","1","0","0"
"29-07-2022","Hyderabad","Buffalo Milk Value Pack 500ml","27","0","0"
"29-07-2022","Hyderabad","Dahi","3","0","0"
"29-07-2022","Hyderabad","Past Milk Value Pack 1L","1","0","0"
"29-07-2022","Hyderabad","Raw Value Pack 1L","12","0","0"
"29-07-2022","Hyderabad","Buffalo Value Pack 1L","1","0","0"
"29-07-2022","Hyderabad","Lactose Free Milk 0.5L","5","0","0"
"29-07-2023","Hyderabad","Past Milk 1L","11","0","0"
"29-07-2023","Hyderabad","Raw Milk 1L","14","0","0"
"29-07-2023","Hyderabad","Ghee 500ml","2","0","0"
"29-07-2023","Hyderabad","A2 1L","67","1","0"
"29-07-2023","Hyderabad","Curd Culture","1","0","0"
"29-07-2023","Hyderabad","A2 Ghee","4","0","0"
"29-07-2023","Hyderabad","Buffalo Milk 1L","37","0","1"
"29-07-2023","Hyderabad","Paneer 200g Cows Milk","10","0","0"
"29-07-2023","Hyderabad","A2 Value Pack 1L","428","2","3"
"29-07-2023","Hyderabad","Kharwas 120g","5","0","0"
"29-07-2023","Hyderabad","A2 Gir Cow Paneer 200g","3","0","0"
"29-07-2023","Hyderabad","New A2 Value Pack 500ml","150","0","0"
"29-07-2023","Hyderabad","Insulated Door Bag","1","0","0"
"29-07-2023","Hyderabad","Buffalo Milk Value Pack 500ml","92","0","0"
"29-07-2023","Hyderabad","Dahi","9","0","0"
"29-07-2023","Hyderabad","Past Milk Value Pack 1L","10","0","0"
"29-07-2023","Hyderabad","Raw Value Pack 1L","50","0","0"
"29-07-2023","Hyderabad","Buffalo Value Pack 1L","214","0","8"
"29-07-2023","Hyderabad","Lactose Free Milk 0.5L","8","0","0"
"29-07-2023","Hyderabad","Past Milk Value Pack 0.5L","9","0","0"
"29-07-2023","Hyderabad","Raw Milk Value Pack 0.5L","15","0","0"
"29-08-2020","Hyderabad","Past Milk 1L","1","0","0"
"29-08-2020","Hyderabad","A2 1L","1","0","0"
"29-08-2021","Hyderabad","A2 Value Pack 1L","2","0","0"
"29-08-2022","Hyderabad","Past Milk 1L","22","0","0"
"29-08-2022","Hyderabad","Raw Milk 1L","14","0","0"
"29-08-2022","Hyderabad","Ghee 500ml","3","0","0"
"29-08-2022","Hyderabad","A2 1L","33","0","0"
"29-08-2022","Hyderabad","A2 Ghee","2","0","0"
"29-08-2022","Hyderabad","Buffalo Milk 1L","51","0","1"
"29-08-2022","Hyderabad","Paneer 200g Cows Milk","2","0","0"
"29-08-2022","Hyderabad","A2 Value Pack 1L","137","0","0"
"29-08-2022","Hyderabad","Kharwas 120g","2","0","0"
"29-08-2022","Hyderabad","A2 Gir Cow Paneer 200g","3","0","0"
"29-08-2022","Hyderabad","New A2 Value Pack 500ml","74","0","0"
"29-08-2022","Hyderabad","Buffalo Milk Value Pack 500ml","29","0","0"
"29-08-2022","Hyderabad","Dahi","5","0","0"
"29-08-2022","Hyderabad","Past Milk Value Pack 1L","6","0","0"
"29-08-2022","Hyderabad","Raw Value Pack 1L","11","0","0"
"29-08-2022","Hyderabad","Buffalo Value Pack 1L","19","0","0"
"29-08-2022","Hyderabad","Lactose Free Milk 0.5L","3","0","0"
"29-08-2023","Hyderabad","Past Milk 1L","28","0","0"
"29-08-2023","Hyderabad","Raw Milk 1L","22","0","0"
"29-08-2023","Hyderabad","Ghee 500ml","2","0","0"
"29-08-2023","Hyderabad","A2 1L","82","0","1"
"29-08-2023","Hyderabad","Curd Culture","5","0","0"
"29-08-2023","Hyderabad","A2 Ghee","7","0","0"
"29-08-2023","Hyderabad","Buffalo Milk 1L","57","0","4"
"29-08-2023","Hyderabad","Paneer 200g Cows Milk","10","0","0"
"29-08-2023","Hyderabad","A2 Value Pack 1L","439","1","5"
"29-08-2023","Hyderabad","Kharwas 120g","3","0","0"
"29-08-2023","Hyderabad","A2 Gir Cow Paneer 200g","5","0","0"
"29-08-2023","Hyderabad","New A2 Value Pack 500ml","147","0","0"
"29-08-2023","Hyderabad","Buffalo Milk Value Pack 500ml","113","0","1"
"29-08-2023","Hyderabad","Dahi","13","0","0"
"29-08-2023","Hyderabad","Past Milk Value Pack 1L","24","0","0"
"29-08-2023","Hyderabad","Raw Value Pack 1L","62","0","3"
"29-08-2023","Hyderabad","Buffalo Value Pack 1L","224","2","6"
"29-08-2023","Hyderabad","Lactose Free Milk 0.5L","14","1","0"
"29-08-2023","Hyderabad","Past Milk Value Pack 0.5L","15","0","0"
"29-08-2023","Hyderabad","Raw Milk Value Pack 0.5L","18","0","0"
"29-09-2020","Hyderabad","Past Milk 1L","1","0","0"
"29-09-2020","Hyderabad","A2 1L","1","0","0"
"29-09-2020","Hyderabad","A2 Value Pack 1L","1","0","0"
"29-09-2021","Hyderabad","A2 Value Pack 1L","1","0","0"
"29-09-2022","Hyderabad","Past Milk 1L","17","0","0"
"29-09-2022","Hyderabad","Raw Milk 1L","18","0","0"
"29-09-2022","Hyderabad","A2 1L","55","1","1"
"29-09-2022","Hyderabad","Curd Culture","2","0","0"
"29-09-2022","Hyderabad","A2 Ghee","1","0","0"
"29-09-2022","Hyderabad","Buffalo Milk 1L","59","0","0"
"29-09-2022","Hyderabad","Paneer 200g Cows Milk","3","0","0"
"29-09-2022","Hyderabad","A2 Value Pack 1L","121","0","0"
"29-09-2022","Hyderabad","A2 Gir Cow Paneer 200g","3","0","0"
"29-09-2022","Hyderabad","New A2 Value Pack 500ml","79","0","2"
"29-09-2022","Hyderabad","Buffalo Milk Value Pack 500ml","27","0","1"
"29-09-2022","Hyderabad","Dahi","5","0","0"
"29-09-2022","Hyderabad","Past Milk Value Pack 1L","8","0","0"
"29-09-2022","Hyderabad","Raw Value Pack 1L","16","0","0"
"29-09-2022","Hyderabad","Buffalo Value Pack 1L","11","0","0"
"29-09-2022","Hyderabad","Lactose Free Milk 0.5L","7","0","0"
"29-09-2023","Hyderabad","Past Milk 1L","21","0","0"
"29-09-2023","Hyderabad","Raw Milk 1L","15","0","0"
"29-09-2023","Hyderabad","Ghee 500ml","6","0","0"
"29-09-2023","Hyderabad","A2 1L","74","0","2"
"29-09-2023","Hyderabad","Curd Culture","3","0","0"
"29-09-2023","Hyderabad","A2 Ghee","2","0","0"
"29-09-2023","Hyderabad","Buffalo Milk 1L","42","0","0"
"29-09-2023","Hyderabad","Paneer 200g Cows Milk","10","0","0"
"29-09-2023","Hyderabad","A2 Value Pack 1L","470","1","1"
"29-09-2023","Hyderabad","Buffalo Ghee 500ml","4","0","0"
"29-09-2023","Hyderabad","Kharwas 120g","2","0","0"
"29-09-2023","Hyderabad","A2 Gir Cow Paneer 200g","6","0","0"
"29-09-2023","Hyderabad","New A2 Value Pack 500ml","167","0","1"
"29-09-2023","Hyderabad","Insulated Door Bag","1","0","0"
"29-09-2023","Hyderabad","Buffalo Milk Value Pack 500ml","105","0","0"
"29-09-2023","Hyderabad","Dahi","14","0","0"
"29-09-2023","Hyderabad","Past Milk Value Pack 1L","20","0","0"
"29-09-2023","Hyderabad","Raw Value Pack 1L","56","0","0"
"29-09-2023","Hyderabad","Buffalo Value Pack 1L","254","3","1"
"29-09-2023","Hyderabad","Lactose Free Milk 0.5L","8","0","0"
"29-09-2023","Hyderabad","Past Milk Value Pack 0.5L","14","0","1"
"29-09-2023","Hyderabad","Raw Milk Value Pack 0.5L","25","0","0"
"29-10-2020","Hyderabad","Past Milk 1L","1","0","0"
"29-10-2020","Hyderabad","A2 1L","1","0","0"
"29-10-2020","Hyderabad","A2 Value Pack 1L","1","0","0"
"29-10-2021","Hyderabad","Past Milk 1L","1","0","0"
"29-10-2021","Hyderabad","A2 Value Pack 1L","1","0","0"
"29-10-2022","Hyderabad","Past Milk 1L","20","0","0"
"29-10-2022","Hyderabad","Raw Milk 1L","16","0","0"
"29-10-2022","Hyderabad","A2 1L","43","0","0"
"29-10-2022","Hyderabad","A2 Ghee","1","0","0"
"29-10-2022","Hyderabad","Buffalo Milk 1L","54","0","1"
"29-10-2022","Hyderabad","Paneer 200g Cows Milk","1","0","0"
"29-10-2022","Hyderabad","A2 Value Pack 1L","149","0","0"
"29-10-2022","Hyderabad","Kharwas 120g","4","0","0"
"29-10-2022","Hyderabad","A2 Gir Cow Paneer 200g","4","0","0"
"29-10-2022","Hyderabad","New A2 Value Pack 500ml","79","0","3"
"29-10-2022","Hyderabad","Buffalo Milk Value Pack 500ml","33","0","1"
"29-10-2022","Hyderabad","Dahi","15","0","0"
"29-10-2022","Hyderabad","Past Milk Value Pack 1L","8","0","0"
"29-10-2022","Hyderabad","Raw Value Pack 1L","15","0","0"
"29-10-2022","Hyderabad","Buffalo Value Pack 1L","25","0","0"
"29-10-2022","Hyderabad","Lactose Free Milk 0.5L","6","0","0"
"29-10-2022","Hyderabad","Past Milk Value Pack 0.5L","1","0","0"
"29-10-2022","Hyderabad","Raw Milk Value Pack 0.5L","2","0","0"
"29-10-2023","Hyderabad","Past Milk 1L","15","0","0"
"29-10-2023","Hyderabad","Raw Milk 1L","14","0","0"
"29-10-2023","Hyderabad","Ghee 500ml","1","0","0"
"29-10-2023","Hyderabad","A2 1L","62","1","0"
"29-10-2023","Hyderabad","Curd Culture","4","0","0"
"29-10-2023","Hyderabad","A2 Ghee","1","0","0"
"29-10-2023","Hyderabad","Buffalo Milk 1L","41","0","3"
"29-10-2023","Hyderabad","Paneer 200g Cows Milk","10","0","0"
"29-10-2023","Hyderabad","A2 Value Pack 1L","454","0","1"
"29-10-2023","Hyderabad","Buffalo Ghee 500ml","1","0","0"
"29-10-2023","Hyderabad","Kharwas 120g","5","0","0"
"29-10-2023","Hyderabad","A2 Gir Cow Paneer 200g","3","0","0"
"29-10-2023","Hyderabad","New A2 Value Pack 500ml","157","0","1"
"29-10-2023","Hyderabad","Buffalo Milk Value Pack 500ml","161","0","0"
"29-10-2023","Hyderabad","Dahi","19","0","0"
"29-10-2023","Hyderabad","Past Milk Value Pack 1L","18","0","0"
"29-10-2023","Hyderabad","Raw Value Pack 1L","47","0","0"
"29-10-2023","Hyderabad","Buffalo Value Pack 1L","274","0","0"
"29-10-2023","Hyderabad","Lactose Free Milk 0.5L","6","0","0"
"29-10-2023","Hyderabad","Past Milk Value Pack 0.5L","15","0","0"
"29-10-2023","Hyderabad","Raw Milk Value Pack 0.5L","25","0","1"
"29-11-2020","Hyderabad","A2 Value Pack 1L","1","0","0"
"29-11-2021","Hyderabad","A2 1L","1","0","0"
"29-11-2021","Hyderabad","A2 Value Pack 1L","2","0","0"
"29-11-2021","Hyderabad","New A2 Value Pack 500ml","1","0","0"
"29-11-2022","Hyderabad","Past Milk 1L","19","0","0"
"29-11-2022","Hyderabad","Raw Milk 1L","14","1","2"
"29-11-2022","Hyderabad","Ghee 500ml","2","0","0"
"29-11-2022","Hyderabad","A2 1L","58","0","1"
"29-11-2022","Hyderabad","A2 Ghee","1","0","0"
"29-11-2022","Hyderabad","Buffalo Milk 1L","64","0","7"
"29-11-2022","Hyderabad","Paneer 200g Cows Milk","1","0","0"
"29-11-2022","Hyderabad","A2 Value Pack 1L","172","0","0"
"29-11-2022","Hyderabad","A2 Gir Cow Paneer 200g","2","0","0"
"29-11-2022","Hyderabad","New A2 Value Pack 500ml","96","1","1"
"29-11-2022","Hyderabad","Insulated Door Bag","1","0","0"
"29-11-2022","Hyderabad","Buffalo Milk Value Pack 500ml","33","0","10"
"29-11-2022","Hyderabad","Dahi","14","0","0"
"29-11-2022","Hyderabad","Past Milk Value Pack 1L","8","0","0"
"29-11-2022","Hyderabad","Raw Value Pack 1L","32","0","0"
"29-11-2022","Hyderabad","Buffalo Value Pack 1L","34","0","1"
"29-11-2022","Hyderabad","Lactose Free Milk 0.5L","5","0","0"
"29-11-2022","Hyderabad","Past Milk Value Pack 0.5L","1","0","0"
"29-11-2022","Hyderabad","Raw Milk Value Pack 0.5L","8","0","0"
"29-11-2023","Hyderabad","Past Milk 1L","18","0","0"
"29-11-2023","Hyderabad","Raw Milk 1L","14","0","1"
"29-11-2023","Hyderabad","Ghee 500ml","3","0","0"
"29-11-2023","Hyderabad","A2 1L","57","0","1"
"29-11-2023","Hyderabad","Curd Culture","1","0","0"
"29-11-2023","Hyderabad","A2 Ghee","1","0","0"
"29-11-2023","Hyderabad","Buffalo Milk 1L","39","0","8"
"29-11-2023","Hyderabad","Paneer 200g Cows Milk","8","0","0"
"29-11-2023","Hyderabad","A2 Value Pack 1L","514","0","3"
"29-11-2023","Hyderabad","A2 Gir Cow Paneer 200g","3","0","0"
"29-11-2023","Hyderabad","New A2 Value Pack 500ml","183","0","0"
"29-11-2023","Hyderabad","Buffalo Milk Value Pack 500ml","124","0","0"
"29-11-2023","Hyderabad","Dahi","19","0","0"
"29-11-2023","Hyderabad","Past Milk Value Pack 1L","22","0","0"
"29-11-2023","Hyderabad","Raw Value Pack 1L","57","0","2"
"29-11-2023","Hyderabad","Buffalo Value Pack 1L","300","2","5"
"29-11-2023","Hyderabad","Lactose Free Milk 0.5L","7","0","0"
"29-11-2023","Hyderabad","Past Milk Value Pack 0.5L","15","0","0"
"29-11-2023","Hyderabad","Raw Milk Value Pack 0.5L","22","0","0"
"29-12-2020","Hyderabad","A2 1L","1","0","0"
"29-12-2020","Hyderabad","Buffalo Milk 1L","1","0","0"
"29-12-2020","Hyderabad","A2 Value Pack 1L","1","0","0"
"29-12-2021","Hyderabad","A2 Value Pack 1L","2","0","0"
"29-12-2022","Hyderabad","Past Milk 1L","19","0","0"
"29-12-2022","Hyderabad","Raw Milk 1L","16","0","0"
"29-12-2022","Hyderabad","Ghee 500ml","3","0","0"
"29-12-2022","Hyderabad","A2 1L","48","0","7"
"29-12-2022","Hyderabad","Curd Culture","1","0","0"
"29-12-2022","Hyderabad","A2 Ghee","1","0","0"
"29-12-2022","Hyderabad","Buffalo Milk 1L","48","0","11"
"29-12-2022","Hyderabad","Paneer 200g Cows Milk","1","0","0"
"29-12-2022","Hyderabad","A2 Value Pack 1L","190","0","2"
"29-12-2022","Hyderabad","Buffalo Ghee 500ml","1","0","0"
"29-12-2022","Hyderabad","Kharwas 120g","1","0","0"
"29-12-2022","Hyderabad","A2 Gir Cow Paneer 200g","8","0","0"
"29-12-2022","Hyderabad","New A2 Value Pack 500ml","102","0","1"
"29-12-2022","Hyderabad","Buffalo Milk Value Pack 500ml","33","0","12"
"29-12-2022","Hyderabad","Dahi","9","0","0"
"29-12-2022","Hyderabad","Past Milk Value Pack 1L","11","0","0"
"29-12-2022","Hyderabad","Raw Value Pack 1L","28","0","0"
"29-12-2022","Hyderabad","Buffalo Value Pack 1L","68","0","1"
"29-12-2022","Hyderabad","Lactose Free Milk 0.5L","6","0","0"
"29-12-2022","Hyderabad","Past Milk Value Pack 0.5L","8","0","0"
"29-12-2022","Hyderabad","Raw Milk Value Pack 0.5L","6","0","0"
"29-12-2023","Hyderabad","Past Milk 1L","18","0","0"
"29-12-2023","Hyderabad","Raw Milk 1L","15","0","0"
"29-12-2023","Hyderabad","Ghee 500ml","6","0","0"
"29-12-2023","Hyderabad","A2 1L","52","0","0"
"29-12-2023","Hyderabad","Curd Culture","2","0","0"
"29-12-2023","Hyderabad","A2 Ghee","2","2","0"
"29-12-2023","Hyderabad","Buffalo Milk 1L","42","0","0"
"29-12-2023","Hyderabad","Paneer 200g Cows Milk","16","0","0"
"29-12-2023","Hyderabad","A2 Value Pack 1L","528","1","3"
"29-12-2023","Hyderabad","Kharwas 120g","3","0","0"
"29-12-2023","Hyderabad","A2 Gir Cow Paneer 200g","5","0","0"
"29-12-2023","Hyderabad","New A2 Value Pack 500ml","199","0","1"
"29-12-2023","Hyderabad","Buffalo Milk Value Pack 500ml","117","0","1"
"29-12-2023","Hyderabad","Dahi","16","0","0"
"29-12-2023","Hyderabad","Past Milk Value Pack 1L","28","0","0"
"29-12-2023","Hyderabad","Raw Value Pack 1L","61","0","0"
"29-12-2023","Hyderabad","Buffalo Value Pack 1L","322","4","6"
"29-12-2023","Hyderabad","Lactose Free Milk 0.5L","8","0","0"
"29-12-2023","Hyderabad","Past Milk Value Pack 0.5L","17","0","1"
"29-12-2023","Hyderabad","Raw Milk Value Pack 0.5L","20","0","0"
"30-01-2020","Hyderabad","Past Milk 1L","2","0","0"
"30-01-2020","Hyderabad","A2 1L","2","0","0"
"30-01-2020","Hyderabad","Curd Culture","1","0","0"
"30-01-2020","Hyderabad","A2 Value Pack 1L","1","0","0"
"30-01-2021","Hyderabad","A2 1L","1","0","0"
"30-01-2021","Hyderabad","Buffalo Milk 1L","1","0","0"
"30-01-2021","Hyderabad","A2 Value Pack 1L","1","0","0"
"30-01-2022","Hyderabad","Past Milk 1L","3","0","0"
"30-01-2022","Hyderabad","Raw Milk 1L","3","0","1"
"30-01-2022","Hyderabad","A2 1L","5","0","1"
"30-01-2022","Hyderabad","Buffalo Milk 1L","1","0","2"
"30-01-2022","Hyderabad","A2 Value Pack 1L","8","0","0"
"30-01-2022","Hyderabad","New A2 Value Pack 500ml","2","0","0"
"30-01-2023","Hyderabad","Past Milk 1L","21","0","0"
"30-01-2023","Hyderabad","Raw Milk 1L","17","0","0"
"30-01-2023","Hyderabad","A2 1L","58","0","2"
"30-01-2023","Hyderabad","Curd Culture","3","0","0"
"30-01-2023","Hyderabad","A2 Ghee","1","0","0"
"30-01-2023","Hyderabad","Buffalo Milk 1L","62","2","0"
"30-01-2023","Hyderabad","Paneer 200g Cows Milk","5","0","0"
"30-01-2023","Hyderabad","A2 Value Pack 1L","240","2","0"
"30-01-2023","Hyderabad","Buffalo Ghee 500ml","1","0","0"
"30-01-2023","Hyderabad","Kharwas 120g","4","0","0"
"30-01-2023","Hyderabad","A2 Gir Cow Paneer 200g","5","0","0"
"30-01-2023","Hyderabad","New A2 Value Pack 500ml","103","0","0"
"30-01-2023","Hyderabad","Buffalo Milk Value Pack 500ml","54","1","0"
"30-01-2023","Hyderabad","Dahi","12","0","0"
"30-01-2023","Hyderabad","Past Milk Value Pack 1L","8","0","0"
"30-01-2023","Hyderabad","Raw Value Pack 1L","35","5","0"
"30-01-2023","Hyderabad","Buffalo Value Pack 1L","120","0","1"
"30-01-2023","Hyderabad","Lactose Free Milk 0.5L","11","0","0"
"30-01-2023","Hyderabad","Past Milk Value Pack 0.5L","5","0","0"
"30-01-2023","Hyderabad","Raw Milk Value Pack 0.5L","13","0","0"
"30-01-2024","Hyderabad","Past Milk 1L","18","0","1"
"30-01-2024","Hyderabad","Raw Milk 1L","8","0","2"
"30-01-2024","Hyderabad","Ghee 500ml","3","0","0"
"30-01-2024","Hyderabad","A2 1L","61","1","8"
"30-01-2024","Hyderabad","Curd Culture","4","0","0"
"30-01-2024","Hyderabad","A2 Ghee","2","0","0"
"30-01-2024","Hyderabad","Buffalo Milk 1L","43","0","5"
"30-01-2024","Hyderabad","Paneer 200g Cows Milk","9","0","0"
"30-01-2024","Hyderabad","A2 Value Pack 1L","570","0","1"
"30-01-2024","Hyderabad","Buffalo Ghee 500ml","0","1","0"
"30-01-2024","Hyderabad","Kharwas 120g","3","0","0"
"30-01-2024","Hyderabad","A2 Gir Cow Paneer 200g","4","0","0"
"30-01-2024","Hyderabad","New A2 Value Pack 500ml","205","0","1"
"30-01-2024","Hyderabad","Buffalo Milk Value Pack 500ml","142","1","1"
"30-01-2024","Hyderabad","Dahi","12","0","0"
"30-01-2024","Hyderabad","Past Milk Value Pack 1L","21","0","1"
"30-01-2024","Hyderabad","Raw Value Pack 1L","72","1","1"
"30-01-2024","Hyderabad","Buffalo Value Pack 1L","323","2","4"
"30-01-2024","Hyderabad","Lactose Free Milk 0.5L","8","0","0"
"30-01-2024","Hyderabad","Past Milk Value Pack 0.5L","20","0","0"
"30-01-2024","Hyderabad","Raw Milk Value Pack 0.5L","22","0","1"
"30-03-2020","Hyderabad","Past Milk 1L","2","0","0"
"30-03-2020","Hyderabad","Raw Milk 1L","1","0","0"
"30-03-2020","Hyderabad","A2 Value Pack 1L","1","0","0"
"30-03-2021","Hyderabad","A2 Value Pack 1L","1","0","0"
"30-03-2022","Hyderabad","Past Milk 1L","12","0","0"
"30-03-2022","Hyderabad","Raw Milk 1L","16","0","1"
"30-03-2022","Hyderabad","Past Milk 0.5L","4","0","0"
"30-03-2022","Hyderabad","Ghee 500ml","4","0","0"
"30-03-2022","Hyderabad","A2 1L","38","0","2"
"30-03-2022","Hyderabad","Curd Culture","2","0","0"
"30-03-2022","Hyderabad","A2 Ghee","1","0","0"
"30-03-2022","Hyderabad","Buffalo Milk 1L","45","0","5"
"30-03-2022","Hyderabad","Paneer 200g Cows Milk","2","0","0"
"30-03-2022","Hyderabad","A2 Value Pack 1L","59","0","1"
"30-03-2022","Hyderabad","Kharwas 120g","5","0","0"
"30-03-2022","Hyderabad","A2 Gir Cow Paneer 200g","2","0","0"
"30-03-2022","Hyderabad","New A2 Value Pack 500ml","33","0","1"
"30-03-2022","Hyderabad","Insulated Door Bag","2","0","0"
"30-03-2022","Hyderabad","Buffalo Milk Value Pack 500ml","18","0","5"
"30-03-2022","Hyderabad","Tender Coconut","1","0","0"
"30-03-2022","Hyderabad","Dahi","6","0","0"
"30-03-2023","Hyderabad","Past Milk 1L","25","0","0"
"30-03-2023","Hyderabad","Raw Milk 1L","17","0","0"
"30-03-2023","Hyderabad","Ghee 500ml","1","0","0"
"30-03-2023","Hyderabad","A2 1L","65","0","0"
"30-03-2023","Hyderabad","Curd Culture","6","0","0"
"30-03-2023","Hyderabad","A2 Ghee","2","0","0"
"30-03-2023","Hyderabad","Buffalo Milk 1L","57","1","2"
"30-03-2023","Hyderabad","Paneer 200g Cows Milk","6","0","0"
"30-03-2023","Hyderabad","A2 Value Pack 1L","300","0","0"
"30-03-2023","Hyderabad","A2 Gir Cow Paneer 200g","2","0","0"
"30-03-2023","Hyderabad","New A2 Value Pack 500ml","123","0","0"
"30-03-2023","Hyderabad","Buffalo Milk Value Pack 500ml","80","0","2"
"30-03-2023","Hyderabad","Dahi","13","0","0"
"30-03-2023","Hyderabad","Past Milk Value Pack 1L","20","0","0"
"30-03-2023","Hyderabad","Raw Value Pack 1L","40","0","0"
"30-03-2023","Hyderabad","Buffalo Value Pack 1L","138","2","0"
"30-03-2023","Hyderabad","Lactose Free Milk 0.5L","8","0","0"
"30-03-2023","Hyderabad","Past Milk Value Pack 0.5L","5","0","0"
"30-03-2023","Hyderabad","Raw Milk Value Pack 0.5L","20","0","0"
"30-03-2024","Hyderabad","Past Milk 1L","16","0","1"
"30-03-2024","Hyderabad","Raw Milk 1L","13","0","2"
"30-03-2024","Hyderabad","Ghee 500ml","2","0","0"
"30-03-2024","Hyderabad","A2 1L","74","0","2"
"30-03-2024","Hyderabad","Curd Culture","3","0","0"
"30-03-2024","Hyderabad","A2 Ghee","3","0","0"
"30-03-2024","Hyderabad","Buffalo Milk 1L","40","0","2"
"30-03-2024","Hyderabad","Paneer 200g Cows Milk","8","0","0"
"30-03-2024","Hyderabad","A2 Value Pack 1L","543","0","1"
"30-03-2024","Hyderabad","Buffalo Ghee 500ml","3","0","0"
"30-03-2024","Hyderabad","Kharwas 120g","8","0","0"
"30-03-2024","Hyderabad","A2 Gir Cow Paneer 200g","1","0","0"
"30-03-2024","Hyderabad","New A2 Value Pack 500ml","214","1","2"
"30-03-2024","Hyderabad","Buffalo Milk Value Pack 500ml","157","0","2"
"30-03-2024","Hyderabad","Dahi","16","0","0"
"30-03-2024","Hyderabad","Past Milk Value Pack 1L","16","0","0"
"30-03-2024","Hyderabad","Raw Value Pack 1L","64","0","0"
"30-03-2024","Hyderabad","Buffalo Value Pack 1L","358","0","2"
"30-03-2024","Hyderabad","Lactose Free Milk 0.5L","20","0","0"
"30-03-2024","Hyderabad","Past Milk Value Pack 0.5L","14","0","0"
"30-03-2024","Hyderabad","Raw Milk Value Pack 0.5L","20","0","0"
"30-04-2020","Hyderabad","Past Milk 1L","2","0","0"
"30-04-2020","Hyderabad","New A2 Value Pack 500ml","1","0","0"
"30-04-2021","Hyderabad","A2 1L","1","0","0"
"30-04-2021","Hyderabad","A2 Value Pack 1L","2","0","0"
"30-04-2022","Hyderabad","Past Milk 1L","14","0","0"
"30-04-2022","Hyderabad","Raw Milk 1L","18","0","0"
"30-04-2022","Hyderabad","Past Milk 0.5L","4","0","0"
"30-04-2022","Hyderabad","A2 1L","38","0","2"
"30-04-2022","Hyderabad","Curd Culture","1","0","0"
"30-04-2022","Hyderabad","Buffalo Milk 1L","39","0","1"
"30-04-2022","Hyderabad","A2 Value Pack 1L","65","0","0"
"30-04-2022","Hyderabad","New A2 Value Pack 500ml","29","0","0"
"30-04-2022","Hyderabad","Buffalo Milk Value Pack 500ml","26","0","2"
"30-04-2022","Hyderabad","Dahi","2","0","0"
"30-04-2023","Hyderabad","Past Milk 1L","11","0","0"
"30-04-2023","Hyderabad","Raw Milk 1L","16","0","0"
"30-04-2023","Hyderabad","Ghee 500ml","3","0","0"
"30-04-2023","Hyderabad","A2 1L","63","9","0"
"30-04-2023","Hyderabad","Curd Culture","1","0","0"
"30-04-2023","Hyderabad","A2 Ghee","4","0","0"
"30-04-2023","Hyderabad","Buffalo Milk 1L","43","7","0"
"30-04-2023","Hyderabad","Paneer 200g Cows Milk","2","0","0"
"30-04-2023","Hyderabad","A2 Value Pack 1L","241","5","0"
"30-04-2023","Hyderabad","Buffalo Ghee 500ml","1","0","0"
"30-04-2023","Hyderabad","Kharwas 120g","2","0","0"
"30-04-2023","Hyderabad","New A2 Value Pack 500ml","111","3","0"
"30-04-2023","Hyderabad","Insulated Door Bag","1","0","0"
"30-04-2023","Hyderabad","Buffalo Milk Value Pack 500ml","77","5","0"
"30-04-2023","Hyderabad","Dahi","7","0","0"
"30-04-2023","Hyderabad","Past Milk Value Pack 1L","19","1","0"
"30-04-2023","Hyderabad","Raw Value Pack 1L","31","0","0"
"30-04-2023","Hyderabad","Buffalo Value Pack 1L","143","12","2"
"30-04-2023","Hyderabad","Lactose Free Milk 0.5L","6","0","0"
"30-04-2023","Hyderabad","Past Milk Value Pack 0.5L","5","0","0"
"30-04-2023","Hyderabad","Raw Milk Value Pack 0.5L","13","1","0"
"30-05-2020","Hyderabad","Past Milk 1L","2","0","0"
"30-05-2021","Hyderabad","A2 1L","1","0","0"
"30-05-2021","Hyderabad","A2 Value Pack 1L","1","0","0"
"30-05-2022","Hyderabad","Past Milk 1L","12","1","0"
"30-05-2022","Hyderabad","Raw Milk 1L","20","0","0"
"30-05-2022","Hyderabad","Past Milk 0.5L","2","0","0"
"30-05-2022","Hyderabad","A2 1L","44","1","0"
"30-05-2022","Hyderabad","Curd Culture","1","0","0"
"30-05-2022","Hyderabad","Buffalo Milk 1L","60","1","4"
"30-05-2022","Hyderabad","Paneer 200g Cows Milk","1","0","0"
"30-05-2022","Hyderabad","A2 Value Pack 1L","90","1","0"
"30-05-2022","Hyderabad","Buffalo Ghee 500ml","1","0","0"
"30-05-2022","Hyderabad","New A2 Value Pack 500ml","46","1","0"
"30-05-2022","Hyderabad","Buffalo Milk Value Pack 500ml","24","0","0"
"30-05-2022","Hyderabad","Dahi","6","0","0"
"30-05-2023","Hyderabad","Past Milk 1L","21","0","0"
"30-05-2023","Hyderabad","Raw Milk 1L","17","0","0"
"30-05-2023","Hyderabad","Ghee 500ml","1","0","0"
"30-05-2023","Hyderabad","A2 1L","57","0","2"
"30-05-2023","Hyderabad","Curd Culture","2","0","0"
"30-05-2023","Hyderabad","A2 Ghee","6","0","0"
"30-05-2023","Hyderabad","Buffalo Milk 1L","28","1","6"
"30-05-2023","Hyderabad","Paneer 200g Cows Milk","4","0","0"
"30-05-2023","Hyderabad","A2 Value Pack 1L","278","8","2"
"30-05-2023","Hyderabad","Kharwas 120g","1","0","0"
"30-05-2023","Hyderabad","A2 Gir Cow Paneer 200g","1","0","0"
"30-05-2023","Hyderabad","New A2 Value Pack 500ml","96","2","1"
"30-05-2023","Hyderabad","Buffalo Milk Value Pack 500ml","73","4","0"
"30-05-2023","Hyderabad","Dahi","9","0","0"
"30-05-2023","Hyderabad","Past Milk Value Pack 1L","17","5","0"
"30-05-2023","Hyderabad","Raw Value Pack 1L","43","1","0"
"30-05-2023","Hyderabad","Buffalo Value Pack 1L","159","9","1"
"30-05-2023","Hyderabad","Lactose Free Milk 0.5L","7","0","0"
"30-05-2023","Hyderabad","Past Milk Value Pack 0.5L","10","0","0"
"30-05-2023","Hyderabad","Raw Milk Value Pack 0.5L","15","0","0"
"30-06-2020","Hyderabad","Past Milk 1L","2","0","0"
"30-06-2020","Hyderabad","A2 1L","1","0","0"
"30-06-2021","Hyderabad","A2 1L","1","0","0"
"30-06-2021","Hyderabad","A2 Value Pack 1L","2","0","0"
"30-06-2022","Hyderabad","Past Milk 1L","17","0","0"
"30-06-2022","Hyderabad","Raw Milk 1L","14","0","1"
"30-06-2022","Hyderabad","Past Milk 0.5L","1","0","0"
"30-06-2022","Hyderabad","A2 1L","60","0","1"
"30-06-2022","Hyderabad","Curd Culture","4","0","0"
"30-06-2022","Hyderabad","A2 Ghee","1","0","0"
"30-06-2022","Hyderabad","Buffalo Milk 1L","67","3","1"
"30-06-2022","Hyderabad","A2 Value Pack 1L","132","1","0"
"30-06-2022","Hyderabad","Buffalo Ghee 500ml","1","0","0"
"30-06-2022","Hyderabad","Kharwas 120g","4","0","0"
"30-06-2022","Hyderabad","New A2 Value Pack 500ml","65","0","0"
"30-06-2022","Hyderabad","Buffalo Milk Value Pack 500ml","37","0","0"
"30-06-2022","Hyderabad","Dahi","10","0","0"
"30-06-2022","Hyderabad","Past Milk Value Pack 1L","4","0","0"
"30-06-2022","Hyderabad","Raw Value Pack 1L","5","0","0"
"30-06-2022","Hyderabad","Lactose Free Milk 0.5L","2","0","0"
"30-06-2023","Hyderabad","Past Milk 1L","19","0","0"
"30-06-2023","Hyderabad","Raw Milk 1L","9","0","0"
"30-06-2023","Hyderabad","A2 1L","65","0","0"
"30-06-2023","Hyderabad","Curd Culture","2","0","0"
"30-06-2023","Hyderabad","A2 Ghee","5","0","0"
"30-06-2023","Hyderabad","Buffalo Milk 1L","48","1","0"
"30-06-2023","Hyderabad","Paneer 200g Cows Milk","8","0","0"
"30-06-2023","Hyderabad","A2 Value Pack 1L","404","1","5"
"30-06-2023","Hyderabad","Buffalo Ghee 500ml","3","0","0"
"30-06-2023","Hyderabad","Kharwas 120g","3","0","0"
"30-06-2023","Hyderabad","A2 Gir Cow Paneer 200g","2","0","0"
"30-06-2023","Hyderabad","New A2 Value Pack 500ml","134","0","0"
"30-06-2023","Hyderabad","Buffalo Milk Value Pack 500ml","85","0","0"
"30-06-2023","Hyderabad","Dahi","17","0","0"
"30-06-2023","Hyderabad","Past Milk Value Pack 1L","15","1","0"
"30-06-2023","Hyderabad","Raw Value Pack 1L","43","1","0"
"30-06-2023","Hyderabad","Buffalo Value Pack 1L","185","0","4"
"30-06-2023","Hyderabad","Lactose Free Milk 0.5L","16","0","0"
"30-06-2023","Hyderabad","Past Milk Value Pack 0.5L","12","0","0"
"30-06-2023","Hyderabad","Raw Milk Value Pack 0.5L","16","0","0"
"30-07-2020","Hyderabad","Past Milk 1L","2","0","0"
"30-07-2020","Hyderabad","A2 1L","1","0","0"
"30-07-2021","Hyderabad","A2 1L","1","0","0"
"30-07-2021","Hyderabad","A2 Value Pack 1L","1","0","0"
"30-07-2022","Hyderabad","Past Milk 1L","23","0","0"
"30-07-2022","Hyderabad","Raw Milk 1L","12","0","0"
"30-07-2022","Hyderabad","Ghee 500ml","1","0","0"
"30-07-2022","Hyderabad","A2 1L","48","0","1"
"30-07-2022","Hyderabad","Buffalo Milk 1L","48","0","0"
"30-07-2022","Hyderabad","Paneer 200g Cows Milk","2","0","0"
"30-07-2022","Hyderabad","A2 Value Pack 1L","128","0","0"
"30-07-2022","Hyderabad","Kharwas 120g","4","0","0"
"30-07-2022","Hyderabad","A2 Gir Cow Paneer 200g","1","0","0"
"30-07-2022","Hyderabad","New A2 Value Pack 500ml","62","1","0"
"30-07-2022","Hyderabad","Insulated Door Bag","1","0","0"
"30-07-2022","Hyderabad","Buffalo Milk Value Pack 500ml","34","0","0"
"30-07-2022","Hyderabad","Dahi","3","0","0"
"30-07-2022","Hyderabad","Past Milk Value Pack 1L","4","0","0"
"30-07-2022","Hyderabad","Raw Value Pack 1L","7","0","0"
"30-07-2022","Hyderabad","Buffalo Value Pack 1L","5","0","0"
"30-07-2022","Hyderabad","Lactose Free Milk 0.5L","1","0","0"
"30-07-2023","Hyderabad","Past Milk 1L","21","0","0"
"30-07-2023","Hyderabad","Raw Milk 1L","14","0","0"
"30-07-2023","Hyderabad","Ghee 500ml","3","0","0"
"30-07-2023","Hyderabad","A2 1L","70","2","3"
"30-07-2023","Hyderabad","Curd Culture","4","0","0"
"30-07-2023","Hyderabad","A2 Ghee","4","0","0"
"30-07-2023","Hyderabad","Buffalo Milk 1L","42","0","0"
"30-07-2023","Hyderabad","Paneer 200g Cows Milk","4","0","0"
"30-07-2023","Hyderabad","A2 Value Pack 1L","389","1","2"
"30-07-2023","Hyderabad","Buffalo Ghee 500ml","1","0","0"
"30-07-2023","Hyderabad","Kharwas 120g","6","0","0"
"30-07-2023","Hyderabad","A2 Gir Cow Paneer 200g","2","0","0"
"30-07-2023","Hyderabad","New A2 Value Pack 500ml","146","1","3"
"30-07-2023","Hyderabad","Insulated Door Bag","1","0","0"
"30-07-2023","Hyderabad","Buffalo Milk Value Pack 500ml","86","0","1"
"30-07-2023","Hyderabad","Dahi","22","0","0"
"30-07-2023","Hyderabad","Past Milk Value Pack 1L","11","0","0"
"30-07-2023","Hyderabad","Raw Value Pack 1L","59","0","1"
"30-07-2023","Hyderabad","Buffalo Value Pack 1L","208","1","4"
"30-07-2023","Hyderabad","Lactose Free Milk 0.5L","12","0","0"
"30-07-2023","Hyderabad","Past Milk Value Pack 0.5L","10","0","1"
"30-07-2023","Hyderabad","Raw Milk Value Pack 0.5L","17","0","0"
"30-08-2020","Hyderabad","Past Milk 1L","1","0","0"
"30-08-2020","Hyderabad","A2 Value Pack 1L","1","0","0"
"30-08-2021","Hyderabad","A2 1L","1","0","0"
"30-08-2021","Hyderabad","A2 Value Pack 1L","1","0","0"
"30-08-2022","Hyderabad","Past Milk 1L","19","0","0"
"30-08-2022","Hyderabad","Raw Milk 1L","14","0","1"
"30-08-2022","Hyderabad","Ghee 500ml","1","0","0"
"30-08-2022","Hyderabad","A2 1L","36","0","5"
"30-08-2022","Hyderabad","Curd Culture","1","0","0"
"30-08-2022","Hyderabad","A2 Ghee","1","0","0"
"30-08-2022","Hyderabad","Buffalo Milk 1L","44","0","3"
"30-08-2022","Hyderabad","Paneer 200g Cows Milk","2","0","0"
"30-08-2022","Hyderabad","A2 Value Pack 1L","129","0","0"
"30-08-2022","Hyderabad","Kharwas 120g","1","0","0"
"30-08-2022","Hyderabad","A2 Gir Cow Paneer 200g","1","0","0"
"30-08-2022","Hyderabad","New A2 Value Pack 500ml","74","0","1"
"30-08-2022","Hyderabad","Buffalo Milk Value Pack 500ml","32","0","0"
"30-08-2022","Hyderabad","Dahi","4","0","0"
"30-08-2022","Hyderabad","Past Milk Value Pack 1L","6","0","0"
"30-08-2022","Hyderabad","Raw Value Pack 1L","15","0","0"
"30-08-2022","Hyderabad","Buffalo Value Pack 1L","13","0","5"
"30-08-2022","Hyderabad","Lactose Free Milk 0.5L","1","0","0"
"30-08-2023","Hyderabad","Past Milk 1L","24","0","0"
"30-08-2023","Hyderabad","Raw Milk 1L","14","0","0"
"30-08-2023","Hyderabad","A2 1L","61","0","3"
"30-08-2023","Hyderabad","Curd Culture","1","0","0"
"30-08-2023","Hyderabad","A2 Ghee","2","0","0"
"30-08-2023","Hyderabad","Buffalo Milk 1L","56","1","2"
"30-08-2023","Hyderabad","Paneer 200g Cows Milk","13","0","0"
"30-08-2023","Hyderabad","A2 Value Pack 1L","441","1","4"
"30-08-2023","Hyderabad","Kharwas 120g","6","0","0"
"30-08-2023","Hyderabad","A2 Gir Cow Paneer 200g","2","0","0"
"30-08-2023","Hyderabad","New A2 Value Pack 500ml","155","0","2"
"30-08-2023","Hyderabad","Buffalo Milk Value Pack 500ml","118","0","1"
"30-08-2023","Hyderabad","Dahi","12","0","0"
"30-08-2023","Hyderabad","Past Milk Value Pack 1L","24","0","0"
"30-08-2023","Hyderabad","Raw Value Pack 1L","68","0","0"
"30-08-2023","Hyderabad","Buffalo Value Pack 1L","232","3","9"
"30-08-2023","Hyderabad","Lactose Free Milk 0.5L","10","0","0"
"30-08-2023","Hyderabad","Past Milk Value Pack 0.5L","14","0","1"
"30-08-2023","Hyderabad","Raw Milk Value Pack 0.5L","20","0","0"
"30-09-2020","Hyderabad","Past Milk 1L","1","0","0"
"30-09-2021","Hyderabad","A2 1L","1","0","0"
"30-09-2021","Hyderabad","A2 Value Pack 1L","2","0","0"
"30-09-2022","Hyderabad","Past Milk 1L","19","0","0"
"30-09-2022","Hyderabad","Raw Milk 1L","15","0","1"
"30-09-2022","Hyderabad","Ghee 500ml","3","0","0"
"30-09-2022","Hyderabad","A2 1L","59","0","3"
"30-09-2022","Hyderabad","Buffalo Milk 1L","53","0","1"
"30-09-2022","Hyderabad","A2 Value Pack 1L","123","0","0"
"30-09-2022","Hyderabad","Kharwas 120g","1","0","0"
"30-09-2022","Hyderabad","A2 Gir Cow Paneer 200g","2","0","0"
"30-09-2022","Hyderabad","New A2 Value Pack 500ml","81","0","0"
"30-09-2022","Hyderabad","Buffalo Milk Value Pack 500ml","32","0","0"
"30-09-2022","Hyderabad","Dahi","1","0","0"
"30-09-2022","Hyderabad","Past Milk Value Pack 1L","6","0","0"
"30-09-2022","Hyderabad","Raw Value Pack 1L","19","0","0"
"30-09-2022","Hyderabad","Buffalo Value Pack 1L","14","0","0"
"30-09-2022","Hyderabad","Lactose Free Milk 0.5L","7","1","0"
"30-09-2023","Hyderabad","Past Milk 1L","24","0","0"
"30-09-2023","Hyderabad","Raw Milk 1L","15","0","0"
"30-09-2023","Hyderabad","Ghee 500ml","2","0","0"
"30-09-2023","Hyderabad","A2 1L","61","0","2"
"30-09-2023","Hyderabad","Curd Culture","1","0","0"
"30-09-2023","Hyderabad","A2 Ghee","7","0","0"
"30-09-2023","Hyderabad","Buffalo Milk 1L","57","0","1"
"30-09-2023","Hyderabad","Paneer 200g Cows Milk","6","0","0"
"30-09-2023","Hyderabad","A2 Value Pack 1L","453","1","6"
"30-09-2023","Hyderabad","Buffalo Ghee 500ml","2","0","0"
"30-09-2023","Hyderabad","Kharwas 120g","11","0","0"
"30-09-2023","Hyderabad","A2 Gir Cow Paneer 200g","5","0","0"
"30-09-2023","Hyderabad","New A2 Value Pack 500ml","160","0","1"
"30-09-2023","Hyderabad","Insulated Door Bag","1","0","0"
"30-09-2023","Hyderabad","Buffalo Milk Value Pack 500ml","152","0","1"
"30-09-2023","Hyderabad","Dahi","18","0","0"
"30-09-2023","Hyderabad","Past Milk Value Pack 1L","18","0","0"
"30-09-2023","Hyderabad","Raw Value Pack 1L","58","0","0"
"30-09-2023","Hyderabad","Buffalo Value Pack 1L","227","1","4"
"30-09-2023","Hyderabad","Lactose Free Milk 0.5L","6","0","0"
"30-09-2023","Hyderabad","Past Milk Value Pack 0.5L","15","0","0"
"30-09-2023","Hyderabad","Raw Milk Value Pack 0.5L","22","0","0"
"30-10-2020","Hyderabad","Past Milk 1L","1","0","0"
"30-10-2020","Hyderabad","A2 Value Pack 1L","1","0","0"
"30-10-2021","Hyderabad","Past Milk 1L","1","0","0"
"30-10-2021","Hyderabad","A2 1L","1","0","0"
"30-10-2021","Hyderabad","A2 Value Pack 1L","2","0","0"
"30-10-2021","Hyderabad","Tender Coconut","4","0","0"
"30-10-2022","Hyderabad","Past Milk 1L","20","0","0"
"30-10-2022","Hyderabad","Raw Milk 1L","13","1","0"
"30-10-2022","Hyderabad","Ghee 500ml","2","0","0"
"30-10-2022","Hyderabad","A2 1L","40","0","3"
"30-10-2022","Hyderabad","Curd Culture","1","0","0"
"30-10-2022","Hyderabad","Buffalo Milk 1L","49","1","0"
"30-10-2022","Hyderabad","Paneer 200g Cows Milk","1","0","0"
"30-10-2022","Hyderabad","A2 Value Pack 1L","151","0","1"
"30-10-2022","Hyderabad","Kharwas 120g","3","0","0"
"30-10-2022","Hyderabad","A2 Gir Cow Paneer 200g","3","0","0"
"30-10-2022","Hyderabad","New A2 Value Pack 500ml","82","0","1"
"30-10-2022","Hyderabad","Buffalo Milk Value Pack 500ml","40","0","0"
"30-10-2022","Hyderabad","Dahi","7","0","0"
"30-10-2022","Hyderabad","Past Milk Value Pack 1L","8","0","0"
"30-10-2022","Hyderabad","Raw Value Pack 1L","16","0","0"
"30-10-2022","Hyderabad","Buffalo Value Pack 1L","27","0","0"
"30-10-2022","Hyderabad","Lactose Free Milk 0.5L","6","0","0"
"30-10-2022","Hyderabad","Past Milk Value Pack 0.5L","2","0","0"
"30-10-2022","Hyderabad","Raw Milk Value Pack 0.5L","4","0","0"
"30-10-2023","Hyderabad","Past Milk 1L","18","0","0"
"30-10-2023","Hyderabad","Raw Milk 1L","14","0","0"
"30-10-2023","Hyderabad","Ghee 500ml","1","0","0"
"30-10-2023","Hyderabad","A2 1L","60","0","0"
"30-10-2023","Hyderabad","Curd Culture","4","0","0"
"30-10-2023","Hyderabad","A2 Ghee","1","0","0"
"30-10-2023","Hyderabad","Buffalo Milk 1L","42","0","1"
"30-10-2023","Hyderabad","Paneer 200g Cows Milk","9","0","0"
"30-10-2023","Hyderabad","A2 Value Pack 1L","515","0","0"
"30-10-2023","Hyderabad","Buffalo Ghee 500ml","2","0","0"
"30-10-2023","Hyderabad","Kharwas 120g","8","0","0"
"30-10-2023","Hyderabad","A2 Gir Cow Paneer 200g","1","0","0"
"30-10-2023","Hyderabad","New A2 Value Pack 500ml","163","0","0"
"30-10-2023","Hyderabad","Buffalo Milk Value Pack 500ml","165","0","0"
"30-10-2023","Hyderabad","Dahi","17","0","0"
"30-10-2023","Hyderabad","Past Milk Value Pack 1L","19","0","0"
"30-10-2023","Hyderabad","Raw Value Pack 1L","50","0","0"
"30-10-2023","Hyderabad","Buffalo Value Pack 1L","288","1","0"
"30-10-2023","Hyderabad","Lactose Free Milk 0.5L","9","0","0"
"30-10-2023","Hyderabad","Past Milk Value Pack 0.5L","19","0","0"
"30-10-2023","Hyderabad","Raw Milk Value Pack 0.5L","26","0","0"
"30-11-2020","Hyderabad","Raw Milk 1L","1","0","0"
"30-11-2020","Hyderabad","Chocolate Milk 300ml","1","0","0"
"30-11-2020","Hyderabad","A2 1L","1","0","0"
"30-11-2020","Hyderabad","A2 Value Pack 1L","1","0","0"
"30-11-2021","Hyderabad","Past Milk 1L","1","0","0"
"30-11-2021","Hyderabad","Past Milk 0.5L","1","0","0"
"30-11-2021","Hyderabad","Curd Culture","1","0","0"
"30-11-2021","Hyderabad","A2 Value Pack 1L","2","0","0"
"30-11-2021","Hyderabad","New A2 Value Pack 500ml","1","0","0"
"30-11-2022","Hyderabad","Past Milk 1L","27","0","2"
"30-11-2022","Hyderabad","Raw Milk 1L","17","0","0"
"30-11-2022","Hyderabad","Ghee 500ml","1","0","0"
"30-11-2022","Hyderabad","A2 1L","42","0","3"
"30-11-2022","Hyderabad","Curd Culture","1","0","0"
"30-11-2022","Hyderabad","A2 Ghee","1","0","0"
"30-11-2022","Hyderabad","Buffalo Milk 1L","81","1","8"
"30-11-2022","Hyderabad","Paneer 200g Cows Milk","6","0","0"
"30-11-2022","Hyderabad","A2 Value Pack 1L","179","1","3"
"30-11-2022","Hyderabad","Buffalo Ghee 500ml","1","0","0"
"30-11-2022","Hyderabad","A2 Gir Cow Paneer 200g","3","0","0"
"30-11-2022","Hyderabad","New A2 Value Pack 500ml","89","0","0"
"30-11-2022","Hyderabad","Buffalo Milk Value Pack 500ml","33","0","6"
"30-11-2022","Hyderabad","Dahi","17","0","0"
"30-11-2022","Hyderabad","Past Milk Value Pack 1L","13","0","0"
"30-11-2022","Hyderabad","Raw Value Pack 1L","26","0","0"
"30-11-2022","Hyderabad","Buffalo Value Pack 1L","25","0","0"
"30-11-2022","Hyderabad","Lactose Free Milk 0.5L","10","0","0"
"30-11-2022","Hyderabad","Past Milk Value Pack 0.5L","1","0","0"
"30-11-2022","Hyderabad","Raw Milk Value Pack 0.5L","6","0","0"
"30-11-2023","Hyderabad","Past Milk 1L","18","0","0"
"30-11-2023","Hyderabad","Raw Milk 1L","11","0","1"
"30-11-2023","Hyderabad","Ghee 500ml","1","0","0"
"30-11-2023","Hyderabad","A2 1L","60","0","2"
"30-11-2023","Hyderabad","Curd Culture","4","0","0"
"30-11-2023","Hyderabad","A2 Ghee","4","0","0"
"30-11-2023","Hyderabad","Buffalo Milk 1L","27","0","5"
"30-11-2023","Hyderabad","Paneer 200g Cows Milk","11","0","0"
"30-11-2023","Hyderabad","A2 Value Pack 1L","502","1","3"
"30-11-2023","Hyderabad","Buffalo Ghee 500ml","2","0","0"
"30-11-2023","Hyderabad","Kharwas 120g","4","0","0"
"30-11-2023","Hyderabad","A2 Gir Cow Paneer 200g","1","0","0"
"30-11-2023","Hyderabad","New A2 Value Pack 500ml","177","0","0"
"30-11-2023","Hyderabad","Insulated Door Bag","1","0","0"
"30-11-2023","Hyderabad","Buffalo Milk Value Pack 500ml","145","0","1"
"30-11-2023","Hyderabad","Dahi","12","0","0"
"30-11-2023","Hyderabad","Past Milk Value Pack 1L","16","0","0"
"30-11-2023","Hyderabad","Raw Value Pack 1L","54","0","1"
"30-11-2023","Hyderabad","Buffalo Value Pack 1L","317","0","2"
"30-11-2023","Hyderabad","Lactose Free Milk 0.5L","9","0","0"
"30-11-2023","Hyderabad","Past Milk Value Pack 0.5L","13","0","0"
"30-11-2023","Hyderabad","Raw Milk Value Pack 0.5L","24","0","0"
"30-12-2020","Hyderabad","Buffalo Milk 1L","1","0","0"
"30-12-2020","Hyderabad","A2 Value Pack 1L","1","0","0"
"30-12-2021","Hyderabad","A2 Value Pack 1L","1","0","0"
"30-12-2022","Hyderabad","Past Milk 1L","23","0","0"
"30-12-2022","Hyderabad","Raw Milk 1L","11","0","3"
"30-12-2022","Hyderabad","Ghee 500ml","10","0","0"
"30-12-2022","Hyderabad","A2 1L","81","2","9"
"30-12-2022","Hyderabad","Curd Culture","2","0","0"
"30-12-2022","Hyderabad","Buffalo Milk 1L","61","0","19"
"30-12-2022","Hyderabad","Paneer 200g Cows Milk","3","0","0"
"30-12-2022","Hyderabad","A2 Value Pack 1L","199","2","2"
"30-12-2022","Hyderabad","Buffalo Ghee 500ml","1","0","0"
"30-12-2022","Hyderabad","Kharwas 120g","1","0","0"
"30-12-2022","Hyderabad","A2 Gir Cow Paneer 200g","2","0","0"
"30-12-2022","Hyderabad","New A2 Value Pack 500ml","77","0","9"
"30-12-2022","Hyderabad","Insulated Door Bag","2","0","0"
"30-12-2022","Hyderabad","Buffalo Milk Value Pack 500ml","39","0","1"
"30-12-2022","Hyderabad","Dahi","11","0","0"
"30-12-2022","Hyderabad","Past Milk Value Pack 1L","16","0","0"
"30-12-2022","Hyderabad","Raw Value Pack 1L","31","0","1"
"30-12-2022","Hyderabad","Buffalo Value Pack 1L","64","0","3"
"30-12-2022","Hyderabad","Lactose Free Milk 0.5L","10","0","0"
"30-12-2022","Hyderabad","Past Milk Value Pack 0.5L","3","1","0"
"30-12-2022","Hyderabad","Raw Milk Value Pack 0.5L","5","0","0"
"30-12-2023","Hyderabad","Past Milk 1L","16","0","0"
"30-12-2023","Hyderabad","Raw Milk 1L","18","0","0"
"30-12-2023","Hyderabad","A2 1L","38","0","1"
"30-12-2023","Hyderabad","Curd Culture","4","0","0"
"30-12-2023","Hyderabad","A2 Ghee","4","1","0"
"30-12-2023","Hyderabad","Buffalo Milk 1L","42","1","2"
"30-12-2023","Hyderabad","Paneer 200g Cows Milk","10","0","0"
"30-12-2023","Hyderabad","A2 Value Pack 1L","493","0","3"
"30-12-2023","Hyderabad","Kharwas 120g","9","0","0"
"30-12-2023","Hyderabad","A2 Gir Cow Paneer 200g","7","0","0"
"30-12-2023","Hyderabad","New A2 Value Pack 500ml","171","0","0"
"30-12-2023","Hyderabad","Buffalo Milk Value Pack 500ml","144","0","1"
"30-12-2023","Hyderabad","Dahi","15","0","0"
"30-12-2023","Hyderabad","Past Milk Value Pack 1L","21","1","0"
"30-12-2023","Hyderabad","Raw Value Pack 1L","65","0","0"
"30-12-2023","Hyderabad","Buffalo Value Pack 1L","296","0","4"
"30-12-2023","Hyderabad","Lactose Free Milk 0.5L","8","0","0"
"30-12-2023","Hyderabad","Past Milk Value Pack 0.5L","14","0","0"
"30-12-2023","Hyderabad","Raw Milk Value Pack 0.5L","22","0","0"
"31-01-2020","Hyderabad","Past Milk 1L","2","0","0"
"31-01-2020","Hyderabad","Ghee 500ml","1","0","0"
"31-01-2020","Hyderabad","A2 Value Pack 1L","1","0","0"
"31-01-2020","Hyderabad","Kharwas 120g","2","0","0"
"31-01-2020","Hyderabad","A2 Gir Cow Paneer 200g","1","0","0"
"31-01-2021","Hyderabad","Buffalo Milk 1L","1","0","0"
"31-01-2021","Hyderabad","A2 Value Pack 1L","1","0","0"
"31-01-2022","Hyderabad","Past Milk 1L","2","0","0"
"31-01-2022","Hyderabad","Raw Milk 1L","4","0","0"
"31-01-2022","Hyderabad","A2 1L","4","0","0"
"31-01-2022","Hyderabad","Curd Culture","1","0","0"
"31-01-2022","Hyderabad","Buffalo Milk 1L","2","0","0"
"31-01-2022","Hyderabad","A2 Value Pack 1L","12","0","0"
"31-01-2022","Hyderabad","Buffalo Ghee 500ml","2","0","0"
"31-01-2022","Hyderabad","New A2 Value Pack 500ml","2","0","0"
"31-01-2022","Hyderabad","Buffalo Milk Value Pack 500ml","1","0","0"
"31-01-2023","Hyderabad","Past Milk 1L","22","0","0"
"31-01-2023","Hyderabad","Raw Milk 1L","15","0","1"
"31-01-2023","Hyderabad","Ghee 500ml","1","0","0"
"31-01-2023","Hyderabad","A2 1L","63","6","2"
"31-01-2023","Hyderabad","Curd Culture","2","0","0"
"31-01-2023","Hyderabad","A2 Ghee","2","0","0"
"31-01-2023","Hyderabad","Buffalo Milk 1L","55","4","1"
"31-01-2023","Hyderabad","Paneer 200g Cows Milk","5","0","0"
"31-01-2023","Hyderabad","A2 Value Pack 1L","238","1","3"
"31-01-2023","Hyderabad","Buffalo Ghee 500ml","1","0","0"
"31-01-2023","Hyderabad","Kharwas 120g","6","0","0"
"31-01-2023","Hyderabad","A2 Gir Cow Paneer 200g","2","0","0"
"31-01-2023","Hyderabad","New A2 Value Pack 500ml","93","3","1"
"31-01-2023","Hyderabad","Buffalo Milk Value Pack 500ml","51","0","1"
"31-01-2023","Hyderabad","Dahi","15","0","0"
"31-01-2023","Hyderabad","Past Milk Value Pack 1L","14","0","0"
"31-01-2023","Hyderabad","Raw Value Pack 1L","28","1","1"
"31-01-2023","Hyderabad","Buffalo Value Pack 1L","111","2","3"
"31-01-2023","Hyderabad","Lactose Free Milk 0.5L","7","0","0"
"31-01-2023","Hyderabad","Past Milk Value Pack 0.5L","3","0","0"
"31-01-2023","Hyderabad","Raw Milk Value Pack 0.5L","17","0","0"
"31-01-2024","Hyderabad","Past Milk 1L","15","0","0"
"31-01-2024","Hyderabad","Raw Milk 1L","12","0","2"
"31-01-2024","Hyderabad","Ghee 500ml","3","0","0"
"31-01-2024","Hyderabad","A2 1L","55","1","5"
"31-01-2024","Hyderabad","Curd Culture","4","0","0"
"31-01-2024","Hyderabad","A2 Ghee","5","1","0"
"31-01-2024","Hyderabad","Buffalo Milk 1L","39","0","5"
"31-01-2024","Hyderabad","Paneer 200g Cows Milk","14","0","0"
"31-01-2024","Hyderabad","A2 Value Pack 1L","571","0","3"
"31-01-2024","Hyderabad","Buffalo Ghee 500ml","1","0","0"
"31-01-2024","Hyderabad","Kharwas 120g","8","0","0"
"31-01-2024","Hyderabad","A2 Gir Cow Paneer 200g","2","0","0"
"31-01-2024","Hyderabad","New A2 Value Pack 500ml","204","0","0"
"31-01-2024","Hyderabad","Buffalo Milk Value Pack 500ml","162","0","0"
"31-01-2024","Hyderabad","Dahi","13","0","0"
"31-01-2024","Hyderabad","Past Milk Value Pack 1L","21","0","1"
"31-01-2024","Hyderabad","Raw Value Pack 1L","65","0","2"
"31-01-2024","Hyderabad","Buffalo Value Pack 1L","342","2","4"
"31-01-2024","Hyderabad","Lactose Free Milk 0.5L","5","0","1"
"31-01-2024","Hyderabad","Past Milk Value Pack 0.5L","20","0","0"
"31-01-2024","Hyderabad","Raw Milk Value Pack 0.5L","21","0","0"
"31-03-2020","Hyderabad","Past Milk 1L","2","0","0"
"31-03-2021","Hyderabad","A2 1L","1","0","0"
"31-03-2021","Hyderabad","Buffalo Milk 1L","0","0","1"
"31-03-2021","Hyderabad","A2 Value Pack 1L","3","0","0"
"31-03-2022","Hyderabad","Past Milk 1L","14","0","1"
"31-03-2022","Hyderabad","Raw Milk 1L","11","0","0"
"31-03-2022","Hyderabad","Past Milk 0.5L","3","0","2"
"31-03-2022","Hyderabad","A2 1L","26","0","0"
"31-03-2022","Hyderabad","Curd Culture","2","0","0"
"31-03-2022","Hyderabad","A2 Ghee","1","0","0"
"31-03-2022","Hyderabad","Buffalo Milk 1L","43","0","4"
"31-03-2022","Hyderabad","Paneer 200g Cows Milk","1","0","0"
"31-03-2022","Hyderabad","A2 Value Pack 1L","65","0","0"
"31-03-2022","Hyderabad","Kharwas 120g","3","0","0"
"31-03-2022","Hyderabad","New A2 Value Pack 500ml","32","0","2"
"31-03-2022","Hyderabad","Buffalo Milk Value Pack 500ml","19","0","1"
"31-03-2022","Hyderabad","Dahi","5","0","0"
"31-03-2023","Hyderabad","Past Milk 1L","13","0","1"
"31-03-2023","Hyderabad","Raw Milk 1L","22","0","0"
"31-03-2023","Hyderabad","Ghee 500ml","1","0","0"
"31-03-2023","Hyderabad","A2 1L","58","0","0"
"31-03-2023","Hyderabad","Curd Culture","4","0","0"
"31-03-2023","Hyderabad","A2 Ghee","1","0","0"
"31-03-2023","Hyderabad","Buffalo Milk 1L","47","2","2"
"31-03-2023","Hyderabad","Paneer 200g Cows Milk","1","0","0"
"31-03-2023","Hyderabad","A2 Value Pack 1L","301","0","1"
"31-03-2023","Hyderabad","Buffalo Ghee 500ml","1","0","0"
"31-03-2023","Hyderabad","Kharwas 120g","9","0","0"
"31-03-2023","Hyderabad","A2 Gir Cow Paneer 200g","4","0","0"
"31-03-2023","Hyderabad","New A2 Value Pack 500ml","122","0","0"
"31-03-2023","Hyderabad","Insulated Door Bag","1","0","0"
"31-03-2023","Hyderabad","Buffalo Milk Value Pack 500ml","72","1","0"
"31-03-2023","Hyderabad","Dahi","22","0","0"
"31-03-2023","Hyderabad","Past Milk Value Pack 1L","18","0","0"
"31-03-2023","Hyderabad","Raw Value Pack 1L","36","0","1"
"31-03-2023","Hyderabad","Buffalo Value Pack 1L","144","2","2"
"31-03-2023","Hyderabad","Lactose Free Milk 0.5L","11","0","0"
"31-03-2023","Hyderabad","Past Milk Value Pack 0.5L","6","0","0"
"31-03-2023","Hyderabad","Raw Milk Value Pack 0.5L","13","0","0"
"31-03-2024","Hyderabad","Past Milk 1L","18","0","0"
"31-03-2024","Hyderabad","Raw Milk 1L","9","1","0"
"31-03-2024","Hyderabad","Ghee 500ml","5","0","0"
"31-03-2024","Hyderabad","A2 1L","62","0","4"
"31-03-2024","Hyderabad","Curd Culture","8","0","0"
"31-03-2024","Hyderabad","A2 Ghee","8","0","0"
"31-03-2024","Hyderabad","Buffalo Milk 1L","40","1","4"
"31-03-2024","Hyderabad","Paneer 200g Cows Milk","7","0","0"
"31-03-2024","Hyderabad","A2 Value Pack 1L","558","0","0"
"31-03-2024","Hyderabad","Kharwas 120g","14","0","0"
"31-03-2024","Hyderabad","A2 Gir Cow Paneer 200g","7","0","0"
"31-03-2024","Hyderabad","New A2 Value Pack 500ml","190","0","1"
"31-03-2024","Hyderabad","Buffalo Milk Value Pack 500ml","160","0","0"
"31-03-2024","Hyderabad","Dahi","16","0","0"
"31-03-2024","Hyderabad","Past Milk Value Pack 1L","14","0","0"
"31-03-2024","Hyderabad","Raw Value Pack 1L","67","0","0"
"31-03-2024","Hyderabad","Buffalo Value Pack 1L","371","3","1"
"31-03-2024","Hyderabad","Lactose Free Milk 0.5L","15","0","0"
"31-03-2024","Hyderabad","Past Milk Value Pack 0.5L","21","0","1"
"31-03-2024","Hyderabad","Raw Milk Value Pack 0.5L","20","0","0"
"31-05-2020","Hyderabad","Past Milk 1L","2","0","0"
"31-05-2020","Hyderabad","A2 1L","1","0","0"
"31-05-2021","Hyderabad","A2 1L","1","0","0"
"31-05-2021","Hyderabad","Buffalo Milk 1L","1","0","0"
"31-05-2021","Hyderabad","A2 Value Pack 1L","1","0","0"
"31-05-2022","Hyderabad","Past Milk 1L","19","0","1"
"31-05-2022","Hyderabad","Raw Milk 1L","14","0","1"
"31-05-2022","Hyderabad","Past Milk 0.5L","5","0","0"
"31-05-2022","Hyderabad","Ghee 500ml","2","0","0"
"31-05-2022","Hyderabad","A2 1L","42","1","5"
"31-05-2022","Hyderabad","Buffalo Milk 1L","54","0","6"
"31-05-2022","Hyderabad","Paneer 200g Cows Milk","4","0","0"
"31-05-2022","Hyderabad","A2 Value Pack 1L","101","0","0"
"31-05-2022","Hyderabad","Buffalo Ghee 500ml","2","0","0"
"31-05-2022","Hyderabad","A2 Gir Cow Paneer 200g","1","0","0"
"31-05-2022","Hyderabad","New A2 Value Pack 500ml","48","0","0"
"31-05-2022","Hyderabad","Buffalo Milk Value Pack 500ml","21","0","0"
"31-05-2022","Hyderabad","Dahi","1","0","0"
"31-05-2023","Hyderabad","Past Milk 1L","23","0","0"
"31-05-2023","Hyderabad","Raw Milk 1L","13","0","0"
"31-05-2023","Hyderabad","A2 1L","62","2","0"
"31-05-2023","Hyderabad","Curd Culture","2","0","0"
"31-05-2023","Hyderabad","A2 Ghee","2","0","0"
"31-05-2023","Hyderabad","Buffalo Milk 1L","48","3","6"
"31-05-2023","Hyderabad","Paneer 200g Cows Milk","2","0","0"
"31-05-2023","Hyderabad","A2 Value Pack 1L","296","7","3"
"31-05-2023","Hyderabad","Buffalo Ghee 500ml","1","0","0"
"31-05-2023","Hyderabad","Kharwas 120g","4","0","0"
"31-05-2023","Hyderabad","A2 Gir Cow Paneer 200g","4","0","0"
"31-05-2023","Hyderabad","New A2 Value Pack 500ml","92","1","0"
"31-05-2023","Hyderabad","Insulated Door Bag","1","0","0"
"31-05-2023","Hyderabad","Buffalo Milk Value Pack 500ml","77","4","0"
"31-05-2023","Hyderabad","Dahi","12","0","0"
"31-05-2023","Hyderabad","Past Milk Value Pack 1L","21","1","0"
"31-05-2023","Hyderabad","Raw Value Pack 1L","41","0","0"
"31-05-2023","Hyderabad","Buffalo Value Pack 1L","172","7","1"
"31-05-2023","Hyderabad","Lactose Free Milk 0.5L","8","0","0"
"31-05-2023","Hyderabad","Past Milk Value Pack 0.5L","7","0","0"
"31-05-2023","Hyderabad","Raw Milk Value Pack 0.5L","12","0","0"
"31-07-2020","Hyderabad","Past Milk 1L","2","0","0"
"31-07-2020","Hyderabad","Past Milk 0.5L","1","0","0"
"31-07-2020","Hyderabad","A2 1L","0","0","1"
"31-07-2020","Hyderabad","A2 Value Pack 1L","1","0","0"
"31-07-2021","Hyderabad","A2 1L","1","0","0"
"31-07-2021","Hyderabad","A2 Value Pack 1L","1","0","0"
"31-07-2022","Hyderabad","Past Milk 1L","26","0","0"
"31-07-2022","Hyderabad","Raw Milk 1L","18","0","0"
"31-07-2022","Hyderabad","Ghee 500ml","1","0","0"
"31-07-2022","Hyderabad","A2 1L","61","1","0"
"31-07-2022","Hyderabad","Curd Culture","1","0","0"
"31-07-2022","Hyderabad","A2 Ghee","2","0","0"
"31-07-2022","Hyderabad","Buffalo Milk 1L","52","0","0"
"31-07-2022","Hyderabad","Paneer 200g Cows Milk","2","0","0"
"31-07-2022","Hyderabad","A2 Value Pack 1L","119","0","0"
"31-07-2022","Hyderabad","Buffalo Ghee 500ml","2","0","0"
"31-07-2022","Hyderabad","Kharwas 120g","3","0","0"
"31-07-2022","Hyderabad","A2 Gir Cow Paneer 200g","1","0","0"
"31-07-2022","Hyderabad","New A2 Value Pack 500ml","62","0","0"
"31-07-2022","Hyderabad","Buffalo Milk Value Pack 500ml","26","0","0"
"31-07-2022","Hyderabad","Dahi","5","0","0"
"31-07-2022","Hyderabad","Past Milk Value Pack 1L","3","0","0"
"31-07-2022","Hyderabad","Raw Value Pack 1L","13","0","0"
"31-07-2022","Hyderabad","Buffalo Value Pack 1L","7","0","0"
"31-07-2022","Hyderabad","Lactose Free Milk 0.5L","3","0","0"
"31-07-2023","Hyderabad","Past Milk 1L","14","0","0"
"31-07-2023","Hyderabad","Raw Milk 1L","8","0","0"
"31-07-2023","Hyderabad","A2 1L","60","0","0"
"31-07-2023","Hyderabad","A2 Ghee","2","0","0"
"31-07-2023","Hyderabad","Buffalo Milk 1L","33","0","0"
"31-07-2023","Hyderabad","Paneer 200g Cows Milk","11","0","0"
"31-07-2023","Hyderabad","A2 Value Pack 1L","430","4","0"
"31-07-2023","Hyderabad","Buffalo Ghee 500ml","1","0","0"
"31-07-2023","Hyderabad","Kharwas 120g","7","0","0"
"31-07-2023","Hyderabad","A2 Gir Cow Paneer 200g","4","0","0"
"31-07-2023","Hyderabad","New A2 Value Pack 500ml","160","1","0"
"31-07-2023","Hyderabad","Buffalo Milk Value Pack 500ml","86","0","1"
"31-07-2023","Hyderabad","Dahi","14","0","0"
"31-07-2023","Hyderabad","Past Milk Value Pack 1L","15","0","0"
"31-07-2023","Hyderabad","Raw Value Pack 1L","69","0","0"
"31-07-2023","Hyderabad","Buffalo Value Pack 1L","209","3","0"
"31-07-2023","Hyderabad","Lactose Free Milk 0.5L","10","0","0"
"31-07-2023","Hyderabad","Past Milk Value Pack 0.5L","7","0","0"
"31-07-2023","Hyderabad","Raw Milk Value Pack 0.5L","21","0","0"
"31-08-2020","Hyderabad","Past Milk 1L","1","0","0"
"31-08-2020","Hyderabad","A2 1L","1","0","0"
"31-08-2021","Hyderabad","A2 1L","1","0","0"
"31-08-2021","Hyderabad","A2 Value Pack 1L","1","0","0"
"31-08-2022","Hyderabad","Past Milk 1L","20","0","1"
"31-08-2022","Hyderabad","Raw Milk 1L","15","0","0"
"31-08-2022","Hyderabad","Ghee 500ml","3","0","0"
"31-08-2022","Hyderabad","A2 1L","39","1","4"
"31-08-2022","Hyderabad","Curd Culture","1","0","0"
"31-08-2022","Hyderabad","A2 Ghee","2","0","0"
"31-08-2022","Hyderabad","Buffalo Milk 1L","51","0","3"
"31-08-2022","Hyderabad","Paneer 200g Cows Milk","3","0","0"
"31-08-2022","Hyderabad","A2 Value Pack 1L","139","0","0"
"31-08-2022","Hyderabad","A2 Gir Cow Paneer 200g","2","0","0"
"31-08-2022","Hyderabad","New A2 Value Pack 500ml","71","0","2"
"31-08-2022","Hyderabad","Buffalo Milk Value Pack 500ml","35","0","0"
"31-08-2022","Hyderabad","Dahi","3","0","0"
"31-08-2022","Hyderabad","Past Milk Value Pack 1L","6","0","0"
"31-08-2022","Hyderabad","Raw Value Pack 1L","17","0","0"
"31-08-2022","Hyderabad","Buffalo Value Pack 1L","15","0","5"
"31-08-2022","Hyderabad","Lactose Free Milk 0.5L","5","0","0"
"31-08-2023","Hyderabad","Past Milk 1L","22","0","0"
"31-08-2023","Hyderabad","Raw Milk 1L","20","0","0"
"31-08-2023","Hyderabad","A2 1L","69","1","0"
"31-08-2023","Hyderabad","Curd Culture","3","0","0"
"31-08-2023","Hyderabad","A2 Ghee","3","0","0"
"31-08-2023","Hyderabad","Buffalo Milk 1L","54","0","1"
"31-08-2023","Hyderabad","Paneer 200g Cows Milk","9","0","0"
"31-08-2023","Hyderabad","A2 Value Pack 1L","453","3","3"
"31-08-2023","Hyderabad","Buffalo Ghee 500ml","4","0","0"
"31-08-2023","Hyderabad","Kharwas 120g","9","0","0"
"31-08-2023","Hyderabad","A2 Gir Cow Paneer 200g","6","0","0"
"31-08-2023","Hyderabad","New A2 Value Pack 500ml","137","1","0"
"31-08-2023","Hyderabad","Buffalo Milk Value Pack 500ml","125","0","0"
"31-08-2023","Hyderabad","Dahi","21","0","0"
"31-08-2023","Hyderabad","Past Milk Value Pack 1L","19","0","0"
"31-08-2023","Hyderabad","Raw Value Pack 1L","67","1","0"
"31-08-2023","Hyderabad","Buffalo Value Pack 1L","234","1","0"
"31-08-2023","Hyderabad","Lactose Free Milk 0.5L","14","0","0"
"31-08-2023","Hyderabad","Past Milk Value Pack 0.5L","11","0","0"
"31-08-2023","Hyderabad","Raw Milk Value Pack 0.5L","20","0","0"
"31-10-2020","Hyderabad","Past Milk 1L","1","0","0"
"31-10-2020","Hyderabad","A2 Value Pack 1L","1","0","0"
"31-10-2021","Hyderabad","Past Milk 1L","1","0","0"
"31-10-2021","Hyderabad","A2 Value Pack 1L","2","0","0"
"31-10-2021","Hyderabad","Tender Coconut","4","0","0"
"31-10-2022","Hyderabad","Past Milk 1L","20","0","0"
"31-10-2022","Hyderabad","Raw Milk 1L","19","0","0"
"31-10-2022","Hyderabad","Ghee 500ml","1","0","0"
"31-10-2022","Hyderabad","A2 1L","38","2","0"
"31-10-2022","Hyderabad","Curd Culture","3","0","0"
"31-10-2022","Hyderabad","A2 Ghee","1","0","0"
"31-10-2022","Hyderabad","Buffalo Milk 1L","60","0","0"
"31-10-2022","Hyderabad","Paneer 200g Cows Milk","1","0","0"
"31-10-2022","Hyderabad","A2 Value Pack 1L","157","0","0"
"31-10-2022","Hyderabad","Kharwas 120g","1","0","0"
"31-10-2022","Hyderabad","A2 Gir Cow Paneer 200g","2","0","0"
"31-10-2022","Hyderabad","New A2 Value Pack 500ml","81","0","0"
"31-10-2022","Hyderabad","Buffalo Milk Value Pack 500ml","36","1","0"
"31-10-2022","Hyderabad","Dahi","6","0","0"
"31-10-2022","Hyderabad","Past Milk Value Pack 1L","8","0","0"
"31-10-2022","Hyderabad","Raw Value Pack 1L","21","0","0"
"31-10-2022","Hyderabad","Buffalo Value Pack 1L","22","0","0"
"31-10-2022","Hyderabad","Lactose Free Milk 0.5L","6","0","0"
"31-10-2022","Hyderabad","Raw Milk Value Pack 0.5L","1","0","0"
"31-10-2023","Hyderabad","Past Milk 1L","18","0","0"
"31-10-2023","Hyderabad","Raw Milk 1L","12","0","1"
"31-10-2023","Hyderabad","Ghee 500ml","2","0","0"
"31-10-2023","Hyderabad","A2 1L","64","0","1"
"31-10-2023","Hyderabad","Curd Culture","3","0","1"
"31-10-2023","Hyderabad","A2 Ghee","2","0","0"
"31-10-2023","Hyderabad","Buffalo Milk 1L","48","0","2"
"31-10-2023","Hyderabad","Paneer 200g Cows Milk","8","0","0"
"31-10-2023","Hyderabad","A2 Value Pack 1L","485","1","6"
"31-10-2023","Hyderabad","Buffalo Ghee 500ml","2","0","0"
"31-10-2023","Hyderabad","Kharwas 120g","3","0","0"
"31-10-2023","Hyderabad","A2 Gir Cow Paneer 200g","1","0","0"
"31-10-2023","Hyderabad","New A2 Value Pack 500ml","173","0","0"
"31-10-2023","Hyderabad","Buffalo Milk Value Pack 500ml","151","1","0"
"31-10-2023","Hyderabad","Dahi","16","0","0"
"31-10-2023","Hyderabad","Past Milk Value Pack 1L","19","0","1"
"31-10-2023","Hyderabad","Raw Value Pack 1L","46","0","0"
"31-10-2023","Hyderabad","Buffalo Value Pack 1L","292","0","4"
"31-10-2023","Hyderabad","Lactose Free Milk 0.5L","12","0","0"
"31-10-2023","Hyderabad","Past Milk Value Pack 0.5L","14","0","0"
"31-10-2023","Hyderabad","Raw Milk Value Pack 0.5L","28","0","0"
"31-12-2020","Hyderabad","A2 1L","1","0","0"
"31-12-2020","Hyderabad","Buffalo Milk 1L","1","0","0"
"31-12-2020","Hyderabad","A2 Value Pack 1L","4","0","0"
"31-12-2021","Hyderabad","A2 Value Pack 1L","2","0","0"
"31-12-2022","Hyderabad","Past Milk 1L","18","1","0"
"31-12-2022","Hyderabad","Raw Milk 1L","16","1","1"
"31-12-2022","Hyderabad","A2 1L","59","16","7"
"31-12-2022","Hyderabad","Curd Culture","2","0","0"
"31-12-2022","Hyderabad","A2 Ghee","2","0","0"
"31-12-2022","Hyderabad","Buffalo Milk 1L","61","3","7"
"31-12-2022","Hyderabad","Paneer 200g Cows Milk","2","0","0"
"31-12-2022","Hyderabad","A2 Value Pack 1L","199","1","2"
"31-12-2022","Hyderabad","Kharwas 120g","13","0","0"
"31-12-2022","Hyderabad","New A2 Value Pack 500ml","90","1","0"
"31-12-2022","Hyderabad","Buffalo Milk Value Pack 500ml","36","1","3"
"31-12-2022","Hyderabad","Dahi","12","0","0"
"31-12-2022","Hyderabad","Past Milk Value Pack 1L","12","1","1"
"31-12-2022","Hyderabad","Raw Value Pack 1L","30","0","0"
"31-12-2022","Hyderabad","Buffalo Value Pack 1L","67","1","9"
"31-12-2022","Hyderabad","Lactose Free Milk 0.5L","5","0","0"
"31-12-2022","Hyderabad","Past Milk Value Pack 0.5L","7","0","0"
"31-12-2022","Hyderabad","Raw Milk Value Pack 0.5L","10","1","0"
"31-12-2023","Hyderabad","Past Milk 1L","16","0","0"
"31-12-2023","Hyderabad","Raw Milk 1L","15","0","0"
"31-12-2023","Hyderabad","Ghee 500ml","6","0","0"
"31-12-2023","Hyderabad","A2 1L","40","0","1"
"31-12-2023","Hyderabad","Curd Culture","4","0","1"
"31-12-2023","Hyderabad","A2 Ghee","1","0","0"
"31-12-2023","Hyderabad","Buffalo Milk 1L","47","0","1"
"31-12-2023","Hyderabad","Paneer 200g Cows Milk","3","0","0"
"31-12-2023","Hyderabad","A2 Value Pack 1L","506","2","4"
"31-12-2023","Hyderabad","Buffalo Ghee 500ml","2","0","0"
"31-12-2023","Hyderabad","Kharwas 120g","4","0","0"
"31-12-2023","Hyderabad","A2 Gir Cow Paneer 200g","3","0","0"
"31-12-2023","Hyderabad","New A2 Value Pack 500ml","175","1","0"
"31-12-2023","Hyderabad","Insulated Door Bag","1","0","0"
"31-12-2023","Hyderabad","Buffalo Milk Value Pack 500ml","129","0","1"
"31-12-2023","Hyderabad","Dahi","12","0","0"
"31-12-2023","Hyderabad","Past Milk Value Pack 1L","27","0","0"
"31-12-2023","Hyderabad","Raw Value Pack 1L","52","0","2"
"31-12-2023","Hyderabad","Buffalo Value Pack 1L","308","0","5"
"31-12-2023","Hyderabad","Lactose Free Milk 0.5L","7","0","0"
"31-12-2023","Hyderabad","Past Milk Value Pack 0.5L","17","0","0"
"31-12-2023","Hyderabad","Raw Milk Value Pack 0.5L","22","0","0"
