Delivery Date,User Status,City,Normal Deliveries,Coupon Deliveries,Free Deliveries
23-11-2022,ACTIVE,Hyderabad,448,0,0
23-11-2022,HOLD,Hyderabad,16,0,0
23-11-2022,INACTIVE,Hyderabad,0,0,2
23-11-2022,INACTIVE,Hyderabad,62,0,0
23-11-2022,NEW,Hyderabad,0,1,0
23-11-2022,NEW,Hyderabad,0,0,23
23-11-2022,NEW,Hyderabad,15,0,0
23-11-2022,ACTIVE,Mumbai,0,0,1
23-11-2022,ACTIVE,Mumbai,9007,0,0
23-11-2022,HOLD,Mumbai,22,0,0
23-11-2022,INACTIVE,Mumbai,0,0,2
23-11-2022,INACTIVE,Mumbai,449,0,0
23-11-2022,NEW,Mumbai,0,5,0
23-11-2022,NEW,Mumbai,0,0,29
23-11-2022,NEW,Mumbai,47,0,0
23-11-2022,ACTIVE,Pune,3364,0,0
23-11-2022,HOLD,Pune,12,0,0
23-11-2022,INACTIVE,Pune,0,1,0
23-11-2022,INACTIVE,Pune,0,0,3
23-11-2022,INACTIVE,Pune,127,0,0
23-11-2022,NEW,Pune,0,1,0
23-11-2022,NEW,Pune,0,0,21
23-11-2022,NEW,Pune,20,0,0
24-11-2022,ACTIVE,Hyderabad,483,0,0
24-11-2022,HOLD,Hyderabad,8,0,0
24-11-2022,INACTIVE,Hyderabad,0,0,2
24-11-2022,INACTIVE,Hyderabad,62,0,0
24-11-2022,NEW,Hyderabad,0,1,0
24-11-2022,NEW,Hyderabad,0,0,27
24-11-2022,NEW,Hyderabad,34,0,0
24-11-2022,ACTIVE,Mumbai,8803,0,0
24-11-2022,HOLD,Mumbai,19,0,0
24-11-2022,INACTIVE,Mumbai,0,0,4
24-11-2022,INACTIVE,Mumbai,501,0,0
24-11-2022,NEW,Mumbai,0,3,0
24-11-2022,NEW,Mumbai,0,0,27
24-11-2022,NEW,Mumbai,39,0,0
24-11-2022,ACTIVE,Pune,3320,0,0
24-11-2022,HOLD,Pune,17,0,0
24-11-2022,INACTIVE,Pune,0,0,2
24-11-2022,INACTIVE,Pune,148,0,0
24-11-2022,NEW,Pune,0,0,9
24-11-2022,NEW,Pune,22,0,0
25-11-2022,ACTIVE,Hyderabad,0,1,0
25-11-2022,ACTIVE,Hyderabad,455,0,0
25-11-2022,HOLD,Hyderabad,12,0,0
25-11-2022,INACTIVE,Hyderabad,68,0,0
25-11-2022,NEW,Hyderabad,0,1,0
25-11-2022,NEW,Hyderabad,0,0,25
25-11-2022,NEW,Hyderabad,17,0,0
25-11-2022,ACTIVE,Mumbai,8877,0,0
25-11-2022,HOLD,Mumbai,26,0,0
25-11-2022,INACTIVE,Mumbai,0,0,5
25-11-2022,INACTIVE,Mumbai,422,0,0
25-11-2022,NEW,Mumbai,0,2,0
25-11-2022,NEW,Mumbai,0,0,36
25-11-2022,NEW,Mumbai,36,0,0
25-11-2022,ACTIVE,Pune,3331,0,0
25-11-2022,HOLD,Pune,5,0,0
25-11-2022,INACTIVE,Pune,0,0,1
25-11-2022,INACTIVE,Pune,134,0,0
25-11-2022,NEW,Pune,0,2,0
25-11-2022,NEW,Pune,0,0,8
25-11-2022,NEW,Pune,15,0,0
26-11-2022,ACTIVE,Hyderabad,444,0,0
26-11-2022,HOLD,Hyderabad,13,0,0
26-11-2022,INACTIVE,Hyderabad,0,0,2
26-11-2022,INACTIVE,Hyderabad,57,0,0
26-11-2022,NEW,Hyderabad,0,0,22
26-11-2022,NEW,Hyderabad,24,0,0
26-11-2022,ACTIVE,Mumbai,8340,0,0
26-11-2022,HOLD,Mumbai,28,0,0
26-11-2022,INACTIVE,Mumbai,0,1,0
26-11-2022,INACTIVE,Mumbai,0,0,4
26-11-2022,INACTIVE,Mumbai,506,0,0
26-11-2022,NEW,Mumbai,0,8,0
26-11-2022,NEW,Mumbai,0,0,22
26-11-2022,NEW,Mumbai,38,0,0
26-11-2022,ACTIVE,Pune,3177,0,0
26-11-2022,HOLD,Pune,14,0,0
26-11-2022,INACTIVE,Pune,0,0,1
26-11-2022,INACTIVE,Pune,134,0,0
26-11-2022,NEW,Pune,0,3,0
26-11-2022,NEW,Pune,0,0,8
26-11-2022,NEW,Pune,18,0,0
27-11-2022,ACTIVE,Hyderabad,0,0,1
27-11-2022,ACTIVE,Hyderabad,425,0,0
27-11-2022,HOLD,Hyderabad,11,0,0
27-11-2022,INACTIVE,Hyderabad,0,0,1
27-11-2022,INACTIVE,Hyderabad,73,0,0
27-11-2022,NEW,Hyderabad,0,2,0
27-11-2022,NEW,Hyderabad,0,0,22
27-11-2022,NEW,Hyderabad,21,0,0
27-11-2022,ACTIVE,Mumbai,8206,0,0
27-11-2022,HOLD,Mumbai,15,0,0
27-11-2022,INACTIVE,Mumbai,0,3,0
27-11-2022,INACTIVE,Mumbai,0,0,4
27-11-2022,INACTIVE,Mumbai,370,0,0
27-11-2022,NEW,Mumbai,0,0,24
27-11-2022,NEW,Mumbai,39,0,0
27-11-2022,ACTIVE,Pune,0,1,0
27-11-2022,ACTIVE,Pune,3052,0,0
27-11-2022,HOLD,Pune,8,0,0
27-11-2022,INACTIVE,Pune,0,0,2
27-11-2022,INACTIVE,Pune,137,0,0
27-11-2022,NEW,Pune,0,0,9
27-11-2022,NEW,Pune,24,0,0
28-11-2022,ACTIVE,Hyderabad,473,0,0
28-11-2022,HOLD,Hyderabad,10,0,0
28-11-2022,INACTIVE,Hyderabad,59,0,0
28-11-2022,NEW,Hyderabad,0,0,1
28-11-2022,NEW,Hyderabad,24,0,0
28-11-2022,ACTIVE,Mumbai,0,1,0
28-11-2022,ACTIVE,Mumbai,8868,0,0
28-11-2022,HOLD,Mumbai,20,0,0
28-11-2022,INACTIVE,Mumbai,0,1,0
28-11-2022,INACTIVE,Mumbai,0,0,3
28-11-2022,INACTIVE,Mumbai,487,0,0
28-11-2022,NEW,Mumbai,0,3,0
28-11-2022,NEW,Mumbai,0,0,5
28-11-2022,NEW,Mumbai,45,0,0
28-11-2022,ACTIVE,Pune,3274,0,0
28-11-2022,HOLD,Pune,5,0,0
28-11-2022,INACTIVE,Pune,138,0,0
28-11-2022,NEW,Pune,0,2,0
28-11-2022,NEW,Pune,0,0,3
28-11-2022,NEW,Pune,18,0,0
29-11-2022,ACTIVE,Hyderabad,0,0,1
29-11-2022,ACTIVE,Hyderabad,441,0,0
29-11-2022,HOLD,Hyderabad,15,0,0
29-11-2022,INACTIVE,Hyderabad,62,0,0
29-11-2022,NEW,Hyderabad,0,2,0
29-11-2022,NEW,Hyderabad,0,0,21
29-11-2022,NEW,Hyderabad,28,0,0
29-11-2022,ACTIVE,Mumbai,0,0,1
29-11-2022,ACTIVE,Mumbai,8685,0,0
29-11-2022,HOLD,Mumbai,28,0,0
29-11-2022,INACTIVE,Mumbai,0,0,6
29-11-2022,INACTIVE,Mumbai,416,0,0
29-11-2022,NEW,Mumbai,0,1,0
29-11-2022,NEW,Mumbai,0,0,27
29-11-2022,NEW,Mumbai,45,0,0
29-11-2022,ACTIVE,Pune,0,1,0
29-11-2022,ACTIVE,Pune,3145,0,0
29-11-2022,HOLD,Pune,15,0,0
29-11-2022,INACTIVE,Pune,0,0,4
29-11-2022,INACTIVE,Pune,151,0,0
29-11-2022,NEW,Pune,0,2,0
29-11-2022,NEW,Pune,0,0,9
29-11-2022,NEW,Pune,14,0,0
30-11-2022,ACTIVE,Hyderabad,454,0,0
30-11-2022,HOLD,Hyderabad,14,0,0
30-11-2022,INACTIVE,Hyderabad,63,0,0
30-11-2022,NEW,Hyderabad,0,2,0
30-11-2022,NEW,Hyderabad,0,0,23
30-11-2022,NEW,Hyderabad,20,0,0
30-11-2022,ACTIVE,Mumbai,0,0,1
30-11-2022,ACTIVE,Mumbai,8762,0,0
30-11-2022,HOLD,Mumbai,22,0,0
30-11-2022,INACTIVE,Mumbai,0,0,2
30-11-2022,INACTIVE,Mumbai,434,0,0
30-11-2022,NEW,Mumbai,0,5,0
30-11-2022,NEW,Mumbai,0,0,16
30-11-2022,NEW,Mumbai,57,0,0
30-11-2022,ACTIVE,Pune,0,0,1
30-11-2022,ACTIVE,Pune,3307,0,0
30-11-2022,HOLD,Pune,9,0,0
30-11-2022,INACTIVE,Pune,141,0,0
30-11-2022,NEW,Pune,0,1,0
30-11-2022,NEW,Pune,0,0,14
30-11-2022,NEW,Pune,20,0,0
01-12-2022,ACTIVE,Hyderabad,481,0,0
01-12-2022,HOLD,Hyderabad,11,0,0
01-12-2022,INACTIVE,Hyderabad,0,0,1
01-12-2022,INACTIVE,Hyderabad,72,0,0
01-12-2022,NEW,Hyderabad,0,1,0
01-12-2022,NEW,Hyderabad,0,0,21
01-12-2022,NEW,Hyderabad,27,0,0
01-12-2022,ACTIVE,Mumbai,0,1,0
01-12-2022,ACTIVE,Mumbai,8887,0,0
01-12-2022,HOLD,Mumbai,18,0,0
01-12-2022,INACTIVE,Mumbai,0,1,0
01-12-2022,INACTIVE,Mumbai,0,0,2
01-12-2022,INACTIVE,Mumbai,514,0,0
01-12-2022,NEW,Mumbai,0,4,0
01-12-2022,NEW,Mumbai,0,0,23
01-12-2022,NEW,Mumbai,53,0,0
01-12-2022,ACTIVE,Pune,3358,0,0
01-12-2022,HOLD,Pune,8,0,0
01-12-2022,INACTIVE,Pune,0,0,2
01-12-2022,INACTIVE,Pune,157,0,0
01-12-2022,NEW,Pune,0,1,0
01-12-2022,NEW,Pune,0,0,11
01-12-2022,NEW,Pune,20,0,0
02-12-2022,ACTIVE,Hyderabad,449,0,0
02-12-2022,HOLD,Hyderabad,12,0,0
02-12-2022,INACTIVE,Hyderabad,0,1,0
02-12-2022,INACTIVE,Hyderabad,0,0,1
02-12-2022,INACTIVE,Hyderabad,57,0,0
02-12-2022,NEW,Hyderabad,0,0,17
02-12-2022,NEW,Hyderabad,26,0,0
02-12-2022,ACTIVE,Mumbai,8689,0,0
02-12-2022,HOLD,Mumbai,13,0,0
02-12-2022,INACTIVE,Mumbai,0,1,0
02-12-2022,INACTIVE,Mumbai,0,0,3
02-12-2022,INACTIVE,Mumbai,415,0,0
02-12-2022,NEW,Mumbai,0,5,0
02-12-2022,NEW,Mumbai,0,0,19
02-12-2022,NEW,Mumbai,52,0,0
02-12-2022,ACTIVE,Pune,3298,0,0
02-12-2022,HOLD,Pune,10,0,0
02-12-2022,INACTIVE,Pune,162,0,0
02-12-2022,NEW,Pune,0,0,10
02-12-2022,NEW,Pune,19,0,0
03-12-2022,ACTIVE,Hyderabad,0,1,0
03-12-2022,ACTIVE,Hyderabad,459,0,0
03-12-2022,HOLD,Hyderabad,11,0,0
03-12-2022,INACTIVE,Hyderabad,0,1,0
03-12-2022,INACTIVE,Hyderabad,0,0,1
03-12-2022,INACTIVE,Hyderabad,38,0,0
03-12-2022,NEW,Hyderabad,0,1,0
03-12-2022,NEW,Hyderabad,0,0,38
03-12-2022,NEW,Hyderabad,24,0,0
03-12-2022,ACTIVE,Mumbai,8429,0,0
03-12-2022,HOLD,Mumbai,17,0,0
03-12-2022,INACTIVE,Mumbai,0,0,5
03-12-2022,INACTIVE,Mumbai,400,0,0
03-12-2022,NEW,Mumbai,0,3,0
03-12-2022,NEW,Mumbai,0,0,35
03-12-2022,NEW,Mumbai,51,0,0
03-12-2022,ACTIVE,Pune,0,1,0
03-12-2022,ACTIVE,Pune,3134,0,0
03-12-2022,HOLD,Pune,8,0,0
03-12-2022,INACTIVE,Pune,0,0,1
03-12-2022,INACTIVE,Pune,153,0,0
03-12-2022,NEW,Pune,0,2,0
03-12-2022,NEW,Pune,0,0,10
03-12-2022,NEW,Pune,26,0,0
04-12-2022,ACTIVE,Hyderabad,0,1,0
04-12-2022,ACTIVE,Hyderabad,442,0,0
04-12-2022,HOLD,Hyderabad,6,0,0
04-12-2022,INACTIVE,Hyderabad,0,0,1
04-12-2022,INACTIVE,Hyderabad,59,0,0
04-12-2022,NEW,Hyderabad,0,1,0
04-12-2022,NEW,Hyderabad,0,0,23
04-12-2022,NEW,Hyderabad,23,0,0
04-12-2022,ACTIVE,Mumbai,8173,0,0
04-12-2022,HOLD,Mumbai,17,0,0
04-12-2022,INACTIVE,Mumbai,0,0,3
04-12-2022,INACTIVE,Mumbai,409,0,0
04-12-2022,NEW,Mumbai,0,3,0
04-12-2022,NEW,Mumbai,0,0,18
04-12-2022,NEW,Mumbai,43,0,0
04-12-2022,ACTIVE,Pune,3063,0,0
04-12-2022,HOLD,Pune,9,0,0
04-12-2022,INACTIVE,Pune,133,0,0
04-12-2022,NEW,Pune,0,1,0
04-12-2022,NEW,Pune,0,0,7
04-12-2022,NEW,Pune,25,0,0
05-12-2022,ACTIVE,Hyderabad,0,1,0
05-12-2022,ACTIVE,Hyderabad,489,0,0
05-12-2022,HOLD,Hyderabad,9,0,0
05-12-2022,INACTIVE,Hyderabad,47,0,0
05-12-2022,NEW,Hyderabad,0,1,0
05-12-2022,NEW,Hyderabad,0,0,1
05-12-2022,NEW,Hyderabad,20,0,0
05-12-2022,ACTIVE,Mumbai,9123,0,0
05-12-2022,HOLD,Mumbai,24,0,0
05-12-2022,INACTIVE,Mumbai,0,0,1
05-12-2022,INACTIVE,Mumbai,401,0,0
05-12-2022,NEW,Mumbai,0,3,0
05-12-2022,NEW,Mumbai,0,0,4
05-12-2022,NEW,Mumbai,49,0,0
05-12-2022,ACTIVE,Pune,3284,0,0
05-12-2022,HOLD,Pune,6,0,0
05-12-2022,INACTIVE,Pune,0,0,1
05-12-2022,INACTIVE,Pune,165,0,0
05-12-2022,NEW,Pune,0,2,0
05-12-2022,NEW,Pune,0,0,2
05-12-2022,NEW,Pune,16,0,0
06-12-2022,ACTIVE,Hyderabad,0,2,0
06-12-2022,ACTIVE,Hyderabad,0,0,1
06-12-2022,ACTIVE,Hyderabad,461,0,0
06-12-2022,HOLD,Hyderabad,10,0,0
06-12-2022,INACTIVE,Hyderabad,0,0,1
06-12-2022,INACTIVE,Hyderabad,43,0,0
06-12-2022,NEW,Hyderabad,0,0,21
06-12-2022,NEW,Hyderabad,17,0,0
06-12-2022,ACTIVE,Mumbai,0,0,1
06-12-2022,ACTIVE,Mumbai,8616,0,0
06-12-2022,HOLD,Mumbai,10,0,0
06-12-2022,INACTIVE,Mumbai,0,0,4
06-12-2022,INACTIVE,Mumbai,394,0,0
06-12-2022,NEW,Mumbai,0,2,0
06-12-2022,NEW,Mumbai,0,0,26
06-12-2022,NEW,Mumbai,57,0,0
06-12-2022,ACTIVE,Pune,0,0,3
06-12-2022,ACTIVE,Pune,3209,0,0
06-12-2022,HOLD,Pune,12,0,0
06-12-2022,INACTIVE,Pune,0,1,0
06-12-2022,INACTIVE,Pune,0,0,2
06-12-2022,INACTIVE,Pune,161,0,0
06-12-2022,NEW,Pune,0,0,19
06-12-2022,NEW,Pune,28,0,0
07-12-2022,ACTIVE,Hyderabad,0,1,0
07-12-2022,ACTIVE,Hyderabad,0,0,1
07-12-2022,ACTIVE,Hyderabad,492,0,0
07-12-2022,HOLD,Hyderabad,16,0,0
07-12-2022,INACTIVE,Hyderabad,0,0,2
07-12-2022,INACTIVE,Hyderabad,58,0,0
07-12-2022,NEW,Hyderabad,0,0,14
07-12-2022,NEW,Hyderabad,34,0,0
07-12-2022,ACTIVE,Mumbai,8896,0,0
07-12-2022,HOLD,Mumbai,16,0,0
07-12-2022,INACTIVE,Mumbai,0,1,0
07-12-2022,INACTIVE,Mumbai,0,0,2
07-12-2022,INACTIVE,Mumbai,446,0,0
07-12-2022,NEW,Mumbai,0,3,0
07-12-2022,NEW,Mumbai,0,0,24
07-12-2022,NEW,Mumbai,57,0,0
07-12-2022,ACTIVE,Pune,3332,0,0
07-12-2022,HOLD,Pune,22,0,0
07-12-2022,INACTIVE,Pune,186,0,0
07-12-2022,NEW,Pune,0,4,0
07-12-2022,NEW,Pune,0,0,8
07-12-2022,NEW,Pune,28,0,0
08-12-2022,ACTIVE,Hyderabad,482,0,0
08-12-2022,HOLD,Hyderabad,12,0,0
08-12-2022,INACTIVE,Hyderabad,0,1,0
08-12-2022,INACTIVE,Hyderabad,58,0,0
08-12-2022,NEW,Hyderabad,0,0,34
08-12-2022,NEW,Hyderabad,14,0,0
08-12-2022,ACTIVE,Mumbai,0,1,0
08-12-2022,ACTIVE,Mumbai,8739,0,0
08-12-2022,HOLD,Mumbai,22,0,0
08-12-2022,INACTIVE,Mumbai,0,0,4
08-12-2022,INACTIVE,Mumbai,462,0,0
08-12-2022,NEW,Mumbai,0,4,0
08-12-2022,NEW,Mumbai,0,0,42
08-12-2022,NEW,Mumbai,42,0,0
08-12-2022,ACTIVE,Pune,3228,0,0
08-12-2022,HOLD,Pune,6,0,0
08-12-2022,INACTIVE,Pune,0,0,3
08-12-2022,INACTIVE,Pune,167,0,0
08-12-2022,NEW,Pune,0,2,0
08-12-2022,NEW,Pune,0,0,11
08-12-2022,NEW,Pune,21,0,0
09-12-2022,ACTIVE,Hyderabad,0,1,0
09-12-2022,ACTIVE,Hyderabad,0,0,1
09-12-2022,ACTIVE,Hyderabad,468,0,0
09-12-2022,HOLD,Hyderabad,11,0,0
09-12-2022,INACTIVE,Hyderabad,56,0,0
09-12-2022,NEW,Hyderabad,0,1,0
09-12-2022,NEW,Hyderabad,0,0,15
09-12-2022,NEW,Hyderabad,26,0,0
09-12-2022,ACTIVE,Mumbai,8873,0,0
09-12-2022,HOLD,Mumbai,15,0,0
09-12-2022,INACTIVE,Mumbai,0,0,3
09-12-2022,INACTIVE,Mumbai,392,0,0
09-12-2022,NEW,Mumbai,0,2,0
09-12-2022,NEW,Mumbai,0,0,28
09-12-2022,NEW,Mumbai,47,0,0
09-12-2022,ACTIVE,Pune,3249,0,0
09-12-2022,HOLD,Pune,13,0,0
09-12-2022,INACTIVE,Pune,0,0,2
09-12-2022,INACTIVE,Pune,160,0,0
09-12-2022,NEW,Pune,0,4,0
09-12-2022,NEW,Pune,0,0,5
09-12-2022,NEW,Pune,31,0,0
10-12-2022,ACTIVE,Hyderabad,453,0,0
10-12-2022,HOLD,Hyderabad,18,0,0
10-12-2022,INACTIVE,Hyderabad,56,0,0
10-12-2022,NEW,Hyderabad,0,4,0
10-12-2022,NEW,Hyderabad,0,0,9
10-12-2022,NEW,Hyderabad,28,0,0
10-12-2022,ACTIVE,Mumbai,0,0,1
10-12-2022,ACTIVE,Mumbai,8432,0,0
10-12-2022,HOLD,Mumbai,12,0,0
10-12-2022,INACTIVE,Mumbai,0,0,1
10-12-2022,INACTIVE,Mumbai,417,0,0
10-12-2022,NEW,Mumbai,0,2,0
10-12-2022,NEW,Mumbai,0,0,16
10-12-2022,NEW,Mumbai,51,0,0
10-12-2022,ACTIVE,Pune,3155,0,0
10-12-2022,HOLD,Pune,17,0,0
10-12-2022,INACTIVE,Pune,138,0,0
10-12-2022,NEW,Pune,0,2,0
10-12-2022,NEW,Pune,0,0,8
10-12-2022,NEW,Pune,28,0,0
11-12-2022,ACTIVE,Hyderabad,464,0,0
11-12-2022,HOLD,Hyderabad,11,0,0
11-12-2022,INACTIVE,Hyderabad,48,0,0
11-12-2022,NEW,Hyderabad,0,2,0
11-12-2022,NEW,Hyderabad,0,0,5
11-12-2022,NEW,Hyderabad,30,0,0
11-12-2022,ACTIVE,Mumbai,8504,0,0
11-12-2022,HOLD,Mumbai,18,0,0
11-12-2022,INACTIVE,Mumbai,0,1,0
11-12-2022,INACTIVE,Mumbai,0,0,3
11-12-2022,INACTIVE,Mumbai,362,0,0
11-12-2022,NEW,Mumbai,0,3,0
11-12-2022,NEW,Mumbai,0,0,23
11-12-2022,NEW,Mumbai,43,0,0
11-12-2022,ACTIVE,Pune,3134,0,0
11-12-2022,HOLD,Pune,7,0,0
11-12-2022,INACTIVE,Pune,0,0,1
11-12-2022,INACTIVE,Pune,125,0,0
11-12-2022,NEW,Pune,0,0,5
11-12-2022,NEW,Pune,26,0,0
12-12-2022,ACTIVE,Hyderabad,483,0,0
12-12-2022,HOLD,Hyderabad,3,0,0
12-12-2022,INACTIVE,Hyderabad,59,0,0
12-12-2022,NEW,Hyderabad,0,1,0
12-12-2022,NEW,Hyderabad,0,0,3
12-12-2022,NEW,Hyderabad,36,0,0
12-12-2022,ACTIVE,Mumbai,9062,0,0
12-12-2022,HOLD,Mumbai,23,0,0
12-12-2022,INACTIVE,Mumbai,434,0,0
12-12-2022,NEW,Mumbai,0,4,0
12-12-2022,NEW,Mumbai,50,0,0
12-12-2022,ACTIVE,Pune,3373,0,0
12-12-2022,HOLD,Pune,8,0,0
12-12-2022,INACTIVE,Pune,146,0,0
12-12-2022,NEW,Pune,0,2,0
12-12-2022,NEW,Pune,0,0,5
12-12-2022,NEW,Pune,36,0,0
13-12-2022,ACTIVE,Hyderabad,466,0,0
13-12-2022,HOLD,Hyderabad,12,0,0
13-12-2022,INACTIVE,Hyderabad,0,0,1
13-12-2022,INACTIVE,Hyderabad,49,0,0
13-12-2022,NEW,Hyderabad,0,0,25
13-12-2022,NEW,Hyderabad,26,0,0
13-12-2022,ACTIVE,Mumbai,0,0,1
13-12-2022,ACTIVE,Mumbai,8788,0,0
13-12-2022,HOLD,Mumbai,15,0,0
13-12-2022,INACTIVE,Mumbai,0,0,4
13-12-2022,INACTIVE,Mumbai,438,0,0
13-12-2022,NEW,Mumbai,0,1,0
13-12-2022,NEW,Mumbai,0,0,37
13-12-2022,NEW,Mumbai,47,0,0
13-12-2022,ACTIVE,Pune,3227,0,0
13-12-2022,HOLD,Pune,15,0,0
13-12-2022,INACTIVE,Pune,0,1,0
13-12-2022,INACTIVE,Pune,0,0,2
13-12-2022,INACTIVE,Pune,154,0,0
13-12-2022,NEW,Pune,0,3,0
13-12-2022,NEW,Pune,0,0,17
13-12-2022,NEW,Pune,17,0,0
14-12-2022,ACTIVE,Hyderabad,489,0,0
14-12-2022,HOLD,Hyderabad,14,0,0
14-12-2022,INACTIVE,Hyderabad,0,1,0
14-12-2022,INACTIVE,Hyderabad,55,0,0
14-12-2022,NEW,Hyderabad,0,1,0
14-12-2022,NEW,Hyderabad,0,0,24
14-12-2022,NEW,Hyderabad,34,0,0
14-12-2022,ACTIVE,Mumbai,8897,0,0
14-12-2022,HOLD,Mumbai,11,0,0
14-12-2022,INACTIVE,Mumbai,0,1,0
14-12-2022,INACTIVE,Mumbai,0,0,8
14-12-2022,INACTIVE,Mumbai,404,0,0
14-12-2022,NEW,Mumbai,0,6,0
14-12-2022,NEW,Mumbai,0,0,24
14-12-2022,NEW,Mumbai,77,0,0
14-12-2022,ACTIVE,Pune,3301,0,0
14-12-2022,HOLD,Pune,15,0,0
14-12-2022,INACTIVE,Pune,153,0,0
14-12-2022,NEW,Pune,0,2,0
14-12-2022,NEW,Pune,0,0,10
14-12-2022,NEW,Pune,23,0,0
15-12-2022,ACTIVE,Hyderabad,514,0,0
15-12-2022,HOLD,Hyderabad,10,0,0
15-12-2022,INACTIVE,Hyderabad,0,1,0
15-12-2022,INACTIVE,Hyderabad,63,0,0
15-12-2022,NEW,Hyderabad,0,2,0
15-12-2022,NEW,Hyderabad,0,0,18
15-12-2022,NEW,Hyderabad,28,0,0
15-12-2022,ACTIVE,Mumbai,0,0,1
15-12-2022,ACTIVE,Mumbai,8972,0,0
15-12-2022,HOLD,Mumbai,17,0,0
15-12-2022,INACTIVE,Mumbai,0,1,0
15-12-2022,INACTIVE,Mumbai,0,0,5
15-12-2022,INACTIVE,Mumbai,451,0,0
15-12-2022,NEW,Mumbai,0,2,0
15-12-2022,NEW,Mumbai,0,0,27
15-12-2022,NEW,Mumbai,54,0,0
15-12-2022,ACTIVE,Pune,0,1,0
15-12-2022,ACTIVE,Pune,3222,0,0
15-12-2022,HOLD,Pune,9,0,0
15-12-2022,INACTIVE,Pune,0,1,0
15-12-2022,INACTIVE,Pune,0,0,1
15-12-2022,INACTIVE,Pune,154,0,0
15-12-2022,NEW,Pune,0,1,0
15-12-2022,NEW,Pune,0,0,13
15-12-2022,NEW,Pune,23,0,0
16-12-2022,ACTIVE,Hyderabad,501,0,0
16-12-2022,HOLD,Hyderabad,12,0,0
16-12-2022,INACTIVE,Hyderabad,56,0,0
16-12-2022,NEW,Hyderabad,0,1,0
16-12-2022,NEW,Hyderabad,0,0,24
16-12-2022,NEW,Hyderabad,13,0,0
16-12-2022,ACTIVE,Mumbai,0,0,1
16-12-2022,ACTIVE,Mumbai,8784,0,0
16-12-2022,HOLD,Mumbai,20,0,0
16-12-2022,INACTIVE,Mumbai,0,0,5
16-12-2022,INACTIVE,Mumbai,435,0,0
16-12-2022,NEW,Mumbai,0,5,0
16-12-2022,NEW,Mumbai,0,0,23
16-12-2022,NEW,Mumbai,39,0,0
16-12-2022,ACTIVE,Pune,0,0,2
16-12-2022,ACTIVE,Pune,3332,0,0
16-12-2022,HOLD,Pune,13,0,0
16-12-2022,INACTIVE,Pune,0,0,2
16-12-2022,INACTIVE,Pune,176,0,0
16-12-2022,NEW,Pune,0,1,0
16-12-2022,NEW,Pune,0,0,6
16-12-2022,NEW,Pune,31,0,0
17-12-2022,ACTIVE,Hyderabad,496,0,0
17-12-2022,HOLD,Hyderabad,9,0,0
17-12-2022,INACTIVE,Hyderabad,52,0,0
17-12-2022,NEW,Hyderabad,0,0,21
17-12-2022,NEW,Hyderabad,21,0,0
17-12-2022,ACTIVE,Mumbai,0,0,1
17-12-2022,ACTIVE,Mumbai,8619,0,0
17-12-2022,HOLD,Mumbai,14,0,0
17-12-2022,INACTIVE,Mumbai,0,0,2
17-12-2022,INACTIVE,Mumbai,410,0,0
17-12-2022,NEW,Mumbai,0,2,0
17-12-2022,NEW,Mumbai,0,0,27
17-12-2022,NEW,Mumbai,65,0,0
17-12-2022,ACTIVE,Pune,3192,0,0
17-12-2022,HOLD,Pune,3,0,0
17-12-2022,INACTIVE,Pune,151,0,0
17-12-2022,NEW,Pune,0,0,11
17-12-2022,NEW,Pune,17,0,0
18-12-2022,ACTIVE,Hyderabad,458,0,0
18-12-2022,HOLD,Hyderabad,9,0,0
18-12-2022,INACTIVE,Hyderabad,48,0,0
18-12-2022,NEW,Hyderabad,0,0,23
18-12-2022,NEW,Hyderabad,31,0,0
18-12-2022,ACTIVE,Mumbai,8183,0,0
18-12-2022,HOLD,Mumbai,10,0,0
18-12-2022,INACTIVE,Mumbai,0,0,1
18-12-2022,INACTIVE,Mumbai,377,0,0
18-12-2022,NEW,Mumbai,0,6,0
18-12-2022,NEW,Mumbai,0,0,24
18-12-2022,NEW,Mumbai,34,0,0
18-12-2022,ACTIVE,Pune,3102,0,0
18-12-2022,HOLD,Pune,2,0,0
18-12-2022,INACTIVE,Pune,140,0,0
18-12-2022,NEW,Pune,0,4,0
18-12-2022,NEW,Pune,0,0,7
18-12-2022,NEW,Pune,17,0,0
19-12-2022,ACTIVE,Hyderabad,504,0,0
19-12-2022,HOLD,Hyderabad,8,0,0
19-12-2022,INACTIVE,Hyderabad,55,0,0
19-12-2022,NEW,Hyderabad,0,3,0
19-12-2022,NEW,Hyderabad,0,0,3
19-12-2022,NEW,Hyderabad,15,0,0
19-12-2022,ACTIVE,Mumbai,9047,0,0
19-12-2022,HOLD,Mumbai,13,0,0
19-12-2022,INACTIVE,Mumbai,0,0,1
19-12-2022,INACTIVE,Mumbai,402,0,0
19-12-2022,NEW,Mumbai,0,2,0
19-12-2022,NEW,Mumbai,0,0,6
19-12-2022,NEW,Mumbai,49,0,0
19-12-2022,ACTIVE,Pune,3277,0,0
19-12-2022,HOLD,Pune,7,0,0
19-12-2022,INACTIVE,Pune,0,1,0
19-12-2022,INACTIVE,Pune,152,0,0
19-12-2022,NEW,Pune,0,1,0
19-12-2022,NEW,Pune,23,0,0
20-12-2022,ACTIVE,Hyderabad,461,0,0
20-12-2022,HOLD,Hyderabad,13,0,0
20-12-2022,INACTIVE,Hyderabad,59,0,0
20-12-2022,NEW,Hyderabad,0,0,19
20-12-2022,NEW,Hyderabad,25,0,0
20-12-2022,ACTIVE,Mumbai,0,0,1
20-12-2022,ACTIVE,Mumbai,8562,0,0
20-12-2022,HOLD,Mumbai,20,0,0
20-12-2022,INACTIVE,Mumbai,0,3,0
20-12-2022,INACTIVE,Mumbai,0,0,7
20-12-2022,INACTIVE,Mumbai,412,0,0
20-12-2022,NEW,Mumbai,0,1,0
20-12-2022,NEW,Mumbai,0,0,41
20-12-2022,NEW,Mumbai,58,0,0
20-12-2022,ACTIVE,Pune,3165,0,0
20-12-2022,HOLD,Pune,8,0,0
20-12-2022,INACTIVE,Pune,0,0,1
20-12-2022,INACTIVE,Pune,188,0,0
20-12-2022,NEW,Pune,0,2,0
20-12-2022,NEW,Pune,0,0,15
20-12-2022,NEW,Pune,23,0,0
21-12-2022,ACTIVE,Hyderabad,492,0,0
21-12-2022,HOLD,Hyderabad,13,0,0
21-12-2022,INACTIVE,Hyderabad,0,1,0
21-12-2022,INACTIVE,Hyderabad,0,0,1
21-12-2022,INACTIVE,Hyderabad,63,0,0
21-12-2022,NEW,Hyderabad,0,0,16
21-12-2022,NEW,Hyderabad,19,0,0
21-12-2022,ACTIVE,Mumbai,0,2,0
21-12-2022,ACTIVE,Mumbai,0,0,2
21-12-2022,ACTIVE,Mumbai,8748,0,0
21-12-2022,HOLD,Mumbai,17,0,0
21-12-2022,INACTIVE,Mumbai,0,1,0
21-12-2022,INACTIVE,Mumbai,0,0,6
21-12-2022,INACTIVE,Mumbai,422,0,0
21-12-2022,NEW,Mumbai,0,3,0
21-12-2022,NEW,Mumbai,0,0,26
21-12-2022,NEW,Mumbai,51,0,0
21-12-2022,ACTIVE,Pune,0,1,0
21-12-2022,ACTIVE,Pune,3195,0,0
21-12-2022,HOLD,Pune,14,0,0
21-12-2022,INACTIVE,Pune,161,0,0
21-12-2022,NEW,Pune,0,3,0
21-12-2022,NEW,Pune,0,0,7
21-12-2022,NEW,Pune,22,0,0
22-12-2022,ACTIVE,Hyderabad,0,0,1
22-12-2022,ACTIVE,Hyderabad,495,0,0
22-12-2022,HOLD,Hyderabad,12,0,0
22-12-2022,INACTIVE,Hyderabad,0,0,1
22-12-2022,INACTIVE,Hyderabad,49,0,0
22-12-2022,NEW,Hyderabad,0,2,0
22-12-2022,NEW,Hyderabad,0,0,14
22-12-2022,NEW,Hyderabad,18,0,0
22-12-2022,ACTIVE,Mumbai,0,0,1
22-12-2022,ACTIVE,Mumbai,8557,0,0
22-12-2022,HOLD,Mumbai,18,0,0
22-12-2022,INACTIVE,Mumbai,0,1,0
22-12-2022,INACTIVE,Mumbai,0,0,4
22-12-2022,INACTIVE,Mumbai,467,0,0
22-12-2022,NEW,Mumbai,0,7,0
22-12-2022,NEW,Mumbai,0,0,29
22-12-2022,NEW,Mumbai,42,0,0
22-12-2022,ACTIVE,Pune,3177,0,0
22-12-2022,HOLD,Pune,13,0,0
22-12-2022,INACTIVE,Pune,0,1,0
22-12-2022,INACTIVE,Pune,0,0,1
22-12-2022,INACTIVE,Pune,152,0,0
22-12-2022,NEW,Pune,0,2,0
22-12-2022,NEW,Pune,0,0,10
22-12-2022,NEW,Pune,23,0,0
23-12-2022,ACTIVE,Hyderabad,467,0,0
23-12-2022,HOLD,Hyderabad,12,0,0
23-12-2022,INACTIVE,Hyderabad,65,0,0
23-12-2022,NEW,Hyderabad,0,1,0
23-12-2022,NEW,Hyderabad,0,0,22
23-12-2022,NEW,Hyderabad,25,0,0
23-12-2022,ACTIVE,Mumbai,0,1,0
23-12-2022,ACTIVE,Mumbai,0,0,1
23-12-2022,ACTIVE,Mumbai,8483,0,0
23-12-2022,HOLD,Mumbai,18,0,0
23-12-2022,INACTIVE,Mumbai,0,0,2
23-12-2022,INACTIVE,Mumbai,382,0,0
23-12-2022,NEW,Mumbai,0,2,0
23-12-2022,NEW,Mumbai,0,0,30
23-12-2022,NEW,Mumbai,41,0,0
23-12-2022,ACTIVE,Pune,3051,0,0
23-12-2022,HOLD,Pune,15,0,0
23-12-2022,INACTIVE,Pune,0,0,1
23-12-2022,INACTIVE,Pune,146,0,0
23-12-2022,NEW,Pune,0,1,0
23-12-2022,NEW,Pune,0,0,10
23-12-2022,NEW,Pune,15,0,0
24-12-2022,ACTIVE,Hyderabad,0,1,0
24-12-2022,ACTIVE,Hyderabad,455,0,0
24-12-2022,HOLD,Hyderabad,8,0,0
24-12-2022,INACTIVE,Hyderabad,0,0,1
24-12-2022,INACTIVE,Hyderabad,48,0,0
24-12-2022,NEW,Hyderabad,0,3,0
24-12-2022,NEW,Hyderabad,0,0,27
24-12-2022,NEW,Hyderabad,10,0,0
24-12-2022,ACTIVE,Mumbai,0,2,0
24-12-2022,ACTIVE,Mumbai,0,0,1
24-12-2022,ACTIVE,Mumbai,7783,0,0
24-12-2022,HOLD,Mumbai,15,0,0
24-12-2022,INACTIVE,Mumbai,0,0,1
24-12-2022,INACTIVE,Mumbai,365,0,0
24-12-2022,NEW,Mumbai,0,1,0
24-12-2022,NEW,Mumbai,0,0,14
24-12-2022,NEW,Mumbai,55,0,0
24-12-2022,ACTIVE,Pune,0,0,1
24-12-2022,ACTIVE,Pune,2860,0,0
24-12-2022,HOLD,Pune,4,0,0
24-12-2022,INACTIVE,Pune,0,1,0
24-12-2022,INACTIVE,Pune,0,0,1
24-12-2022,INACTIVE,Pune,146,0,0
24-12-2022,NEW,Pune,0,1,0
24-12-2022,NEW,Pune,0,0,9
24-12-2022,NEW,Pune,15,0,0
25-12-2022,ACTIVE,Hyderabad,453,0,0
25-12-2022,HOLD,Hyderabad,9,0,0
25-12-2022,INACTIVE,Hyderabad,53,0,0
25-12-2022,NEW,Hyderabad,0,1,0
25-12-2022,NEW,Hyderabad,0,0,14
25-12-2022,NEW,Hyderabad,24,0,0
25-12-2022,ACTIVE,Mumbai,0,1,0
25-12-2022,ACTIVE,Mumbai,0,0,1
25-12-2022,ACTIVE,Mumbai,7419,0,0
25-12-2022,HOLD,Mumbai,18,0,0
25-12-2022,INACTIVE,Mumbai,0,1,0
25-12-2022,INACTIVE,Mumbai,0,0,2
25-12-2022,INACTIVE,Mumbai,365,0,0
25-12-2022,NEW,Mumbai,0,3,0
25-12-2022,NEW,Mumbai,0,0,28
25-12-2022,NEW,Mumbai,57,0,0
25-12-2022,ACTIVE,Pune,2711,0,0
25-12-2022,HOLD,Pune,8,0,0
25-12-2022,INACTIVE,Pune,0,3,0
25-12-2022,INACTIVE,Pune,0,0,1
25-12-2022,INACTIVE,Pune,146,0,0
25-12-2022,NEW,Pune,0,0,2
25-12-2022,NEW,Pune,17,0,0
26-12-2022,ACTIVE,Hyderabad,453,0,0
26-12-2022,HOLD,Hyderabad,8,0,0
26-12-2022,INACTIVE,Hyderabad,0,1,0
26-12-2022,INACTIVE,Hyderabad,43,0,0
26-12-2022,NEW,Hyderabad,0,2,0
26-12-2022,NEW,Hyderabad,16,0,0
26-12-2022,ACTIVE,Mumbai,0,1,0
26-12-2022,ACTIVE,Mumbai,7861,0,0
26-12-2022,HOLD,Mumbai,18,0,0
26-12-2022,INACTIVE,Mumbai,386,0,0
26-12-2022,NEW,Mumbai,0,1,0
26-12-2022,NEW,Mumbai,0,0,5
26-12-2022,NEW,Mumbai,54,0,0
26-12-2022,ACTIVE,Pune,0,1,0
26-12-2022,ACTIVE,Pune,2810,0,0
26-12-2022,HOLD,Pune,8,0,0
26-12-2022,INACTIVE,Pune,0,1,0
26-12-2022,INACTIVE,Pune,125,0,0
26-12-2022,NEW,Pune,0,1,0
26-12-2022,NEW,Pune,0,0,2
26-12-2022,NEW,Pune,21,0,0
27-12-2022,ACTIVE,Hyderabad,452,0,0
27-12-2022,HOLD,Hyderabad,10,0,0
27-12-2022,INACTIVE,Hyderabad,0,0,2
27-12-2022,INACTIVE,Hyderabad,45,0,0
27-12-2022,NEW,Hyderabad,0,0,19
27-12-2022,NEW,Hyderabad,17,0,0
27-12-2022,ACTIVE,Mumbai,7634,0,0
27-12-2022,HOLD,Mumbai,14,0,0
27-12-2022,INACTIVE,Mumbai,0,2,0
27-12-2022,INACTIVE,Mumbai,0,0,7
27-12-2022,INACTIVE,Mumbai,405,0,0
27-12-2022,NEW,Mumbai,0,8,0
27-12-2022,NEW,Mumbai,0,0,32
27-12-2022,NEW,Mumbai,41,0,0
27-12-2022,ACTIVE,Pune,2727,0,0
27-12-2022,HOLD,Pune,4,0,0
27-12-2022,INACTIVE,Pune,140,0,0
27-12-2022,NEW,Pune,0,0,11
27-12-2022,NEW,Pune,9,0,0
28-12-2022,ACTIVE,Hyderabad,483,0,0
28-12-2022,HOLD,Hyderabad,15,0,0
28-12-2022,INACTIVE,Hyderabad,0,0,1
28-12-2022,INACTIVE,Hyderabad,62,0,0
28-12-2022,NEW,Hyderabad,0,0,24
28-12-2022,NEW,Hyderabad,18,0,0
28-12-2022,ACTIVE,Mumbai,0,1,0
28-12-2022,ACTIVE,Mumbai,0,0,1
28-12-2022,ACTIVE,Mumbai,7652,0,0
28-12-2022,HOLD,Mumbai,21,0,0
28-12-2022,INACTIVE,Mumbai,0,0,3
28-12-2022,INACTIVE,Mumbai,387,0,0
28-12-2022,NEW,Mumbai,0,3,0
28-12-2022,NEW,Mumbai,0,0,26
28-12-2022,NEW,Mumbai,46,0,0
28-12-2022,ACTIVE,Pune,0,0,1
28-12-2022,ACTIVE,Pune,2821,0,0
28-12-2022,HOLD,Pune,4,0,0
28-12-2022,INACTIVE,Pune,0,0,5
28-12-2022,INACTIVE,Pune,120,0,0
28-12-2022,NEW,Pune,0,2,0
28-12-2022,NEW,Pune,0,0,9
28-12-2022,NEW,Pune,14,0,0
29-12-2022,ACTIVE,Hyderabad,492,0,0
29-12-2022,HOLD,Hyderabad,12,0,0
29-12-2022,INACTIVE,Hyderabad,0,0,4
29-12-2022,INACTIVE,Hyderabad,60,0,0
29-12-2022,NEW,Hyderabad,0,0,30
29-12-2022,NEW,Hyderabad,32,0,0
29-12-2022,ACTIVE,Mumbai,0,0,1
29-12-2022,ACTIVE,Mumbai,7660,0,0
29-12-2022,HOLD,Mumbai,14,0,0
29-12-2022,INACTIVE,Mumbai,0,1,0
29-12-2022,INACTIVE,Mumbai,0,0,3
29-12-2022,INACTIVE,Mumbai,430,0,0
29-12-2022,NEW,Mumbai,0,2,0
29-12-2022,NEW,Mumbai,0,0,16
29-12-2022,NEW,Mumbai,39,0,0
29-12-2022,ACTIVE,Pune,2856,0,0
29-12-2022,HOLD,Pune,11,0,0
29-12-2022,INACTIVE,Pune,0,1,0
29-12-2022,INACTIVE,Pune,153,0,0
29-12-2022,NEW,Pune,0,1,0
29-12-2022,NEW,Pune,0,0,14
29-12-2022,NEW,Pune,20,0,0
30-12-2022,ACTIVE,Hyderabad,459,0,0
30-12-2022,HOLD,Hyderabad,9,0,0
30-12-2022,INACTIVE,Hyderabad,0,0,1
30-12-2022,INACTIVE,Hyderabad,58,0,0
30-12-2022,NEW,Hyderabad,0,5,0
30-12-2022,NEW,Hyderabad,0,0,48
30-12-2022,NEW,Hyderabad,94,0,0
30-12-2022,ACTIVE,Mumbai,0,0,1
30-12-2022,ACTIVE,Mumbai,7737,0,0
30-12-2022,HOLD,Mumbai,12,0,0
30-12-2022,INACTIVE,Mumbai,0,0,3
30-12-2022,INACTIVE,Mumbai,369,0,0
30-12-2022,NEW,Mumbai,0,2,0
30-12-2022,NEW,Mumbai,0,0,27
30-12-2022,NEW,Mumbai,31,0,0
30-12-2022,ACTIVE,Pune,2851,0,0
30-12-2022,HOLD,Pune,8,0,0
30-12-2022,INACTIVE,Pune,156,0,0
30-12-2022,NEW,Pune,0,1,0
30-12-2022,NEW,Pune,0,0,5
30-12-2022,NEW,Pune,23,0,0
31-12-2022,ACTIVE,Hyderabad,0,3,0
31-12-2022,ACTIVE,Hyderabad,470,0,0
31-12-2022,HOLD,Hyderabad,12,0,0
31-12-2022,INACTIVE,Hyderabad,0,1,0
31-12-2022,INACTIVE,Hyderabad,65,0,0
31-12-2022,NEW,Hyderabad,0,23,0
31-12-2022,NEW,Hyderabad,0,0,32
31-12-2022,NEW,Hyderabad,44,0,0
31-12-2022,ACTIVE,Mumbai,0,0,1
31-12-2022,ACTIVE,Mumbai,7619,0,0
31-12-2022,HOLD,Mumbai,21,0,0
31-12-2022,INACTIVE,Mumbai,0,2,0
31-12-2022,INACTIVE,Mumbai,0,0,3
31-12-2022,INACTIVE,Mumbai,414,0,0
31-12-2022,NEW,Mumbai,0,3,0
31-12-2022,NEW,Mumbai,0,0,24
31-12-2022,NEW,Mumbai,37,0,0
31-12-2022,ACTIVE,Pune,2869,0,0
31-12-2022,HOLD,Pune,6,0,0
31-12-2022,INACTIVE,Pune,126,0,0
31-12-2022,NEW,Pune,0,1,0
31-12-2022,NEW,Pune,0,0,12
31-12-2022,NEW,Pune,13,0,0
01-01-2023,ACTIVE,Hyderabad,519,0,0
01-01-2023,HOLD,Hyderabad,13,0,0
01-01-2023,INACTIVE,Hyderabad,0,0,1
01-01-2023,INACTIVE,Hyderabad,58,0,0
01-01-2023,NEW,Hyderabad,0,3,0
01-01-2023,NEW,Hyderabad,0,0,9
01-01-2023,NEW,Hyderabad,34,0,0
01-01-2023,ACTIVE,Mumbai,7655,0,0
01-01-2023,HOLD,Mumbai,15,0,0
01-01-2023,INACTIVE,Mumbai,0,1,0
01-01-2023,INACTIVE,Mumbai,0,0,1
01-01-2023,INACTIVE,Mumbai,359,0,0
01-01-2023,NEW,Mumbai,0,2,0
01-01-2023,NEW,Mumbai,0,0,26
01-01-2023,NEW,Mumbai,24,0,0
01-01-2023,ACTIVE,Pune,0,0,1
01-01-2023,ACTIVE,Pune,2899,0,0
01-01-2023,HOLD,Pune,8,0,0
01-01-2023,INACTIVE,Pune,134,0,0
01-01-2023,NEW,Pune,0,0,15
01-01-2023,NEW,Pune,25,0,0
02-01-2023,ACTIVE,Hyderabad,532,0,0
02-01-2023,HOLD,Hyderabad,12,0,0
02-01-2023,INACTIVE,Hyderabad,0,1,0
02-01-2023,INACTIVE,Hyderabad,51,0,0
02-01-2023,NEW,Hyderabad,0,3,0
02-01-2023,NEW,Hyderabad,0,0,2
02-01-2023,NEW,Hyderabad,33,0,0
02-01-2023,ACTIVE,Mumbai,8857,0,0
02-01-2023,HOLD,Mumbai,15,0,0
02-01-2023,INACTIVE,Mumbai,0,3,0
02-01-2023,INACTIVE,Mumbai,0,0,2
02-01-2023,INACTIVE,Mumbai,450,0,0
02-01-2023,NEW,Mumbai,0,3,0
02-01-2023,NEW,Mumbai,0,0,7
02-01-2023,NEW,Mumbai,36,0,0
02-01-2023,ACTIVE,Pune,0,0,1
02-01-2023,ACTIVE,Pune,3217,0,0
02-01-2023,HOLD,Pune,4,0,0
02-01-2023,INACTIVE,Pune,170,0,0
02-01-2023,NEW,Pune,0,2,0
02-01-2023,NEW,Pune,0,0,3
02-01-2023,NEW,Pune,17,0,0
03-01-2023,ACTIVE,Hyderabad,0,1,0
03-01-2023,ACTIVE,Hyderabad,0,0,1
03-01-2023,ACTIVE,Hyderabad,521,0,0
03-01-2023,HOLD,Hyderabad,11,0,0
03-01-2023,INACTIVE,Hyderabad,0,2,0
03-01-2023,INACTIVE,Hyderabad,43,0,0
03-01-2023,NEW,Hyderabad,0,4,0
03-01-2023,NEW,Hyderabad,0,0,28
03-01-2023,NEW,Hyderabad,21,0,0
03-01-2023,ACTIVE,Mumbai,8633,0,0
03-01-2023,HOLD,Mumbai,22,0,0
03-01-2023,INACTIVE,Mumbai,0,0,5
03-01-2023,INACTIVE,Mumbai,443,0,0
03-01-2023,NEW,Mumbai,0,3,0
03-01-2023,NEW,Mumbai,0,0,47
03-01-2023,NEW,Mumbai,53,0,0
03-01-2023,ACTIVE,Pune,3118,0,0
03-01-2023,HOLD,Pune,14,0,0
03-01-2023,INACTIVE,Pune,0,0,2
03-01-2023,INACTIVE,Pune,184,0,0
03-01-2023,NEW,Pune,0,0,11
03-01-2023,NEW,Pune,22,0,0
04-01-2023,ACTIVE,Hyderabad,514,0,0
04-01-2023,HOLD,Hyderabad,13,0,0
04-01-2023,INACTIVE,Hyderabad,68,0,0
04-01-2023,NEW,Hyderabad,0,1,0
04-01-2023,NEW,Hyderabad,0,0,26
04-01-2023,NEW,Hyderabad,24,0,0
04-01-2023,ACTIVE,Mumbai,8945,0,0
04-01-2023,HOLD,Mumbai,22,0,0
04-01-2023,INACTIVE,Mumbai,0,1,0
04-01-2023,INACTIVE,Mumbai,0,0,3
04-01-2023,INACTIVE,Mumbai,492,0,0
04-01-2023,NEW,Mumbai,0,3,0
04-01-2023,NEW,Mumbai,0,0,36
04-01-2023,NEW,Mumbai,41,0,0
04-01-2023,ACTIVE,Pune,3303,0,0
04-01-2023,HOLD,Pune,13,0,0
04-01-2023,INACTIVE,Pune,0,1,0
04-01-2023,INACTIVE,Pune,0,0,1
04-01-2023,INACTIVE,Pune,171,0,0
04-01-2023,NEW,Pune,0,0,6
04-01-2023,NEW,Pune,21,0,0
05-01-2023,ACTIVE,Hyderabad,0,1,0
05-01-2023,ACTIVE,Hyderabad,532,0,0
05-01-2023,HOLD,Hyderabad,14,0,0
05-01-2023,INACTIVE,Hyderabad,0,1,0
05-01-2023,INACTIVE,Hyderabad,0,0,1
05-01-2023,INACTIVE,Hyderabad,71,0,0
05-01-2023,NEW,Hyderabad,0,2,0
05-01-2023,NEW,Hyderabad,0,0,22
05-01-2023,NEW,Hyderabad,25,0,0
05-01-2023,ACTIVE,Mumbai,0,0,2
05-01-2023,ACTIVE,Mumbai,8901,0,0
05-01-2023,HOLD,Mumbai,20,0,0
05-01-2023,INACTIVE,Mumbai,0,0,2
05-01-2023,INACTIVE,Mumbai,458,0,0
05-01-2023,NEW,Mumbai,0,3,0
05-01-2023,NEW,Mumbai,0,0,28
05-01-2023,NEW,Mumbai,52,0,0
05-01-2023,ACTIVE,Pune,3266,0,0
05-01-2023,HOLD,Pune,8,0,0
05-01-2023,INACTIVE,Pune,0,1,0
05-01-2023,INACTIVE,Pune,0,0,3
05-01-2023,INACTIVE,Pune,159,0,0
05-01-2023,NEW,Pune,0,1,0
05-01-2023,NEW,Pune,0,0,22
05-01-2023,NEW,Pune,20,0,0
06-01-2023,ACTIVE,Hyderabad,0,5,0
06-01-2023,ACTIVE,Hyderabad,529,0,0
06-01-2023,HOLD,Hyderabad,17,0,0
06-01-2023,INACTIVE,Hyderabad,61,0,0
06-01-2023,NEW,Hyderabad,0,2,0
06-01-2023,NEW,Hyderabad,0,0,14
06-01-2023,NEW,Hyderabad,35,0,0
06-01-2023,ACTIVE,Mumbai,9085,0,0
06-01-2023,HOLD,Mumbai,14,0,0
06-01-2023,INACTIVE,Mumbai,0,0,4
06-01-2023,INACTIVE,Mumbai,450,0,0
06-01-2023,NEW,Mumbai,0,3,0
06-01-2023,NEW,Mumbai,0,0,35
06-01-2023,NEW,Mumbai,46,0,0
06-01-2023,ACTIVE,Pune,3295,0,0
06-01-2023,HOLD,Pune,16,0,0
06-01-2023,INACTIVE,Pune,0,1,0
06-01-2023,INACTIVE,Pune,0,0,1
06-01-2023,INACTIVE,Pune,168,0,0
06-01-2023,NEW,Pune,0,1,0
06-01-2023,NEW,Pune,0,0,17
06-01-2023,NEW,Pune,29,0,0
07-01-2023,ACTIVE,Hyderabad,509,0,0
07-01-2023,HOLD,Hyderabad,14,0,0
07-01-2023,INACTIVE,Hyderabad,63,0,0
07-01-2023,NEW,Hyderabad,0,4,0
07-01-2023,NEW,Hyderabad,0,0,25
07-01-2023,NEW,Hyderabad,15,0,0
07-01-2023,ACTIVE,Mumbai,8614,0,0
07-01-2023,HOLD,Mumbai,11,0,0
07-01-2023,INACTIVE,Mumbai,0,0,4
07-01-2023,INACTIVE,Mumbai,464,0,0
07-01-2023,NEW,Mumbai,0,6,0
07-01-2023,NEW,Mumbai,0,0,31
07-01-2023,NEW,Mumbai,44,0,0
07-01-2023,ACTIVE,Pune,3213,0,0
07-01-2023,HOLD,Pune,15,0,0
07-01-2023,INACTIVE,Pune,0,1,0
07-01-2023,INACTIVE,Pune,0,0,1
07-01-2023,INACTIVE,Pune,165,0,0
07-01-2023,NEW,Pune,0,1,0
07-01-2023,NEW,Pune,0,0,14
07-01-2023,NEW,Pune,28,0,0
08-01-2023,ACTIVE,Hyderabad,549,0,0
08-01-2023,HOLD,Hyderabad,13,0,0
08-01-2023,INACTIVE,Hyderabad,64,0,0
08-01-2023,NEW,Hyderabad,0,1,0
08-01-2023,NEW,Hyderabad,0,0,26
08-01-2023,NEW,Hyderabad,32,0,0
08-01-2023,ACTIVE,Mumbai,8475,0,0
08-01-2023,HOLD,Mumbai,23,0,0
08-01-2023,INACTIVE,Mumbai,0,1,0
08-01-2023,INACTIVE,Mumbai,0,0,2
08-01-2023,INACTIVE,Mumbai,395,0,0
08-01-2023,NEW,Mumbai,0,1,0
08-01-2023,NEW,Mumbai,0,0,27
08-01-2023,NEW,Mumbai,58,0,0
08-01-2023,ACTIVE,Pune,0,1,0
08-01-2023,ACTIVE,Pune,3195,0,0
08-01-2023,HOLD,Pune,7,0,0
08-01-2023,INACTIVE,Pune,169,0,0
08-01-2023,NEW,Pune,0,5,0
08-01-2023,NEW,Pune,0,0,13
08-01-2023,NEW,Pune,27,0,0
09-01-2023,ACTIVE,Hyderabad,516,0,0
09-01-2023,HOLD,Hyderabad,12,0,0
09-01-2023,INACTIVE,Hyderabad,61,0,0
09-01-2023,NEW,Hyderabad,0,2,0
09-01-2023,NEW,Hyderabad,0,0,3
09-01-2023,NEW,Hyderabad,30,0,0
09-01-2023,ACTIVE,Mumbai,0,0,1
09-01-2023,ACTIVE,Mumbai,9170,0,0
09-01-2023,HOLD,Mumbai,18,0,0
09-01-2023,INACTIVE,Mumbai,0,1,0
09-01-2023,INACTIVE,Mumbai,472,0,0
09-01-2023,NEW,Mumbai,0,4,0
09-01-2023,NEW,Mumbai,0,0,5
09-01-2023,NEW,Mumbai,54,0,0
09-01-2023,ACTIVE,Pune,0,1,0
09-01-2023,ACTIVE,Pune,3407,0,0
09-01-2023,HOLD,Pune,12,0,0
09-01-2023,INACTIVE,Pune,155,0,0
09-01-2023,NEW,Pune,0,2,0
09-01-2023,NEW,Pune,0,0,12
09-01-2023,NEW,Pune,32,0,0
10-01-2023,ACTIVE,Hyderabad,0,1,0
10-01-2023,ACTIVE,Hyderabad,507,0,0
10-01-2023,HOLD,Hyderabad,11,0,0
10-01-2023,INACTIVE,Hyderabad,0,1,0
10-01-2023,INACTIVE,Hyderabad,0,0,3
10-01-2023,INACTIVE,Hyderabad,66,0,0
10-01-2023,NEW,Hyderabad,0,0,20
10-01-2023,NEW,Hyderabad,23,0,0
10-01-2023,ACTIVE,Mumbai,0,1,0
10-01-2023,ACTIVE,Mumbai,0,0,1
10-01-2023,ACTIVE,Mumbai,8972,0,0
10-01-2023,HOLD,Mumbai,17,0,0
10-01-2023,INACTIVE,Mumbai,0,1,0
10-01-2023,INACTIVE,Mumbai,0,0,3
10-01-2023,INACTIVE,Mumbai,446,0,0
10-01-2023,NEW,Mumbai,0,2,0
10-01-2023,NEW,Mumbai,0,0,29
10-01-2023,NEW,Mumbai,61,0,0
10-01-2023,ACTIVE,Pune,3362,0,0
10-01-2023,HOLD,Pune,9,0,0
10-01-2023,INACTIVE,Pune,0,0,1
10-01-2023,INACTIVE,Pune,179,0,0
10-01-2023,NEW,Pune,0,1,0
10-01-2023,NEW,Pune,0,0,17
10-01-2023,NEW,Pune,38,0,0
11-01-2023,ACTIVE,Hyderabad,0,2,0
11-01-2023,ACTIVE,Hyderabad,518,0,0
11-01-2023,HOLD,Hyderabad,12,0,0
11-01-2023,INACTIVE,Hyderabad,62,0,0
11-01-2023,NEW,Hyderabad,0,7,0
11-01-2023,NEW,Hyderabad,0,0,28
11-01-2023,NEW,Hyderabad,38,0,0
11-01-2023,ACTIVE,Mumbai,9069,0,0
11-01-2023,HOLD,Mumbai,28,0,0
11-01-2023,INACTIVE,Mumbai,0,1,0
11-01-2023,INACTIVE,Mumbai,0,0,1
11-01-2023,INACTIVE,Mumbai,479,0,0
11-01-2023,NEW,Mumbai,0,3,0
11-01-2023,NEW,Mumbai,0,0,27
11-01-2023,NEW,Mumbai,44,0,0
11-01-2023,ACTIVE,Pune,0,1,0
11-01-2023,ACTIVE,Pune,3444,0,0
11-01-2023,HOLD,Pune,12,0,0
11-01-2023,INACTIVE,Pune,0,0,1
11-01-2023,INACTIVE,Pune,173,0,0
11-01-2023,NEW,Pune,0,2,0
11-01-2023,NEW,Pune,0,0,17
11-01-2023,NEW,Pune,25,0,0
12-01-2023,ACTIVE,Hyderabad,511,0,0
12-01-2023,HOLD,Hyderabad,13,0,0
12-01-2023,INACTIVE,Hyderabad,0,0,3
12-01-2023,INACTIVE,Hyderabad,59,0,0
12-01-2023,NEW,Hyderabad,0,3,0
12-01-2023,NEW,Hyderabad,0,0,24
12-01-2023,NEW,Hyderabad,39,0,0
12-01-2023,ACTIVE,Mumbai,9043,0,0
12-01-2023,HOLD,Mumbai,16,0,0
12-01-2023,INACTIVE,Mumbai,0,2,0
12-01-2023,INACTIVE,Mumbai,0,0,1
12-01-2023,INACTIVE,Mumbai,437,0,0
12-01-2023,NEW,Mumbai,0,3,0
12-01-2023,NEW,Mumbai,0,0,24
12-01-2023,NEW,Mumbai,54,0,0
12-01-2023,ACTIVE,Pune,3341,0,0
12-01-2023,HOLD,Pune,16,0,0
12-01-2023,INACTIVE,Pune,0,0,1
12-01-2023,INACTIVE,Pune,164,0,0
12-01-2023,NEW,Pune,0,1,0
12-01-2023,NEW,Pune,0,0,13
12-01-2023,NEW,Pune,26,0,0
13-01-2023,ACTIVE,Hyderabad,515,0,0
13-01-2023,HOLD,Hyderabad,13,0,0
13-01-2023,INACTIVE,Hyderabad,46,0,0
13-01-2023,NEW,Hyderabad,0,2,0
13-01-2023,NEW,Hyderabad,0,0,20
13-01-2023,NEW,Hyderabad,20,0,0
13-01-2023,ACTIVE,Mumbai,8921,0,0
13-01-2023,HOLD,Mumbai,13,0,0
13-01-2023,INACTIVE,Mumbai,0,0,7
13-01-2023,INACTIVE,Mumbai,473,0,0
13-01-2023,NEW,Mumbai,0,9,0
13-01-2023,NEW,Mumbai,0,0,28
13-01-2023,NEW,Mumbai,56,0,0
13-01-2023,ACTIVE,Pune,0,1,0
13-01-2023,ACTIVE,Pune,0,0,1
13-01-2023,ACTIVE,Pune,3443,0,0
13-01-2023,HOLD,Pune,9,0,0
13-01-2023,INACTIVE,Pune,0,0,1
13-01-2023,INACTIVE,Pune,195,0,0
13-01-2023,NEW,Pune,0,3,0
13-01-2023,NEW,Pune,0,0,12
13-01-2023,NEW,Pune,46,0,0
14-01-2023,ACTIVE,Hyderabad,480,0,0
14-01-2023,HOLD,Hyderabad,15,0,0
14-01-2023,INACTIVE,Hyderabad,0,0,1
14-01-2023,INACTIVE,Hyderabad,61,0,0
14-01-2023,NEW,Hyderabad,0,3,0
14-01-2023,NEW,Hyderabad,0,0,20
14-01-2023,NEW,Hyderabad,32,0,0
14-01-2023,ACTIVE,Mumbai,0,1,0
14-01-2023,ACTIVE,Mumbai,8683,0,0
14-01-2023,HOLD,Mumbai,29,0,0
14-01-2023,INACTIVE,Mumbai,0,1,0
14-01-2023,INACTIVE,Mumbai,0,0,3
14-01-2023,INACTIVE,Mumbai,393,0,0
14-01-2023,NEW,Mumbai,0,2,0
14-01-2023,NEW,Mumbai,0,0,22
14-01-2023,NEW,Mumbai,55,0,0
14-01-2023,ACTIVE,Pune,0,0,261
14-01-2023,ACTIVE,Pune,3217,0,0
14-01-2023,HOLD,Pune,7,0,0
14-01-2023,INACTIVE,Pune,0,0,2
14-01-2023,INACTIVE,Pune,193,0,0
14-01-2023,NEW,Pune,0,1,0
14-01-2023,NEW,Pune,0,0,10
14-01-2023,NEW,Pune,30,0,0
15-01-2023,ACTIVE,Hyderabad,0,0,1
15-01-2023,ACTIVE,Hyderabad,503,0,0
15-01-2023,HOLD,Hyderabad,6,0,0
15-01-2023,INACTIVE,Hyderabad,66,0,0
15-01-2023,NEW,Hyderabad,0,0,18
15-01-2023,NEW,Hyderabad,22,0,0
15-01-2023,ACTIVE,Mumbai,0,1,0
15-01-2023,ACTIVE,Mumbai,0,0,350
15-01-2023,ACTIVE,Mumbai,8489,0,0
15-01-2023,HOLD,Mumbai,15,0,0
15-01-2023,INACTIVE,Mumbai,0,2,0
15-01-2023,INACTIVE,Mumbai,0,0,1
15-01-2023,INACTIVE,Mumbai,418,0,0
15-01-2023,NEW,Mumbai,0,4,0
15-01-2023,NEW,Mumbai,0,0,20
15-01-2023,NEW,Mumbai,42,0,0
15-01-2023,ACTIVE,Pune,0,0,80
15-01-2023,ACTIVE,Pune,3244,0,0
15-01-2023,HOLD,Pune,7,0,0
15-01-2023,INACTIVE,Pune,0,0,1
15-01-2023,INACTIVE,Pune,193,0,0
15-01-2023,NEW,Pune,0,1,0
15-01-2023,NEW,Pune,0,0,10
15-01-2023,NEW,Pune,20,0,0
16-01-2023,ACTIVE,Hyderabad,486,0,0
16-01-2023,HOLD,Hyderabad,17,0,0
16-01-2023,INACTIVE,Hyderabad,53,0,0
16-01-2023,NEW,Hyderabad,0,2,0
16-01-2023,NEW,Hyderabad,0,0,2
16-01-2023,NEW,Hyderabad,19,0,0
16-01-2023,ACTIVE,Mumbai,9092,0,0
16-01-2023,HOLD,Mumbai,24,0,0
16-01-2023,INACTIVE,Mumbai,455,0,0
16-01-2023,NEW,Mumbai,0,5,0
16-01-2023,NEW,Mumbai,0,0,4
16-01-2023,NEW,Mumbai,36,0,0
16-01-2023,ACTIVE,Pune,3357,0,0
16-01-2023,HOLD,Pune,12,0,0
16-01-2023,INACTIVE,Pune,170,0,0
16-01-2023,NEW,Pune,0,0,4
16-01-2023,NEW,Pune,29,0,0
17-01-2023,ACTIVE,Hyderabad,507,0,0
17-01-2023,HOLD,Hyderabad,10,0,0
17-01-2023,INACTIVE,Hyderabad,0,1,0
17-01-2023,INACTIVE,Hyderabad,66,0,0
17-01-2023,NEW,Hyderabad,0,1,0
17-01-2023,NEW,Hyderabad,0,0,13
17-01-2023,NEW,Hyderabad,39,0,0
17-01-2023,ACTIVE,Mumbai,0,0,329
17-01-2023,ACTIVE,Mumbai,8763,0,0
17-01-2023,HOLD,Mumbai,9,0,0
17-01-2023,INACTIVE,Mumbai,0,0,3
17-01-2023,INACTIVE,Mumbai,489,0,0
17-01-2023,NEW,Mumbai,0,2,0
17-01-2023,NEW,Mumbai,0,0,32
17-01-2023,NEW,Mumbai,39,0,0
17-01-2023,ACTIVE,Pune,3327,0,0
17-01-2023,HOLD,Pune,14,0,0
17-01-2023,INACTIVE,Pune,0,0,1
17-01-2023,INACTIVE,Pune,156,0,0
17-01-2023,NEW,Pune,0,2,0
17-01-2023,NEW,Pune,0,0,4
17-01-2023,NEW,Pune,30,0,0
18-01-2023,ACTIVE,Hyderabad,530,0,0
18-01-2023,HOLD,Hyderabad,13,0,0
18-01-2023,INACTIVE,Hyderabad,0,1,0
18-01-2023,INACTIVE,Hyderabad,0,0,1
18-01-2023,INACTIVE,Hyderabad,82,0,0
18-01-2023,NEW,Hyderabad,0,3,0
18-01-2023,NEW,Hyderabad,0,0,6
18-01-2023,NEW,Hyderabad,27,0,0
18-01-2023,ACTIVE,Mumbai,0,1,0
18-01-2023,ACTIVE,Mumbai,8931,0,0
18-01-2023,HOLD,Mumbai,23,0,0
18-01-2023,INACTIVE,Mumbai,0,2,0
18-01-2023,INACTIVE,Mumbai,434,0,0
18-01-2023,NEW,Mumbai,0,3,0
18-01-2023,NEW,Mumbai,0,0,21
18-01-2023,NEW,Mumbai,66,0,0
18-01-2023,ACTIVE,Pune,3283,0,0
18-01-2023,HOLD,Pune,9,0,0
18-01-2023,INACTIVE,Pune,0,0,1
18-01-2023,INACTIVE,Pune,210,0,0
18-01-2023,NEW,Pune,0,2,0
18-01-2023,NEW,Pune,0,0,12
18-01-2023,NEW,Pune,26,0,0
19-01-2023,ACTIVE,Hyderabad,0,0,1
19-01-2023,ACTIVE,Hyderabad,544,0,0
19-01-2023,HOLD,Hyderabad,10,0,0
19-01-2023,INACTIVE,Hyderabad,66,0,0
19-01-2023,NEW,Hyderabad,0,4,0
19-01-2023,NEW,Hyderabad,0,0,7
19-01-2023,NEW,Hyderabad,27,0,0
19-01-2023,ACTIVE,Mumbai,0,1,0
19-01-2023,ACTIVE,Mumbai,0,0,1
19-01-2023,ACTIVE,Mumbai,8871,0,0
19-01-2023,HOLD,Mumbai,20,0,0
19-01-2023,INACTIVE,Mumbai,0,1,0
19-01-2023,INACTIVE,Mumbai,479,0,0
19-01-2023,NEW,Mumbai,0,2,0
19-01-2023,NEW,Mumbai,0,0,26
19-01-2023,NEW,Mumbai,60,0,0
19-01-2023,ACTIVE,Pune,0,1,0
19-01-2023,ACTIVE,Pune,3313,0,0
19-01-2023,HOLD,Pune,5,0,0
19-01-2023,INACTIVE,Pune,191,0,0
19-01-2023,NEW,Pune,0,1,0
19-01-2023,NEW,Pune,0,0,10
19-01-2023,NEW,Pune,34,0,0
20-01-2023,ACTIVE,Hyderabad,0,1,0
20-01-2023,ACTIVE,Hyderabad,0,0,1
20-01-2023,ACTIVE,Hyderabad,555,0,0
20-01-2023,HOLD,Hyderabad,17,0,0
20-01-2023,INACTIVE,Hyderabad,59,0,0
20-01-2023,NEW,Hyderabad,0,1,0
20-01-2023,NEW,Hyderabad,0,0,14
20-01-2023,NEW,Hyderabad,36,0,0
20-01-2023,ACTIVE,Mumbai,0,0,244
20-01-2023,ACTIVE,Mumbai,8973,0,0
20-01-2023,HOLD,Mumbai,11,0,0
20-01-2023,INACTIVE,Mumbai,0,1,0
20-01-2023,INACTIVE,Mumbai,0,0,1
20-01-2023,INACTIVE,Mumbai,469,0,0
20-01-2023,NEW,Mumbai,0,6,0
20-01-2023,NEW,Mumbai,0,0,18
20-01-2023,NEW,Mumbai,43,0,0
20-01-2023,ACTIVE,Pune,3304,0,0
20-01-2023,HOLD,Pune,4,0,0
20-01-2023,INACTIVE,Pune,0,0,1
20-01-2023,INACTIVE,Pune,174,0,0
20-01-2023,NEW,Pune,0,1,0
20-01-2023,NEW,Pune,0,0,6
20-01-2023,NEW,Pune,20,0,0
21-01-2023,ACTIVE,Hyderabad,560,0,0
21-01-2023,HOLD,Hyderabad,14,0,0
21-01-2023,INACTIVE,Hyderabad,72,0,0
21-01-2023,NEW,Hyderabad,0,3,0
21-01-2023,NEW,Hyderabad,0,0,7
21-01-2023,NEW,Hyderabad,29,0,0
21-01-2023,ACTIVE,Mumbai,0,2,0
21-01-2023,ACTIVE,Mumbai,8548,0,0
21-01-2023,HOLD,Mumbai,17,0,0
21-01-2023,INACTIVE,Mumbai,0,1,0
21-01-2023,INACTIVE,Mumbai,0,0,1
21-01-2023,INACTIVE,Mumbai,431,0,0
21-01-2023,NEW,Mumbai,0,3,0
21-01-2023,NEW,Mumbai,0,0,13
21-01-2023,NEW,Mumbai,56,0,0
21-01-2023,ACTIVE,Pune,3243,0,0
21-01-2023,HOLD,Pune,12,0,0
21-01-2023,INACTIVE,Pune,172,0,0
21-01-2023,NEW,Pune,0,4,0
21-01-2023,NEW,Pune,0,0,3
21-01-2023,NEW,Pune,29,0,0
22-01-2023,ACTIVE,Hyderabad,536,0,0
22-01-2023,HOLD,Hyderabad,10,0,0
22-01-2023,INACTIVE,Hyderabad,0,2,0
22-01-2023,INACTIVE,Hyderabad,63,0,0
22-01-2023,NEW,Hyderabad,0,3,0
22-01-2023,NEW,Hyderabad,0,0,8
22-01-2023,NEW,Hyderabad,26,0,0
22-01-2023,ACTIVE,Mumbai,8365,0,0
22-01-2023,HOLD,Mumbai,15,0,0
22-01-2023,INACTIVE,Mumbai,0,1,0
22-01-2023,INACTIVE,Mumbai,0,0,1
22-01-2023,INACTIVE,Mumbai,414,0,0
22-01-2023,NEW,Mumbai,0,6,0
22-01-2023,NEW,Mumbai,0,0,19
22-01-2023,NEW,Mumbai,44,0,0
22-01-2023,ACTIVE,Pune,3064,0,0
22-01-2023,HOLD,Pune,7,0,0
22-01-2023,INACTIVE,Pune,143,0,0
22-01-2023,NEW,Pune,0,0,3
22-01-2023,NEW,Pune,12,0,0
23-01-2023,ACTIVE,Hyderabad,601,0,0
23-01-2023,HOLD,Hyderabad,9,0,0
23-01-2023,INACTIVE,Hyderabad,55,0,0
23-01-2023,NEW,Hyderabad,0,5,0
23-01-2023,NEW,Hyderabad,0,0,3
23-01-2023,NEW,Hyderabad,30,0,0
23-01-2023,ACTIVE,Mumbai,9084,0,0
23-01-2023,HOLD,Mumbai,30,0,0
23-01-2023,INACTIVE,Mumbai,0,0,2
23-01-2023,INACTIVE,Mumbai,419,0,0
23-01-2023,NEW,Mumbai,0,4,0
23-01-2023,NEW,Mumbai,0,0,2
23-01-2023,NEW,Mumbai,42,0,0
23-01-2023,ACTIVE,Pune,3375,0,0
23-01-2023,HOLD,Pune,5,0,0
23-01-2023,INACTIVE,Pune,0,0,1
23-01-2023,INACTIVE,Pune,192,0,0
23-01-2023,NEW,Pune,0,1,0
23-01-2023,NEW,Pune,0,0,2
23-01-2023,NEW,Pune,17,0,0
24-01-2023,ACTIVE,Hyderabad,0,0,1
24-01-2023,ACTIVE,Hyderabad,553,0,0
24-01-2023,HOLD,Hyderabad,9,0,0
24-01-2023,INACTIVE,Hyderabad,0,1,0
24-01-2023,INACTIVE,Hyderabad,62,0,0
24-01-2023,NEW,Hyderabad,0,4,0
24-01-2023,NEW,Hyderabad,0,0,12
24-01-2023,NEW,Hyderabad,29,0,0
24-01-2023,ACTIVE,Mumbai,8627,0,0
24-01-2023,HOLD,Mumbai,14,0,0
24-01-2023,INACTIVE,Mumbai,0,0,3
24-01-2023,INACTIVE,Mumbai,484,0,0
24-01-2023,NEW,Mumbai,0,3,0
24-01-2023,NEW,Mumbai,0,0,28
24-01-2023,NEW,Mumbai,60,0,0
24-01-2023,ACTIVE,Pune,3225,0,0
24-01-2023,HOLD,Pune,9,0,0
24-01-2023,INACTIVE,Pune,0,2,0
24-01-2023,INACTIVE,Pune,0,0,2
24-01-2023,INACTIVE,Pune,166,0,0
24-01-2023,NEW,Pune,0,1,0
24-01-2023,NEW,Pune,0,0,7
24-01-2023,NEW,Pune,26,0,0
25-01-2023,ACTIVE,Hyderabad,542,0,0
25-01-2023,HOLD,Hyderabad,21,0,0
25-01-2023,INACTIVE,Hyderabad,0,1,0
25-01-2023,INACTIVE,Hyderabad,61,0,0
25-01-2023,NEW,Hyderabad,0,1,0
25-01-2023,NEW,Hyderabad,0,0,8
25-01-2023,NEW,Hyderabad,43,0,0
25-01-2023,ACTIVE,Mumbai,0,0,201
25-01-2023,ACTIVE,Mumbai,8758,0,0
25-01-2023,HOLD,Mumbai,0,0,1
25-01-2023,HOLD,Mumbai,23,0,0
25-01-2023,INACTIVE,Mumbai,0,1,0
25-01-2023,INACTIVE,Mumbai,0,0,2
25-01-2023,INACTIVE,Mumbai,410,0,0
25-01-2023,NEW,Mumbai,0,3,0
25-01-2023,NEW,Mumbai,0,0,20
25-01-2023,NEW,Mumbai,70,0,0
25-01-2023,ACTIVE,Pune,0,1,0
25-01-2023,ACTIVE,Pune,3308,0,0
25-01-2023,HOLD,Pune,7,0,0
25-01-2023,INACTIVE,Pune,0,0,2
25-01-2023,INACTIVE,Pune,170,0,0
25-01-2023,NEW,Pune,0,2,0
25-01-2023,NEW,Pune,0,0,6
25-01-2023,NEW,Pune,27,0,0
26-01-2023,ACTIVE,Hyderabad,537,0,0
26-01-2023,HOLD,Hyderabad,8,0,0
26-01-2023,INACTIVE,Hyderabad,74,0,0
26-01-2023,NEW,Hyderabad,0,3,0
26-01-2023,NEW,Hyderabad,0,0,7
26-01-2023,NEW,Hyderabad,35,0,0
26-01-2023,ACTIVE,Mumbai,0,1,0
26-01-2023,ACTIVE,Mumbai,0,0,3
26-01-2023,ACTIVE,Mumbai,8448,0,0
26-01-2023,HOLD,Mumbai,16,0,0
26-01-2023,INACTIVE,Mumbai,0,3,0
26-01-2023,INACTIVE,Mumbai,0,0,1
26-01-2023,INACTIVE,Mumbai,442,0,0
26-01-2023,NEW,Mumbai,0,0,29
26-01-2023,NEW,Mumbai,53,0,0
26-01-2023,ACTIVE,Pune,0,0,28
26-01-2023,ACTIVE,Pune,3192,0,0
26-01-2023,HOLD,Pune,7,0,0
26-01-2023,INACTIVE,Pune,0,1,0
26-01-2023,INACTIVE,Pune,161,0,0
26-01-2023,NEW,Pune,0,3,0
26-01-2023,NEW,Pune,0,0,6
26-01-2023,NEW,Pune,24,0,0
27-01-2023,ACTIVE,Hyderabad,533,0,0
27-01-2023,HOLD,Hyderabad,12,0,0
27-01-2023,INACTIVE,Hyderabad,70,0,0
27-01-2023,NEW,Hyderabad,0,4,0
27-01-2023,NEW,Hyderabad,44,0,0
27-01-2023,ACTIVE,Mumbai,8355,0,0
27-01-2023,HOLD,Mumbai,21,0,0
27-01-2023,INACTIVE,Mumbai,397,0,0
27-01-2023,NEW,Mumbai,0,8,0
27-01-2023,NEW,Mumbai,0,0,3
27-01-2023,NEW,Mumbai,49,0,0
27-01-2023,ACTIVE,Pune,3126,0,0
27-01-2023,HOLD,Pune,12,0,0
27-01-2023,INACTIVE,Pune,0,0,1
27-01-2023,INACTIVE,Pune,169,0,0
27-01-2023,NEW,Pune,0,2,0
27-01-2023,NEW,Pune,0,0,6
27-01-2023,NEW,Pune,19,0,0
28-01-2023,ACTIVE,Hyderabad,537,0,0
28-01-2023,HOLD,Hyderabad,10,0,0
28-01-2023,INACTIVE,Hyderabad,0,1,0
28-01-2023,INACTIVE,Hyderabad,85,0,0
28-01-2023,NEW,Hyderabad,0,3,0
28-01-2023,NEW,Hyderabad,0,0,17
28-01-2023,NEW,Hyderabad,24,0,0
28-01-2023,ACTIVE,Mumbai,0,1,0
28-01-2023,ACTIVE,Mumbai,8048,0,0
28-01-2023,HOLD,Mumbai,11,0,0
28-01-2023,INACTIVE,Mumbai,0,0,1
28-01-2023,INACTIVE,Mumbai,456,0,0
28-01-2023,NEW,Mumbai,0,3,0
28-01-2023,NEW,Mumbai,0,0,28
28-01-2023,NEW,Mumbai,53,0,0
28-01-2023,ACTIVE,Pune,0,1,0
28-01-2023,ACTIVE,Pune,2989,0,0
28-01-2023,HOLD,Pune,7,0,0
28-01-2023,INACTIVE,Pune,160,0,0
28-01-2023,NEW,Pune,0,2,0
28-01-2023,NEW,Pune,0,0,13
28-01-2023,NEW,Pune,16,0,0
29-01-2023,ACTIVE,Hyderabad,0,1,0
29-01-2023,ACTIVE,Hyderabad,518,0,0
29-01-2023,HOLD,Hyderabad,11,0,0
29-01-2023,INACTIVE,Hyderabad,0,1,0
29-01-2023,INACTIVE,Hyderabad,61,0,0
29-01-2023,NEW,Hyderabad,0,3,0
29-01-2023,NEW,Hyderabad,0,0,9
29-01-2023,NEW,Hyderabad,40,0,0
29-01-2023,ACTIVE,Mumbai,0,2,0
29-01-2023,ACTIVE,Mumbai,0,0,2
29-01-2023,ACTIVE,Mumbai,8025,0,0
29-01-2023,HOLD,Mumbai,18,0,0
29-01-2023,INACTIVE,Mumbai,0,1,0
29-01-2023,INACTIVE,Mumbai,0,0,1
29-01-2023,INACTIVE,Mumbai,404,0,0
29-01-2023,NEW,Mumbai,0,4,0
29-01-2023,NEW,Mumbai,0,0,18
29-01-2023,NEW,Mumbai,59,0,0
29-01-2023,ACTIVE,Pune,0,1,0
29-01-2023,ACTIVE,Pune,3049,0,0
29-01-2023,HOLD,Pune,4,0,0
29-01-2023,INACTIVE,Pune,0,1,0
29-01-2023,INACTIVE,Pune,0,0,1
29-01-2023,INACTIVE,Pune,143,0,0
29-01-2023,NEW,Pune,0,3,0
29-01-2023,NEW,Pune,0,0,4
29-01-2023,NEW,Pune,25,0,0
30-01-2023,ACTIVE,Hyderabad,568,0,0
30-01-2023,HOLD,Hyderabad,13,0,0
30-01-2023,INACTIVE,Hyderabad,0,4,0
30-01-2023,INACTIVE,Hyderabad,88,0,0
30-01-2023,NEW,Hyderabad,0,6,0
30-01-2023,NEW,Hyderabad,0,0,3
30-01-2023,NEW,Hyderabad,83,0,0
30-01-2023,ACTIVE,Mumbai,8929,0,0
30-01-2023,HOLD,Mumbai,12,0,0
30-01-2023,INACTIVE,Mumbai,0,1,0
30-01-2023,INACTIVE,Mumbai,481,0,0
30-01-2023,NEW,Mumbai,0,5,0
30-01-2023,NEW,Mumbai,0,0,2
30-01-2023,NEW,Mumbai,50,0,0
30-01-2023,ACTIVE,Pune,3247,0,0
30-01-2023,HOLD,Pune,11,0,0
30-01-2023,INACTIVE,Pune,0,1,0
30-01-2023,INACTIVE,Pune,149,0,0
30-01-2023,NEW,Pune,0,1,0
30-01-2023,NEW,Pune,0,0,3
30-01-2023,NEW,Pune,30,0,0
31-01-2023,ACTIVE,Hyderabad,0,1,0
31-01-2023,ACTIVE,Hyderabad,0,0,1
31-01-2023,ACTIVE,Hyderabad,542,0,0
31-01-2023,HOLD,Hyderabad,13,0,0
31-01-2023,INACTIVE,Hyderabad,0,0,1
31-01-2023,INACTIVE,Hyderabad,70,0,0
31-01-2023,NEW,Hyderabad,0,16,0
31-01-2023,NEW,Hyderabad,0,0,11
31-01-2023,NEW,Hyderabad,87,0,0
31-01-2023,ACTIVE,Mumbai,0,0,88
31-01-2023,ACTIVE,Mumbai,8646,0,0
31-01-2023,HOLD,Mumbai,19,0,0
31-01-2023,INACTIVE,Mumbai,0,1,0
31-01-2023,INACTIVE,Mumbai,0,0,2
31-01-2023,INACTIVE,Mumbai,456,0,0
31-01-2023,NEW,Mumbai,0,4,0
31-01-2023,NEW,Mumbai,0,0,29
31-01-2023,NEW,Mumbai,79,0,0
31-01-2023,ACTIVE,Pune,3250,0,0
31-01-2023,HOLD,Pune,7,0,0
31-01-2023,INACTIVE,Pune,0,2,0
31-01-2023,INACTIVE,Pune,0,0,3
31-01-2023,INACTIVE,Pune,180,0,0
31-01-2023,NEW,Pune,0,1,0
31-01-2023,NEW,Pune,0,0,9
31-01-2023,NEW,Pune,34,0,0
01-02-2023,ACTIVE,Hyderabad,598,0,0
01-02-2023,HOLD,Hyderabad,15,0,0
01-02-2023,INACTIVE,Hyderabad,0,1,0
01-02-2023,INACTIVE,Hyderabad,86,0,0
01-02-2023,NEW,Hyderabad,0,10,0
01-02-2023,NEW,Hyderabad,0,0,7
01-02-2023,NEW,Hyderabad,67,0,0
01-02-2023,ACTIVE,Mumbai,9078,0,0
01-02-2023,HOLD,Mumbai,13,0,0
01-02-2023,INACTIVE,Mumbai,0,3,0
01-02-2023,INACTIVE,Mumbai,0,0,3
01-02-2023,INACTIVE,Mumbai,517,0,0
01-02-2023,NEW,Mumbai,0,6,0
01-02-2023,NEW,Mumbai,0,0,24
01-02-2023,NEW,Mumbai,71,0,0
01-02-2023,ACTIVE,Pune,3405,0,0
01-02-2023,HOLD,Pune,5,0,0
01-02-2023,INACTIVE,Pune,189,0,0
01-02-2023,NEW,Pune,0,3,0
01-02-2023,NEW,Pune,0,0,13
01-02-2023,NEW,Pune,29,0,0
02-02-2023,ACTIVE,Hyderabad,606,0,0
02-02-2023,HOLD,Hyderabad,11,0,0
02-02-2023,INACTIVE,Hyderabad,0,1,0
02-02-2023,INACTIVE,Hyderabad,0,0,2
02-02-2023,INACTIVE,Hyderabad,85,0,0
02-02-2023,NEW,Hyderabad,0,12,0
02-02-2023,NEW,Hyderabad,0,0,14
02-02-2023,NEW,Hyderabad,46,0,0
02-02-2023,ACTIVE,Mumbai,0,2,0
02-02-2023,ACTIVE,Mumbai,8877,0,0
02-02-2023,HOLD,Mumbai,12,0,0
02-02-2023,INACTIVE,Mumbai,0,1,0
02-02-2023,INACTIVE,Mumbai,0,0,3
02-02-2023,INACTIVE,Mumbai,472,0,0
02-02-2023,NEW,Mumbai,0,3,0
02-02-2023,NEW,Mumbai,0,0,22
02-02-2023,NEW,Mumbai,79,0,0
02-02-2023,ACTIVE,Pune,0,1,0
02-02-2023,ACTIVE,Pune,0,0,1
02-02-2023,ACTIVE,Pune,3359,0,0
02-02-2023,HOLD,Pune,9,0,0
02-02-2023,INACTIVE,Pune,0,0,2
02-02-2023,INACTIVE,Pune,198,0,0
02-02-2023,NEW,Pune,0,2,0
02-02-2023,NEW,Pune,0,0,9
02-02-2023,NEW,Pune,25,0,0
03-02-2023,ACTIVE,Hyderabad,598,0,0
03-02-2023,HOLD,Hyderabad,14,0,0
03-02-2023,INACTIVE,Hyderabad,82,0,0
03-02-2023,NEW,Hyderabad,0,9,0
03-02-2023,NEW,Hyderabad,0,0,18
03-02-2023,NEW,Hyderabad,46,0,0
03-02-2023,ACTIVE,Mumbai,0,0,1
03-02-2023,ACTIVE,Mumbai,9002,0,0
03-02-2023,HOLD,Mumbai,14,0,0
03-02-2023,INACTIVE,Mumbai,0,1,0
03-02-2023,INACTIVE,Mumbai,0,0,2
03-02-2023,INACTIVE,Mumbai,472,0,0
03-02-2023,NEW,Mumbai,0,5,0
03-02-2023,NEW,Mumbai,0,0,18
03-02-2023,NEW,Mumbai,61,0,0
03-02-2023,ACTIVE,Pune,0,1,0
03-02-2023,ACTIVE,Pune,3349,0,0
03-02-2023,HOLD,Pune,6,0,0
03-02-2023,INACTIVE,Pune,0,0,1
03-02-2023,INACTIVE,Pune,186,0,0
03-02-2023,NEW,Pune,0,3,0
03-02-2023,NEW,Pune,0,0,7
03-02-2023,NEW,Pune,14,0,0
04-02-2023,ACTIVE,Hyderabad,576,0,0
04-02-2023,HOLD,Hyderabad,10,0,0
04-02-2023,INACTIVE,Hyderabad,0,0,1
04-02-2023,INACTIVE,Hyderabad,89,0,0
04-02-2023,NEW,Hyderabad,0,6,0
04-02-2023,NEW,Hyderabad,0,0,16
04-02-2023,NEW,Hyderabad,45,0,0
04-02-2023,ACTIVE,Mumbai,0,1,0
04-02-2023,ACTIVE,Mumbai,8488,0,0
04-02-2023,HOLD,Mumbai,18,0,0
04-02-2023,INACTIVE,Mumbai,0,0,1
04-02-2023,INACTIVE,Mumbai,406,0,0
04-02-2023,NEW,Mumbai,0,1,0
04-02-2023,NEW,Mumbai,0,0,29
04-02-2023,NEW,Mumbai,73,0,0
04-02-2023,ACTIVE,Pune,3242,0,0
04-02-2023,HOLD,Pune,7,0,0
04-02-2023,INACTIVE,Pune,0,0,2
04-02-2023,INACTIVE,Pune,186,0,0
04-02-2023,NEW,Pune,0,1,0
04-02-2023,NEW,Pune,0,0,5
04-02-2023,NEW,Pune,21,0,0
05-02-2023,ACTIVE,Hyderabad,0,1,0
05-02-2023,ACTIVE,Hyderabad,0,0,1
05-02-2023,ACTIVE,Hyderabad,579,0,0
05-02-2023,HOLD,Hyderabad,12,0,0
05-02-2023,INACTIVE,Hyderabad,0,0,1
05-02-2023,INACTIVE,Hyderabad,91,0,0
05-02-2023,NEW,Hyderabad,0,8,0
05-02-2023,NEW,Hyderabad,0,0,7
05-02-2023,NEW,Hyderabad,49,0,0
05-02-2023,ACTIVE,Mumbai,0,2,0
05-02-2023,ACTIVE,Mumbai,0,0,3
05-02-2023,ACTIVE,Mumbai,8426,0,0
05-02-2023,HOLD,Mumbai,20,0,0
05-02-2023,INACTIVE,Mumbai,0,3,0
05-02-2023,INACTIVE,Mumbai,0,0,3
05-02-2023,INACTIVE,Mumbai,442,0,0
05-02-2023,NEW,Mumbai,0,10,0
05-02-2023,NEW,Mumbai,0,0,22
05-02-2023,NEW,Mumbai,209,0,0
05-02-2023,ACTIVE,Pune,3211,0,0
05-02-2023,HOLD,Pune,10,0,0
05-02-2023,INACTIVE,Pune,0,1,0
05-02-2023,INACTIVE,Pune,0,0,1
05-02-2023,INACTIVE,Pune,175,0,0
05-02-2023,NEW,Pune,0,1,0
05-02-2023,NEW,Pune,0,0,3
05-02-2023,NEW,Pune,56,0,0
06-02-2023,ACTIVE,Hyderabad,622,0,0
06-02-2023,HOLD,Hyderabad,12,0,0
06-02-2023,INACTIVE,Hyderabad,0,1,0
06-02-2023,INACTIVE,Hyderabad,94,0,0
06-02-2023,NEW,Hyderabad,0,7,0
06-02-2023,NEW,Hyderabad,0,0,5
06-02-2023,NEW,Hyderabad,38,0,0
06-02-2023,ACTIVE,Mumbai,0,2,0
06-02-2023,ACTIVE,Mumbai,0,0,1
06-02-2023,ACTIVE,Mumbai,9090,0,0
06-02-2023,HOLD,Mumbai,21,0,0
06-02-2023,INACTIVE,Mumbai,0,3,0
06-02-2023,INACTIVE,Mumbai,0,0,4
06-02-2023,INACTIVE,Mumbai,492,0,0
06-02-2023,NEW,Mumbai,0,33,0
06-02-2023,NEW,Mumbai,0,0,14
06-02-2023,NEW,Mumbai,120,0,0
06-02-2023,ACTIVE,Pune,3416,0,0
06-02-2023,HOLD,Pune,10,0,0
06-02-2023,INACTIVE,Pune,183,0,0
06-02-2023,NEW,Pune,0,11,0
06-02-2023,NEW,Pune,0,0,2
06-02-2023,NEW,Pune,41,0,0
07-02-2023,ACTIVE,Hyderabad,594,0,0
07-02-2023,HOLD,Hyderabad,10,0,0
07-02-2023,INACTIVE,Hyderabad,0,2,0
07-02-2023,INACTIVE,Hyderabad,75,0,0
07-02-2023,NEW,Hyderabad,0,3,0
07-02-2023,NEW,Hyderabad,0,0,10
07-02-2023,NEW,Hyderabad,45,0,0
07-02-2023,ACTIVE,Mumbai,0,2,0
07-02-2023,ACTIVE,Mumbai,0,0,1
07-02-2023,ACTIVE,Mumbai,8799,0,0
07-02-2023,HOLD,Mumbai,12,0,0
07-02-2023,INACTIVE,Mumbai,0,3,0
07-02-2023,INACTIVE,Mumbai,0,0,1
07-02-2023,INACTIVE,Mumbai,470,0,0
07-02-2023,NEW,Mumbai,0,20,0
07-02-2023,NEW,Mumbai,0,0,25
07-02-2023,NEW,Mumbai,114,0,0
07-02-2023,ACTIVE,Pune,0,3,0
07-02-2023,ACTIVE,Pune,3286,0,0
07-02-2023,HOLD,Pune,5,0,0
07-02-2023,INACTIVE,Pune,0,2,0
07-02-2023,INACTIVE,Pune,186,0,0
07-02-2023,NEW,Pune,0,13,0
07-02-2023,NEW,Pune,0,0,10
07-02-2023,NEW,Pune,39,0,0
08-02-2023,ACTIVE,Hyderabad,615,0,0
08-02-2023,HOLD,Hyderabad,7,0,0
08-02-2023,INACTIVE,Hyderabad,0,1,0
08-02-2023,INACTIVE,Hyderabad,71,0,0
08-02-2023,NEW,Hyderabad,0,6,0
08-02-2023,NEW,Hyderabad,0,0,9
08-02-2023,NEW,Hyderabad,27,0,0
08-02-2023,ACTIVE,Mumbai,0,0,3
08-02-2023,ACTIVE,Mumbai,8954,0,0
08-02-2023,HOLD,Mumbai,13,0,0
08-02-2023,INACTIVE,Mumbai,0,1,0
08-02-2023,INACTIVE,Mumbai,470,0,0
08-02-2023,NEW,Mumbai,0,12,0
08-02-2023,NEW,Mumbai,0,0,22
08-02-2023,NEW,Mumbai,73,0,0
08-02-2023,ACTIVE,Pune,3339,0,0
08-02-2023,HOLD,Pune,8,0,0
08-02-2023,INACTIVE,Pune,0,0,1
08-02-2023,INACTIVE,Pune,191,0,0
08-02-2023,NEW,Pune,0,6,0
08-02-2023,NEW,Pune,0,0,4
08-02-2023,NEW,Pune,27,0,0
09-02-2023,ACTIVE,Hyderabad,0,2,0
09-02-2023,ACTIVE,Hyderabad,0,0,1
09-02-2023,ACTIVE,Hyderabad,611,0,0
09-02-2023,HOLD,Hyderabad,8,0,0
09-02-2023,INACTIVE,Hyderabad,0,1,0
09-02-2023,INACTIVE,Hyderabad,0,0,1
09-02-2023,INACTIVE,Hyderabad,65,0,0
09-02-2023,NEW,Hyderabad,0,3,0
09-02-2023,NEW,Hyderabad,0,0,4
09-02-2023,NEW,Hyderabad,31,0,0
09-02-2023,ACTIVE,Mumbai,0,2,0
09-02-2023,ACTIVE,Mumbai,8950,0,0
09-02-2023,HOLD,Mumbai,20,0,0
09-02-2023,INACTIVE,Mumbai,0,4,0
09-02-2023,INACTIVE,Mumbai,0,0,1
09-02-2023,INACTIVE,Mumbai,450,0,0
09-02-2023,NEW,Mumbai,0,14,0
09-02-2023,NEW,Mumbai,0,0,20
09-02-2023,NEW,Mumbai,77,0,0
09-02-2023,ACTIVE,Pune,0,1,0
09-02-2023,ACTIVE,Pune,3327,0,0
09-02-2023,HOLD,Pune,9,0,0
09-02-2023,INACTIVE,Pune,0,1,0
09-02-2023,INACTIVE,Pune,192,0,0
09-02-2023,NEW,Pune,0,4,0
09-02-2023,NEW,Pune,0,0,1
09-02-2023,NEW,Pune,38,0,0
10-02-2023,ACTIVE,Hyderabad,602,0,0
10-02-2023,HOLD,Hyderabad,8,0,0
10-02-2023,INACTIVE,Hyderabad,84,0,0
10-02-2023,NEW,Hyderabad,0,0,6
10-02-2023,NEW,Hyderabad,42,0,0
10-02-2023,ACTIVE,Mumbai,0,0,1
10-02-2023,ACTIVE,Mumbai,8906,0,0
10-02-2023,HOLD,Mumbai,18,0,0
10-02-2023,INACTIVE,Mumbai,0,0,1
10-02-2023,INACTIVE,Mumbai,437,0,0
10-02-2023,NEW,Mumbai,0,11,0
10-02-2023,NEW,Mumbai,0,0,14
10-02-2023,NEW,Mumbai,67,0,0
10-02-2023,ACTIVE,Pune,3357,0,0
10-02-2023,HOLD,Pune,7,0,0
10-02-2023,INACTIVE,Pune,221,0,0
10-02-2023,NEW,Pune,0,4,0
10-02-2023,NEW,Pune,0,0,6
10-02-2023,NEW,Pune,37,0,0
11-02-2023,ACTIVE,Hyderabad,613,0,0
11-02-2023,HOLD,Hyderabad,8,0,0
11-02-2023,INACTIVE,Hyderabad,0,0,1
11-02-2023,INACTIVE,Hyderabad,90,0,0
11-02-2023,NEW,Hyderabad,0,4,0
11-02-2023,NEW,Hyderabad,0,0,2
11-02-2023,NEW,Hyderabad,39,0,0
11-02-2023,ACTIVE,Mumbai,0,0,1
11-02-2023,ACTIVE,Mumbai,8621,0,0
11-02-2023,HOLD,Mumbai,14,0,0
11-02-2023,INACTIVE,Mumbai,0,4,0
11-02-2023,INACTIVE,Mumbai,0,0,2
11-02-2023,INACTIVE,Mumbai,465,0,0
11-02-2023,NEW,Mumbai,0,7,0
11-02-2023,NEW,Mumbai,0,0,16
11-02-2023,NEW,Mumbai,89,0,0
11-02-2023,ACTIVE,Pune,3210,0,0
11-02-2023,HOLD,Pune,8,0,0
11-02-2023,INACTIVE,Pune,171,0,0
11-02-2023,NEW,Pune,0,8,0
11-02-2023,NEW,Pune,0,0,3
11-02-2023,NEW,Pune,30,0,0
12-02-2023,ACTIVE,Hyderabad,588,0,0
12-02-2023,HOLD,Hyderabad,9,0,0
12-02-2023,INACTIVE,Hyderabad,0,1,0
12-02-2023,INACTIVE,Hyderabad,79,0,0
12-02-2023,NEW,Hyderabad,0,1,0
12-02-2023,NEW,Hyderabad,0,0,3
12-02-2023,NEW,Hyderabad,39,0,0
12-02-2023,ACTIVE,Mumbai,0,1,0
12-02-2023,ACTIVE,Mumbai,8381,0,0
12-02-2023,HOLD,Mumbai,18,0,0
12-02-2023,INACTIVE,Mumbai,0,0,1
12-02-2023,INACTIVE,Mumbai,401,0,0
12-02-2023,NEW,Mumbai,0,11,0
12-02-2023,NEW,Mumbai,0,0,10
12-02-2023,NEW,Mumbai,79,0,0
12-02-2023,ACTIVE,Pune,3199,0,0
12-02-2023,HOLD,Pune,15,0,0
12-02-2023,INACTIVE,Pune,0,2,0
12-02-2023,INACTIVE,Pune,0,0,1
12-02-2023,INACTIVE,Pune,183,0,0
12-02-2023,NEW,Pune,0,4,0
12-02-2023,NEW,Pune,0,0,1
12-02-2023,NEW,Pune,28,0,0
13-02-2023,ACTIVE,Hyderabad,649,0,0
13-02-2023,HOLD,Hyderabad,12,0,0
13-02-2023,INACTIVE,Hyderabad,0,1,0
13-02-2023,INACTIVE,Hyderabad,85,0,0
13-02-2023,NEW,Hyderabad,0,4,0
13-02-2023,NEW,Hyderabad,0,0,3
13-02-2023,NEW,Hyderabad,17,0,0
13-02-2023,ACTIVE,Mumbai,9273,0,0
13-02-2023,HOLD,Mumbai,12,0,0
13-02-2023,INACTIVE,Mumbai,0,0,1
13-02-2023,INACTIVE,Mumbai,452,0,0
13-02-2023,NEW,Mumbai,0,7,0
13-02-2023,NEW,Mumbai,0,0,7
13-02-2023,NEW,Mumbai,70,0,0
13-02-2023,ACTIVE,Pune,3396,0,0
13-02-2023,HOLD,Pune,5,0,0
13-02-2023,INACTIVE,Pune,0,1,0
13-02-2023,INACTIVE,Pune,233,0,0
13-02-2023,NEW,Pune,0,2,0
13-02-2023,NEW,Pune,0,0,1
13-02-2023,NEW,Pune,32,0,0
14-02-2023,ACTIVE,Hyderabad,0,1,0
14-02-2023,ACTIVE,Hyderabad,604,0,0
14-02-2023,HOLD,Hyderabad,9,0,0
14-02-2023,INACTIVE,Hyderabad,84,0,0
14-02-2023,NEW,Hyderabad,0,0,3
14-02-2023,NEW,Hyderabad,29,0,0
14-02-2023,ACTIVE,Mumbai,0,1,0
14-02-2023,ACTIVE,Mumbai,8847,0,0
14-02-2023,HOLD,Mumbai,18,0,0
14-02-2023,INACTIVE,Mumbai,475,0,0
14-02-2023,NEW,Mumbai,0,3,0
14-02-2023,NEW,Mumbai,0,0,12
14-02-2023,NEW,Mumbai,58,0,0
14-02-2023,ACTIVE,Pune,0,1,0
14-02-2023,ACTIVE,Pune,3377,0,0
14-02-2023,HOLD,Pune,7,0,0
14-02-2023,INACTIVE,Pune,0,0,1
14-02-2023,INACTIVE,Pune,195,0,0
14-02-2023,NEW,Pune,0,3,0
14-02-2023,NEW,Pune,0,0,3
14-02-2023,NEW,Pune,20,0,0
15-02-2023,ACTIVE,Hyderabad,612,0,0
15-02-2023,HOLD,Hyderabad,12,0,0
15-02-2023,INACTIVE,Hyderabad,0,2,0
15-02-2023,INACTIVE,Hyderabad,101,0,0
15-02-2023,NEW,Hyderabad,0,4,0
15-02-2023,NEW,Hyderabad,0,0,4
15-02-2023,NEW,Hyderabad,21,0,0
15-02-2023,ACTIVE,Mumbai,9067,0,0
15-02-2023,HOLD,Mumbai,20,0,0
15-02-2023,INACTIVE,Mumbai,0,1,0
15-02-2023,INACTIVE,Mumbai,0,0,1
15-02-2023,INACTIVE,Mumbai,427,0,0
15-02-2023,NEW,Mumbai,0,6,0
15-02-2023,NEW,Mumbai,0,0,6
15-02-2023,NEW,Mumbai,39,0,0
15-02-2023,ACTIVE,Pune,3397,0,0
15-02-2023,HOLD,Pune,6,0,0
15-02-2023,INACTIVE,Pune,0,1,0
15-02-2023,INACTIVE,Pune,198,0,0
15-02-2023,NEW,Pune,0,3,0
15-02-2023,NEW,Pune,0,0,2
15-02-2023,NEW,Pune,22,0,0
16-02-2023,ACTIVE,Hyderabad,616,0,0
16-02-2023,HOLD,Hyderabad,7,0,0
16-02-2023,INACTIVE,Hyderabad,84,0,0
16-02-2023,NEW,Hyderabad,0,1,0
16-02-2023,NEW,Hyderabad,0,0,7
16-02-2023,NEW,Hyderabad,29,0,0
16-02-2023,ACTIVE,Mumbai,8975,0,0
16-02-2023,HOLD,Mumbai,14,0,0
16-02-2023,INACTIVE,Mumbai,0,3,0
16-02-2023,INACTIVE,Mumbai,515,0,0
16-02-2023,NEW,Mumbai,0,5,0
16-02-2023,NEW,Mumbai,0,0,13
16-02-2023,NEW,Mumbai,45,0,0
16-02-2023,ACTIVE,Pune,0,0,1
16-02-2023,ACTIVE,Pune,3402,0,0
16-02-2023,HOLD,Pune,8,0,0
16-02-2023,INACTIVE,Pune,0,1,0
16-02-2023,INACTIVE,Pune,206,0,0
16-02-2023,NEW,Pune,0,5,0
16-02-2023,NEW,Pune,0,0,5
16-02-2023,NEW,Pune,12,0,0
17-02-2023,ACTIVE,Hyderabad,628,0,0
17-02-2023,HOLD,Hyderabad,9,0,0
17-02-2023,INACTIVE,Hyderabad,69,0,0
17-02-2023,NEW,Hyderabad,0,3,0
17-02-2023,NEW,Hyderabad,0,0,14
17-02-2023,NEW,Hyderabad,28,0,0
17-02-2023,ACTIVE,Mumbai,9061,0,0
17-02-2023,HOLD,Mumbai,23,0,0
17-02-2023,INACTIVE,Mumbai,0,4,0
17-02-2023,INACTIVE,Mumbai,0,0,2
17-02-2023,INACTIVE,Mumbai,477,0,0
17-02-2023,NEW,Mumbai,0,9,0
17-02-2023,NEW,Mumbai,0,0,18
17-02-2023,NEW,Mumbai,57,0,0
17-02-2023,ACTIVE,Pune,0,0,2
17-02-2023,ACTIVE,Pune,3419,0,0
17-02-2023,HOLD,Pune,17,0,0
17-02-2023,INACTIVE,Pune,193,0,0
17-02-2023,NEW,Pune,0,0,5
17-02-2023,NEW,Pune,15,0,0
18-02-2023,ACTIVE,Hyderabad,643,0,0
18-02-2023,HOLD,Hyderabad,18,0,0
18-02-2023,INACTIVE,Hyderabad,0,2,0
18-02-2023,INACTIVE,Hyderabad,0,0,2
18-02-2023,INACTIVE,Hyderabad,128,0,0
18-02-2023,NEW,Hyderabad,0,6,0
18-02-2023,NEW,Hyderabad,0,0,8
18-02-2023,NEW,Hyderabad,36,0,0
18-02-2023,ACTIVE,Mumbai,0,0,3
18-02-2023,ACTIVE,Mumbai,8910,0,0
18-02-2023,HOLD,Mumbai,8,0,0
18-02-2023,INACTIVE,Mumbai,488,0,0
18-02-2023,NEW,Mumbai,0,6,0
18-02-2023,NEW,Mumbai,0,0,27
18-02-2023,NEW,Mumbai,68,0,0
18-02-2023,ACTIVE,Pune,3381,0,0
18-02-2023,HOLD,Pune,10,0,0
18-02-2023,INACTIVE,Pune,0,1,0
18-02-2023,INACTIVE,Pune,0,0,2
18-02-2023,INACTIVE,Pune,221,0,0
18-02-2023,NEW,Pune,0,0,13
18-02-2023,NEW,Pune,20,0,0
19-02-2023,ACTIVE,Hyderabad,0,0,1
19-02-2023,ACTIVE,Hyderabad,603,0,0
19-02-2023,HOLD,Hyderabad,14,0,0
19-02-2023,INACTIVE,Hyderabad,0,1,0
19-02-2023,INACTIVE,Hyderabad,0,0,1
19-02-2023,INACTIVE,Hyderabad,89,0,0
19-02-2023,NEW,Hyderabad,0,6,0
19-02-2023,NEW,Hyderabad,0,0,10
19-02-2023,NEW,Hyderabad,26,0,0
19-02-2023,ACTIVE,Mumbai,8492,0,0
19-02-2023,HOLD,Mumbai,19,0,0
19-02-2023,INACTIVE,Mumbai,0,1,0
19-02-2023,INACTIVE,Mumbai,0,0,2
19-02-2023,INACTIVE,Mumbai,394,0,0
19-02-2023,NEW,Mumbai,0,8,0
19-02-2023,NEW,Mumbai,0,0,30
19-02-2023,NEW,Mumbai,72,0,0
19-02-2023,ACTIVE,Pune,3275,0,0
19-02-2023,HOLD,Pune,8,0,0
19-02-2023,INACTIVE,Pune,0,0,3
19-02-2023,INACTIVE,Pune,192,0,0
19-02-2023,NEW,Pune,0,2,0
19-02-2023,NEW,Pune,0,0,8
19-02-2023,NEW,Pune,25,0,0
20-02-2023,ACTIVE,Hyderabad,0,1,0
20-02-2023,ACTIVE,Hyderabad,634,0,0
20-02-2023,HOLD,Hyderabad,12,0,0
20-02-2023,INACTIVE,Hyderabad,0,1,0
20-02-2023,INACTIVE,Hyderabad,0,0,1
20-02-2023,INACTIVE,Hyderabad,82,0,0
20-02-2023,NEW,Hyderabad,0,4,0
20-02-2023,NEW,Hyderabad,0,0,3
20-02-2023,NEW,Hyderabad,28,0,0
20-02-2023,ACTIVE,Mumbai,9166,0,0
20-02-2023,HOLD,Mumbai,26,0,0
20-02-2023,INACTIVE,Mumbai,0,2,0
20-02-2023,INACTIVE,Mumbai,479,0,0
20-02-2023,NEW,Mumbai,0,5,0
20-02-2023,NEW,Mumbai,0,0,6
20-02-2023,NEW,Mumbai,72,0,0
20-02-2023,ACTIVE,Pune,3479,0,0
20-02-2023,HOLD,Pune,5,0,0
20-02-2023,INACTIVE,Pune,0,1,0
20-02-2023,INACTIVE,Pune,0,0,1
20-02-2023,INACTIVE,Pune,185,0,0
20-02-2023,NEW,Pune,0,5,0
20-02-2023,NEW,Pune,0,0,2
20-02-2023,NEW,Pune,20,0,0
21-02-2023,ACTIVE,Hyderabad,617,0,0
21-02-2023,HOLD,Hyderabad,19,0,0
21-02-2023,INACTIVE,Hyderabad,99,0,0
21-02-2023,NEW,Hyderabad,0,3,0
21-02-2023,NEW,Hyderabad,0,0,17
21-02-2023,NEW,Hyderabad,39,0,0
21-02-2023,ACTIVE,Mumbai,8911,0,0
21-02-2023,HOLD,Mumbai,20,0,0
21-02-2023,INACTIVE,Mumbai,0,2,0
21-02-2023,INACTIVE,Mumbai,0,0,2
21-02-2023,INACTIVE,Mumbai,479,0,0
21-02-2023,NEW,Mumbai,0,8,0
21-02-2023,NEW,Mumbai,0,0,27
21-02-2023,NEW,Mumbai,92,0,0
21-02-2023,ACTIVE,Pune,3342,0,0
21-02-2023,HOLD,Pune,5,0,0
21-02-2023,INACTIVE,Pune,0,1,0
21-02-2023,INACTIVE,Pune,221,0,0
21-02-2023,NEW,Pune,0,1,0
21-02-2023,NEW,Pune,0,0,11
21-02-2023,NEW,Pune,30,0,0
22-02-2023,ACTIVE,Hyderabad,622,0,0
22-02-2023,HOLD,Hyderabad,14,0,0
22-02-2023,INACTIVE,Hyderabad,0,0,1
22-02-2023,INACTIVE,Hyderabad,78,0,0
22-02-2023,NEW,Hyderabad,0,3,0
22-02-2023,NEW,Hyderabad,0,0,17
22-02-2023,NEW,Hyderabad,38,0,0
22-02-2023,ACTIVE,Mumbai,0,2,0
22-02-2023,ACTIVE,Mumbai,9040,0,0
22-02-2023,HOLD,Mumbai,17,0,0
22-02-2023,INACTIVE,Mumbai,0,2,0
22-02-2023,INACTIVE,Mumbai,0,0,5
22-02-2023,INACTIVE,Mumbai,496,0,0
22-02-2023,NEW,Mumbai,0,13,0
22-02-2023,NEW,Mumbai,0,0,28
22-02-2023,NEW,Mumbai,56,0,0
22-02-2023,ACTIVE,Pune,0,0,1
22-02-2023,ACTIVE,Pune,3390,0,0
22-02-2023,HOLD,Pune,5,0,0
22-02-2023,INACTIVE,Pune,207,0,0
22-02-2023,NEW,Pune,0,8,0
22-02-2023,NEW,Pune,0,0,8
22-02-2023,NEW,Pune,23,0,0
23-02-2023,ACTIVE,Hyderabad,630,0,0
23-02-2023,HOLD,Hyderabad,11,0,0
23-02-2023,INACTIVE,Hyderabad,0,0,1
23-02-2023,INACTIVE,Hyderabad,90,0,0
23-02-2023,NEW,Hyderabad,0,6,0
23-02-2023,NEW,Hyderabad,0,0,33
23-02-2023,NEW,Hyderabad,35,0,0
23-02-2023,ACTIVE,Mumbai,0,0,2
23-02-2023,ACTIVE,Mumbai,8998,0,0
23-02-2023,HOLD,Mumbai,28,0,0
23-02-2023,INACTIVE,Mumbai,0,2,0
23-02-2023,INACTIVE,Mumbai,0,0,2
23-02-2023,INACTIVE,Mumbai,496,0,0
23-02-2023,NEW,Mumbai,0,5,0
23-02-2023,NEW,Mumbai,0,0,30
23-02-2023,NEW,Mumbai,69,0,0
23-02-2023,ACTIVE,Pune,3373,0,0
23-02-2023,HOLD,Pune,9,0,0
23-02-2023,INACTIVE,Pune,199,0,0
23-02-2023,NEW,Pune,0,1,0
23-02-2023,NEW,Pune,0,0,13
23-02-2023,NEW,Pune,18,0,0
24-02-2023,ACTIVE,Hyderabad,0,0,2
24-02-2023,ACTIVE,Hyderabad,617,0,0
24-02-2023,HOLD,Hyderabad,13,0,0
24-02-2023,INACTIVE,Hyderabad,0,0,3
24-02-2023,INACTIVE,Hyderabad,92,0,0
24-02-2023,NEW,Hyderabad,0,4,0
24-02-2023,NEW,Hyderabad,0,0,28
24-02-2023,NEW,Hyderabad,21,0,0
24-02-2023,ACTIVE,Mumbai,0,0,1
24-02-2023,ACTIVE,Mumbai,8933,0,0
24-02-2023,HOLD,Mumbai,14,0,0
24-02-2023,INACTIVE,Mumbai,0,3,0
24-02-2023,INACTIVE,Mumbai,0,0,5
24-02-2023,INACTIVE,Mumbai,495,0,0
24-02-2023,NEW,Mumbai,0,10,0
24-02-2023,NEW,Mumbai,0,0,28
24-02-2023,NEW,Mumbai,67,0,0
24-02-2023,ACTIVE,Pune,3417,0,0
24-02-2023,HOLD,Pune,11,0,0
24-02-2023,INACTIVE,Pune,0,1,0
24-02-2023,INACTIVE,Pune,208,0,0
24-02-2023,NEW,Pune,0,1,0
24-02-2023,NEW,Pune,0,0,4
24-02-2023,NEW,Pune,19,0,0
25-02-2023,ACTIVE,Hyderabad,610,0,0
25-02-2023,HOLD,Hyderabad,9,0,0
25-02-2023,INACTIVE,Hyderabad,0,1,0
25-02-2023,INACTIVE,Hyderabad,0,0,2
25-02-2023,INACTIVE,Hyderabad,95,0,0
25-02-2023,NEW,Hyderabad,0,6,0
25-02-2023,NEW,Hyderabad,0,0,18
25-02-2023,NEW,Hyderabad,44,0,0
25-02-2023,ACTIVE,Mumbai,0,0,1
25-02-2023,ACTIVE,Mumbai,8669,0,0
25-02-2023,HOLD,Mumbai,13,0,0
25-02-2023,INACTIVE,Mumbai,0,1,0
25-02-2023,INACTIVE,Mumbai,0,0,5
25-02-2023,INACTIVE,Mumbai,477,0,0
25-02-2023,NEW,Mumbai,0,7,0
25-02-2023,NEW,Mumbai,0,0,27
25-02-2023,NEW,Mumbai,52,0,0
25-02-2023,ACTIVE,Pune,0,1,0
25-02-2023,ACTIVE,Pune,3303,0,0
25-02-2023,HOLD,Pune,9,0,0
25-02-2023,INACTIVE,Pune,0,1,0
25-02-2023,INACTIVE,Pune,0,0,2
25-02-2023,INACTIVE,Pune,181,0,0
25-02-2023,NEW,Pune,0,4,0
25-02-2023,NEW,Pune,0,0,5
25-02-2023,NEW,Pune,20,0,0
26-02-2023,ACTIVE,Hyderabad,0,1,0
26-02-2023,ACTIVE,Hyderabad,609,0,0
26-02-2023,HOLD,Hyderabad,11,0,0
26-02-2023,INACTIVE,Hyderabad,0,1,0
26-02-2023,INACTIVE,Hyderabad,0,0,1
26-02-2023,INACTIVE,Hyderabad,93,0,0
26-02-2023,NEW,Hyderabad,0,6,0
26-02-2023,NEW,Hyderabad,0,0,15
26-02-2023,NEW,Hyderabad,26,0,0
26-02-2023,ACTIVE,Mumbai,0,0,2
26-02-2023,ACTIVE,Mumbai,8384,0,0
26-02-2023,HOLD,Mumbai,21,0,0
26-02-2023,INACTIVE,Mumbai,0,0,7
26-02-2023,INACTIVE,Mumbai,421,0,0
26-02-2023,NEW,Mumbai,0,5,0
26-02-2023,NEW,Mumbai,0,0,25
26-02-2023,NEW,Mumbai,60,0,0
26-02-2023,ACTIVE,Pune,0,1,0
26-02-2023,ACTIVE,Pune,3263,0,0
26-02-2023,HOLD,Pune,4,0,0
26-02-2023,INACTIVE,Pune,197,0,0
26-02-2023,NEW,Pune,0,5,0
26-02-2023,NEW,Pune,0,0,13
26-02-2023,NEW,Pune,23,0,0
27-02-2023,ACTIVE,Hyderabad,641,0,0
27-02-2023,HOLD,Hyderabad,16,0,0
27-02-2023,INACTIVE,Hyderabad,85,0,0
27-02-2023,NEW,Hyderabad,0,4,0
27-02-2023,NEW,Hyderabad,30,0,0
27-02-2023,ACTIVE,Mumbai,0,0,1
27-02-2023,ACTIVE,Mumbai,9195,0,0
27-02-2023,HOLD,Mumbai,28,0,0
27-02-2023,INACTIVE,Mumbai,0,2,0
27-02-2023,INACTIVE,Mumbai,536,0,0
27-02-2023,NEW,Mumbai,0,7,0
27-02-2023,NEW,Mumbai,0,0,10
27-02-2023,NEW,Mumbai,70,0,0
27-02-2023,ACTIVE,Pune,0,1,0
27-02-2023,ACTIVE,Pune,3483,0,0
27-02-2023,HOLD,Pune,4,0,0
27-02-2023,INACTIVE,Pune,0,2,0
27-02-2023,INACTIVE,Pune,195,0,0
27-02-2023,NEW,Pune,0,2,0
27-02-2023,NEW,Pune,0,0,5
27-02-2023,NEW,Pune,30,0,0
28-02-2023,ACTIVE,Hyderabad,642,0,0
28-02-2023,HOLD,Hyderabad,15,0,0
28-02-2023,INACTIVE,Hyderabad,0,1,0
28-02-2023,INACTIVE,Hyderabad,0,0,1
28-02-2023,INACTIVE,Hyderabad,92,0,0
28-02-2023,NEW,Hyderabad,0,6,0
28-02-2023,NEW,Hyderabad,0,0,16
28-02-2023,NEW,Hyderabad,21,0,0
28-02-2023,ACTIVE,Mumbai,0,1,0
28-02-2023,ACTIVE,Mumbai,0,0,1
28-02-2023,ACTIVE,Mumbai,8815,0,0
28-02-2023,HOLD,Mumbai,20,0,0
28-02-2023,INACTIVE,Mumbai,0,4,0
28-02-2023,INACTIVE,Mumbai,0,0,4
28-02-2023,INACTIVE,Mumbai,512,0,0
28-02-2023,NEW,Mumbai,0,7,0
28-02-2023,NEW,Mumbai,0,0,42
28-02-2023,NEW,Mumbai,63,0,0
28-02-2023,ACTIVE,Pune,3419,0,0
28-02-2023,HOLD,Pune,2,0,0
28-02-2023,INACTIVE,Pune,184,0,0
28-02-2023,NEW,Pune,0,4,0
28-02-2023,NEW,Pune,0,0,13
28-02-2023,NEW,Pune,18,0,0
01-03-2023,ACTIVE,Hyderabad,656,0,0
01-03-2023,HOLD,Hyderabad,16,0,0
01-03-2023,INACTIVE,Hyderabad,0,1,0
01-03-2023,INACTIVE,Hyderabad,113,0,0
01-03-2023,NEW,Hyderabad,0,2,0
01-03-2023,NEW,Hyderabad,0,0,17
01-03-2023,NEW,Hyderabad,48,0,0
01-03-2023,ACTIVE,Mumbai,0,1,0
01-03-2023,ACTIVE,Mumbai,9185,0,0
01-03-2023,HOLD,Mumbai,24,0,0
01-03-2023,INACTIVE,Mumbai,0,2,0
01-03-2023,INACTIVE,Mumbai,0,0,4
01-03-2023,INACTIVE,Mumbai,564,0,0
01-03-2023,NEW,Mumbai,0,4,0
01-03-2023,NEW,Mumbai,0,0,31
01-03-2023,NEW,Mumbai,67,0,0
01-03-2023,ACTIVE,Pune,3571,0,0
01-03-2023,HOLD,Pune,7,0,0
01-03-2023,INACTIVE,Pune,0,1,0
01-03-2023,INACTIVE,Pune,0,0,3
01-03-2023,INACTIVE,Pune,227,0,0
01-03-2023,NEW,Pune,0,2,0
01-03-2023,NEW,Pune,0,0,13
01-03-2023,NEW,Pune,31,0,0
02-03-2023,ACTIVE,Hyderabad,631,0,0
02-03-2023,HOLD,Hyderabad,14,0,0
02-03-2023,INACTIVE,Hyderabad,88,0,0
02-03-2023,NEW,Hyderabad,0,2,0
02-03-2023,NEW,Hyderabad,0,0,20
02-03-2023,NEW,Hyderabad,24,0,0
02-03-2023,ACTIVE,Mumbai,0,2,0
02-03-2023,ACTIVE,Mumbai,9023,0,0
02-03-2023,HOLD,Mumbai,26,0,0
02-03-2023,INACTIVE,Mumbai,0,1,0
02-03-2023,INACTIVE,Mumbai,0,0,2
02-03-2023,INACTIVE,Mumbai,523,0,0
02-03-2023,NEW,Mumbai,0,8,0
02-03-2023,NEW,Mumbai,0,0,37
02-03-2023,NEW,Mumbai,53,0,0
02-03-2023,ACTIVE,Pune,0,1,0
02-03-2023,ACTIVE,Pune,3453,0,0
02-03-2023,HOLD,Pune,9,0,0
02-03-2023,INACTIVE,Pune,0,3,0
02-03-2023,INACTIVE,Pune,0,0,2
02-03-2023,INACTIVE,Pune,215,0,0
02-03-2023,NEW,Pune,0,3,0
02-03-2023,NEW,Pune,0,0,7
02-03-2023,NEW,Pune,20,0,0
03-03-2023,ACTIVE,Hyderabad,628,0,0
03-03-2023,HOLD,Hyderabad,10,0,0
03-03-2023,INACTIVE,Hyderabad,0,2,0
03-03-2023,INACTIVE,Hyderabad,112,0,0
03-03-2023,NEW,Hyderabad,0,4,0
03-03-2023,NEW,Hyderabad,0,0,21
03-03-2023,NEW,Hyderabad,36,0,0
03-03-2023,ACTIVE,Mumbai,0,0,2
03-03-2023,ACTIVE,Mumbai,9106,0,0
03-03-2023,HOLD,Mumbai,17,0,0
03-03-2023,INACTIVE,Mumbai,0,1,0
03-03-2023,INACTIVE,Mumbai,0,0,2
03-03-2023,INACTIVE,Mumbai,505,0,0
03-03-2023,NEW,Mumbai,0,7,0
03-03-2023,NEW,Mumbai,0,0,39
03-03-2023,NEW,Mumbai,52,0,0
03-03-2023,ACTIVE,Pune,3503,0,0
03-03-2023,HOLD,Pune,4,0,0
03-03-2023,INACTIVE,Pune,0,1,0
03-03-2023,INACTIVE,Pune,0,0,1
03-03-2023,INACTIVE,Pune,200,0,0
03-03-2023,NEW,Pune,0,2,0
03-03-2023,NEW,Pune,0,0,11
03-03-2023,NEW,Pune,17,0,0
04-03-2023,ACTIVE,Hyderabad,0,0,1
04-03-2023,ACTIVE,Hyderabad,614,0,0
04-03-2023,HOLD,Hyderabad,13,0,0
04-03-2023,INACTIVE,Hyderabad,0,3,0
04-03-2023,INACTIVE,Hyderabad,84,0,0
04-03-2023,NEW,Hyderabad,0,5,0
04-03-2023,NEW,Hyderabad,0,0,20
04-03-2023,NEW,Hyderabad,29,0,0
04-03-2023,ACTIVE,Mumbai,8686,0,0
04-03-2023,HOLD,Mumbai,27,0,0
04-03-2023,INACTIVE,Mumbai,0,1,0
04-03-2023,INACTIVE,Mumbai,0,0,1
04-03-2023,INACTIVE,Mumbai,457,0,0
04-03-2023,NEW,Mumbai,0,4,0
04-03-2023,NEW,Mumbai,0,0,20
04-03-2023,NEW,Mumbai,70,0,0
04-03-2023,ACTIVE,Pune,3336,0,0
04-03-2023,HOLD,Pune,11,0,0
04-03-2023,INACTIVE,Pune,0,0,2
04-03-2023,INACTIVE,Pune,213,0,0
04-03-2023,NEW,Pune,0,1,0
04-03-2023,NEW,Pune,0,0,5
04-03-2023,NEW,Pune,29,0,0
05-03-2023,ACTIVE,Hyderabad,643,0,0
05-03-2023,HOLD,Hyderabad,11,0,0
05-03-2023,INACTIVE,Hyderabad,0,0,1
05-03-2023,INACTIVE,Hyderabad,96,0,0
05-03-2023,NEW,Hyderabad,0,3,0
05-03-2023,NEW,Hyderabad,0,0,16
05-03-2023,NEW,Hyderabad,28,0,0
05-03-2023,ACTIVE,Mumbai,8528,0,0
05-03-2023,HOLD,Mumbai,19,0,0
05-03-2023,INACTIVE,Mumbai,452,0,0
05-03-2023,NEW,Mumbai,0,1,0
05-03-2023,NEW,Mumbai,0,0,21
05-03-2023,NEW,Mumbai,73,0,0
05-03-2023,ACTIVE,Pune,3274,0,0
05-03-2023,HOLD,Pune,3,0,0
05-03-2023,INACTIVE,Pune,0,0,1
05-03-2023,INACTIVE,Pune,205,0,0
05-03-2023,NEW,Pune,0,0,8
05-03-2023,NEW,Pune,24,0,0
06-03-2023,ACTIVE,Hyderabad,654,0,0
06-03-2023,HOLD,Hyderabad,12,0,0
06-03-2023,INACTIVE,Hyderabad,0,1,0
06-03-2023,INACTIVE,Hyderabad,106,0,0
06-03-2023,NEW,Hyderabad,0,11,0
06-03-2023,NEW,Hyderabad,28,0,0
06-03-2023,ACTIVE,Mumbai,9162,0,0
06-03-2023,HOLD,Mumbai,26,0,0
06-03-2023,INACTIVE,Mumbai,515,0,0
06-03-2023,NEW,Mumbai,0,1,0
06-03-2023,NEW,Mumbai,0,0,6
06-03-2023,NEW,Mumbai,83,0,0
06-03-2023,ACTIVE,Pune,3471,0,0
06-03-2023,HOLD,Pune,20,0,0
06-03-2023,INACTIVE,Pune,0,2,0
06-03-2023,INACTIVE,Pune,0,0,1
06-03-2023,INACTIVE,Pune,207,0,0
06-03-2023,NEW,Pune,0,3,0
06-03-2023,NEW,Pune,0,0,1
06-03-2023,NEW,Pune,37,0,0
07-03-2023,ACTIVE,Hyderabad,638,0,0
07-03-2023,HOLD,Hyderabad,19,0,0
07-03-2023,INACTIVE,Hyderabad,0,2,0
07-03-2023,INACTIVE,Hyderabad,0,0,3
07-03-2023,INACTIVE,Hyderabad,88,0,0
07-03-2023,NEW,Hyderabad,0,3,0
07-03-2023,NEW,Hyderabad,0,0,28
07-03-2023,NEW,Hyderabad,33,0,0
07-03-2023,ACTIVE,Mumbai,8847,0,0
07-03-2023,HOLD,Mumbai,14,0,0
07-03-2023,INACTIVE,Mumbai,0,2,0
07-03-2023,INACTIVE,Mumbai,0,0,3
07-03-2023,INACTIVE,Mumbai,456,0,0
07-03-2023,NEW,Mumbai,0,2,0
07-03-2023,NEW,Mumbai,0,0,50
07-03-2023,NEW,Mumbai,82,0,0
07-03-2023,ACTIVE,Pune,3367,0,0
07-03-2023,HOLD,Pune,13,0,0
07-03-2023,INACTIVE,Pune,213,0,0
07-03-2023,NEW,Pune,0,0,9
07-03-2023,NEW,Pune,37,0,0
08-03-2023,ACTIVE,Hyderabad,624,0,0
08-03-2023,HOLD,Hyderabad,10,0,0
08-03-2023,INACTIVE,Hyderabad,103,0,0
08-03-2023,NEW,Hyderabad,0,2,0
08-03-2023,NEW,Hyderabad,0,0,2
08-03-2023,NEW,Hyderabad,37,0,0
08-03-2023,ACTIVE,Mumbai,0,0,1
08-03-2023,ACTIVE,Mumbai,8811,0,0
08-03-2023,HOLD,Mumbai,17,0,0
08-03-2023,INACTIVE,Mumbai,521,0,0
08-03-2023,NEW,Mumbai,0,1,0
08-03-2023,NEW,Mumbai,0,0,12
08-03-2023,NEW,Mumbai,95,0,0
08-03-2023,ACTIVE,Pune,3429,0,0
08-03-2023,HOLD,Pune,14,0,0
08-03-2023,INACTIVE,Pune,192,0,0
08-03-2023,NEW,Pune,0,0,5
08-03-2023,NEW,Pune,44,0,0
09-03-2023,ACTIVE,Hyderabad,629,0,0
09-03-2023,HOLD,Hyderabad,13,0,0
09-03-2023,INACTIVE,Hyderabad,0,0,1
09-03-2023,INACTIVE,Hyderabad,83,0,0
09-03-2023,NEW,Hyderabad,0,4,0
09-03-2023,NEW,Hyderabad,0,0,23
09-03-2023,NEW,Hyderabad,37,0,0
09-03-2023,ACTIVE,Mumbai,8837,0,0
09-03-2023,HOLD,Mumbai,28,0,0
09-03-2023,INACTIVE,Mumbai,0,1,0
09-03-2023,INACTIVE,Mumbai,0,0,1
09-03-2023,INACTIVE,Mumbai,495,0,0
09-03-2023,NEW,Mumbai,0,0,41
09-03-2023,NEW,Mumbai,86,0,0
09-03-2023,ACTIVE,Pune,3374,0,0
09-03-2023,HOLD,Pune,8,0,0
09-03-2023,INACTIVE,Pune,0,2,0
09-03-2023,INACTIVE,Pune,217,0,0
09-03-2023,NEW,Pune,0,0,17
09-03-2023,NEW,Pune,35,0,0
10-03-2023,ACTIVE,Hyderabad,647,0,0
10-03-2023,HOLD,Hyderabad,12,0,0
10-03-2023,INACTIVE,Hyderabad,95,0,0
10-03-2023,NEW,Hyderabad,0,4,0
10-03-2023,NEW,Hyderabad,0,0,16
10-03-2023,NEW,Hyderabad,43,0,0
10-03-2023,ACTIVE,Mumbai,8913,0,0
10-03-2023,HOLD,Mumbai,10,0,0
10-03-2023,INACTIVE,Mumbai,0,2,0
10-03-2023,INACTIVE,Mumbai,0,0,3
10-03-2023,INACTIVE,Mumbai,471,0,0
10-03-2023,NEW,Mumbai,0,1,0
10-03-2023,NEW,Mumbai,0,0,38
10-03-2023,NEW,Mumbai,99,0,0
10-03-2023,ACTIVE,Pune,3423,0,0
10-03-2023,HOLD,Pune,8,0,0
10-03-2023,INACTIVE,Pune,0,2,0
10-03-2023,INACTIVE,Pune,0,0,1
10-03-2023,INACTIVE,Pune,179,0,0
10-03-2023,NEW,Pune,0,1,0
10-03-2023,NEW,Pune,0,0,9
10-03-2023,NEW,Pune,35,0,0
11-03-2023,ACTIVE,Hyderabad,643,0,0
11-03-2023,HOLD,Hyderabad,10,0,0
11-03-2023,INACTIVE,Hyderabad,0,0,3
11-03-2023,INACTIVE,Hyderabad,100,0,0
11-03-2023,NEW,Hyderabad,0,9,0
11-03-2023,NEW,Hyderabad,0,0,18
11-03-2023,NEW,Hyderabad,39,0,0
11-03-2023,ACTIVE,Mumbai,8619,0,0
11-03-2023,HOLD,Mumbai,19,0,0
11-03-2023,INACTIVE,Mumbai,0,2,0
11-03-2023,INACTIVE,Mumbai,0,0,3
11-03-2023,INACTIVE,Mumbai,473,0,0
11-03-2023,NEW,Mumbai,0,2,0
11-03-2023,NEW,Mumbai,0,0,38
11-03-2023,NEW,Mumbai,106,0,0
11-03-2023,ACTIVE,Pune,3340,0,0
11-03-2023,HOLD,Pune,6,0,0
11-03-2023,INACTIVE,Pune,0,2,0
11-03-2023,INACTIVE,Pune,194,0,0
11-03-2023,NEW,Pune,0,2,0
11-03-2023,NEW,Pune,0,0,12
11-03-2023,NEW,Pune,43,0,0
12-03-2023,ACTIVE,Hyderabad,0,0,1
12-03-2023,ACTIVE,Hyderabad,631,0,0
12-03-2023,HOLD,Hyderabad,13,0,0
12-03-2023,INACTIVE,Hyderabad,0,0,1
12-03-2023,INACTIVE,Hyderabad,94,0,0
12-03-2023,NEW,Hyderabad,0,4,0
12-03-2023,NEW,Hyderabad,0,0,16
12-03-2023,NEW,Hyderabad,47,0,0
12-03-2023,ACTIVE,Mumbai,0,0,2
12-03-2023,ACTIVE,Mumbai,8529,0,0
12-03-2023,HOLD,Mumbai,12,0,0
12-03-2023,INACTIVE,Mumbai,0,1,0
12-03-2023,INACTIVE,Mumbai,0,0,1
12-03-2023,INACTIVE,Mumbai,500,0,0
12-03-2023,NEW,Mumbai,0,5,0
12-03-2023,NEW,Mumbai,0,0,39
12-03-2023,NEW,Mumbai,98,0,0
12-03-2023,ACTIVE,Pune,3286,0,0
12-03-2023,HOLD,Pune,10,0,0
12-03-2023,INACTIVE,Pune,0,4,0
12-03-2023,INACTIVE,Pune,220,0,0
12-03-2023,NEW,Pune,0,1,0
12-03-2023,NEW,Pune,0,0,15
12-03-2023,NEW,Pune,43,0,0
13-03-2023,ACTIVE,Hyderabad,672,0,0
13-03-2023,HOLD,Hyderabad,15,0,0
13-03-2023,INACTIVE,Hyderabad,0,2,0
13-03-2023,INACTIVE,Hyderabad,99,0,0
13-03-2023,NEW,Hyderabad,0,6,0
13-03-2023,NEW,Hyderabad,0,0,1
13-03-2023,NEW,Hyderabad,34,0,0
13-03-2023,ACTIVE,Mumbai,0,1,0
13-03-2023,ACTIVE,Mumbai,9290,0,0
13-03-2023,HOLD,Mumbai,26,0,0
13-03-2023,INACTIVE,Mumbai,0,4,0
13-03-2023,INACTIVE,Mumbai,530,0,0
13-03-2023,NEW,Mumbai,0,13,0
13-03-2023,NEW,Mumbai,0,0,8
13-03-2023,NEW,Mumbai,87,0,0
13-03-2023,ACTIVE,Pune,3463,0,0
13-03-2023,HOLD,Pune,5,0,0
13-03-2023,INACTIVE,Pune,0,5,0
13-03-2023,INACTIVE,Pune,214,0,0
13-03-2023,NEW,Pune,0,8,0
13-03-2023,NEW,Pune,0,0,1
13-03-2023,NEW,Pune,42,0,0
14-03-2023,ACTIVE,Hyderabad,656,0,0
14-03-2023,HOLD,Hyderabad,16,0,0
14-03-2023,INACTIVE,Hyderabad,0,3,0
14-03-2023,INACTIVE,Hyderabad,98,0,0
14-03-2023,NEW,Hyderabad,0,8,0
14-03-2023,NEW,Hyderabad,0,0,23
14-03-2023,NEW,Hyderabad,53,0,0
14-03-2023,ACTIVE,Mumbai,0,3,0
14-03-2023,ACTIVE,Mumbai,9060,0,0
14-03-2023,HOLD,Mumbai,23,0,0
14-03-2023,INACTIVE,Mumbai,0,5,0
14-03-2023,INACTIVE,Mumbai,0,0,3
14-03-2023,INACTIVE,Mumbai,510,0,0
14-03-2023,NEW,Mumbai,0,15,0
14-03-2023,NEW,Mumbai,0,0,45
14-03-2023,NEW,Mumbai,108,0,0
14-03-2023,ACTIVE,Pune,0,1,0
14-03-2023,ACTIVE,Pune,3406,0,0
14-03-2023,HOLD,Pune,5,0,0
14-03-2023,INACTIVE,Pune,0,5,0
14-03-2023,INACTIVE,Pune,0,0,2
14-03-2023,INACTIVE,Pune,198,0,0
14-03-2023,NEW,Pune,0,9,0
14-03-2023,NEW,Pune,0,0,22
14-03-2023,NEW,Pune,44,0,0
15-03-2023,ACTIVE,Hyderabad,665,0,0
15-03-2023,HOLD,Hyderabad,17,0,0
15-03-2023,INACTIVE,Hyderabad,0,0,3
15-03-2023,INACTIVE,Hyderabad,90,0,0
15-03-2023,NEW,Hyderabad,0,10,0
15-03-2023,NEW,Hyderabad,0,0,18
15-03-2023,NEW,Hyderabad,53,0,0
15-03-2023,ACTIVE,Mumbai,0,3,0
15-03-2023,ACTIVE,Mumbai,9169,0,0
15-03-2023,HOLD,Mumbai,14,0,0
15-03-2023,INACTIVE,Mumbai,0,6,0
15-03-2023,INACTIVE,Mumbai,0,0,4
15-03-2023,INACTIVE,Mumbai,522,0,0
15-03-2023,NEW,Mumbai,0,16,0
15-03-2023,NEW,Mumbai,0,0,47
15-03-2023,NEW,Mumbai,108,0,0
15-03-2023,ACTIVE,Pune,0,2,0
15-03-2023,ACTIVE,Pune,3459,0,0
15-03-2023,HOLD,Pune,3,0,0
15-03-2023,INACTIVE,Pune,0,6,0
15-03-2023,INACTIVE,Pune,0,0,3
15-03-2023,INACTIVE,Pune,241,0,0
15-03-2023,NEW,Pune,0,6,0
15-03-2023,NEW,Pune,0,0,18
15-03-2023,NEW,Pune,38,0,0
16-03-2023,ACTIVE,Hyderabad,644,0,0
16-03-2023,HOLD,Hyderabad,8,0,0
16-03-2023,INACTIVE,Hyderabad,0,0,1
16-03-2023,INACTIVE,Hyderabad,104,0,0
16-03-2023,NEW,Hyderabad,0,10,0
16-03-2023,NEW,Hyderabad,0,0,21
16-03-2023,NEW,Hyderabad,52,0,0
16-03-2023,ACTIVE,Mumbai,0,4,0
16-03-2023,ACTIVE,Mumbai,9094,0,0
16-03-2023,HOLD,Mumbai,22,0,0
16-03-2023,INACTIVE,Mumbai,0,6,0
16-03-2023,INACTIVE,Mumbai,0,0,2
16-03-2023,INACTIVE,Mumbai,559,0,0
16-03-2023,NEW,Mumbai,0,23,0
16-03-2023,NEW,Mumbai,0,0,36
16-03-2023,NEW,Mumbai,108,0,0
16-03-2023,ACTIVE,Pune,0,2,0
16-03-2023,ACTIVE,Pune,3379,0,0
16-03-2023,HOLD,Pune,6,0,0
16-03-2023,INACTIVE,Pune,0,5,0
16-03-2023,INACTIVE,Pune,0,0,2
16-03-2023,INACTIVE,Pune,202,0,0
16-03-2023,NEW,Pune,0,13,0
16-03-2023,NEW,Pune,0,0,12
16-03-2023,NEW,Pune,52,0,0
17-03-2023,ACTIVE,Hyderabad,673,0,0
17-03-2023,HOLD,Hyderabad,22,0,0
17-03-2023,INACTIVE,Hyderabad,0,1,0
17-03-2023,INACTIVE,Hyderabad,0,0,2
17-03-2023,INACTIVE,Hyderabad,98,0,0
17-03-2023,NEW,Hyderabad,0,13,0
17-03-2023,NEW,Hyderabad,0,0,17
17-03-2023,NEW,Hyderabad,45,0,0
17-03-2023,ACTIVE,Mumbai,0,6,0
17-03-2023,ACTIVE,Mumbai,9091,0,0
17-03-2023,HOLD,Mumbai,20,0,0
17-03-2023,INACTIVE,Mumbai,0,6,0
17-03-2023,INACTIVE,Mumbai,0,0,2
17-03-2023,INACTIVE,Mumbai,529,0,0
17-03-2023,NEW,Mumbai,0,23,0
17-03-2023,NEW,Mumbai,0,0,34
17-03-2023,NEW,Mumbai,152,0,0
17-03-2023,ACTIVE,Pune,0,1,0
17-03-2023,ACTIVE,Pune,3397,0,0
17-03-2023,HOLD,Pune,7,0,0
17-03-2023,INACTIVE,Pune,0,5,0
17-03-2023,INACTIVE,Pune,0,0,1
17-03-2023,INACTIVE,Pune,291,0,0
17-03-2023,NEW,Pune,0,14,0
17-03-2023,NEW,Pune,0,0,12
17-03-2023,NEW,Pune,44,0,0
18-03-2023,ACTIVE,Hyderabad,0,1,0
18-03-2023,ACTIVE,Hyderabad,638,0,0
18-03-2023,HOLD,Hyderabad,12,0,0
18-03-2023,INACTIVE,Hyderabad,0,2,0
18-03-2023,INACTIVE,Hyderabad,110,0,0
18-03-2023,NEW,Hyderabad,0,10,0
18-03-2023,NEW,Hyderabad,0,0,30
18-03-2023,NEW,Hyderabad,33,0,0
18-03-2023,ACTIVE,Mumbai,0,5,0
18-03-2023,ACTIVE,Mumbai,0,0,3
18-03-2023,ACTIVE,Mumbai,8667,0,0
18-03-2023,HOLD,Mumbai,16,0,0
18-03-2023,INACTIVE,Mumbai,0,5,0
18-03-2023,INACTIVE,Mumbai,0,0,3
18-03-2023,INACTIVE,Mumbai,547,0,0
18-03-2023,NEW,Mumbai,0,22,0
18-03-2023,NEW,Mumbai,0,0,32
18-03-2023,NEW,Mumbai,176,0,0
18-03-2023,ACTIVE,Pune,0,1,0
18-03-2023,ACTIVE,Pune,0,0,1
18-03-2023,ACTIVE,Pune,3288,0,0
18-03-2023,HOLD,Pune,22,0,0
18-03-2023,INACTIVE,Pune,0,5,0
18-03-2023,INACTIVE,Pune,181,0,0
18-03-2023,NEW,Pune,0,17,0
18-03-2023,NEW,Pune,0,0,9
18-03-2023,NEW,Pune,60,0,0
19-03-2023,ACTIVE,Hyderabad,637,0,0
19-03-2023,HOLD,Hyderabad,13,0,0
19-03-2023,INACTIVE,Hyderabad,80,0,0
19-03-2023,NEW,Hyderabad,0,7,0
19-03-2023,NEW,Hyderabad,0,0,19
19-03-2023,NEW,Hyderabad,55,0,0
19-03-2023,ACTIVE,Mumbai,0,4,0
19-03-2023,ACTIVE,Mumbai,8500,0,0
19-03-2023,HOLD,Mumbai,16,0,0
19-03-2023,INACTIVE,Mumbai,0,5,0
19-03-2023,INACTIVE,Mumbai,0,0,2
19-03-2023,INACTIVE,Mumbai,515,0,0
19-03-2023,NEW,Mumbai,0,23,0
19-03-2023,NEW,Mumbai,0,0,27
19-03-2023,NEW,Mumbai,171,0,0
19-03-2023,ACTIVE,Pune,0,1,0
19-03-2023,ACTIVE,Pune,3195,0,0
19-03-2023,HOLD,Pune,5,0,0
19-03-2023,INACTIVE,Pune,0,4,0
19-03-2023,INACTIVE,Pune,209,0,0
19-03-2023,NEW,Pune,0,16,0
19-03-2023,NEW,Pune,0,0,9
19-03-2023,NEW,Pune,71,0,0
20-03-2023,ACTIVE,Hyderabad,657,0,0
20-03-2023,HOLD,Hyderabad,13,0,0
20-03-2023,INACTIVE,Hyderabad,0,1,0
20-03-2023,INACTIVE,Hyderabad,0,0,2
20-03-2023,INACTIVE,Hyderabad,114,0,0
20-03-2023,NEW,Hyderabad,0,11,0
20-03-2023,NEW,Hyderabad,0,0,4
20-03-2023,NEW,Hyderabad,63,0,0
20-03-2023,ACTIVE,Mumbai,0,3,0
20-03-2023,ACTIVE,Mumbai,9177,0,0
20-03-2023,HOLD,Mumbai,17,0,0
20-03-2023,INACTIVE,Mumbai,0,4,0
20-03-2023,INACTIVE,Mumbai,0,0,3
20-03-2023,INACTIVE,Mumbai,552,0,0
20-03-2023,NEW,Mumbai,0,21,0
20-03-2023,NEW,Mumbai,0,0,7
20-03-2023,NEW,Mumbai,206,0,0
20-03-2023,ACTIVE,Pune,3375,0,0
20-03-2023,HOLD,Pune,6,0,0
20-03-2023,INACTIVE,Pune,0,2,0
20-03-2023,INACTIVE,Pune,199,0,0
20-03-2023,NEW,Pune,0,18,0
20-03-2023,NEW,Pune,0,0,2
20-03-2023,NEW,Pune,79,0,0
21-03-2023,ACTIVE,Hyderabad,654,0,0
21-03-2023,HOLD,Hyderabad,17,0,0
21-03-2023,INACTIVE,Hyderabad,0,1,0
21-03-2023,INACTIVE,Hyderabad,96,0,0
21-03-2023,NEW,Hyderabad,0,10,0
21-03-2023,NEW,Hyderabad,0,0,27
21-03-2023,NEW,Hyderabad,48,0,0
21-03-2023,ACTIVE,Mumbai,0,4,0
21-03-2023,ACTIVE,Mumbai,8923,0,0
21-03-2023,HOLD,Mumbai,21,0,0
21-03-2023,INACTIVE,Mumbai,0,5,0
21-03-2023,INACTIVE,Mumbai,0,0,4
21-03-2023,INACTIVE,Mumbai,591,0,0
21-03-2023,NEW,Mumbai,0,19,0
21-03-2023,NEW,Mumbai,0,0,46
21-03-2023,NEW,Mumbai,209,0,0
21-03-2023,ACTIVE,Pune,3345,0,0
21-03-2023,HOLD,Pune,4,0,0
21-03-2023,INACTIVE,Pune,0,3,0
21-03-2023,INACTIVE,Pune,205,0,0
21-03-2023,NEW,Pune,0,19,0
21-03-2023,NEW,Pune,0,0,17
21-03-2023,NEW,Pune,76,0,0
22-03-2023,ACTIVE,Hyderabad,0,2,0
22-03-2023,ACTIVE,Hyderabad,660,0,0
22-03-2023,HOLD,Hyderabad,21,0,0
22-03-2023,INACTIVE,Hyderabad,0,2,0
22-03-2023,INACTIVE,Hyderabad,0,0,1
22-03-2023,INACTIVE,Hyderabad,138,0,0
22-03-2023,NEW,Hyderabad,0,6,0
22-03-2023,NEW,Hyderabad,0,0,23
22-03-2023,NEW,Hyderabad,53,0,0
22-03-2023,ACTIVE,Mumbai,0,4,0
22-03-2023,ACTIVE,Mumbai,0,0,1
22-03-2023,ACTIVE,Mumbai,9104,0,0
22-03-2023,HOLD,Mumbai,31,0,0
22-03-2023,INACTIVE,Mumbai,0,4,0
22-03-2023,INACTIVE,Mumbai,0,0,2
22-03-2023,INACTIVE,Mumbai,549,0,0
22-03-2023,NEW,Mumbai,0,33,0
22-03-2023,NEW,Mumbai,0,0,28
22-03-2023,NEW,Mumbai,255,0,0
22-03-2023,ACTIVE,Pune,0,1,0
22-03-2023,ACTIVE,Pune,3435,0,0
22-03-2023,HOLD,Pune,13,0,0
22-03-2023,INACTIVE,Pune,0,4,0
22-03-2023,INACTIVE,Pune,0,0,1
22-03-2023,INACTIVE,Pune,231,0,0
22-03-2023,NEW,Pune,0,20,0
22-03-2023,NEW,Pune,0,0,8
22-03-2023,NEW,Pune,100,0,0
23-03-2023,ACTIVE,Hyderabad,0,1,0
23-03-2023,ACTIVE,Hyderabad,655,0,0
23-03-2023,HOLD,Hyderabad,15,0,0
23-03-2023,INACTIVE,Hyderabad,0,1,0
23-03-2023,INACTIVE,Hyderabad,88,0,0
23-03-2023,NEW,Hyderabad,0,9,0
23-03-2023,NEW,Hyderabad,0,0,4
23-03-2023,NEW,Hyderabad,36,0,0
23-03-2023,ACTIVE,Mumbai,0,4,0
23-03-2023,ACTIVE,Mumbai,8938,0,0
23-03-2023,HOLD,Mumbai,22,0,0
23-03-2023,INACTIVE,Mumbai,0,6,0
23-03-2023,INACTIVE,Mumbai,0,0,1
23-03-2023,INACTIVE,Mumbai,495,0,0
23-03-2023,NEW,Mumbai,0,46,0
23-03-2023,NEW,Mumbai,0,0,4
23-03-2023,NEW,Mumbai,271,0,0
23-03-2023,ACTIVE,Pune,0,2,0
23-03-2023,ACTIVE,Pune,3328,0,0
23-03-2023,HOLD,Pune,7,0,0
23-03-2023,INACTIVE,Pune,0,4,0
23-03-2023,INACTIVE,Pune,205,0,0
23-03-2023,NEW,Pune,0,17,0
23-03-2023,NEW,Pune,0,0,3
23-03-2023,NEW,Pune,87,0,0
24-03-2023,ACTIVE,Hyderabad,650,0,0
24-03-2023,HOLD,Hyderabad,16,0,0
24-03-2023,INACTIVE,Hyderabad,0,2,0
24-03-2023,INACTIVE,Hyderabad,0,0,1
24-03-2023,INACTIVE,Hyderabad,92,0,0
24-03-2023,NEW,Hyderabad,0,5,0
24-03-2023,NEW,Hyderabad,0,0,18
24-03-2023,NEW,Hyderabad,57,0,0
24-03-2023,ACTIVE,Mumbai,0,5,0
24-03-2023,ACTIVE,Mumbai,9016,0,0
24-03-2023,HOLD,Mumbai,22,0,0
24-03-2023,INACTIVE,Mumbai,0,8,0
24-03-2023,INACTIVE,Mumbai,0,0,4
24-03-2023,INACTIVE,Mumbai,575,0,0
24-03-2023,NEW,Mumbai,0,68,0
24-03-2023,NEW,Mumbai,0,0,34
24-03-2023,NEW,Mumbai,242,0,0
24-03-2023,ACTIVE,Pune,0,2,0
24-03-2023,ACTIVE,Pune,3302,0,0
24-03-2023,HOLD,Pune,15,0,0
24-03-2023,INACTIVE,Pune,0,4,0
24-03-2023,INACTIVE,Pune,211,0,0
24-03-2023,NEW,Pune,0,20,0
24-03-2023,NEW,Pune,0,0,11
24-03-2023,NEW,Pune,109,0,0
25-03-2023,ACTIVE,Hyderabad,652,0,0
25-03-2023,HOLD,Hyderabad,17,0,0
25-03-2023,INACTIVE,Hyderabad,0,2,0
25-03-2023,INACTIVE,Hyderabad,96,0,0
25-03-2023,NEW,Hyderabad,0,7,0
25-03-2023,NEW,Hyderabad,0,0,26
25-03-2023,NEW,Hyderabad,54,0,0
25-03-2023,ACTIVE,Mumbai,0,7,0
25-03-2023,ACTIVE,Mumbai,0,0,1
25-03-2023,ACTIVE,Mumbai,8633,0,0
25-03-2023,HOLD,Mumbai,21,0,0
25-03-2023,INACTIVE,Mumbai,0,8,0
25-03-2023,INACTIVE,Mumbai,0,0,4
25-03-2023,INACTIVE,Mumbai,526,0,0
25-03-2023,NEW,Mumbai,0,85,0
25-03-2023,NEW,Mumbai,0,0,18
25-03-2023,NEW,Mumbai,253,0,0
25-03-2023,ACTIVE,Pune,0,1,0
25-03-2023,ACTIVE,Pune,3224,0,0
25-03-2023,HOLD,Pune,7,0,0
25-03-2023,INACTIVE,Pune,0,5,0
25-03-2023,INACTIVE,Pune,0,0,1
25-03-2023,INACTIVE,Pune,236,0,0
25-03-2023,NEW,Pune,0,25,0
25-03-2023,NEW,Pune,0,0,6
25-03-2023,NEW,Pune,95,0,0
26-03-2023,ACTIVE,Hyderabad,629,0,0
26-03-2023,HOLD,Hyderabad,18,0,0
26-03-2023,INACTIVE,Hyderabad,0,3,0
26-03-2023,INACTIVE,Hyderabad,110,0,0
26-03-2023,NEW,Hyderabad,0,11,0
26-03-2023,NEW,Hyderabad,0,0,26
26-03-2023,NEW,Hyderabad,41,0,0
26-03-2023,ACTIVE,Mumbai,0,7,0
26-03-2023,ACTIVE,Mumbai,8458,0,0
26-03-2023,HOLD,Mumbai,19,0,0
26-03-2023,INACTIVE,Mumbai,0,13,0
26-03-2023,INACTIVE,Mumbai,494,0,0
26-03-2023,NEW,Mumbai,0,100,0
26-03-2023,NEW,Mumbai,0,0,17
26-03-2023,NEW,Mumbai,246,0,0
26-03-2023,ACTIVE,Pune,3155,0,0
26-03-2023,HOLD,Pune,7,0,0
26-03-2023,INACTIVE,Pune,0,6,0
26-03-2023,INACTIVE,Pune,0,0,1
26-03-2023,INACTIVE,Pune,185,0,0
26-03-2023,NEW,Pune,0,35,0
26-03-2023,NEW,Pune,0,0,8
26-03-2023,NEW,Pune,74,0,0
27-03-2023,ACTIVE,Hyderabad,694,0,0
27-03-2023,HOLD,Hyderabad,14,0,0
27-03-2023,INACTIVE,Hyderabad,0,3,0
27-03-2023,INACTIVE,Hyderabad,92,0,0
27-03-2023,NEW,Hyderabad,0,9,0
27-03-2023,NEW,Hyderabad,0,0,3
27-03-2023,NEW,Hyderabad,39,0,0
27-03-2023,ACTIVE,Mumbai,0,8,0
27-03-2023,ACTIVE,Mumbai,9182,0,0
27-03-2023,HOLD,Mumbai,16,0,0
27-03-2023,INACTIVE,Mumbai,0,13,0
27-03-2023,INACTIVE,Mumbai,0,0,1
27-03-2023,INACTIVE,Mumbai,572,0,0
27-03-2023,NEW,Mumbai,0,93,0
27-03-2023,NEW,Mumbai,0,0,3
27-03-2023,NEW,Mumbai,213,0,0
27-03-2023,ACTIVE,Pune,0,0,1
27-03-2023,ACTIVE,Pune,3382,0,0
27-03-2023,HOLD,Pune,3,0,0
27-03-2023,INACTIVE,Pune,0,6,0
27-03-2023,INACTIVE,Pune,202,0,0
27-03-2023,NEW,Pune,0,40,0
27-03-2023,NEW,Pune,0,0,1
27-03-2023,NEW,Pune,69,0,0
28-03-2023,ACTIVE,Hyderabad,667,0,0
28-03-2023,HOLD,Hyderabad,21,0,0
28-03-2023,INACTIVE,Hyderabad,0,0,1
28-03-2023,INACTIVE,Hyderabad,102,0,0
28-03-2023,NEW,Hyderabad,0,4,0
28-03-2023,NEW,Hyderabad,0,0,11
28-03-2023,NEW,Hyderabad,36,0,0
28-03-2023,ACTIVE,Mumbai,0,4,0
28-03-2023,ACTIVE,Mumbai,0,0,2
28-03-2023,ACTIVE,Mumbai,8939,0,0
28-03-2023,HOLD,Mumbai,28,0,0
28-03-2023,INACTIVE,Mumbai,0,16,0
28-03-2023,INACTIVE,Mumbai,0,0,3
28-03-2023,INACTIVE,Mumbai,536,0,0
28-03-2023,NEW,Mumbai,0,110,0
28-03-2023,NEW,Mumbai,0,0,17
28-03-2023,NEW,Mumbai,207,0,0
28-03-2023,ACTIVE,Pune,0,0,1
28-03-2023,ACTIVE,Pune,3286,0,0
28-03-2023,HOLD,Pune,8,0,0
28-03-2023,INACTIVE,Pune,0,6,0
28-03-2023,INACTIVE,Pune,229,0,0
28-03-2023,NEW,Pune,0,43,0
28-03-2023,NEW,Pune,0,0,2
28-03-2023,NEW,Pune,65,0,0
29-03-2023,ACTIVE,Hyderabad,692,0,0
29-03-2023,HOLD,Hyderabad,15,0,0
29-03-2023,INACTIVE,Hyderabad,0,1,0
29-03-2023,INACTIVE,Hyderabad,115,0,0
29-03-2023,NEW,Hyderabad,0,4,0
29-03-2023,NEW,Hyderabad,0,0,6
29-03-2023,NEW,Hyderabad,36,0,0
29-03-2023,ACTIVE,Mumbai,0,8,0
29-03-2023,ACTIVE,Mumbai,0,0,1
29-03-2023,ACTIVE,Mumbai,8936,0,0
29-03-2023,HOLD,Mumbai,15,0,0
29-03-2023,INACTIVE,Mumbai,0,19,0
29-03-2023,INACTIVE,Mumbai,0,0,3
29-03-2023,INACTIVE,Mumbai,591,0,0
29-03-2023,NEW,Mumbai,0,102,0
29-03-2023,NEW,Mumbai,0,0,17
29-03-2023,NEW,Mumbai,185,0,0
29-03-2023,ACTIVE,Pune,0,1,0
29-03-2023,ACTIVE,Pune,0,0,1
29-03-2023,ACTIVE,Pune,3329,0,0
29-03-2023,HOLD,Pune,5,0,0
29-03-2023,INACTIVE,Pune,0,4,0
29-03-2023,INACTIVE,Pune,214,0,0
29-03-2023,NEW,Pune,0,41,0
29-03-2023,NEW,Pune,0,0,1
29-03-2023,NEW,Pune,69,0,0
30-03-2023,ACTIVE,Hyderabad,680,0,0
30-03-2023,HOLD,Hyderabad,28,0,0
30-03-2023,INACTIVE,Hyderabad,0,1,0
30-03-2023,INACTIVE,Hyderabad,139,0,0
30-03-2023,NEW,Hyderabad,0,2,0
30-03-2023,NEW,Hyderabad,0,0,4
30-03-2023,NEW,Hyderabad,40,0,0
30-03-2023,ACTIVE,Mumbai,0,5,0
30-03-2023,ACTIVE,Mumbai,0,0,1
30-03-2023,ACTIVE,Mumbai,9043,0,0
30-03-2023,HOLD,Mumbai,22,0,0
30-03-2023,INACTIVE,Mumbai,0,28,0
30-03-2023,INACTIVE,Mumbai,0,0,1
30-03-2023,INACTIVE,Mumbai,546,0,0
30-03-2023,NEW,Mumbai,0,118,0
30-03-2023,NEW,Mumbai,0,0,12
30-03-2023,NEW,Mumbai,184,0,0
30-03-2023,ACTIVE,Pune,0,0,1
30-03-2023,ACTIVE,Pune,3290,0,0
30-03-2023,HOLD,Pune,3,0,0
30-03-2023,INACTIVE,Pune,0,6,0
30-03-2023,INACTIVE,Pune,228,0,0
30-03-2023,NEW,Pune,0,48,0
30-03-2023,NEW,Pune,0,0,3
30-03-2023,NEW,Pune,71,0,0
31-03-2023,ACTIVE,Hyderabad,0,0,1
31-03-2023,ACTIVE,Hyderabad,685,0,0
31-03-2023,HOLD,Hyderabad,19,0,0
31-03-2023,INACTIVE,Hyderabad,0,2,0
31-03-2023,INACTIVE,Hyderabad,0,0,1
31-03-2023,INACTIVE,Hyderabad,96,0,0
31-03-2023,NEW,Hyderabad,0,3,0
31-03-2023,NEW,Hyderabad,0,0,5
31-03-2023,NEW,Hyderabad,33,0,0
31-03-2023,ACTIVE,Mumbai,0,9,0
31-03-2023,ACTIVE,Mumbai,0,0,1
31-03-2023,ACTIVE,Mumbai,8916,0,0
31-03-2023,HOLD,Mumbai,31,0,0
31-03-2023,INACTIVE,Mumbai,0,19,0
31-03-2023,INACTIVE,Mumbai,588,0,0
31-03-2023,NEW,Mumbai,0,114,0
31-03-2023,NEW,Mumbai,0,0,9
31-03-2023,NEW,Mumbai,201,0,0
31-03-2023,ACTIVE,Pune,0,1,0
31-03-2023,ACTIVE,Pune,3312,0,0
31-03-2023,HOLD,Pune,2,0,0
31-03-2023,INACTIVE,Pune,0,3,0
31-03-2023,INACTIVE,Pune,216,0,0
31-03-2023,NEW,Pune,0,52,0
31-03-2023,NEW,Pune,0,0,3
31-03-2023,NEW,Pune,60,0,0
01-04-2023,ACTIVE,Hyderabad,0,0,1
01-04-2023,ACTIVE,Hyderabad,654,0,0
01-04-2023,HOLD,Hyderabad,12,0,0
01-04-2023,INACTIVE,Hyderabad,0,2,0
01-04-2023,INACTIVE,Hyderabad,120,0,0
01-04-2023,NEW,Hyderabad,0,3,0
01-04-2023,NEW,Hyderabad,0,0,2
01-04-2023,NEW,Hyderabad,28,0,0
01-04-2023,ACTIVE,Mumbai,0,7,0
01-04-2023,ACTIVE,Mumbai,0,0,1
01-04-2023,ACTIVE,Mumbai,8773,0,0
01-04-2023,HOLD,Mumbai,21,0,0
01-04-2023,INACTIVE,Mumbai,0,27,0
01-04-2023,INACTIVE,Mumbai,0,0,1
01-04-2023,INACTIVE,Mumbai,583,0,0
01-04-2023,NEW,Mumbai,0,111,0
01-04-2023,NEW,Mumbai,0,0,7
01-04-2023,NEW,Mumbai,221,0,0
01-04-2023,ACTIVE,Pune,0,1,0
01-04-2023,ACTIVE,Pune,3237,0,0
01-04-2023,HOLD,Pune,3,0,0
01-04-2023,INACTIVE,Pune,0,8,0
01-04-2023,INACTIVE,Pune,200,0,0
01-04-2023,NEW,Pune,0,48,0
01-04-2023,NEW,Pune,0,0,2
01-04-2023,NEW,Pune,78,0,0
02-04-2023,ACTIVE,Hyderabad,675,0,0
02-04-2023,HOLD,Hyderabad,23,0,0
02-04-2023,INACTIVE,Hyderabad,0,2,0
02-04-2023,INACTIVE,Hyderabad,121,0,0
02-04-2023,NEW,Hyderabad,0,2,0
02-04-2023,NEW,Hyderabad,0,0,1
02-04-2023,NEW,Hyderabad,18,0,0
02-04-2023,ACTIVE,Mumbai,0,8,0
02-04-2023,ACTIVE,Mumbai,0,0,1
02-04-2023,ACTIVE,Mumbai,8487,0,0
02-04-2023,HOLD,Mumbai,19,0,0
02-04-2023,INACTIVE,Mumbai,0,21,0
02-04-2023,INACTIVE,Mumbai,556,0,0
02-04-2023,NEW,Mumbai,0,96,0
02-04-2023,NEW,Mumbai,0,0,9
02-04-2023,NEW,Mumbai,190,0,0
02-04-2023,ACTIVE,Pune,0,4,0
02-04-2023,ACTIVE,Pune,3186,0,0
02-04-2023,HOLD,Pune,5,0,0
02-04-2023,INACTIVE,Pune,0,9,0
02-04-2023,INACTIVE,Pune,0,0,1
02-04-2023,INACTIVE,Pune,186,0,0
02-04-2023,NEW,Pune,0,39,0
02-04-2023,NEW,Pune,0,0,2
02-04-2023,NEW,Pune,89,0,0
03-04-2023,ACTIVE,Hyderabad,711,0,0
03-04-2023,HOLD,Hyderabad,18,0,0
03-04-2023,INACTIVE,Hyderabad,0,1,0
03-04-2023,INACTIVE,Hyderabad,115,0,0
03-04-2023,NEW,Hyderabad,0,7,0
03-04-2023,NEW,Hyderabad,18,0,0
03-04-2023,ACTIVE,Mumbai,0,8,0
03-04-2023,ACTIVE,Mumbai,0,0,1
03-04-2023,ACTIVE,Mumbai,9151,0,0
03-04-2023,HOLD,Mumbai,26,0,0
03-04-2023,INACTIVE,Mumbai,0,20,0
03-04-2023,INACTIVE,Mumbai,0,0,1
03-04-2023,INACTIVE,Mumbai,564,0,0
03-04-2023,NEW,Mumbai,0,112,0
03-04-2023,NEW,Mumbai,0,0,4
03-04-2023,NEW,Mumbai,253,0,0
03-04-2023,ACTIVE,Pune,0,3,0
03-04-2023,ACTIVE,Pune,3363,0,0
03-04-2023,HOLD,Pune,5,0,0
03-04-2023,INACTIVE,Pune,0,5,0
03-04-2023,INACTIVE,Pune,210,0,0
03-04-2023,NEW,Pune,0,39,0
03-04-2023,NEW,Pune,0,0,1
03-04-2023,NEW,Pune,90,0,0
04-04-2023,ACTIVE,Hyderabad,699,0,0
04-04-2023,HOLD,Hyderabad,21,0,0
04-04-2023,INACTIVE,Hyderabad,0,1,0
04-04-2023,INACTIVE,Hyderabad,128,0,0
04-04-2023,NEW,Hyderabad,0,3,0
04-04-2023,NEW,Hyderabad,0,0,1
04-04-2023,NEW,Hyderabad,15,0,0
04-04-2023,ACTIVE,Mumbai,0,8,0
04-04-2023,ACTIVE,Mumbai,8792,0,0
04-04-2023,HOLD,Mumbai,24,0,0
04-04-2023,INACTIVE,Mumbai,0,19,0
04-04-2023,INACTIVE,Mumbai,0,0,3
04-04-2023,INACTIVE,Mumbai,614,0,0
04-04-2023,NEW,Mumbai,0,92,0
04-04-2023,NEW,Mumbai,0,0,4
04-04-2023,NEW,Mumbai,269,0,0
04-04-2023,ACTIVE,Pune,0,1,0
04-04-2023,ACTIVE,Pune,3258,0,0
04-04-2023,HOLD,Pune,7,0,0
04-04-2023,INACTIVE,Pune,0,7,0
04-04-2023,INACTIVE,Pune,0,0,1
04-04-2023,INACTIVE,Pune,233,0,0
04-04-2023,NEW,Pune,0,36,0
04-04-2023,NEW,Pune,0,0,3
04-04-2023,NEW,Pune,108,0,0
05-04-2023,ACTIVE,Hyderabad,698,0,0
05-04-2023,HOLD,Hyderabad,18,0,0
05-04-2023,INACTIVE,Hyderabad,0,7,0
05-04-2023,INACTIVE,Hyderabad,111,0,0
05-04-2023,NEW,Hyderabad,0,4,0
05-04-2023,NEW,Hyderabad,13,0,0
05-04-2023,ACTIVE,Mumbai,0,12,0
05-04-2023,ACTIVE,Mumbai,0,0,1
05-04-2023,ACTIVE,Mumbai,8941,0,0
05-04-2023,HOLD,Mumbai,23,0,0
05-04-2023,INACTIVE,Mumbai,0,41,0
05-04-2023,INACTIVE,Mumbai,0,0,1
05-04-2023,INACTIVE,Mumbai,616,0,0
05-04-2023,NEW,Mumbai,0,84,0
05-04-2023,NEW,Mumbai,0,0,2
05-04-2023,NEW,Mumbai,230,0,0
05-04-2023,ACTIVE,Pune,3380,0,0
05-04-2023,HOLD,Pune,11,0,0
05-04-2023,INACTIVE,Pune,0,7,0
05-04-2023,INACTIVE,Pune,209,0,0
05-04-2023,NEW,Pune,0,41,0
05-04-2023,NEW,Pune,95,0,0
06-04-2023,ACTIVE,Hyderabad,720,0,0
06-04-2023,HOLD,Hyderabad,19,0,0
06-04-2023,INACTIVE,Hyderabad,0,1,0
06-04-2023,INACTIVE,Hyderabad,122,0,0
06-04-2023,NEW,Hyderabad,19,0,0
06-04-2023,ACTIVE,Mumbai,0,9,0
06-04-2023,ACTIVE,Mumbai,8814,0,0
06-04-2023,HOLD,Mumbai,22,0,0
06-04-2023,INACTIVE,Mumbai,0,26,0
06-04-2023,INACTIVE,Mumbai,567,0,0
06-04-2023,NEW,Mumbai,0,63,0
06-04-2023,NEW,Mumbai,0,0,4
06-04-2023,NEW,Mumbai,222,0,0
06-04-2023,ACTIVE,Pune,0,5,0
06-04-2023,ACTIVE,Pune,3330,0,0
06-04-2023,HOLD,Pune,12,0,0
06-04-2023,INACTIVE,Pune,0,10,0
06-04-2023,INACTIVE,Pune,223,0,0
06-04-2023,NEW,Pune,0,27,0
06-04-2023,NEW,Pune,0,0,2
06-04-2023,NEW,Pune,98,0,0
07-04-2023,ACTIVE,Hyderabad,697,0,0
07-04-2023,HOLD,Hyderabad,17,0,0
07-04-2023,INACTIVE,Hyderabad,0,3,0
07-04-2023,INACTIVE,Hyderabad,128,0,0
07-04-2023,NEW,Hyderabad,0,3,0
07-04-2023,NEW,Hyderabad,0,0,2
07-04-2023,NEW,Hyderabad,15,0,0
07-04-2023,ACTIVE,Mumbai,0,13,0
07-04-2023,ACTIVE,Mumbai,8630,0,0
07-04-2023,HOLD,Mumbai,24,0,0
07-04-2023,INACTIVE,Mumbai,0,26,0
07-04-2023,INACTIVE,Mumbai,0,0,2
07-04-2023,INACTIVE,Mumbai,589,0,0
07-04-2023,NEW,Mumbai,0,75,0
07-04-2023,NEW,Mumbai,0,0,7
07-04-2023,NEW,Mumbai,220,0,0
07-04-2023,ACTIVE,Pune,0,5,0
07-04-2023,ACTIVE,Pune,3284,0,0
07-04-2023,HOLD,Pune,3,0,0
07-04-2023,INACTIVE,Pune,0,13,0
07-04-2023,INACTIVE,Pune,0,0,2
07-04-2023,INACTIVE,Pune,228,0,0
07-04-2023,NEW,Pune,0,34,0
07-04-2023,NEW,Pune,94,0,0
08-04-2023,ACTIVE,Hyderabad,484,0,0
08-04-2023,HOLD,Hyderabad,12,0,0
08-04-2023,INACTIVE,Hyderabad,0,1,0
08-04-2023,INACTIVE,Hyderabad,88,0,0
08-04-2023,NEW,Hyderabad,17,0,0
08-04-2023,ACTIVE,Mumbai,0,11,0
08-04-2023,ACTIVE,Mumbai,8246,0,0
08-04-2023,HOLD,Mumbai,16,0,0
08-04-2023,INACTIVE,Mumbai,0,23,0
08-04-2023,INACTIVE,Mumbai,597,0,0
08-04-2023,NEW,Mumbai,0,76,0
08-04-2023,NEW,Mumbai,0,0,6
08-04-2023,NEW,Mumbai,197,0,0
08-04-2023,ACTIVE,Pune,0,7,0
08-04-2023,ACTIVE,Pune,0,0,1
08-04-2023,ACTIVE,Pune,3119,0,0
08-04-2023,HOLD,Pune,4,0,0
08-04-2023,INACTIVE,Pune,0,11,0
08-04-2023,INACTIVE,Pune,0,0,1
08-04-2023,INACTIVE,Pune,212,0,0
08-04-2023,NEW,Pune,0,27,0
08-04-2023,NEW,Pune,91,0,0
09-04-2023,ACTIVE,Hyderabad,684,0,0
09-04-2023,HOLD,Hyderabad,15,0,0
09-04-2023,INACTIVE,Hyderabad,0,1,0
09-04-2023,INACTIVE,Hyderabad,108,0,0
09-04-2023,NEW,Hyderabad,0,1,0
09-04-2023,NEW,Hyderabad,50,0,0
09-04-2023,ACTIVE,Mumbai,0,13,0
09-04-2023,ACTIVE,Mumbai,8183,0,0
09-04-2023,HOLD,Mumbai,29,0,0
09-04-2023,INACTIVE,Mumbai,0,34,0
09-04-2023,INACTIVE,Mumbai,533,0,0
09-04-2023,NEW,Mumbai,0,90,0
09-04-2023,NEW,Mumbai,0,0,11
09-04-2023,NEW,Mumbai,226,0,0
09-04-2023,ACTIVE,Pune,0,9,0
09-04-2023,ACTIVE,Pune,3166,0,0
09-04-2023,HOLD,Pune,3,0,0
09-04-2023,INACTIVE,Pune,0,12,0
09-04-2023,INACTIVE,Pune,0,0,1
09-04-2023,INACTIVE,Pune,202,0,0
09-04-2023,NEW,Pune,0,44,0
09-04-2023,NEW,Pune,0,0,3
09-04-2023,NEW,Pune,76,0,0
10-04-2023,ACTIVE,Hyderabad,694,0,0
10-04-2023,HOLD,Hyderabad,10,0,0
10-04-2023,INACTIVE,Hyderabad,0,1,0
10-04-2023,INACTIVE,Hyderabad,127,0,0
10-04-2023,NEW,Hyderabad,45,0,0
10-04-2023,ACTIVE,Mumbai,0,21,0
10-04-2023,ACTIVE,Mumbai,9162,0,0
10-04-2023,HOLD,Mumbai,20,0,0
10-04-2023,INACTIVE,Mumbai,0,33,0
10-04-2023,INACTIVE,Mumbai,568,0,0
10-04-2023,NEW,Mumbai,0,95,0
10-04-2023,NEW,Mumbai,0,0,6
10-04-2023,NEW,Mumbai,244,0,0
10-04-2023,ACTIVE,Pune,0,12,0
10-04-2023,ACTIVE,Pune,3417,0,0
10-04-2023,HOLD,Pune,6,0,0
10-04-2023,INACTIVE,Pune,0,14,0
10-04-2023,INACTIVE,Pune,245,0,0
10-04-2023,NEW,Pune,0,43,0
10-04-2023,NEW,Pune,101,0,0
11-04-2023,ACTIVE,Hyderabad,711,0,0
11-04-2023,HOLD,Hyderabad,12,0,0
11-04-2023,INACTIVE,Hyderabad,124,0,0
11-04-2023,NEW,Hyderabad,0,1,0
11-04-2023,NEW,Hyderabad,0,0,4
11-04-2023,NEW,Hyderabad,55,0,0
11-04-2023,ACTIVE,Mumbai,0,19,0
11-04-2023,ACTIVE,Mumbai,8813,0,0
11-04-2023,HOLD,Mumbai,17,0,0
11-04-2023,INACTIVE,Mumbai,0,43,0
11-04-2023,INACTIVE,Mumbai,0,0,2
11-04-2023,INACTIVE,Mumbai,690,0,0
11-04-2023,NEW,Mumbai,0,110,0
11-04-2023,NEW,Mumbai,0,0,8
11-04-2023,NEW,Mumbai,260,0,0
11-04-2023,ACTIVE,Pune,0,12,0
11-04-2023,ACTIVE,Pune,3342,0,0
11-04-2023,HOLD,Pune,3,0,0
11-04-2023,INACTIVE,Pune,0,14,0
11-04-2023,INACTIVE,Pune,258,0,0
11-04-2023,NEW,Pune,0,49,0
11-04-2023,NEW,Pune,0,0,2
11-04-2023,NEW,Pune,95,0,0
12-04-2023,ACTIVE,Hyderabad,687,0,0
12-04-2023,HOLD,Hyderabad,12,0,0
12-04-2023,INACTIVE,Hyderabad,106,0,0
12-04-2023,NEW,Hyderabad,0,1,0
12-04-2023,NEW,Hyderabad,0,0,1
12-04-2023,NEW,Hyderabad,58,0,0
12-04-2023,ACTIVE,Mumbai,0,27,0
12-04-2023,ACTIVE,Mumbai,9007,0,0
12-04-2023,HOLD,Mumbai,18,0,0
12-04-2023,INACTIVE,Mumbai,0,46,0
12-04-2023,INACTIVE,Mumbai,0,0,1
12-04-2023,INACTIVE,Mumbai,628,0,0
12-04-2023,NEW,Mumbai,0,101,0
12-04-2023,NEW,Mumbai,0,0,7
12-04-2023,NEW,Mumbai,234,0,0
12-04-2023,ACTIVE,Pune,0,13,0
12-04-2023,ACTIVE,Pune,3405,0,0
12-04-2023,HOLD,Pune,10,0,0
12-04-2023,INACTIVE,Pune,0,10,0
12-04-2023,INACTIVE,Pune,239,0,0
12-04-2023,NEW,Pune,0,52,0
12-04-2023,NEW,Pune,0,0,2
12-04-2023,NEW,Pune,84,0,0
13-04-2023,ACTIVE,Hyderabad,716,0,0
13-04-2023,HOLD,Hyderabad,14,0,0
13-04-2023,INACTIVE,Hyderabad,155,0,0
13-04-2023,NEW,Hyderabad,0,2,0
13-04-2023,NEW,Hyderabad,0,0,2
13-04-2023,NEW,Hyderabad,67,0,0
13-04-2023,ACTIVE,Mumbai,0,26,0
13-04-2023,ACTIVE,Mumbai,8995,0,0
13-04-2023,HOLD,Mumbai,18,0,0
13-04-2023,INACTIVE,Mumbai,0,56,0
13-04-2023,INACTIVE,Mumbai,0,0,2
13-04-2023,INACTIVE,Mumbai,607,0,0
13-04-2023,NEW,Mumbai,0,108,0
13-04-2023,NEW,Mumbai,0,0,6
13-04-2023,NEW,Mumbai,235,0,0
13-04-2023,ACTIVE,Pune,0,8,0
13-04-2023,ACTIVE,Pune,3357,0,0
13-04-2023,HOLD,Pune,8,0,0
13-04-2023,INACTIVE,Pune,0,17,0
13-04-2023,INACTIVE,Pune,0,0,1
13-04-2023,INACTIVE,Pune,243,0,0
13-04-2023,NEW,Pune,0,53,0
13-04-2023,NEW,Pune,0,0,4
13-04-2023,NEW,Pune,78,0,0
14-04-2023,ACTIVE,Hyderabad,0,1,0
14-04-2023,ACTIVE,Hyderabad,688,0,0
14-04-2023,HOLD,Hyderabad,10,0,0
14-04-2023,INACTIVE,Hyderabad,141,0,0
14-04-2023,NEW,Hyderabad,0,2,0
14-04-2023,NEW,Hyderabad,0,0,1
14-04-2023,NEW,Hyderabad,66,0,0
14-04-2023,ACTIVE,Mumbai,0,32,0
14-04-2023,ACTIVE,Mumbai,8864,0,0
14-04-2023,HOLD,Mumbai,11,0,0
14-04-2023,INACTIVE,Mumbai,0,57,0
14-04-2023,INACTIVE,Mumbai,0,0,2
14-04-2023,INACTIVE,Mumbai,608,0,0
14-04-2023,NEW,Mumbai,0,104,0
14-04-2023,NEW,Mumbai,0,0,13
14-04-2023,NEW,Mumbai,227,0,0
14-04-2023,ACTIVE,Pune,0,9,0
14-04-2023,ACTIVE,Pune,0,0,1
14-04-2023,ACTIVE,Pune,3332,0,0
14-04-2023,HOLD,Pune,9,0,0
14-04-2023,INACTIVE,Pune,0,17,0
14-04-2023,INACTIVE,Pune,241,0,0
14-04-2023,NEW,Pune,0,58,0
14-04-2023,NEW,Pune,0,0,4
14-04-2023,NEW,Pune,81,0,0
15-04-2023,ACTIVE,Hyderabad,0,2,0
15-04-2023,ACTIVE,Hyderabad,678,0,0
15-04-2023,HOLD,Hyderabad,16,0,0
15-04-2023,INACTIVE,Hyderabad,0,1,0
15-04-2023,INACTIVE,Hyderabad,132,0,0
15-04-2023,NEW,Hyderabad,0,12,0
15-04-2023,NEW,Hyderabad,0,0,1
15-04-2023,NEW,Hyderabad,63,0,0
15-04-2023,ACTIVE,Mumbai,0,35,0
15-04-2023,ACTIVE,Mumbai,8501,0,0
15-04-2023,HOLD,Mumbai,17,0,0
15-04-2023,INACTIVE,Mumbai,0,50,0
15-04-2023,INACTIVE,Mumbai,620,0,0
15-04-2023,NEW,Mumbai,0,103,0
15-04-2023,NEW,Mumbai,0,0,5
15-04-2023,NEW,Mumbai,215,0,0
15-04-2023,ACTIVE,Pune,0,6,0
15-04-2023,ACTIVE,Pune,3266,0,0
15-04-2023,HOLD,Pune,4,0,0
15-04-2023,INACTIVE,Pune,0,17,0
15-04-2023,INACTIVE,Pune,210,0,0
15-04-2023,NEW,Pune,0,57,0
15-04-2023,NEW,Pune,81,0,0
16-04-2023,ACTIVE,Hyderabad,0,2,0
16-04-2023,ACTIVE,Hyderabad,645,0,0
16-04-2023,HOLD,Hyderabad,10,0,0
16-04-2023,INACTIVE,Hyderabad,0,2,0
16-04-2023,INACTIVE,Hyderabad,0,0,1
16-04-2023,INACTIVE,Hyderabad,121,0,0
16-04-2023,NEW,Hyderabad,0,13,0
16-04-2023,NEW,Hyderabad,61,0,0
16-04-2023,ACTIVE,Mumbai,0,37,0
16-04-2023,ACTIVE,Mumbai,8328,0,0
16-04-2023,HOLD,Mumbai,13,0,0
16-04-2023,INACTIVE,Mumbai,0,62,0
16-04-2023,INACTIVE,Mumbai,598,0,0
16-04-2023,NEW,Mumbai,0,86,0
16-04-2023,NEW,Mumbai,0,0,4
16-04-2023,NEW,Mumbai,207,0,0
16-04-2023,ACTIVE,Pune,0,6,0
16-04-2023,ACTIVE,Pune,3180,0,0
16-04-2023,HOLD,Pune,2,0,0
16-04-2023,INACTIVE,Pune,0,17,0
16-04-2023,INACTIVE,Pune,204,0,0
16-04-2023,NEW,Pune,0,49,0
16-04-2023,NEW,Pune,85,0,0
17-04-2023,ACTIVE,Hyderabad,0,2,0
17-04-2023,ACTIVE,Hyderabad,699,0,0
17-04-2023,HOLD,Hyderabad,9,0,0
17-04-2023,INACTIVE,Hyderabad,0,2,0
17-04-2023,INACTIVE,Hyderabad,130,0,0
17-04-2023,NEW,Hyderabad,0,22,0
17-04-2023,NEW,Hyderabad,0,0,1
17-04-2023,NEW,Hyderabad,67,0,0
17-04-2023,ACTIVE,Mumbai,0,29,0
17-04-2023,ACTIVE,Mumbai,9183,0,0
17-04-2023,HOLD,Mumbai,21,0,0
17-04-2023,INACTIVE,Mumbai,0,49,0
17-04-2023,INACTIVE,Mumbai,0,0,1
17-04-2023,INACTIVE,Mumbai,604,0,0
17-04-2023,NEW,Mumbai,0,92,0
17-04-2023,NEW,Mumbai,0,0,2
17-04-2023,NEW,Mumbai,232,0,0
17-04-2023,ACTIVE,Pune,0,7,0
17-04-2023,ACTIVE,Pune,3386,0,0
17-04-2023,HOLD,Pune,9,0,0
17-04-2023,INACTIVE,Pune,0,14,0
17-04-2023,INACTIVE,Pune,223,0,0
17-04-2023,NEW,Pune,0,52,0
17-04-2023,NEW,Pune,81,0,0
18-04-2023,ACTIVE,Hyderabad,0,2,0
18-04-2023,ACTIVE,Hyderabad,664,0,0
18-04-2023,HOLD,Hyderabad,20,0,0
18-04-2023,INACTIVE,Hyderabad,0,3,0
18-04-2023,INACTIVE,Hyderabad,122,0,0
18-04-2023,NEW,Hyderabad,0,22,0
18-04-2023,NEW,Hyderabad,0,0,3
18-04-2023,NEW,Hyderabad,60,0,0
18-04-2023,ACTIVE,Mumbai,0,33,0
18-04-2023,ACTIVE,Mumbai,8755,0,0
18-04-2023,HOLD,Mumbai,14,0,0
18-04-2023,INACTIVE,Mumbai,0,58,0
18-04-2023,INACTIVE,Mumbai,597,0,0
18-04-2023,NEW,Mumbai,0,89,0
18-04-2023,NEW,Mumbai,0,0,5
18-04-2023,NEW,Mumbai,235,0,0
18-04-2023,ACTIVE,Pune,0,5,0
18-04-2023,ACTIVE,Pune,3261,0,0
18-04-2023,HOLD,Pune,4,0,0
18-04-2023,INACTIVE,Pune,0,16,0
18-04-2023,INACTIVE,Pune,0,0,1
18-04-2023,INACTIVE,Pune,236,0,0
18-04-2023,NEW,Pune,0,46,0
18-04-2023,NEW,Pune,73,0,0
19-04-2023,ACTIVE,Hyderabad,0,4,0
19-04-2023,ACTIVE,Hyderabad,671,0,0
19-04-2023,HOLD,Hyderabad,14,0,0
19-04-2023,INACTIVE,Hyderabad,0,4,0
19-04-2023,INACTIVE,Hyderabad,129,0,0
19-04-2023,NEW,Hyderabad,0,26,0
19-04-2023,NEW,Hyderabad,0,0,3
19-04-2023,NEW,Hyderabad,74,0,0
19-04-2023,ACTIVE,Mumbai,0,27,0
19-04-2023,ACTIVE,Mumbai,9037,0,0
19-04-2023,HOLD,Mumbai,16,0,0
19-04-2023,INACTIVE,Mumbai,0,52,0
19-04-2023,INACTIVE,Mumbai,0,0,1
19-04-2023,INACTIVE,Mumbai,641,0,0
19-04-2023,NEW,Mumbai,0,101,0
19-04-2023,NEW,Mumbai,0,0,4
19-04-2023,NEW,Mumbai,224,0,0
19-04-2023,ACTIVE,Pune,0,3,0
19-04-2023,ACTIVE,Pune,0,0,1
19-04-2023,ACTIVE,Pune,3339,0,0
19-04-2023,HOLD,Pune,7,0,0
19-04-2023,INACTIVE,Pune,0,17,0
19-04-2023,INACTIVE,Pune,239,0,0
19-04-2023,NEW,Pune,0,41,0
19-04-2023,NEW,Pune,0,0,3
19-04-2023,NEW,Pune,90,0,0
20-04-2023,ACTIVE,Hyderabad,0,4,0
20-04-2023,ACTIVE,Hyderabad,660,0,0
20-04-2023,HOLD,Hyderabad,17,0,0
20-04-2023,INACTIVE,Hyderabad,0,5,0
20-04-2023,INACTIVE,Hyderabad,125,0,0
20-04-2023,NEW,Hyderabad,0,24,0
20-04-2023,NEW,Hyderabad,0,0,1
20-04-2023,NEW,Hyderabad,69,0,0
20-04-2023,ACTIVE,Mumbai,0,34,0
20-04-2023,ACTIVE,Mumbai,8935,0,0
20-04-2023,HOLD,Mumbai,16,0,0
20-04-2023,INACTIVE,Mumbai,0,45,0
20-04-2023,INACTIVE,Mumbai,0,0,1
20-04-2023,INACTIVE,Mumbai,637,0,0
20-04-2023,NEW,Mumbai,0,89,0
20-04-2023,NEW,Mumbai,0,0,7
20-04-2023,NEW,Mumbai,251,0,0
20-04-2023,ACTIVE,Pune,0,5,0
20-04-2023,ACTIVE,Pune,0,0,1
20-04-2023,ACTIVE,Pune,3275,0,0
20-04-2023,HOLD,Pune,6,0,0
20-04-2023,INACTIVE,Pune,0,17,0
20-04-2023,INACTIVE,Pune,245,0,0
20-04-2023,NEW,Pune,0,36,0
20-04-2023,NEW,Pune,0,0,4
20-04-2023,NEW,Pune,74,0,0
21-04-2023,ACTIVE,Hyderabad,0,3,0
21-04-2023,ACTIVE,Hyderabad,676,0,0
21-04-2023,HOLD,Hyderabad,14,0,0
21-04-2023,INACTIVE,Hyderabad,0,8,0
21-04-2023,INACTIVE,Hyderabad,140,0,0
21-04-2023,NEW,Hyderabad,0,31,0
21-04-2023,NEW,Hyderabad,0,0,4
21-04-2023,NEW,Hyderabad,66,0,0
21-04-2023,ACTIVE,Mumbai,0,39,0
21-04-2023,ACTIVE,Mumbai,8921,0,0
21-04-2023,HOLD,Mumbai,13,0,0
21-04-2023,INACTIVE,Mumbai,0,54,0
21-04-2023,INACTIVE,Mumbai,0,0,3
21-04-2023,INACTIVE,Mumbai,658,0,0
21-04-2023,NEW,Mumbai,0,90,0
21-04-2023,NEW,Mumbai,0,0,3
21-04-2023,NEW,Mumbai,272,0,0
21-04-2023,ACTIVE,Pune,0,2,0
21-04-2023,ACTIVE,Pune,0,0,2
21-04-2023,ACTIVE,Pune,3336,0,0
21-04-2023,HOLD,Pune,5,0,0
21-04-2023,INACTIVE,Pune,0,13,0
21-04-2023,INACTIVE,Pune,260,0,0
21-04-2023,NEW,Pune,0,38,0
21-04-2023,NEW,Pune,110,0,0
22-04-2023,ACTIVE,Hyderabad,0,2,0
22-04-2023,ACTIVE,Hyderabad,630,0,0
22-04-2023,HOLD,Hyderabad,14,0,0
22-04-2023,INACTIVE,Hyderabad,0,7,0
22-04-2023,INACTIVE,Hyderabad,160,0,0
22-04-2023,NEW,Hyderabad,0,28,0
22-04-2023,NEW,Hyderabad,0,0,2
22-04-2023,NEW,Hyderabad,71,0,0
22-04-2023,ACTIVE,Mumbai,0,35,0
22-04-2023,ACTIVE,Mumbai,8605,0,0
22-04-2023,HOLD,Mumbai,13,0,0
22-04-2023,INACTIVE,Mumbai,0,55,0
22-04-2023,INACTIVE,Mumbai,0,0,1
22-04-2023,INACTIVE,Mumbai,631,0,0
22-04-2023,NEW,Mumbai,0,89,0
22-04-2023,NEW,Mumbai,0,0,7
22-04-2023,NEW,Mumbai,299,0,0
22-04-2023,ACTIVE,Pune,0,4,0
22-04-2023,ACTIVE,Pune,0,0,2
22-04-2023,ACTIVE,Pune,3169,0,0
22-04-2023,HOLD,Pune,3,0,0
22-04-2023,INACTIVE,Pune,0,12,0
22-04-2023,INACTIVE,Pune,235,0,0
22-04-2023,NEW,Pune,0,41,0
22-04-2023,NEW,Pune,0,0,2
22-04-2023,NEW,Pune,81,0,0
23-04-2023,ACTIVE,Hyderabad,0,4,0
23-04-2023,ACTIVE,Hyderabad,618,0,0
23-04-2023,HOLD,Hyderabad,13,0,0
23-04-2023,INACTIVE,Hyderabad,0,11,0
23-04-2023,INACTIVE,Hyderabad,123,0,0
23-04-2023,NEW,Hyderabad,0,31,0
23-04-2023,NEW,Hyderabad,0,0,3
23-04-2023,NEW,Hyderabad,71,0,0
23-04-2023,ACTIVE,Mumbai,0,33,0
23-04-2023,ACTIVE,Mumbai,8212,0,0
23-04-2023,HOLD,Mumbai,12,0,0
23-04-2023,INACTIVE,Mumbai,0,58,0
23-04-2023,INACTIVE,Mumbai,0,0,1
23-04-2023,INACTIVE,Mumbai,584,0,0
23-04-2023,NEW,Mumbai,0,81,0
23-04-2023,NEW,Mumbai,0,0,1
23-04-2023,NEW,Mumbai,200,0,0
23-04-2023,ACTIVE,Pune,0,1,0
23-04-2023,ACTIVE,Pune,0,0,1
23-04-2023,ACTIVE,Pune,3057,0,0
23-04-2023,HOLD,Pune,5,0,0
23-04-2023,INACTIVE,Pune,0,15,0
23-04-2023,INACTIVE,Pune,220,0,0
23-04-2023,NEW,Pune,0,40,0
23-04-2023,NEW,Pune,0,0,4
23-04-2023,NEW,Pune,79,0,0
24-04-2023,ACTIVE,Hyderabad,0,2,0
24-04-2023,ACTIVE,Hyderabad,647,0,0
24-04-2023,HOLD,Hyderabad,7,0,0
24-04-2023,INACTIVE,Hyderabad,0,11,0
24-04-2023,INACTIVE,Hyderabad,104,0,0
24-04-2023,NEW,Hyderabad,0,31,0
24-04-2023,NEW,Hyderabad,0,0,1
24-04-2023,NEW,Hyderabad,64,0,0
24-04-2023,ACTIVE,Mumbai,0,37,0
24-04-2023,ACTIVE,Mumbai,8925,0,0
24-04-2023,HOLD,Mumbai,16,0,0
24-04-2023,INACTIVE,Mumbai,0,54,0
24-04-2023,INACTIVE,Mumbai,0,0,2
24-04-2023,INACTIVE,Mumbai,599,0,0
24-04-2023,NEW,Mumbai,0,89,0
24-04-2023,NEW,Mumbai,0,0,3
24-04-2023,NEW,Mumbai,205,0,0
24-04-2023,ACTIVE,Pune,0,3,0
24-04-2023,ACTIVE,Pune,0,0,2
24-04-2023,ACTIVE,Pune,3203,0,0
24-04-2023,HOLD,Pune,5,0,0
24-04-2023,INACTIVE,Pune,0,18,0
24-04-2023,INACTIVE,Pune,233,0,0
24-04-2023,NEW,Pune,0,44,0
24-04-2023,NEW,Pune,0,0,1
24-04-2023,NEW,Pune,90,0,0
25-04-2023,ACTIVE,Hyderabad,0,2,0
25-04-2023,ACTIVE,Hyderabad,619,0,0
25-04-2023,HOLD,Hyderabad,13,0,0
25-04-2023,INACTIVE,Hyderabad,0,15,0
25-04-2023,INACTIVE,Hyderabad,107,0,0
25-04-2023,NEW,Hyderabad,0,35,0
25-04-2023,NEW,Hyderabad,0,0,1
25-04-2023,NEW,Hyderabad,60,0,0
25-04-2023,ACTIVE,Mumbai,0,33,0
25-04-2023,ACTIVE,Mumbai,8665,0,0
25-04-2023,HOLD,Mumbai,8,0,0
25-04-2023,INACTIVE,Mumbai,0,50,0
25-04-2023,INACTIVE,Mumbai,0,0,2
25-04-2023,INACTIVE,Mumbai,658,0,0
25-04-2023,NEW,Mumbai,0,88,0
25-04-2023,NEW,Mumbai,0,0,5
25-04-2023,NEW,Mumbai,191,0,0
25-04-2023,ACTIVE,Pune,0,1,0
25-04-2023,ACTIVE,Pune,0,0,1
25-04-2023,ACTIVE,Pune,3181,0,0
25-04-2023,HOLD,Pune,7,0,0
25-04-2023,INACTIVE,Pune,0,13,0
25-04-2023,INACTIVE,Pune,0,0,1
25-04-2023,INACTIVE,Pune,249,0,0
25-04-2023,NEW,Pune,0,40,0
25-04-2023,NEW,Pune,0,0,2
25-04-2023,NEW,Pune,86,0,0
26-04-2023,ACTIVE,Hyderabad,0,1,0
26-04-2023,ACTIVE,Hyderabad,606,0,0
26-04-2023,HOLD,Hyderabad,16,0,0
26-04-2023,INACTIVE,Hyderabad,0,15,0
26-04-2023,INACTIVE,Hyderabad,126,0,0
26-04-2023,NEW,Hyderabad,0,36,0
26-04-2023,NEW,Hyderabad,0,0,1
26-04-2023,NEW,Hyderabad,64,0,0
26-04-2023,ACTIVE,Mumbai,0,37,0
26-04-2023,ACTIVE,Mumbai,0,0,1
26-04-2023,ACTIVE,Mumbai,8753,0,0
26-04-2023,HOLD,Mumbai,19,0,0
26-04-2023,INACTIVE,Mumbai,0,54,0
26-04-2023,INACTIVE,Mumbai,0,0,3
26-04-2023,INACTIVE,Mumbai,648,0,0
26-04-2023,NEW,Mumbai,0,99,0
26-04-2023,NEW,Mumbai,0,0,5
26-04-2023,NEW,Mumbai,195,0,0
26-04-2023,ACTIVE,Pune,0,1,0
26-04-2023,ACTIVE,Pune,0,0,1
26-04-2023,ACTIVE,Pune,3196,0,0
26-04-2023,HOLD,Pune,4,0,0
26-04-2023,INACTIVE,Pune,0,14,0
26-04-2023,INACTIVE,Pune,0,0,1
26-04-2023,INACTIVE,Pune,239,0,0
26-04-2023,NEW,Pune,0,48,0
26-04-2023,NEW,Pune,0,0,2
26-04-2023,NEW,Pune,76,0,0
27-04-2023,ACTIVE,Hyderabad,0,2,0
27-04-2023,ACTIVE,Hyderabad,623,0,0
27-04-2023,HOLD,Hyderabad,20,0,0
27-04-2023,INACTIVE,Hyderabad,0,16,0
27-04-2023,INACTIVE,Hyderabad,0,0,1
27-04-2023,INACTIVE,Hyderabad,120,0,0
27-04-2023,NEW,Hyderabad,0,32,0
27-04-2023,NEW,Hyderabad,0,0,1
27-04-2023,NEW,Hyderabad,62,0,0
27-04-2023,ACTIVE,Mumbai,0,34,0
27-04-2023,ACTIVE,Mumbai,8602,0,0
27-04-2023,HOLD,Mumbai,10,0,0
27-04-2023,INACTIVE,Mumbai,0,51,0
27-04-2023,INACTIVE,Mumbai,0,0,6
27-04-2023,INACTIVE,Mumbai,598,0,0
27-04-2023,NEW,Mumbai,0,98,0
27-04-2023,NEW,Mumbai,0,0,6
27-04-2023,NEW,Mumbai,145,0,0
27-04-2023,ACTIVE,Pune,0,2,0
27-04-2023,ACTIVE,Pune,3154,0,0
27-04-2023,HOLD,Pune,5,0,0
27-04-2023,INACTIVE,Pune,0,17,0
27-04-2023,INACTIVE,Pune,0,0,1
27-04-2023,INACTIVE,Pune,243,0,0
27-04-2023,NEW,Pune,0,48,0
27-04-2023,NEW,Pune,0,0,1
27-04-2023,NEW,Pune,64,0,0
28-04-2023,ACTIVE,Hyderabad,0,2,0
28-04-2023,ACTIVE,Hyderabad,607,0,0
28-04-2023,HOLD,Hyderabad,19,0,0
28-04-2023,INACTIVE,Hyderabad,0,10,0
28-04-2023,INACTIVE,Hyderabad,109,0,0
28-04-2023,NEW,Hyderabad,0,27,0
28-04-2023,NEW,Hyderabad,0,0,2
28-04-2023,NEW,Hyderabad,72,0,0
28-04-2023,ACTIVE,Mumbai,0,40,0
28-04-2023,ACTIVE,Mumbai,8494,0,0
28-04-2023,HOLD,Mumbai,16,0,0
28-04-2023,INACTIVE,Mumbai,0,51,0
28-04-2023,INACTIVE,Mumbai,0,0,1
28-04-2023,INACTIVE,Mumbai,629,0,0
28-04-2023,NEW,Mumbai,0,105,0
28-04-2023,NEW,Mumbai,0,0,2
28-04-2023,NEW,Mumbai,150,0,0
28-04-2023,ACTIVE,Pune,0,3,0
28-04-2023,ACTIVE,Pune,0,0,1
28-04-2023,ACTIVE,Pune,3118,0,0
28-04-2023,HOLD,Pune,2,0,0
28-04-2023,INACTIVE,Pune,0,23,0
28-04-2023,INACTIVE,Pune,0,0,1
28-04-2023,INACTIVE,Pune,222,0,0
28-04-2023,NEW,Pune,0,45,0
28-04-2023,NEW,Pune,0,0,3
28-04-2023,NEW,Pune,41,0,0
29-04-2023,ACTIVE,Hyderabad,0,2,0
29-04-2023,ACTIVE,Hyderabad,0,0,1
29-04-2023,ACTIVE,Hyderabad,602,0,0
29-04-2023,HOLD,Hyderabad,14,0,0
29-04-2023,INACTIVE,Hyderabad,0,10,0
29-04-2023,INACTIVE,Hyderabad,118,0,0
29-04-2023,NEW,Hyderabad,0,30,0
29-04-2023,NEW,Hyderabad,0,0,1
29-04-2023,NEW,Hyderabad,65,0,0
29-04-2023,ACTIVE,Mumbai,0,34,0
29-04-2023,ACTIVE,Mumbai,0,0,1
29-04-2023,ACTIVE,Mumbai,8026,0,0
29-04-2023,HOLD,Mumbai,9,0,0
29-04-2023,INACTIVE,Mumbai,0,52,0
29-04-2023,INACTIVE,Mumbai,0,0,2
29-04-2023,INACTIVE,Mumbai,572,0,0
29-04-2023,NEW,Mumbai,0,83,0
29-04-2023,NEW,Mumbai,0,0,6
29-04-2023,NEW,Mumbai,111,0,0
29-04-2023,ACTIVE,Pune,0,2,0
29-04-2023,ACTIVE,Pune,2963,0,0
29-04-2023,HOLD,Pune,12,0,0
29-04-2023,INACTIVE,Pune,0,23,0
29-04-2023,INACTIVE,Pune,0,0,2
29-04-2023,INACTIVE,Pune,193,0,0
29-04-2023,NEW,Pune,0,43,0
29-04-2023,NEW,Pune,0,0,1
29-04-2023,NEW,Pune,38,0,0
30-04-2023,ACTIVE,Hyderabad,0,1,0
30-04-2023,ACTIVE,Hyderabad,0,0,1
30-04-2023,ACTIVE,Hyderabad,561,0,0
30-04-2023,HOLD,Hyderabad,23,0,0
30-04-2023,INACTIVE,Hyderabad,0,11,0
30-04-2023,INACTIVE,Hyderabad,123,0,0
30-04-2023,NEW,Hyderabad,0,31,0
30-04-2023,NEW,Hyderabad,0,0,1
30-04-2023,NEW,Hyderabad,67,0,0
30-04-2023,ACTIVE,Mumbai,0,38,0
30-04-2023,ACTIVE,Mumbai,0,0,1
30-04-2023,ACTIVE,Mumbai,7632,0,0
30-04-2023,HOLD,Mumbai,9,0,0
30-04-2023,INACTIVE,Mumbai,0,51,0
30-04-2023,INACTIVE,Mumbai,0,0,2
30-04-2023,INACTIVE,Mumbai,500,0,0
30-04-2023,NEW,Mumbai,0,79,0
30-04-2023,NEW,Mumbai,0,0,7
30-04-2023,NEW,Mumbai,104,0,0
30-04-2023,ACTIVE,Pune,0,3,0
30-04-2023,ACTIVE,Pune,0,0,1
30-04-2023,ACTIVE,Pune,2822,0,0
30-04-2023,HOLD,Pune,5,0,0
30-04-2023,INACTIVE,Pune,0,26,0
30-04-2023,INACTIVE,Pune,0,0,1
30-04-2023,INACTIVE,Pune,192,0,0
30-04-2023,NEW,Pune,0,38,0
30-04-2023,NEW,Pune,0,0,1
30-04-2023,NEW,Pune,32,0,0
01-05-2023,ACTIVE,Hyderabad,0,1,0
01-05-2023,ACTIVE,Hyderabad,0,0,1
01-05-2023,ACTIVE,Hyderabad,586,0,0
01-05-2023,HOLD,Hyderabad,8,0,0
01-05-2023,INACTIVE,Hyderabad,0,13,0
01-05-2023,INACTIVE,Hyderabad,0,0,1
01-05-2023,INACTIVE,Hyderabad,119,0,0
01-05-2023,NEW,Hyderabad,0,32,0
01-05-2023,NEW,Hyderabad,63,0,0
01-05-2023,ACTIVE,Mumbai,0,37,0
01-05-2023,ACTIVE,Mumbai,8270,0,0
01-05-2023,HOLD,Mumbai,14,0,0
01-05-2023,INACTIVE,Mumbai,0,60,0
01-05-2023,INACTIVE,Mumbai,0,0,3
01-05-2023,INACTIVE,Mumbai,562,0,0
01-05-2023,NEW,Mumbai,0,71,0
01-05-2023,NEW,Mumbai,0,0,3
01-05-2023,NEW,Mumbai,132,0,0
01-05-2023,ACTIVE,Pune,0,4,0
01-05-2023,ACTIVE,Pune,2959,0,0
01-05-2023,HOLD,Pune,9,0,0
01-05-2023,INACTIVE,Pune,0,24,0
01-05-2023,INACTIVE,Pune,0,0,1
01-05-2023,INACTIVE,Pune,201,0,0
01-05-2023,NEW,Pune,0,35,0
01-05-2023,NEW,Pune,0,0,3
01-05-2023,NEW,Pune,39,0,0
02-05-2023,ACTIVE,Hyderabad,0,2,0
02-05-2023,ACTIVE,Hyderabad,0,0,1
02-05-2023,ACTIVE,Hyderabad,567,0,0
02-05-2023,HOLD,Hyderabad,11,0,0
02-05-2023,INACTIVE,Hyderabad,0,12,0
02-05-2023,INACTIVE,Hyderabad,124,0,0
02-05-2023,NEW,Hyderabad,0,32,0
02-05-2023,NEW,Hyderabad,0,0,2
02-05-2023,NEW,Hyderabad,63,0,0
02-05-2023,ACTIVE,Mumbai,0,34,0
02-05-2023,ACTIVE,Mumbai,8139,0,0
02-05-2023,HOLD,Mumbai,21,0,0
02-05-2023,INACTIVE,Mumbai,0,57,0
02-05-2023,INACTIVE,Mumbai,0,0,3
02-05-2023,INACTIVE,Mumbai,569,0,0
02-05-2023,NEW,Mumbai,0,77,0
02-05-2023,NEW,Mumbai,0,0,2
02-05-2023,NEW,Mumbai,97,0,0
02-05-2023,ACTIVE,Pune,0,5,0
02-05-2023,ACTIVE,Pune,2930,0,0
02-05-2023,HOLD,Pune,6,0,0
02-05-2023,INACTIVE,Pune,0,26,0
02-05-2023,INACTIVE,Pune,0,0,1
02-05-2023,INACTIVE,Pune,215,0,0
02-05-2023,NEW,Pune,0,30,0
02-05-2023,NEW,Pune,0,0,1
02-05-2023,NEW,Pune,23,0,0
03-05-2023,ACTIVE,Hyderabad,0,1,0
03-05-2023,ACTIVE,Hyderabad,0,0,1
03-05-2023,ACTIVE,Hyderabad,589,0,0
03-05-2023,HOLD,Hyderabad,11,0,0
03-05-2023,INACTIVE,Hyderabad,0,13,0
03-05-2023,INACTIVE,Hyderabad,116,0,0
03-05-2023,NEW,Hyderabad,0,35,0
03-05-2023,NEW,Hyderabad,0,0,1
03-05-2023,NEW,Hyderabad,80,0,0
03-05-2023,ACTIVE,Mumbai,0,31,0
03-05-2023,ACTIVE,Mumbai,8167,0,0
03-05-2023,HOLD,Mumbai,13,0,0
03-05-2023,INACTIVE,Mumbai,0,44,0
03-05-2023,INACTIVE,Mumbai,0,0,4
03-05-2023,INACTIVE,Mumbai,508,0,0
03-05-2023,NEW,Mumbai,0,73,0
03-05-2023,NEW,Mumbai,0,0,9
03-05-2023,NEW,Mumbai,99,0,0
03-05-2023,ACTIVE,Pune,0,4,0
03-05-2023,ACTIVE,Pune,2998,0,0
03-05-2023,HOLD,Pune,1,0,0
03-05-2023,INACTIVE,Pune,0,25,0
03-05-2023,INACTIVE,Pune,0,0,1
03-05-2023,INACTIVE,Pune,219,0,0
03-05-2023,NEW,Pune,0,32,0
03-05-2023,NEW,Pune,0,0,5
03-05-2023,NEW,Pune,34,0,0
04-05-2023,ACTIVE,Hyderabad,0,1,0
04-05-2023,ACTIVE,Hyderabad,589,0,0
04-05-2023,HOLD,Hyderabad,16,0,0
04-05-2023,INACTIVE,Hyderabad,0,15,0
04-05-2023,INACTIVE,Hyderabad,120,0,0
04-05-2023,NEW,Hyderabad,0,41,0
04-05-2023,NEW,Hyderabad,0,0,1
04-05-2023,NEW,Hyderabad,83,0,0
04-05-2023,ACTIVE,Mumbai,0,21,0
04-05-2023,ACTIVE,Mumbai,8221,0,0
04-05-2023,HOLD,Mumbai,9,0,0
04-05-2023,INACTIVE,Mumbai,0,42,0
04-05-2023,INACTIVE,Mumbai,0,0,2
04-05-2023,INACTIVE,Mumbai,573,0,0
04-05-2023,NEW,Mumbai,0,56,0
04-05-2023,NEW,Mumbai,0,0,10
04-05-2023,NEW,Mumbai,106,0,0
04-05-2023,ACTIVE,Pune,0,3,0
04-05-2023,ACTIVE,Pune,2929,0,0
04-05-2023,HOLD,Pune,8,0,0
04-05-2023,INACTIVE,Pune,0,16,0
04-05-2023,INACTIVE,Pune,0,0,1
04-05-2023,INACTIVE,Pune,204,0,0
04-05-2023,NEW,Pune,0,27,0
04-05-2023,NEW,Pune,36,0,0
05-05-2023,ACTIVE,Hyderabad,0,1,0
05-05-2023,ACTIVE,Hyderabad,581,0,0
05-05-2023,HOLD,Hyderabad,13,0,0
05-05-2023,INACTIVE,Hyderabad,0,11,0
05-05-2023,INACTIVE,Hyderabad,127,0,0
05-05-2023,NEW,Hyderabad,0,51,0
05-05-2023,NEW,Hyderabad,0,0,4
05-05-2023,NEW,Hyderabad,68,0,0
05-05-2023,ACTIVE,Mumbai,0,23,0
05-05-2023,ACTIVE,Mumbai,8104,0,0
05-05-2023,HOLD,Mumbai,8,0,0
05-05-2023,INACTIVE,Mumbai,0,37,0
05-05-2023,INACTIVE,Mumbai,0,0,1
05-05-2023,INACTIVE,Mumbai,531,0,0
05-05-2023,NEW,Mumbai,0,46,0
05-05-2023,NEW,Mumbai,0,0,16
05-05-2023,NEW,Mumbai,100,0,0
05-05-2023,ACTIVE,Pune,0,2,0
05-05-2023,ACTIVE,Pune,2955,0,0
05-05-2023,HOLD,Pune,7,0,0
05-05-2023,INACTIVE,Pune,0,13,0
05-05-2023,INACTIVE,Pune,247,0,0
05-05-2023,NEW,Pune,0,22,0
05-05-2023,NEW,Pune,0,0,2
05-05-2023,NEW,Pune,36,0,0
06-05-2023,ACTIVE,Hyderabad,0,1,0
06-05-2023,ACTIVE,Hyderabad,561,0,0
06-05-2023,HOLD,Hyderabad,10,0,0
06-05-2023,INACTIVE,Hyderabad,0,17,0
06-05-2023,INACTIVE,Hyderabad,0,0,1
06-05-2023,INACTIVE,Hyderabad,103,0,0
06-05-2023,NEW,Hyderabad,0,48,0
06-05-2023,NEW,Hyderabad,0,0,1
06-05-2023,NEW,Hyderabad,71,0,0
06-05-2023,ACTIVE,Mumbai,0,20,0
06-05-2023,ACTIVE,Mumbai,7859,0,0
06-05-2023,HOLD,Mumbai,8,0,0
06-05-2023,INACTIVE,Mumbai,0,30,0
06-05-2023,INACTIVE,Mumbai,0,0,2
06-05-2023,INACTIVE,Mumbai,496,0,0
06-05-2023,NEW,Mumbai,0,41,0
06-05-2023,NEW,Mumbai,0,0,11
06-05-2023,NEW,Mumbai,89,0,0
06-05-2023,ACTIVE,Pune,0,2,0
06-05-2023,ACTIVE,Pune,2890,0,0
06-05-2023,HOLD,Pune,2,0,0
06-05-2023,INACTIVE,Pune,0,11,0
06-05-2023,INACTIVE,Pune,184,0,0
06-05-2023,NEW,Pune,0,19,0
06-05-2023,NEW,Pune,0,0,3
06-05-2023,NEW,Pune,32,0,0
07-05-2023,ACTIVE,Hyderabad,0,2,0
07-05-2023,ACTIVE,Hyderabad,565,0,0
07-05-2023,HOLD,Hyderabad,13,0,0
07-05-2023,INACTIVE,Hyderabad,0,14,0
07-05-2023,INACTIVE,Hyderabad,120,0,0
07-05-2023,NEW,Hyderabad,0,34,0
07-05-2023,NEW,Hyderabad,0,0,1
07-05-2023,NEW,Hyderabad,69,0,0
07-05-2023,ACTIVE,Mumbai,0,11,0
07-05-2023,ACTIVE,Mumbai,7576,0,0
07-05-2023,HOLD,Mumbai,14,0,0
07-05-2023,INACTIVE,Mumbai,0,27,0
07-05-2023,INACTIVE,Mumbai,0,0,5
07-05-2023,INACTIVE,Mumbai,475,0,0
07-05-2023,NEW,Mumbai,0,26,0
07-05-2023,NEW,Mumbai,0,0,12
07-05-2023,NEW,Mumbai,106,0,0
07-05-2023,ACTIVE,Pune,0,2,0
07-05-2023,ACTIVE,Pune,2857,0,0
07-05-2023,HOLD,Pune,2,0,0
07-05-2023,INACTIVE,Pune,0,5,0
07-05-2023,INACTIVE,Pune,0,0,2
07-05-2023,INACTIVE,Pune,219,0,0
07-05-2023,NEW,Pune,0,16,0
07-05-2023,NEW,Pune,0,0,5
07-05-2023,NEW,Pune,44,0,0
08-05-2023,ACTIVE,Hyderabad,0,1,0
08-05-2023,ACTIVE,Hyderabad,608,0,0
08-05-2023,HOLD,Hyderabad,14,0,0
08-05-2023,INACTIVE,Hyderabad,0,13,0
08-05-2023,INACTIVE,Hyderabad,100,0,0
08-05-2023,NEW,Hyderabad,0,36,0
08-05-2023,NEW,Hyderabad,83,0,0
08-05-2023,ACTIVE,Mumbai,0,10,0
08-05-2023,ACTIVE,Mumbai,8288,0,0
08-05-2023,HOLD,Mumbai,17,0,0
08-05-2023,INACTIVE,Mumbai,0,21,0
08-05-2023,INACTIVE,Mumbai,0,0,1
08-05-2023,INACTIVE,Mumbai,616,0,0
08-05-2023,NEW,Mumbai,0,25,0
08-05-2023,NEW,Mumbai,0,0,4
08-05-2023,NEW,Mumbai,132,0,0
08-05-2023,ACTIVE,Pune,0,3,0
08-05-2023,ACTIVE,Pune,3036,0,0
08-05-2023,HOLD,Pune,8,0,0
08-05-2023,INACTIVE,Pune,0,9,0
08-05-2023,INACTIVE,Pune,0,0,1
08-05-2023,INACTIVE,Pune,192,0,0
08-05-2023,NEW,Pune,0,16,0
08-05-2023,NEW,Pune,0,0,3
08-05-2023,NEW,Pune,49,0,0
09-05-2023,ACTIVE,Hyderabad,0,2,0
09-05-2023,ACTIVE,Hyderabad,598,0,0
09-05-2023,HOLD,Hyderabad,14,0,0
09-05-2023,INACTIVE,Hyderabad,0,13,0
09-05-2023,INACTIVE,Hyderabad,0,0,2
09-05-2023,INACTIVE,Hyderabad,120,0,0
09-05-2023,NEW,Hyderabad,0,37,0
09-05-2023,NEW,Hyderabad,0,0,11
09-05-2023,NEW,Hyderabad,81,0,0
09-05-2023,ACTIVE,Mumbai,0,4,0
09-05-2023,ACTIVE,Mumbai,7971,0,0
09-05-2023,HOLD,Mumbai,5,0,0
09-05-2023,INACTIVE,Mumbai,0,13,0
09-05-2023,INACTIVE,Mumbai,0,0,4
09-05-2023,INACTIVE,Mumbai,575,0,0
09-05-2023,NEW,Mumbai,0,14,0
09-05-2023,NEW,Mumbai,0,0,22
09-05-2023,NEW,Mumbai,128,0,0
09-05-2023,ACTIVE,Pune,0,0,1
09-05-2023,ACTIVE,Pune,2940,0,0
09-05-2023,HOLD,Pune,2,0,0
09-05-2023,INACTIVE,Pune,0,8,0
09-05-2023,INACTIVE,Pune,215,0,0
09-05-2023,NEW,Pune,0,10,0
09-05-2023,NEW,Pune,0,0,9
09-05-2023,NEW,Pune,56,0,0
10-05-2023,ACTIVE,Hyderabad,0,3,0
10-05-2023,ACTIVE,Hyderabad,574,0,0
10-05-2023,HOLD,Hyderabad,15,0,0
10-05-2023,INACTIVE,Hyderabad,0,16,0
10-05-2023,INACTIVE,Hyderabad,0,0,1
10-05-2023,INACTIVE,Hyderabad,109,0,0
10-05-2023,NEW,Hyderabad,0,35,0
10-05-2023,NEW,Hyderabad,0,0,15
10-05-2023,NEW,Hyderabad,82,0,0
10-05-2023,ACTIVE,Mumbai,0,7,0
10-05-2023,ACTIVE,Mumbai,0,0,1
10-05-2023,ACTIVE,Mumbai,8138,0,0
10-05-2023,HOLD,Mumbai,10,0,0
10-05-2023,INACTIVE,Mumbai,0,11,0
10-05-2023,INACTIVE,Mumbai,0,0,5
10-05-2023,INACTIVE,Mumbai,610,0,0
10-05-2023,NEW,Mumbai,0,19,0
10-05-2023,NEW,Mumbai,0,0,24
10-05-2023,NEW,Mumbai,135,0,0
10-05-2023,ACTIVE,Pune,2950,0,0
10-05-2023,HOLD,Pune,4,0,0
10-05-2023,INACTIVE,Pune,0,10,0
10-05-2023,INACTIVE,Pune,0,0,1
10-05-2023,INACTIVE,Pune,236,0,0
10-05-2023,NEW,Pune,0,5,0
10-05-2023,NEW,Pune,0,0,5
10-05-2023,NEW,Pune,66,0,0
11-05-2023,ACTIVE,Hyderabad,0,4,0
11-05-2023,ACTIVE,Hyderabad,603,0,0
11-05-2023,HOLD,Hyderabad,11,0,0
11-05-2023,INACTIVE,Hyderabad,0,13,0
11-05-2023,INACTIVE,Hyderabad,0,0,3
11-05-2023,INACTIVE,Hyderabad,125,0,0
11-05-2023,NEW,Hyderabad,0,34,0
11-05-2023,NEW,Hyderabad,0,0,12
11-05-2023,NEW,Hyderabad,94,0,0
11-05-2023,ACTIVE,Mumbai,0,8,0
11-05-2023,ACTIVE,Mumbai,0,0,1
11-05-2023,ACTIVE,Mumbai,8060,0,0
11-05-2023,HOLD,Mumbai,10,0,0
11-05-2023,INACTIVE,Mumbai,0,19,0
11-05-2023,INACTIVE,Mumbai,0,0,2
11-05-2023,INACTIVE,Mumbai,523,0,0
11-05-2023,NEW,Mumbai,0,14,0
11-05-2023,NEW,Mumbai,0,0,15
11-05-2023,NEW,Mumbai,109,0,0
11-05-2023,ACTIVE,Pune,0,0,1
11-05-2023,ACTIVE,Pune,2956,0,0
11-05-2023,HOLD,Pune,9,0,0
11-05-2023,INACTIVE,Pune,0,10,0
11-05-2023,INACTIVE,Pune,214,0,0
11-05-2023,NEW,Pune,0,9,0
11-05-2023,NEW,Pune,0,0,2
11-05-2023,NEW,Pune,65,0,0
12-05-2023,ACTIVE,Hyderabad,0,4,0
12-05-2023,ACTIVE,Hyderabad,581,0,0
12-05-2023,HOLD,Hyderabad,15,0,0
12-05-2023,INACTIVE,Hyderabad,0,15,0
12-05-2023,INACTIVE,Hyderabad,126,0,0
12-05-2023,NEW,Hyderabad,0,35,0
12-05-2023,NEW,Hyderabad,0,0,10
12-05-2023,NEW,Hyderabad,99,0,0
12-05-2023,ACTIVE,Mumbai,0,5,0
12-05-2023,ACTIVE,Mumbai,0,0,2
12-05-2023,ACTIVE,Mumbai,8005,0,0
12-05-2023,HOLD,Mumbai,10,0,0
12-05-2023,INACTIVE,Mumbai,0,13,0
12-05-2023,INACTIVE,Mumbai,0,0,2
12-05-2023,INACTIVE,Mumbai,624,0,0
12-05-2023,NEW,Mumbai,0,18,0
12-05-2023,NEW,Mumbai,0,0,12
12-05-2023,NEW,Mumbai,136,0,0
12-05-2023,ACTIVE,Pune,0,1,0
12-05-2023,ACTIVE,Pune,2933,0,0
12-05-2023,HOLD,Pune,2,0,0
12-05-2023,INACTIVE,Pune,0,9,0
12-05-2023,INACTIVE,Pune,224,0,0
12-05-2023,NEW,Pune,0,5,0
12-05-2023,NEW,Pune,0,0,3
12-05-2023,NEW,Pune,62,0,0
13-05-2023,ACTIVE,Hyderabad,0,3,0
13-05-2023,ACTIVE,Hyderabad,593,0,0
13-05-2023,HOLD,Hyderabad,13,0,0
13-05-2023,INACTIVE,Hyderabad,0,12,0
13-05-2023,INACTIVE,Hyderabad,0,0,1
13-05-2023,INACTIVE,Hyderabad,116,0,0
13-05-2023,NEW,Hyderabad,0,34,0
13-05-2023,NEW,Hyderabad,0,0,5
13-05-2023,NEW,Hyderabad,110,0,0
13-05-2023,ACTIVE,Mumbai,0,5,0
13-05-2023,ACTIVE,Mumbai,0,0,4
13-05-2023,ACTIVE,Mumbai,7648,0,0
13-05-2023,HOLD,Mumbai,8,0,0
13-05-2023,INACTIVE,Mumbai,0,14,0
13-05-2023,INACTIVE,Mumbai,0,0,1
13-05-2023,INACTIVE,Mumbai,487,0,0
13-05-2023,NEW,Mumbai,0,19,0
13-05-2023,NEW,Mumbai,0,0,13
13-05-2023,NEW,Mumbai,120,0,0
13-05-2023,ACTIVE,Pune,0,2,0
13-05-2023,ACTIVE,Pune,2863,0,0
13-05-2023,HOLD,Pune,6,0,0
13-05-2023,INACTIVE,Pune,0,13,0
13-05-2023,INACTIVE,Pune,216,0,0
13-05-2023,NEW,Pune,0,9,0
13-05-2023,NEW,Pune,0,0,4
13-05-2023,NEW,Pune,52,0,0
14-05-2023,ACTIVE,Hyderabad,0,4,0
14-05-2023,ACTIVE,Hyderabad,587,0,0
14-05-2023,HOLD,Hyderabad,13,0,0
14-05-2023,INACTIVE,Hyderabad,0,13,0
14-05-2023,INACTIVE,Hyderabad,0,0,1
14-05-2023,INACTIVE,Hyderabad,123,0,0
14-05-2023,NEW,Hyderabad,0,48,0
14-05-2023,NEW,Hyderabad,0,0,1
14-05-2023,NEW,Hyderabad,84,0,0
14-05-2023,ACTIVE,Mumbai,0,7,0
14-05-2023,ACTIVE,Mumbai,0,0,1
14-05-2023,ACTIVE,Mumbai,7529,0,0
14-05-2023,HOLD,Mumbai,9,0,0
14-05-2023,INACTIVE,Mumbai,0,12,0
14-05-2023,INACTIVE,Mumbai,0,0,1
14-05-2023,INACTIVE,Mumbai,520,0,0
14-05-2023,NEW,Mumbai,0,20,0
14-05-2023,NEW,Mumbai,0,0,13
14-05-2023,NEW,Mumbai,115,0,0
14-05-2023,ACTIVE,Pune,0,2,0
14-05-2023,ACTIVE,Pune,2781,0,0
14-05-2023,HOLD,Pune,6,0,0
14-05-2023,INACTIVE,Pune,0,5,0
14-05-2023,INACTIVE,Pune,0,0,2
14-05-2023,INACTIVE,Pune,221,0,0
14-05-2023,NEW,Pune,0,12,0
14-05-2023,NEW,Pune,0,0,5
14-05-2023,NEW,Pune,50,0,0
15-05-2023,ACTIVE,Hyderabad,0,3,0
15-05-2023,ACTIVE,Hyderabad,618,0,0
15-05-2023,HOLD,Hyderabad,14,0,0
15-05-2023,INACTIVE,Hyderabad,0,13,0
15-05-2023,INACTIVE,Hyderabad,109,0,0
15-05-2023,NEW,Hyderabad,0,48,0
15-05-2023,NEW,Hyderabad,0,0,3
15-05-2023,NEW,Hyderabad,75,0,0
15-05-2023,ACTIVE,Mumbai,0,6,0
15-05-2023,ACTIVE,Mumbai,0,0,1
15-05-2023,ACTIVE,Mumbai,8107,0,0
15-05-2023,HOLD,Mumbai,8,0,0
15-05-2023,INACTIVE,Mumbai,0,14,0
15-05-2023,INACTIVE,Mumbai,0,0,2
15-05-2023,INACTIVE,Mumbai,553,0,0
15-05-2023,NEW,Mumbai,0,27,0
15-05-2023,NEW,Mumbai,0,0,3
15-05-2023,NEW,Mumbai,102,0,0
15-05-2023,ACTIVE,Pune,0,1,0
15-05-2023,ACTIVE,Pune,0,0,1
15-05-2023,ACTIVE,Pune,3010,0,0
15-05-2023,HOLD,Pune,10,0,0
15-05-2023,INACTIVE,Pune,0,9,0
15-05-2023,INACTIVE,Pune,0,0,2
15-05-2023,INACTIVE,Pune,228,0,0
15-05-2023,NEW,Pune,0,16,0
15-05-2023,NEW,Pune,47,0,0
16-05-2023,ACTIVE,Hyderabad,0,5,0
16-05-2023,ACTIVE,Hyderabad,613,0,0
16-05-2023,HOLD,Hyderabad,20,0,0
16-05-2023,INACTIVE,Hyderabad,0,11,0
16-05-2023,INACTIVE,Hyderabad,0,0,1
16-05-2023,INACTIVE,Hyderabad,112,0,0
16-05-2023,NEW,Hyderabad,0,46,0
16-05-2023,NEW,Hyderabad,0,0,8
16-05-2023,NEW,Hyderabad,84,0,0
16-05-2023,ACTIVE,Mumbai,0,9,0
16-05-2023,ACTIVE,Mumbai,0,0,1
16-05-2023,ACTIVE,Mumbai,7933,0,0
16-05-2023,HOLD,Mumbai,5,0,0
16-05-2023,INACTIVE,Mumbai,0,7,0
16-05-2023,INACTIVE,Mumbai,0,0,4
16-05-2023,INACTIVE,Mumbai,580,0,0
16-05-2023,NEW,Mumbai,0,32,0
16-05-2023,NEW,Mumbai,0,0,24
16-05-2023,NEW,Mumbai,111,0,0
16-05-2023,ACTIVE,Pune,2940,0,0
16-05-2023,HOLD,Pune,2,0,0
16-05-2023,INACTIVE,Pune,0,9,0
16-05-2023,INACTIVE,Pune,0,0,3
16-05-2023,INACTIVE,Pune,235,0,0
16-05-2023,NEW,Pune,0,14,0
16-05-2023,NEW,Pune,0,0,6
16-05-2023,NEW,Pune,49,0,0
17-05-2023,ACTIVE,Hyderabad,0,4,0
17-05-2023,ACTIVE,Hyderabad,607,0,0
17-05-2023,HOLD,Hyderabad,12,0,0
17-05-2023,INACTIVE,Hyderabad,0,12,0
17-05-2023,INACTIVE,Hyderabad,136,0,0
17-05-2023,NEW,Hyderabad,0,54,0
17-05-2023,NEW,Hyderabad,0,0,10
17-05-2023,NEW,Hyderabad,70,0,0
17-05-2023,ACTIVE,Mumbai,0,8,0
17-05-2023,ACTIVE,Mumbai,0,0,2
17-05-2023,ACTIVE,Mumbai,7972,0,0
17-05-2023,HOLD,Mumbai,9,0,0
17-05-2023,INACTIVE,Mumbai,0,11,0
17-05-2023,INACTIVE,Mumbai,0,0,2
17-05-2023,INACTIVE,Mumbai,547,0,0
17-05-2023,NEW,Mumbai,0,25,0
17-05-2023,NEW,Mumbai,0,0,9
17-05-2023,NEW,Mumbai,95,0,0
17-05-2023,ACTIVE,Pune,0,0,1
17-05-2023,ACTIVE,Pune,3006,0,0
17-05-2023,HOLD,Pune,1,0,0
17-05-2023,INACTIVE,Pune,0,15,0
17-05-2023,INACTIVE,Pune,227,0,0
17-05-2023,NEW,Pune,0,11,0
17-05-2023,NEW,Pune,0,0,6
17-05-2023,NEW,Pune,45,0,0
18-05-2023,ACTIVE,Hyderabad,0,4,0
18-05-2023,ACTIVE,Hyderabad,599,0,0
18-05-2023,HOLD,Hyderabad,17,0,0
18-05-2023,INACTIVE,Hyderabad,0,17,0
18-05-2023,INACTIVE,Hyderabad,118,0,0
18-05-2023,NEW,Hyderabad,0,52,0
18-05-2023,NEW,Hyderabad,0,0,7
18-05-2023,NEW,Hyderabad,76,0,0
18-05-2023,ACTIVE,Mumbai,0,9,0
18-05-2023,ACTIVE,Mumbai,0,0,4
18-05-2023,ACTIVE,Mumbai,8004,0,0
18-05-2023,HOLD,Mumbai,9,0,0
18-05-2023,INACTIVE,Mumbai,0,6,0
18-05-2023,INACTIVE,Mumbai,0,0,1
18-05-2023,INACTIVE,Mumbai,557,0,0
18-05-2023,NEW,Mumbai,0,16,0
18-05-2023,NEW,Mumbai,0,0,15
18-05-2023,NEW,Mumbai,99,0,0
18-05-2023,ACTIVE,Pune,2927,0,0
18-05-2023,HOLD,Pune,8,0,0
18-05-2023,INACTIVE,Pune,0,9,0
18-05-2023,INACTIVE,Pune,221,0,0
18-05-2023,NEW,Pune,0,15,0
18-05-2023,NEW,Pune,0,0,6
18-05-2023,NEW,Pune,45,0,0
19-05-2023,ACTIVE,Hyderabad,0,3,0
19-05-2023,ACTIVE,Hyderabad,0,0,2
19-05-2023,ACTIVE,Hyderabad,626,0,0
19-05-2023,HOLD,Hyderabad,17,0,0
19-05-2023,INACTIVE,Hyderabad,0,11,0
19-05-2023,INACTIVE,Hyderabad,0,0,2
19-05-2023,INACTIVE,Hyderabad,131,0,0
19-05-2023,NEW,Hyderabad,0,57,0
19-05-2023,NEW,Hyderabad,0,0,10
19-05-2023,NEW,Hyderabad,73,0,0
19-05-2023,ACTIVE,Mumbai,0,6,0
19-05-2023,ACTIVE,Mumbai,0,0,1
19-05-2023,ACTIVE,Mumbai,7981,0,0
19-05-2023,HOLD,Mumbai,17,0,0
19-05-2023,INACTIVE,Mumbai,0,8,0
19-05-2023,INACTIVE,Mumbai,0,0,1
19-05-2023,INACTIVE,Mumbai,557,0,0
19-05-2023,NEW,Mumbai,0,15,0
19-05-2023,NEW,Mumbai,0,0,17
19-05-2023,NEW,Mumbai,104,0,0
19-05-2023,ACTIVE,Pune,0,0,1
19-05-2023,ACTIVE,Pune,2922,0,0
19-05-2023,HOLD,Pune,2,0,0
19-05-2023,INACTIVE,Pune,0,7,0
19-05-2023,INACTIVE,Pune,236,0,0
19-05-2023,NEW,Pune,0,8,0
19-05-2023,NEW,Pune,0,0,4
19-05-2023,NEW,Pune,40,0,0
20-05-2023,ACTIVE,Hyderabad,0,2,0
20-05-2023,ACTIVE,Hyderabad,0,0,2
20-05-2023,ACTIVE,Hyderabad,612,0,0
20-05-2023,HOLD,Hyderabad,20,0,0
20-05-2023,INACTIVE,Hyderabad,0,13,0
20-05-2023,INACTIVE,Hyderabad,123,0,0
20-05-2023,NEW,Hyderabad,0,46,0
20-05-2023,NEW,Hyderabad,0,0,6
20-05-2023,NEW,Hyderabad,78,0,0
20-05-2023,ACTIVE,Mumbai,0,5,0
20-05-2023,ACTIVE,Mumbai,0,0,2
20-05-2023,ACTIVE,Mumbai,7558,0,0
20-05-2023,HOLD,Mumbai,12,0,0
20-05-2023,INACTIVE,Mumbai,0,14,0
20-05-2023,INACTIVE,Mumbai,563,0,0
20-05-2023,NEW,Mumbai,0,16,0
20-05-2023,NEW,Mumbai,0,0,4
20-05-2023,NEW,Mumbai,79,0,0
20-05-2023,ACTIVE,Pune,2877,0,0
20-05-2023,HOLD,Pune,3,0,0
20-05-2023,INACTIVE,Pune,0,5,0
20-05-2023,INACTIVE,Pune,0,0,1
20-05-2023,INACTIVE,Pune,237,0,0
20-05-2023,NEW,Pune,0,6,0
20-05-2023,NEW,Pune,0,0,3
20-05-2023,NEW,Pune,44,0,0
21-05-2023,ACTIVE,Hyderabad,0,3,0
21-05-2023,ACTIVE,Hyderabad,0,0,2
21-05-2023,ACTIVE,Hyderabad,597,0,0
21-05-2023,HOLD,Hyderabad,15,0,0
21-05-2023,INACTIVE,Hyderabad,0,6,0
21-05-2023,INACTIVE,Hyderabad,151,0,0
21-05-2023,NEW,Hyderabad,0,53,0
21-05-2023,NEW,Hyderabad,0,0,11
21-05-2023,NEW,Hyderabad,67,0,0
21-05-2023,ACTIVE,Mumbai,0,6,0
21-05-2023,ACTIVE,Mumbai,7434,0,0
21-05-2023,HOLD,Mumbai,8,0,0
21-05-2023,INACTIVE,Mumbai,0,11,0
21-05-2023,INACTIVE,Mumbai,550,0,0
21-05-2023,NEW,Mumbai,0,15,0
21-05-2023,NEW,Mumbai,0,0,9
21-05-2023,NEW,Mumbai,96,0,0
21-05-2023,ACTIVE,Pune,0,3,0
21-05-2023,ACTIVE,Pune,0,0,1
21-05-2023,ACTIVE,Pune,2794,0,0
21-05-2023,HOLD,Pune,4,0,0
21-05-2023,INACTIVE,Pune,0,5,0
21-05-2023,INACTIVE,Pune,232,0,0
21-05-2023,NEW,Pune,0,7,0
21-05-2023,NEW,Pune,0,0,2
21-05-2023,NEW,Pune,31,0,0
22-05-2023,ACTIVE,Hyderabad,0,1,0
22-05-2023,ACTIVE,Hyderabad,448,0,0
22-05-2023,HOLD,Hyderabad,12,0,0
22-05-2023,INACTIVE,Hyderabad,0,8,0
22-05-2023,INACTIVE,Hyderabad,134,0,0
22-05-2023,NEW,Hyderabad,0,32,0
22-05-2023,NEW,Hyderabad,57,0,0
22-05-2023,ACTIVE,Mumbai,0,7,0
22-05-2023,ACTIVE,Mumbai,0,0,2
22-05-2023,ACTIVE,Mumbai,8121,0,0
22-05-2023,HOLD,Mumbai,10,0,0
22-05-2023,INACTIVE,Mumbai,0,9,0
22-05-2023,INACTIVE,Mumbai,0,0,1
22-05-2023,INACTIVE,Mumbai,561,0,0
22-05-2023,NEW,Mumbai,0,17,0
22-05-2023,NEW,Mumbai,0,0,1
22-05-2023,NEW,Mumbai,89,0,0
22-05-2023,ACTIVE,Pune,0,1,0
22-05-2023,ACTIVE,Pune,0,0,1
22-05-2023,ACTIVE,Pune,2982,0,0
22-05-2023,INACTIVE,Pune,0,8,0
22-05-2023,INACTIVE,Pune,236,0,0
22-05-2023,NEW,Pune,0,12,0
22-05-2023,NEW,Pune,0,0,2
22-05-2023,NEW,Pune,44,0,0
23-05-2023,ACTIVE,Hyderabad,0,2,0
23-05-2023,ACTIVE,Hyderabad,0,0,2
23-05-2023,ACTIVE,Hyderabad,610,0,0
23-05-2023,HOLD,Hyderabad,13,0,0
23-05-2023,INACTIVE,Hyderabad,0,8,0
23-05-2023,INACTIVE,Hyderabad,137,0,0
23-05-2023,NEW,Hyderabad,0,40,0
23-05-2023,NEW,Hyderabad,0,0,6
23-05-2023,NEW,Hyderabad,66,0,0
23-05-2023,ACTIVE,Mumbai,0,5,0
23-05-2023,ACTIVE,Mumbai,0,0,1
23-05-2023,ACTIVE,Mumbai,7790,0,0
23-05-2023,HOLD,Mumbai,11,0,0
23-05-2023,INACTIVE,Mumbai,0,11,0
23-05-2023,INACTIVE,Mumbai,0,0,1
23-05-2023,INACTIVE,Mumbai,572,0,0
23-05-2023,NEW,Mumbai,0,13,0
23-05-2023,NEW,Mumbai,0,0,20
23-05-2023,NEW,Mumbai,102,0,0
23-05-2023,ACTIVE,Pune,0,2,0
23-05-2023,ACTIVE,Pune,0,0,3
23-05-2023,ACTIVE,Pune,2940,0,0
23-05-2023,HOLD,Pune,12,0,0
23-05-2023,INACTIVE,Pune,0,6,0
23-05-2023,INACTIVE,Pune,0,0,2
23-05-2023,INACTIVE,Pune,256,0,0
23-05-2023,NEW,Pune,0,4,0
23-05-2023,NEW,Pune,0,0,7
23-05-2023,NEW,Pune,40,0,0
24-05-2023,ACTIVE,Hyderabad,0,2,0
24-05-2023,ACTIVE,Hyderabad,0,0,1
24-05-2023,ACTIVE,Hyderabad,592,0,0
24-05-2023,HOLD,Hyderabad,14,0,0
24-05-2023,INACTIVE,Hyderabad,0,8,0
24-05-2023,INACTIVE,Hyderabad,151,0,0
24-05-2023,NEW,Hyderabad,0,22,0
24-05-2023,NEW,Hyderabad,0,0,11
24-05-2023,NEW,Hyderabad,69,0,0
24-05-2023,ACTIVE,Mumbai,0,7,0
24-05-2023,ACTIVE,Mumbai,0,0,1
24-05-2023,ACTIVE,Mumbai,7960,0,0
24-05-2023,HOLD,Mumbai,10,0,0
24-05-2023,INACTIVE,Mumbai,0,15,0
24-05-2023,INACTIVE,Mumbai,0,0,4
24-05-2023,INACTIVE,Mumbai,644,0,0
24-05-2023,NEW,Mumbai,0,13,0
24-05-2023,NEW,Mumbai,0,0,8
24-05-2023,NEW,Mumbai,85,0,0
24-05-2023,ACTIVE,Pune,0,0,2
24-05-2023,ACTIVE,Pune,2966,0,0
24-05-2023,HOLD,Pune,9,0,0
24-05-2023,INACTIVE,Pune,0,9,0
24-05-2023,INACTIVE,Pune,243,0,0
24-05-2023,NEW,Pune,0,7,0
24-05-2023,NEW,Pune,0,0,4
24-05-2023,NEW,Pune,43,0,0
25-05-2023,ACTIVE,Hyderabad,610,0,0
25-05-2023,HOLD,Hyderabad,16,0,0
25-05-2023,INACTIVE,Hyderabad,0,5,0
25-05-2023,INACTIVE,Hyderabad,137,0,0
25-05-2023,NEW,Hyderabad,0,26,0
25-05-2023,NEW,Hyderabad,0,0,8
25-05-2023,NEW,Hyderabad,68,0,0
25-05-2023,ACTIVE,Mumbai,0,7,0
25-05-2023,ACTIVE,Mumbai,0,0,1
25-05-2023,ACTIVE,Mumbai,7858,0,0
25-05-2023,HOLD,Mumbai,10,0,0
25-05-2023,INACTIVE,Mumbai,0,12,0
25-05-2023,INACTIVE,Mumbai,0,0,5
25-05-2023,INACTIVE,Mumbai,565,0,0
25-05-2023,NEW,Mumbai,0,8,0
25-05-2023,NEW,Mumbai,0,0,11
25-05-2023,NEW,Mumbai,87,0,0
25-05-2023,ACTIVE,Pune,0,1,0
25-05-2023,ACTIVE,Pune,0,0,2
25-05-2023,ACTIVE,Pune,2929,0,0
25-05-2023,HOLD,Pune,4,0,0
25-05-2023,INACTIVE,Pune,0,5,0
25-05-2023,INACTIVE,Pune,0,0,1
25-05-2023,INACTIVE,Pune,220,0,0
25-05-2023,NEW,Pune,0,5,0
25-05-2023,NEW,Pune,0,0,3
25-05-2023,NEW,Pune,57,0,0
26-05-2023,ACTIVE,Hyderabad,0,3,0
26-05-2023,ACTIVE,Hyderabad,634,0,0
26-05-2023,HOLD,Hyderabad,23,0,0
26-05-2023,INACTIVE,Hyderabad,0,4,0
26-05-2023,INACTIVE,Hyderabad,126,0,0
26-05-2023,NEW,Hyderabad,0,18,0
26-05-2023,NEW,Hyderabad,0,0,8
26-05-2023,NEW,Hyderabad,75,0,0
26-05-2023,ACTIVE,Mumbai,0,10,0
26-05-2023,ACTIVE,Mumbai,0,0,1
26-05-2023,ACTIVE,Mumbai,7790,0,0
26-05-2023,HOLD,Mumbai,20,0,0
26-05-2023,INACTIVE,Mumbai,0,14,0
26-05-2023,INACTIVE,Mumbai,0,0,4
26-05-2023,INACTIVE,Mumbai,582,0,0
26-05-2023,NEW,Mumbai,0,13,0
26-05-2023,NEW,Mumbai,0,0,15
26-05-2023,NEW,Mumbai,86,0,0
26-05-2023,ACTIVE,Pune,0,4,0
26-05-2023,ACTIVE,Pune,0,0,2
26-05-2023,ACTIVE,Pune,2924,0,0
26-05-2023,HOLD,Pune,5,0,0
26-05-2023,INACTIVE,Pune,0,8,0
26-05-2023,INACTIVE,Pune,0,0,1
26-05-2023,INACTIVE,Pune,245,0,0
26-05-2023,NEW,Pune,0,9,0
26-05-2023,NEW,Pune,0,0,4
26-05-2023,NEW,Pune,42,0,0
27-05-2023,ACTIVE,Hyderabad,0,3,0
27-05-2023,ACTIVE,Hyderabad,625,0,0
27-05-2023,HOLD,Hyderabad,22,0,0
27-05-2023,INACTIVE,Hyderabad,0,2,0
27-05-2023,INACTIVE,Hyderabad,130,0,0
27-05-2023,NEW,Hyderabad,0,24,0
27-05-2023,NEW,Hyderabad,0,0,6
27-05-2023,NEW,Hyderabad,69,0,0
27-05-2023,ACTIVE,Mumbai,0,5,0
27-05-2023,ACTIVE,Mumbai,0,0,1
27-05-2023,ACTIVE,Mumbai,7477,0,0
27-05-2023,HOLD,Mumbai,12,0,0
27-05-2023,INACTIVE,Mumbai,0,15,0
27-05-2023,INACTIVE,Mumbai,0,0,5
27-05-2023,INACTIVE,Mumbai,541,0,0
27-05-2023,NEW,Mumbai,0,11,0
27-05-2023,NEW,Mumbai,0,0,11
27-05-2023,NEW,Mumbai,109,0,0
27-05-2023,ACTIVE,Pune,0,2,0
27-05-2023,ACTIVE,Pune,2845,0,0
27-05-2023,HOLD,Pune,2,0,0
27-05-2023,INACTIVE,Pune,0,7,0
27-05-2023,INACTIVE,Pune,226,0,0
27-05-2023,NEW,Pune,0,11,0
27-05-2023,NEW,Pune,0,0,6
27-05-2023,NEW,Pune,49,0,0
28-05-2023,ACTIVE,Hyderabad,0,4,0
28-05-2023,ACTIVE,Hyderabad,600,0,0
28-05-2023,HOLD,Hyderabad,17,0,0
28-05-2023,INACTIVE,Hyderabad,0,5,0
28-05-2023,INACTIVE,Hyderabad,0,0,1
28-05-2023,INACTIVE,Hyderabad,126,0,0
28-05-2023,NEW,Hyderabad,0,13,0
28-05-2023,NEW,Hyderabad,0,0,6
28-05-2023,NEW,Hyderabad,81,0,0
28-05-2023,ACTIVE,Mumbai,0,7,0
28-05-2023,ACTIVE,Mumbai,0,0,1
28-05-2023,ACTIVE,Mumbai,7409,0,0
28-05-2023,HOLD,Mumbai,14,0,0
28-05-2023,INACTIVE,Mumbai,0,15,0
28-05-2023,INACTIVE,Mumbai,0,0,3
28-05-2023,INACTIVE,Mumbai,521,0,0
28-05-2023,NEW,Mumbai,0,10,0
28-05-2023,NEW,Mumbai,0,0,13
28-05-2023,NEW,Mumbai,91,0,0
28-05-2023,ACTIVE,Pune,0,6,0
28-05-2023,ACTIVE,Pune,2775,0,0
28-05-2023,HOLD,Pune,4,0,0
28-05-2023,INACTIVE,Pune,0,9,0
28-05-2023,INACTIVE,Pune,209,0,0
28-05-2023,NEW,Pune,0,4,0
28-05-2023,NEW,Pune,0,0,6
28-05-2023,NEW,Pune,35,0,0
29-05-2023,ACTIVE,Hyderabad,0,1,0
29-05-2023,ACTIVE,Hyderabad,635,0,0
29-05-2023,HOLD,Hyderabad,19,0,0
29-05-2023,INACTIVE,Hyderabad,0,5,0
29-05-2023,INACTIVE,Hyderabad,112,0,0
29-05-2023,NEW,Hyderabad,0,21,0
29-05-2023,NEW,Hyderabad,67,0,0
29-05-2023,ACTIVE,Mumbai,0,5,0
29-05-2023,ACTIVE,Mumbai,0,0,1
29-05-2023,ACTIVE,Mumbai,8045,0,0
29-05-2023,HOLD,Mumbai,12,0,0
29-05-2023,INACTIVE,Mumbai,0,14,0
29-05-2023,INACTIVE,Mumbai,0,0,1
29-05-2023,INACTIVE,Mumbai,598,0,0
29-05-2023,NEW,Mumbai,0,12,0
29-05-2023,NEW,Mumbai,0,0,2
29-05-2023,NEW,Mumbai,120,0,0
29-05-2023,ACTIVE,Pune,0,4,0
29-05-2023,ACTIVE,Pune,0,0,1
29-05-2023,ACTIVE,Pune,2990,0,0
29-05-2023,HOLD,Pune,2,0,0
29-05-2023,INACTIVE,Pune,0,9,0
29-05-2023,INACTIVE,Pune,211,0,0
29-05-2023,NEW,Pune,0,8,0
29-05-2023,NEW,Pune,0,0,5
29-05-2023,NEW,Pune,49,0,0
30-05-2023,ACTIVE,Hyderabad,0,2,0
30-05-2023,ACTIVE,Hyderabad,0,0,2
30-05-2023,ACTIVE,Hyderabad,582,0,0
30-05-2023,HOLD,Hyderabad,17,0,0
30-05-2023,INACTIVE,Hyderabad,0,9,0
30-05-2023,INACTIVE,Hyderabad,0,0,1
30-05-2023,INACTIVE,Hyderabad,142,0,0
30-05-2023,NEW,Hyderabad,0,19,0
30-05-2023,NEW,Hyderabad,0,0,10
30-05-2023,NEW,Hyderabad,71,0,0
30-05-2023,ACTIVE,Mumbai,0,7,0
30-05-2023,ACTIVE,Mumbai,0,0,1
30-05-2023,ACTIVE,Mumbai,7847,0,0
30-05-2023,HOLD,Mumbai,15,0,0
30-05-2023,INACTIVE,Mumbai,0,13,0
30-05-2023,INACTIVE,Mumbai,0,0,8
30-05-2023,INACTIVE,Mumbai,628,0,0
30-05-2023,NEW,Mumbai,0,17,0
30-05-2023,NEW,Mumbai,0,0,28
30-05-2023,NEW,Mumbai,86,0,0
30-05-2023,ACTIVE,Pune,0,5,0
30-05-2023,ACTIVE,Pune,2880,0,0
30-05-2023,HOLD,Pune,6,0,0
30-05-2023,INACTIVE,Pune,0,11,0
30-05-2023,INACTIVE,Pune,0,0,3
30-05-2023,INACTIVE,Pune,240,0,0
30-05-2023,NEW,Pune,0,2,0
30-05-2023,NEW,Pune,0,0,14
30-05-2023,NEW,Pune,41,0,0
31-05-2023,ACTIVE,Hyderabad,0,1,0
31-05-2023,ACTIVE,Hyderabad,614,0,0
31-05-2023,HOLD,Hyderabad,15,0,0
31-05-2023,INACTIVE,Hyderabad,0,6,0
31-05-2023,INACTIVE,Hyderabad,0,0,3
31-05-2023,INACTIVE,Hyderabad,152,0,0
31-05-2023,NEW,Hyderabad,0,18,0
31-05-2023,NEW,Hyderabad,0,0,8
31-05-2023,NEW,Hyderabad,81,0,0
31-05-2023,ACTIVE,Mumbai,0,5,0
31-05-2023,ACTIVE,Mumbai,8067,0,0
31-05-2023,HOLD,Mumbai,6,0,0
31-05-2023,INACTIVE,Mumbai,0,11,0
31-05-2023,INACTIVE,Mumbai,0,0,4
31-05-2023,INACTIVE,Mumbai,610,0,0
31-05-2023,NEW,Mumbai,0,22,0
31-05-2023,NEW,Mumbai,0,0,15
31-05-2023,NEW,Mumbai,85,0,0
31-05-2023,ACTIVE,Pune,0,4,0
31-05-2023,ACTIVE,Pune,0,0,1
31-05-2023,ACTIVE,Pune,3072,0,0
31-05-2023,HOLD,Pune,7,0,0
31-05-2023,INACTIVE,Pune,0,10,0
31-05-2023,INACTIVE,Pune,0,0,1
31-05-2023,INACTIVE,Pune,232,0,0
31-05-2023,NEW,Pune,0,3,0
31-05-2023,NEW,Pune,0,0,3
31-05-2023,NEW,Pune,49,0,0
01-06-2023,ACTIVE,Hyderabad,0,1,0
01-06-2023,ACTIVE,Hyderabad,0,0,1
01-06-2023,ACTIVE,Hyderabad,593,0,0
01-06-2023,HOLD,Hyderabad,16,0,0
01-06-2023,INACTIVE,Hyderabad,0,6,0
01-06-2023,INACTIVE,Hyderabad,0,0,1
01-06-2023,INACTIVE,Hyderabad,156,0,0
01-06-2023,NEW,Hyderabad,0,20,0
01-06-2023,NEW,Hyderabad,0,0,11
01-06-2023,NEW,Hyderabad,63,0,0
01-06-2023,ACTIVE,Mumbai,0,6,0
01-06-2023,ACTIVE,Mumbai,0,0,2
01-06-2023,ACTIVE,Mumbai,8176,0,0
01-06-2023,HOLD,Mumbai,16,0,0
01-06-2023,INACTIVE,Mumbai,0,15,0
01-06-2023,INACTIVE,Mumbai,0,0,5
01-06-2023,INACTIVE,Mumbai,624,0,0
01-06-2023,NEW,Mumbai,0,11,0
01-06-2023,NEW,Mumbai,0,0,18
01-06-2023,NEW,Mumbai,119,0,0
01-06-2023,ACTIVE,Pune,0,2,0
01-06-2023,ACTIVE,Pune,0,0,1
01-06-2023,ACTIVE,Pune,3128,0,0
01-06-2023,HOLD,Pune,5,0,0
01-06-2023,INACTIVE,Pune,0,7,0
01-06-2023,INACTIVE,Pune,0,0,2
01-06-2023,INACTIVE,Pune,239,0,0
01-06-2023,NEW,Pune,0,4,0
01-06-2023,NEW,Pune,0,0,11
01-06-2023,NEW,Pune,63,0,0
02-06-2023,ACTIVE,Hyderabad,0,2,0
02-06-2023,ACTIVE,Hyderabad,0,0,1
02-06-2023,ACTIVE,Hyderabad,618,0,0
02-06-2023,HOLD,Hyderabad,16,0,0
02-06-2023,INACTIVE,Hyderabad,0,8,0
02-06-2023,INACTIVE,Hyderabad,0,0,1
02-06-2023,INACTIVE,Hyderabad,142,0,0
02-06-2023,NEW,Hyderabad,0,21,0
02-06-2023,NEW,Hyderabad,0,0,10
02-06-2023,NEW,Hyderabad,67,0,0
02-06-2023,ACTIVE,Mumbai,0,4,0
02-06-2023,ACTIVE,Mumbai,0,0,3
02-06-2023,ACTIVE,Mumbai,8200,0,0
02-06-2023,HOLD,Mumbai,6,0,0
02-06-2023,INACTIVE,Mumbai,0,9,0
02-06-2023,INACTIVE,Mumbai,0,0,3
02-06-2023,INACTIVE,Mumbai,618,0,0
02-06-2023,NEW,Mumbai,0,12,0
02-06-2023,NEW,Mumbai,0,0,10
02-06-2023,NEW,Mumbai,113,0,0
02-06-2023,ACTIVE,Pune,0,4,0
02-06-2023,ACTIVE,Pune,0,0,2
02-06-2023,ACTIVE,Pune,3145,0,0
02-06-2023,HOLD,Pune,5,0,0
02-06-2023,INACTIVE,Pune,0,7,0
02-06-2023,INACTIVE,Pune,214,0,0
02-06-2023,NEW,Pune,0,9,0
02-06-2023,NEW,Pune,0,0,8
02-06-2023,NEW,Pune,50,0,0
03-06-2023,ACTIVE,Hyderabad,0,2,0
03-06-2023,ACTIVE,Hyderabad,0,0,4
03-06-2023,ACTIVE,Hyderabad,591,0,0
03-06-2023,HOLD,Hyderabad,20,0,0
03-06-2023,INACTIVE,Hyderabad,0,9,0
03-06-2023,INACTIVE,Hyderabad,0,0,4
03-06-2023,INACTIVE,Hyderabad,161,0,0
03-06-2023,NEW,Hyderabad,0,21,0
03-06-2023,NEW,Hyderabad,0,0,10
03-06-2023,NEW,Hyderabad,62,0,0
03-06-2023,ACTIVE,Mumbai,0,3,0
03-06-2023,ACTIVE,Mumbai,0,0,4
03-06-2023,ACTIVE,Mumbai,7946,0,0
03-06-2023,HOLD,Mumbai,16,0,0
03-06-2023,INACTIVE,Mumbai,0,15,0
03-06-2023,INACTIVE,Mumbai,0,0,1
03-06-2023,INACTIVE,Mumbai,552,0,0
03-06-2023,NEW,Mumbai,0,6,0
03-06-2023,NEW,Mumbai,0,0,22
03-06-2023,NEW,Mumbai,116,0,0
03-06-2023,ACTIVE,Pune,0,1,0
03-06-2023,ACTIVE,Pune,0,0,1
03-06-2023,ACTIVE,Pune,3033,0,0
03-06-2023,HOLD,Pune,5,0,0
03-06-2023,INACTIVE,Pune,0,6,0
03-06-2023,INACTIVE,Pune,213,0,0
03-06-2023,NEW,Pune,0,12,0
03-06-2023,NEW,Pune,0,0,6
03-06-2023,NEW,Pune,54,0,0
04-06-2023,ACTIVE,Hyderabad,0,3,0
04-06-2023,ACTIVE,Hyderabad,0,0,6
04-06-2023,ACTIVE,Hyderabad,601,0,0
04-06-2023,HOLD,Hyderabad,17,0,0
04-06-2023,INACTIVE,Hyderabad,0,13,0
04-06-2023,INACTIVE,Hyderabad,0,0,3
04-06-2023,INACTIVE,Hyderabad,146,0,0
04-06-2023,NEW,Hyderabad,0,13,0
04-06-2023,NEW,Hyderabad,0,0,6
04-06-2023,NEW,Hyderabad,64,0,0
04-06-2023,ACTIVE,Mumbai,0,7,0
04-06-2023,ACTIVE,Mumbai,0,0,6
04-06-2023,ACTIVE,Mumbai,7837,0,0
04-06-2023,HOLD,Mumbai,6,0,0
04-06-2023,INACTIVE,Mumbai,0,13,0
04-06-2023,INACTIVE,Mumbai,0,0,4
04-06-2023,INACTIVE,Mumbai,555,0,0
04-06-2023,NEW,Mumbai,0,11,0
04-06-2023,NEW,Mumbai,0,0,12
04-06-2023,NEW,Mumbai,132,0,0
04-06-2023,ACTIVE,Pune,0,1,0
04-06-2023,ACTIVE,Pune,0,0,2
04-06-2023,ACTIVE,Pune,3028,0,0
04-06-2023,HOLD,Pune,4,0,0
04-06-2023,INACTIVE,Pune,0,6,0
04-06-2023,INACTIVE,Pune,228,0,0
04-06-2023,NEW,Pune,0,6,0
04-06-2023,NEW,Pune,0,0,5
04-06-2023,NEW,Pune,49,0,0
05-06-2023,ACTIVE,Hyderabad,0,2,0
05-06-2023,ACTIVE,Hyderabad,0,0,2
05-06-2023,ACTIVE,Hyderabad,644,0,0
05-06-2023,HOLD,Hyderabad,16,0,0
05-06-2023,INACTIVE,Hyderabad,0,12,0
05-06-2023,INACTIVE,Hyderabad,0,0,1
05-06-2023,INACTIVE,Hyderabad,140,0,0
05-06-2023,NEW,Hyderabad,0,8,0
05-06-2023,NEW,Hyderabad,0,0,2
05-06-2023,NEW,Hyderabad,54,0,0
05-06-2023,ACTIVE,Mumbai,0,6,0
05-06-2023,ACTIVE,Mumbai,0,0,4
05-06-2023,ACTIVE,Mumbai,8620,0,0
05-06-2023,HOLD,Mumbai,16,0,0
05-06-2023,INACTIVE,Mumbai,0,15,0
05-06-2023,INACTIVE,Mumbai,0,0,2
05-06-2023,INACTIVE,Mumbai,598,0,0
05-06-2023,NEW,Mumbai,0,18,0
05-06-2023,NEW,Mumbai,0,0,5
05-06-2023,NEW,Mumbai,145,0,0
05-06-2023,ACTIVE,Pune,0,1,0
05-06-2023,ACTIVE,Pune,0,0,2
05-06-2023,ACTIVE,Pune,3278,0,0
05-06-2023,HOLD,Pune,8,0,0
05-06-2023,INACTIVE,Pune,0,4,0
05-06-2023,INACTIVE,Pune,0,0,1
05-06-2023,INACTIVE,Pune,236,0,0
05-06-2023,NEW,Pune,0,9,0
05-06-2023,NEW,Pune,46,0,0
06-06-2023,ACTIVE,Hyderabad,0,2,0
06-06-2023,ACTIVE,Hyderabad,0,0,2
06-06-2023,ACTIVE,Hyderabad,677,0,0
06-06-2023,HOLD,Hyderabad,17,0,0
06-06-2023,INACTIVE,Hyderabad,0,10,0
06-06-2023,INACTIVE,Hyderabad,0,0,3
06-06-2023,INACTIVE,Hyderabad,136,0,0
06-06-2023,NEW,Hyderabad,0,11,0
06-06-2023,NEW,Hyderabad,0,0,5
06-06-2023,NEW,Hyderabad,71,0,0
06-06-2023,ACTIVE,Mumbai,0,5,0
06-06-2023,ACTIVE,Mumbai,0,0,3
06-06-2023,ACTIVE,Mumbai,8342,0,0
06-06-2023,HOLD,Mumbai,7,0,0
06-06-2023,INACTIVE,Mumbai,0,11,0
06-06-2023,INACTIVE,Mumbai,0,0,2
06-06-2023,INACTIVE,Mumbai,574,0,0
06-06-2023,NEW,Mumbai,0,14,0
06-06-2023,NEW,Mumbai,0,0,23
06-06-2023,NEW,Mumbai,148,0,0
06-06-2023,ACTIVE,Pune,0,1,0
06-06-2023,ACTIVE,Pune,0,0,4
06-06-2023,ACTIVE,Pune,3234,0,0
06-06-2023,HOLD,Pune,2,0,0
06-06-2023,INACTIVE,Pune,0,5,0
06-06-2023,INACTIVE,Pune,0,0,1
06-06-2023,INACTIVE,Pune,243,0,0
06-06-2023,NEW,Pune,0,14,0
06-06-2023,NEW,Pune,0,0,12
06-06-2023,NEW,Pune,54,0,0
07-06-2023,ACTIVE,Hyderabad,0,1,0
07-06-2023,ACTIVE,Hyderabad,0,0,2
07-06-2023,ACTIVE,Hyderabad,669,0,0
07-06-2023,HOLD,Hyderabad,14,0,0
07-06-2023,INACTIVE,Hyderabad,0,7,0
07-06-2023,INACTIVE,Hyderabad,0,0,3
07-06-2023,INACTIVE,Hyderabad,150,0,0
07-06-2023,NEW,Hyderabad,0,5,0
07-06-2023,NEW,Hyderabad,0,0,12
07-06-2023,NEW,Hyderabad,65,0,0
07-06-2023,ACTIVE,Mumbai,0,7,0
07-06-2023,ACTIVE,Mumbai,0,0,5
07-06-2023,ACTIVE,Mumbai,8570,0,0
07-06-2023,HOLD,Mumbai,19,0,0
07-06-2023,INACTIVE,Mumbai,0,12,0
07-06-2023,INACTIVE,Mumbai,0,0,1
07-06-2023,INACTIVE,Mumbai,565,0,0
07-06-2023,NEW,Mumbai,0,23,0
07-06-2023,NEW,Mumbai,0,0,26
07-06-2023,NEW,Mumbai,148,0,0
07-06-2023,ACTIVE,Pune,0,2,0
07-06-2023,ACTIVE,Pune,0,0,4
07-06-2023,ACTIVE,Pune,3281,0,0
07-06-2023,HOLD,Pune,5,0,0
07-06-2023,INACTIVE,Pune,0,3,0
07-06-2023,INACTIVE,Pune,0,0,1
07-06-2023,INACTIVE,Pune,227,0,0
07-06-2023,NEW,Pune,0,11,0
07-06-2023,NEW,Pune,0,0,9
07-06-2023,NEW,Pune,37,0,0
08-06-2023,ACTIVE,Hyderabad,0,1,0
08-06-2023,ACTIVE,Hyderabad,0,0,1
08-06-2023,ACTIVE,Hyderabad,679,0,0
08-06-2023,HOLD,Hyderabad,18,0,0
08-06-2023,INACTIVE,Hyderabad,0,6,0
08-06-2023,INACTIVE,Hyderabad,0,0,1
08-06-2023,INACTIVE,Hyderabad,154,0,0
08-06-2023,NEW,Hyderabad,0,13,0
08-06-2023,NEW,Hyderabad,0,0,6
08-06-2023,NEW,Hyderabad,67,0,0
08-06-2023,ACTIVE,Mumbai,0,5,0
08-06-2023,ACTIVE,Mumbai,0,0,2
08-06-2023,ACTIVE,Mumbai,8559,0,0
08-06-2023,HOLD,Mumbai,6,0,0
08-06-2023,INACTIVE,Mumbai,0,10,0
08-06-2023,INACTIVE,Mumbai,0,0,1
08-06-2023,INACTIVE,Mumbai,644,0,0
08-06-2023,NEW,Mumbai,0,27,0
08-06-2023,NEW,Mumbai,0,0,13
08-06-2023,NEW,Mumbai,128,0,0
08-06-2023,ACTIVE,Pune,0,5,0
08-06-2023,ACTIVE,Pune,0,0,7
08-06-2023,ACTIVE,Pune,3309,0,0
08-06-2023,HOLD,Pune,7,0,0
08-06-2023,INACTIVE,Pune,0,5,0
08-06-2023,INACTIVE,Pune,0,0,2
08-06-2023,INACTIVE,Pune,239,0,0
08-06-2023,NEW,Pune,0,10,0
08-06-2023,NEW,Pune,0,0,8
08-06-2023,NEW,Pune,52,0,0
09-06-2023,ACTIVE,Hyderabad,0,2,0
09-06-2023,ACTIVE,Hyderabad,0,0,1
09-06-2023,ACTIVE,Hyderabad,677,0,0
09-06-2023,HOLD,Hyderabad,13,0,0
09-06-2023,INACTIVE,Hyderabad,0,9,0
09-06-2023,INACTIVE,Hyderabad,0,0,1
09-06-2023,INACTIVE,Hyderabad,126,0,0
09-06-2023,NEW,Hyderabad,0,10,0
09-06-2023,NEW,Hyderabad,0,0,6
09-06-2023,NEW,Hyderabad,66,0,0
09-06-2023,ACTIVE,Mumbai,0,7,0
09-06-2023,ACTIVE,Mumbai,0,0,5
09-06-2023,ACTIVE,Mumbai,8591,0,0
09-06-2023,HOLD,Mumbai,14,0,0
09-06-2023,INACTIVE,Mumbai,0,13,0
09-06-2023,INACTIVE,Mumbai,0,0,1
09-06-2023,INACTIVE,Mumbai,552,0,0
09-06-2023,NEW,Mumbai,0,31,0
09-06-2023,NEW,Mumbai,0,0,9
09-06-2023,NEW,Mumbai,124,0,0
09-06-2023,ACTIVE,Pune,0,4,0
09-06-2023,ACTIVE,Pune,0,0,1
09-06-2023,ACTIVE,Pune,3286,0,0
09-06-2023,HOLD,Pune,2,0,0
09-06-2023,INACTIVE,Pune,0,3,0
09-06-2023,INACTIVE,Pune,0,0,4
09-06-2023,INACTIVE,Pune,223,0,0
09-06-2023,NEW,Pune,0,7,0
09-06-2023,NEW,Pune,0,0,8
09-06-2023,NEW,Pune,52,0,0
10-06-2023,ACTIVE,Hyderabad,0,2,0
10-06-2023,ACTIVE,Hyderabad,0,0,1
10-06-2023,ACTIVE,Hyderabad,678,0,0
10-06-2023,HOLD,Hyderabad,19,0,0
10-06-2023,INACTIVE,Hyderabad,0,8,0
10-06-2023,INACTIVE,Hyderabad,139,0,0
10-06-2023,NEW,Hyderabad,0,8,0
10-06-2023,NEW,Hyderabad,0,0,6
10-06-2023,NEW,Hyderabad,53,0,0
10-06-2023,ACTIVE,Mumbai,0,5,0
10-06-2023,ACTIVE,Mumbai,0,0,8
10-06-2023,ACTIVE,Mumbai,8268,0,0
10-06-2023,HOLD,Mumbai,16,0,0
10-06-2023,INACTIVE,Mumbai,0,10,0
10-06-2023,INACTIVE,Mumbai,0,0,1
10-06-2023,INACTIVE,Mumbai,514,0,0
10-06-2023,NEW,Mumbai,0,24,0
10-06-2023,NEW,Mumbai,0,0,11
10-06-2023,NEW,Mumbai,132,0,0
10-06-2023,ACTIVE,Pune,0,6,0
10-06-2023,ACTIVE,Pune,0,0,6
10-06-2023,ACTIVE,Pune,3245,0,0
10-06-2023,HOLD,Pune,5,0,0
10-06-2023,INACTIVE,Pune,0,4,0
10-06-2023,INACTIVE,Pune,225,0,0
10-06-2023,NEW,Pune,0,13,0
10-06-2023,NEW,Pune,0,0,15
10-06-2023,NEW,Pune,54,0,0
11-06-2023,ACTIVE,Hyderabad,0,3,0
11-06-2023,ACTIVE,Hyderabad,673,0,0
11-06-2023,HOLD,Hyderabad,14,0,0
11-06-2023,INACTIVE,Hyderabad,0,10,0
11-06-2023,INACTIVE,Hyderabad,0,0,1
11-06-2023,INACTIVE,Hyderabad,133,0,0
11-06-2023,NEW,Hyderabad,0,8,0
11-06-2023,NEW,Hyderabad,0,0,3
11-06-2023,NEW,Hyderabad,75,0,0
11-06-2023,ACTIVE,Mumbai,0,9,0
11-06-2023,ACTIVE,Mumbai,0,0,7
11-06-2023,ACTIVE,Mumbai,8035,0,0
11-06-2023,HOLD,Mumbai,12,0,0
11-06-2023,INACTIVE,Mumbai,0,7,0
11-06-2023,INACTIVE,Mumbai,0,0,6
11-06-2023,INACTIVE,Mumbai,524,0,0
11-06-2023,NEW,Mumbai,0,21,0
11-06-2023,NEW,Mumbai,0,0,17
11-06-2023,NEW,Mumbai,122,0,0
11-06-2023,ACTIVE,Pune,0,2,0
11-06-2023,ACTIVE,Pune,0,0,1
11-06-2023,ACTIVE,Pune,3142,0,0
11-06-2023,HOLD,Pune,5,0,0
11-06-2023,INACTIVE,Pune,0,3,0
11-06-2023,INACTIVE,Pune,0,0,2
11-06-2023,INACTIVE,Pune,222,0,0
11-06-2023,NEW,Pune,0,10,0
11-06-2023,NEW,Pune,0,0,6
11-06-2023,NEW,Pune,45,0,0
12-06-2023,ACTIVE,Hyderabad,0,3,0
12-06-2023,ACTIVE,Hyderabad,730,0,0
12-06-2023,HOLD,Hyderabad,20,0,0
12-06-2023,INACTIVE,Hyderabad,0,11,0
12-06-2023,INACTIVE,Hyderabad,142,0,0
12-06-2023,NEW,Hyderabad,0,14,0
12-06-2023,NEW,Hyderabad,0,0,1
12-06-2023,NEW,Hyderabad,79,0,0
12-06-2023,ACTIVE,Mumbai,0,11,0
12-06-2023,ACTIVE,Mumbai,0,0,7
12-06-2023,ACTIVE,Mumbai,8939,0,0
12-06-2023,HOLD,Mumbai,12,0,0
12-06-2023,INACTIVE,Mumbai,0,14,0
12-06-2023,INACTIVE,Mumbai,0,0,1
12-06-2023,INACTIVE,Mumbai,593,0,0
12-06-2023,NEW,Mumbai,0,33,0
12-06-2023,NEW,Mumbai,0,0,6
12-06-2023,NEW,Mumbai,114,0,0
12-06-2023,ACTIVE,Pune,0,4,0
12-06-2023,ACTIVE,Pune,0,0,1
12-06-2023,ACTIVE,Pune,3413,0,0
12-06-2023,HOLD,Pune,3,0,0
12-06-2023,INACTIVE,Pune,0,4,0
12-06-2023,INACTIVE,Pune,233,0,0
12-06-2023,NEW,Pune,0,13,0
12-06-2023,NEW,Pune,0,0,2
12-06-2023,NEW,Pune,54,0,0
13-06-2023,ACTIVE,Hyderabad,0,3,0
13-06-2023,ACTIVE,Hyderabad,0,0,2
13-06-2023,ACTIVE,Hyderabad,698,0,0
13-06-2023,HOLD,Hyderabad,12,0,0
13-06-2023,INACTIVE,Hyderabad,0,9,0
13-06-2023,INACTIVE,Hyderabad,0,0,1
13-06-2023,INACTIVE,Hyderabad,148,0,0
13-06-2023,NEW,Hyderabad,0,21,0
13-06-2023,NEW,Hyderabad,0,0,14
13-06-2023,NEW,Hyderabad,67,0,0
13-06-2023,ACTIVE,Mumbai,0,10,0
13-06-2023,ACTIVE,Mumbai,0,0,7
13-06-2023,ACTIVE,Mumbai,8567,0,0
13-06-2023,HOLD,Mumbai,12,0,0
13-06-2023,INACTIVE,Mumbai,0,10,0
13-06-2023,INACTIVE,Mumbai,0,0,3
13-06-2023,INACTIVE,Mumbai,574,0,0
13-06-2023,NEW,Mumbai,0,34,0
13-06-2023,NEW,Mumbai,0,0,18
13-06-2023,NEW,Mumbai,124,0,0
13-06-2023,ACTIVE,Pune,0,3,0
13-06-2023,ACTIVE,Pune,0,0,2
13-06-2023,ACTIVE,Pune,3313,0,0
13-06-2023,HOLD,Pune,3,0,0
13-06-2023,INACTIVE,Pune,0,4,0
13-06-2023,INACTIVE,Pune,0,0,1
13-06-2023,INACTIVE,Pune,265,0,0
13-06-2023,NEW,Pune,0,21,0
13-06-2023,NEW,Pune,0,0,19
13-06-2023,NEW,Pune,44,0,0
14-06-2023,ACTIVE,Hyderabad,0,4,0
14-06-2023,ACTIVE,Hyderabad,0,0,5
14-06-2023,ACTIVE,Hyderabad,749,0,0
14-06-2023,HOLD,Hyderabad,17,0,0
14-06-2023,INACTIVE,Hyderabad,0,11,0
14-06-2023,INACTIVE,Hyderabad,0,0,3
14-06-2023,INACTIVE,Hyderabad,156,0,0
14-06-2023,NEW,Hyderabad,0,18,0
14-06-2023,NEW,Hyderabad,0,0,13
14-06-2023,NEW,Hyderabad,80,0,0
14-06-2023,ACTIVE,Mumbai,0,10,0
14-06-2023,ACTIVE,Mumbai,0,0,6
14-06-2023,ACTIVE,Mumbai,8723,0,0
14-06-2023,HOLD,Mumbai,13,0,0
14-06-2023,INACTIVE,Mumbai,0,13,0
14-06-2023,INACTIVE,Mumbai,0,0,1
14-06-2023,INACTIVE,Mumbai,606,0,0
14-06-2023,NEW,Mumbai,0,37,0
14-06-2023,NEW,Mumbai,0,0,29
14-06-2023,NEW,Mumbai,130,0,0
14-06-2023,ACTIVE,Pune,0,7,0
14-06-2023,ACTIVE,Pune,3447,0,0
14-06-2023,HOLD,Pune,2,0,0
14-06-2023,INACTIVE,Pune,0,3,0
14-06-2023,INACTIVE,Pune,0,0,1
14-06-2023,INACTIVE,Pune,276,0,0
14-06-2023,NEW,Pune,0,12,0
14-06-2023,NEW,Pune,0,0,5
14-06-2023,NEW,Pune,49,0,0
15-06-2023,ACTIVE,Hyderabad,0,5,0
15-06-2023,ACTIVE,Hyderabad,0,0,3
15-06-2023,ACTIVE,Hyderabad,734,0,0
15-06-2023,HOLD,Hyderabad,12,0,0
15-06-2023,INACTIVE,Hyderabad,0,17,0
15-06-2023,INACTIVE,Hyderabad,168,0,0
15-06-2023,NEW,Hyderabad,0,22,0
15-06-2023,NEW,Hyderabad,0,0,11
15-06-2023,NEW,Hyderabad,66,0,0
15-06-2023,ACTIVE,Mumbai,0,4,0
15-06-2023,ACTIVE,Mumbai,0,0,9
15-06-2023,ACTIVE,Mumbai,8762,0,0
15-06-2023,HOLD,Mumbai,17,0,0
15-06-2023,INACTIVE,Mumbai,0,12,0
15-06-2023,INACTIVE,Mumbai,0,0,3
15-06-2023,INACTIVE,Mumbai,622,0,0
15-06-2023,NEW,Mumbai,0,35,0
15-06-2023,NEW,Mumbai,0,0,21
15-06-2023,NEW,Mumbai,110,0,0
15-06-2023,ACTIVE,Pune,0,5,0
15-06-2023,ACTIVE,Pune,3427,0,0
15-06-2023,HOLD,Pune,8,0,0
15-06-2023,INACTIVE,Pune,0,6,0
15-06-2023,INACTIVE,Pune,247,0,0
15-06-2023,NEW,Pune,0,16,0
15-06-2023,NEW,Pune,0,0,12
15-06-2023,NEW,Pune,33,0,0
16-06-2023,ACTIVE,Hyderabad,0,7,0
16-06-2023,ACTIVE,Hyderabad,0,0,2
16-06-2023,ACTIVE,Hyderabad,790,0,0
16-06-2023,HOLD,Hyderabad,13,0,0
16-06-2023,INACTIVE,Hyderabad,0,11,0
16-06-2023,INACTIVE,Hyderabad,0,0,1
16-06-2023,INACTIVE,Hyderabad,142,0,0
16-06-2023,NEW,Hyderabad,0,27,0
16-06-2023,NEW,Hyderabad,0,0,10
16-06-2023,NEW,Hyderabad,68,0,0
16-06-2023,ACTIVE,Mumbai,0,6,0
16-06-2023,ACTIVE,Mumbai,0,0,4
16-06-2023,ACTIVE,Mumbai,8880,0,0
16-06-2023,HOLD,Mumbai,11,0,0
16-06-2023,INACTIVE,Mumbai,0,8,0
16-06-2023,INACTIVE,Mumbai,0,0,11
16-06-2023,INACTIVE,Mumbai,572,0,0
16-06-2023,NEW,Mumbai,0,29,0
16-06-2023,NEW,Mumbai,0,0,22
16-06-2023,NEW,Mumbai,95,0,0
16-06-2023,ACTIVE,Pune,0,5,0
16-06-2023,ACTIVE,Pune,0,0,2
16-06-2023,ACTIVE,Pune,3481,0,0
16-06-2023,HOLD,Pune,4,0,0
16-06-2023,INACTIVE,Pune,0,4,0
16-06-2023,INACTIVE,Pune,0,0,2
16-06-2023,INACTIVE,Pune,245,0,0
16-06-2023,NEW,Pune,0,9,0
16-06-2023,NEW,Pune,0,0,9
16-06-2023,NEW,Pune,49,0,0
17-06-2023,ACTIVE,Hyderabad,0,4,0
17-06-2023,ACTIVE,Hyderabad,0,0,3
17-06-2023,ACTIVE,Hyderabad,767,0,0
17-06-2023,HOLD,Hyderabad,14,0,0
17-06-2023,INACTIVE,Hyderabad,0,9,0
17-06-2023,INACTIVE,Hyderabad,0,0,2
17-06-2023,INACTIVE,Hyderabad,143,0,0
17-06-2023,NEW,Hyderabad,0,27,0
17-06-2023,NEW,Hyderabad,0,0,23
17-06-2023,NEW,Hyderabad,47,0,0
17-06-2023,ACTIVE,Mumbai,0,1,0
17-06-2023,ACTIVE,Mumbai,0,0,2
17-06-2023,ACTIVE,Mumbai,8550,0,0
17-06-2023,HOLD,Mumbai,13,0,0
17-06-2023,INACTIVE,Mumbai,0,6,0
17-06-2023,INACTIVE,Mumbai,0,0,3
17-06-2023,INACTIVE,Mumbai,588,0,0
17-06-2023,NEW,Mumbai,0,32,0
17-06-2023,NEW,Mumbai,0,0,19
17-06-2023,NEW,Mumbai,127,0,0
17-06-2023,ACTIVE,Pune,0,2,0
17-06-2023,ACTIVE,Pune,0,0,1
17-06-2023,ACTIVE,Pune,3307,0,0
17-06-2023,HOLD,Pune,1,0,0
17-06-2023,INACTIVE,Pune,0,7,0
17-06-2023,INACTIVE,Pune,0,0,2
17-06-2023,INACTIVE,Pune,229,0,0
17-06-2023,NEW,Pune,0,23,0
17-06-2023,NEW,Pune,0,0,9
17-06-2023,NEW,Pune,41,0,0
18-06-2023,ACTIVE,Hyderabad,0,2,0
18-06-2023,ACTIVE,Hyderabad,0,0,3
18-06-2023,ACTIVE,Hyderabad,776,0,0
18-06-2023,HOLD,Hyderabad,10,0,0
18-06-2023,INACTIVE,Hyderabad,0,4,0
18-06-2023,INACTIVE,Hyderabad,0,0,3
18-06-2023,INACTIVE,Hyderabad,127,0,0
18-06-2023,NEW,Hyderabad,0,31,0
18-06-2023,NEW,Hyderabad,0,0,17
18-06-2023,NEW,Hyderabad,78,0,0
18-06-2023,ACTIVE,Mumbai,0,4,0
18-06-2023,ACTIVE,Mumbai,0,0,3
18-06-2023,ACTIVE,Mumbai,8372,0,0
18-06-2023,HOLD,Mumbai,10,0,0
18-06-2023,INACTIVE,Mumbai,0,3,0
18-06-2023,INACTIVE,Mumbai,0,0,3
18-06-2023,INACTIVE,Mumbai,554,0,0
18-06-2023,NEW,Mumbai,0,20,0
18-06-2023,NEW,Mumbai,0,0,24
18-06-2023,NEW,Mumbai,125,0,0
18-06-2023,ACTIVE,Pune,0,2,0
18-06-2023,ACTIVE,Pune,0,0,2
18-06-2023,ACTIVE,Pune,3261,0,0
18-06-2023,HOLD,Pune,2,0,0
18-06-2023,INACTIVE,Pune,0,4,0
18-06-2023,INACTIVE,Pune,0,0,1
18-06-2023,INACTIVE,Pune,225,0,0
18-06-2023,NEW,Pune,0,20,0
18-06-2023,NEW,Pune,0,0,8
18-06-2023,NEW,Pune,46,0,0
19-06-2023,ACTIVE,Hyderabad,0,0,3
19-06-2023,ACTIVE,Hyderabad,787,0,0
19-06-2023,HOLD,Hyderabad,20,0,0
19-06-2023,INACTIVE,Hyderabad,0,2,0
19-06-2023,INACTIVE,Hyderabad,132,0,0
19-06-2023,NEW,Hyderabad,0,27,0
19-06-2023,NEW,Hyderabad,0,0,5
19-06-2023,NEW,Hyderabad,62,0,0
19-06-2023,ACTIVE,Mumbai,0,1,0
19-06-2023,ACTIVE,Mumbai,0,0,3
19-06-2023,ACTIVE,Mumbai,9033,0,0
19-06-2023,HOLD,Mumbai,18,0,0
19-06-2023,INACTIVE,Mumbai,0,10,0
19-06-2023,INACTIVE,Mumbai,601,0,0
19-06-2023,NEW,Mumbai,0,42,0
19-06-2023,NEW,Mumbai,0,0,8
19-06-2023,NEW,Mumbai,137,0,0
19-06-2023,ACTIVE,Pune,0,0,3
19-06-2023,ACTIVE,Pune,3425,0,0
19-06-2023,HOLD,Pune,2,0,0
19-06-2023,INACTIVE,Pune,0,3,0
19-06-2023,INACTIVE,Pune,0,0,1
19-06-2023,INACTIVE,Pune,251,0,0
19-06-2023,NEW,Pune,0,27,0
19-06-2023,NEW,Pune,0,0,5
19-06-2023,NEW,Pune,38,0,0
20-06-2023,ACTIVE,Hyderabad,0,1,0
20-06-2023,ACTIVE,Hyderabad,0,0,3
20-06-2023,ACTIVE,Hyderabad,795,0,0
20-06-2023,HOLD,Hyderabad,9,0,0
20-06-2023,INACTIVE,Hyderabad,0,4,0
20-06-2023,INACTIVE,Hyderabad,0,0,1
20-06-2023,INACTIVE,Hyderabad,125,0,0
20-06-2023,NEW,Hyderabad,0,18,0
20-06-2023,NEW,Hyderabad,0,0,31
20-06-2023,NEW,Hyderabad,72,0,0
20-06-2023,ACTIVE,Mumbai,0,3,0
20-06-2023,ACTIVE,Mumbai,0,0,1
20-06-2023,ACTIVE,Mumbai,8714,0,0
20-06-2023,HOLD,Mumbai,18,0,0
20-06-2023,INACTIVE,Mumbai,0,7,0
20-06-2023,INACTIVE,Mumbai,0,0,2
20-06-2023,INACTIVE,Mumbai,587,0,0
20-06-2023,NEW,Mumbai,0,23,0
20-06-2023,NEW,Mumbai,0,0,35
20-06-2023,NEW,Mumbai,105,0,0
20-06-2023,ACTIVE,Pune,0,2,0
20-06-2023,ACTIVE,Pune,0,0,1
20-06-2023,ACTIVE,Pune,3429,0,0
20-06-2023,INACTIVE,Pune,0,1,0
20-06-2023,INACTIVE,Pune,261,0,0
20-06-2023,NEW,Pune,0,19,0
20-06-2023,NEW,Pune,0,0,14
20-06-2023,NEW,Pune,45,0,0
21-06-2023,ACTIVE,Hyderabad,0,0,1
21-06-2023,ACTIVE,Hyderabad,819,0,0
21-06-2023,HOLD,Hyderabad,20,0,0
21-06-2023,INACTIVE,Hyderabad,0,4,0
21-06-2023,INACTIVE,Hyderabad,0,0,1
21-06-2023,INACTIVE,Hyderabad,145,0,0
21-06-2023,NEW,Hyderabad,0,24,0
21-06-2023,NEW,Hyderabad,0,0,51
21-06-2023,NEW,Hyderabad,121,0,0
21-06-2023,ACTIVE,Mumbai,0,0,3
21-06-2023,ACTIVE,Mumbai,8820,0,0
21-06-2023,HOLD,Mumbai,13,0,0
21-06-2023,INACTIVE,Mumbai,0,7,0
21-06-2023,INACTIVE,Mumbai,0,0,4
21-06-2023,INACTIVE,Mumbai,585,0,0
21-06-2023,NEW,Mumbai,0,34,0
21-06-2023,NEW,Mumbai,0,0,27
21-06-2023,NEW,Mumbai,125,0,0
21-06-2023,ACTIVE,Pune,0,2,0
21-06-2023,ACTIVE,Pune,0,0,2
21-06-2023,ACTIVE,Pune,3442,0,0
21-06-2023,HOLD,Pune,5,0,0
21-06-2023,INACTIVE,Pune,0,4,0
21-06-2023,INACTIVE,Pune,0,0,1
21-06-2023,INACTIVE,Pune,256,0,0
21-06-2023,NEW,Pune,0,8,0
21-06-2023,NEW,Pune,0,0,14
21-06-2023,NEW,Pune,38,0,0
22-06-2023,ACTIVE,Hyderabad,0,2,0
22-06-2023,ACTIVE,Hyderabad,0,0,1
22-06-2023,ACTIVE,Hyderabad,813,0,0
22-06-2023,HOLD,Hyderabad,14,0,0
22-06-2023,INACTIVE,Hyderabad,0,8,0
22-06-2023,INACTIVE,Hyderabad,0,0,1
22-06-2023,INACTIVE,Hyderabad,114,0,0
22-06-2023,NEW,Hyderabad,0,44,0
22-06-2023,NEW,Hyderabad,0,0,35
22-06-2023,NEW,Hyderabad,94,0,0
22-06-2023,ACTIVE,Mumbai,0,2,0
22-06-2023,ACTIVE,Mumbai,0,0,1
22-06-2023,ACTIVE,Mumbai,8844,0,0
22-06-2023,HOLD,Mumbai,17,0,0
22-06-2023,INACTIVE,Mumbai,0,6,0
22-06-2023,INACTIVE,Mumbai,0,0,3
22-06-2023,INACTIVE,Mumbai,589,0,0
22-06-2023,NEW,Mumbai,0,23,0
22-06-2023,NEW,Mumbai,0,0,32
22-06-2023,NEW,Mumbai,119,0,0
22-06-2023,ACTIVE,Pune,0,0,2
22-06-2023,ACTIVE,Pune,3475,0,0
22-06-2023,HOLD,Pune,1,0,0
22-06-2023,INACTIVE,Pune,0,2,0
22-06-2023,INACTIVE,Pune,266,0,0
22-06-2023,NEW,Pune,0,17,0
22-06-2023,NEW,Pune,0,0,10
22-06-2023,NEW,Pune,46,0,0
23-06-2023,ACTIVE,Hyderabad,0,2,0
23-06-2023,ACTIVE,Hyderabad,0,0,1
23-06-2023,ACTIVE,Hyderabad,816,0,0
23-06-2023,HOLD,Hyderabad,17,0,0
23-06-2023,INACTIVE,Hyderabad,0,7,0
23-06-2023,INACTIVE,Hyderabad,0,0,3
23-06-2023,INACTIVE,Hyderabad,124,0,0
23-06-2023,NEW,Hyderabad,0,22,0
23-06-2023,NEW,Hyderabad,0,0,31
23-06-2023,NEW,Hyderabad,112,0,0
23-06-2023,ACTIVE,Mumbai,0,4,0
23-06-2023,ACTIVE,Mumbai,0,0,2
23-06-2023,ACTIVE,Mumbai,8842,0,0
23-06-2023,HOLD,Mumbai,33,0,0
23-06-2023,INACTIVE,Mumbai,0,5,0
23-06-2023,INACTIVE,Mumbai,0,0,3
23-06-2023,INACTIVE,Mumbai,558,0,0
23-06-2023,NEW,Mumbai,0,33,0
23-06-2023,NEW,Mumbai,0,0,18
23-06-2023,NEW,Mumbai,106,0,0
23-06-2023,ACTIVE,Pune,0,0,1
23-06-2023,ACTIVE,Pune,3441,0,0
23-06-2023,HOLD,Pune,7,0,0
23-06-2023,INACTIVE,Pune,0,3,0
23-06-2023,INACTIVE,Pune,260,0,0
23-06-2023,NEW,Pune,0,5,0
23-06-2023,NEW,Pune,0,0,8
23-06-2023,NEW,Pune,36,0,0
24-06-2023,ACTIVE,Hyderabad,0,1,0
24-06-2023,ACTIVE,Hyderabad,0,0,2
24-06-2023,ACTIVE,Hyderabad,799,0,0
24-06-2023,HOLD,Hyderabad,20,0,0
24-06-2023,INACTIVE,Hyderabad,0,2,0
24-06-2023,INACTIVE,Hyderabad,113,0,0
24-06-2023,NEW,Hyderabad,0,32,0
24-06-2023,NEW,Hyderabad,0,0,28
24-06-2023,NEW,Hyderabad,102,0,0
24-06-2023,ACTIVE,Mumbai,0,1,0
24-06-2023,ACTIVE,Mumbai,8473,0,0
24-06-2023,HOLD,Mumbai,46,0,0
24-06-2023,INACTIVE,Mumbai,0,7,0
24-06-2023,INACTIVE,Mumbai,0,0,1
24-06-2023,INACTIVE,Mumbai,561,0,0
24-06-2023,NEW,Mumbai,0,26,0
24-06-2023,NEW,Mumbai,0,0,26
24-06-2023,NEW,Mumbai,106,0,0
24-06-2023,ACTIVE,Pune,3337,0,0
24-06-2023,HOLD,Pune,5,0,0
24-06-2023,INACTIVE,Pune,0,1,0
24-06-2023,INACTIVE,Pune,0,0,1
24-06-2023,INACTIVE,Pune,216,0,0
24-06-2023,NEW,Pune,0,6,0
24-06-2023,NEW,Pune,0,0,9
24-06-2023,NEW,Pune,40,0,0
25-06-2023,ACTIVE,Hyderabad,0,0,1
25-06-2023,ACTIVE,Hyderabad,813,0,0
25-06-2023,HOLD,Hyderabad,28,0,0
25-06-2023,INACTIVE,Hyderabad,0,5,0
25-06-2023,INACTIVE,Hyderabad,0,0,2
25-06-2023,INACTIVE,Hyderabad,159,0,0
25-06-2023,NEW,Hyderabad,0,18,0
25-06-2023,NEW,Hyderabad,0,0,20
25-06-2023,NEW,Hyderabad,51,0,0
25-06-2023,ACTIVE,Mumbai,0,4,0
25-06-2023,ACTIVE,Mumbai,8361,0,0
25-06-2023,HOLD,Mumbai,38,0,0
25-06-2023,INACTIVE,Mumbai,0,8,0
25-06-2023,INACTIVE,Mumbai,562,0,0
25-06-2023,NEW,Mumbai,0,22,0
25-06-2023,NEW,Mumbai,0,0,26
25-06-2023,NEW,Mumbai,108,0,0
25-06-2023,ACTIVE,Pune,0,2,0
25-06-2023,ACTIVE,Pune,3225,0,0
25-06-2023,HOLD,Pune,15,0,0
25-06-2023,INACTIVE,Pune,0,4,0
25-06-2023,INACTIVE,Pune,239,0,0
25-06-2023,NEW,Pune,0,5,0
25-06-2023,NEW,Pune,0,0,6
25-06-2023,NEW,Pune,34,0,0
26-06-2023,ACTIVE,Hyderabad,0,1,0
26-06-2023,ACTIVE,Hyderabad,0,0,3
26-06-2023,ACTIVE,Hyderabad,844,0,0
26-06-2023,HOLD,Hyderabad,25,0,0
26-06-2023,INACTIVE,Hyderabad,122,0,0
26-06-2023,NEW,Hyderabad,0,4,0
26-06-2023,NEW,Hyderabad,0,0,1
26-06-2023,NEW,Hyderabad,64,0,0
26-06-2023,ACTIVE,Mumbai,9018,0,0
26-06-2023,HOLD,Mumbai,29,0,0
26-06-2023,INACTIVE,Mumbai,0,0,1
26-06-2023,INACTIVE,Mumbai,625,0,0
26-06-2023,NEW,Mumbai,0,7,0
26-06-2023,NEW,Mumbai,0,0,7
26-06-2023,NEW,Mumbai,98,0,0
26-06-2023,ACTIVE,Pune,3486,0,0
26-06-2023,HOLD,Pune,15,0,0
26-06-2023,INACTIVE,Pune,0,1,0
26-06-2023,INACTIVE,Pune,0,0,2
26-06-2023,INACTIVE,Pune,261,0,0
26-06-2023,NEW,Pune,0,7,0
26-06-2023,NEW,Pune,0,0,2
26-06-2023,NEW,Pune,43,0,0
27-06-2023,ACTIVE,Hyderabad,0,0,1
27-06-2023,ACTIVE,Hyderabad,828,0,0
27-06-2023,HOLD,Hyderabad,26,0,0
27-06-2023,INACTIVE,Hyderabad,0,5,0
27-06-2023,INACTIVE,Hyderabad,0,0,1
27-06-2023,INACTIVE,Hyderabad,155,0,0
27-06-2023,NEW,Hyderabad,0,1,0
27-06-2023,NEW,Hyderabad,0,0,12
27-06-2023,NEW,Hyderabad,52,0,0
27-06-2023,ACTIVE,Mumbai,0,2,0
27-06-2023,ACTIVE,Mumbai,8734,0,0
27-06-2023,HOLD,Mumbai,31,0,0
27-06-2023,INACTIVE,Mumbai,0,2,0
27-06-2023,INACTIVE,Mumbai,0,0,6
27-06-2023,INACTIVE,Mumbai,576,0,0
27-06-2023,NEW,Mumbai,0,5,0
27-06-2023,NEW,Mumbai,0,0,28
27-06-2023,NEW,Mumbai,108,0,0
27-06-2023,ACTIVE,Pune,0,0,1
27-06-2023,ACTIVE,Pune,3429,0,0
27-06-2023,HOLD,Pune,3,0,0
27-06-2023,INACTIVE,Pune,0,1,0
27-06-2023,INACTIVE,Pune,0,0,3
27-06-2023,INACTIVE,Pune,249,0,0
27-06-2023,NEW,Pune,0,0,13
27-06-2023,NEW,Pune,38,0,0
28-06-2023,ACTIVE,Hyderabad,0,0,2
28-06-2023,ACTIVE,Hyderabad,844,0,0
28-06-2023,HOLD,Hyderabad,24,0,0
28-06-2023,INACTIVE,Hyderabad,0,0,1
28-06-2023,INACTIVE,Hyderabad,134,0,0
28-06-2023,NEW,Hyderabad,0,2,0
28-06-2023,NEW,Hyderabad,0,0,17
28-06-2023,NEW,Hyderabad,61,0,0
28-06-2023,ACTIVE,Mumbai,0,1,0
28-06-2023,ACTIVE,Mumbai,8884,0,0
28-06-2023,HOLD,Mumbai,31,0,0
28-06-2023,INACTIVE,Mumbai,0,0,2
28-06-2023,INACTIVE,Mumbai,573,0,0
28-06-2023,NEW,Mumbai,0,4,0
28-06-2023,NEW,Mumbai,0,0,26
28-06-2023,NEW,Mumbai,107,0,0
28-06-2023,ACTIVE,Pune,3497,0,0
28-06-2023,HOLD,Pune,4,0,0
28-06-2023,INACTIVE,Pune,273,0,0
28-06-2023,NEW,Pune,0,5,0
28-06-2023,NEW,Pune,0,0,8
28-06-2023,NEW,Pune,33,0,0
29-06-2023,ACTIVE,Hyderabad,0,0,3
29-06-2023,ACTIVE,Hyderabad,839,0,0
29-06-2023,HOLD,Hyderabad,35,0,0
29-06-2023,INACTIVE,Hyderabad,0,0,3
29-06-2023,INACTIVE,Hyderabad,157,0,0
29-06-2023,NEW,Hyderabad,0,3,0
29-06-2023,NEW,Hyderabad,0,0,6
29-06-2023,NEW,Hyderabad,52,0,0
29-06-2023,ACTIVE,Mumbai,0,1,0
29-06-2023,ACTIVE,Mumbai,8971,0,0
29-06-2023,HOLD,Mumbai,35,0,0
29-06-2023,INACTIVE,Mumbai,0,1,0
29-06-2023,INACTIVE,Mumbai,0,0,2
29-06-2023,INACTIVE,Mumbai,636,0,0
29-06-2023,NEW,Mumbai,0,4,0
29-06-2023,NEW,Mumbai,0,0,14
29-06-2023,NEW,Mumbai,118,0,0
29-06-2023,ACTIVE,Pune,0,0,1
29-06-2023,ACTIVE,Pune,3459,0,0
29-06-2023,HOLD,Pune,6,0,0
29-06-2023,INACTIVE,Pune,0,2,0
29-06-2023,INACTIVE,Pune,0,0,1
29-06-2023,INACTIVE,Pune,269,0,0
29-06-2023,NEW,Pune,0,4,0
29-06-2023,NEW,Pune,0,0,10
29-06-2023,NEW,Pune,45,0,0
30-06-2023,ACTIVE,Hyderabad,0,0,1
30-06-2023,ACTIVE,Hyderabad,842,0,0
30-06-2023,HOLD,Hyderabad,36,0,0
30-06-2023,INACTIVE,Hyderabad,0,1,0
30-06-2023,INACTIVE,Hyderabad,137,0,0
30-06-2023,NEW,Hyderabad,0,3,0
30-06-2023,NEW,Hyderabad,0,0,8
30-06-2023,NEW,Hyderabad,62,0,0
30-06-2023,ACTIVE,Mumbai,0,1,0
30-06-2023,ACTIVE,Mumbai,0,0,3
30-06-2023,ACTIVE,Mumbai,8794,0,0
30-06-2023,HOLD,Mumbai,43,0,0
30-06-2023,INACTIVE,Mumbai,0,3,0
30-06-2023,INACTIVE,Mumbai,0,0,4
30-06-2023,INACTIVE,Mumbai,566,0,0
30-06-2023,NEW,Mumbai,0,5,0
30-06-2023,NEW,Mumbai,0,0,10
30-06-2023,NEW,Mumbai,110,0,0
30-06-2023,ACTIVE,Pune,0,1,0
30-06-2023,ACTIVE,Pune,3452,0,0
30-06-2023,HOLD,Pune,7,0,0
30-06-2023,INACTIVE,Pune,0,0,1
30-06-2023,INACTIVE,Pune,247,0,0
30-06-2023,NEW,Pune,0,6,0
30-06-2023,NEW,Pune,0,0,8
30-06-2023,NEW,Pune,32,0,0
01-07-2023,ACTIVE,Hyderabad,856,0,0
01-07-2023,HOLD,Hyderabad,18,0,0
01-07-2023,INACTIVE,Hyderabad,0,2,0
01-07-2023,INACTIVE,Hyderabad,0,0,1
01-07-2023,INACTIVE,Hyderabad,158,0,0
01-07-2023,NEW,Hyderabad,0,2,0
01-07-2023,NEW,Hyderabad,0,0,9
01-07-2023,NEW,Hyderabad,50,0,0
01-07-2023,ACTIVE,Mumbai,0,1,0
01-07-2023,ACTIVE,Mumbai,0,0,3
01-07-2023,ACTIVE,Mumbai,8680,0,0
01-07-2023,HOLD,Mumbai,39,0,0
01-07-2023,INACTIVE,Mumbai,0,1,0
01-07-2023,INACTIVE,Mumbai,0,0,2
01-07-2023,INACTIVE,Mumbai,603,0,0
01-07-2023,NEW,Mumbai,0,4,0
01-07-2023,NEW,Mumbai,0,0,24
01-07-2023,NEW,Mumbai,100,0,0
01-07-2023,ACTIVE,Pune,0,1,0
01-07-2023,ACTIVE,Pune,0,0,1
01-07-2023,ACTIVE,Pune,3395,0,0
01-07-2023,HOLD,Pune,6,0,0
01-07-2023,INACTIVE,Pune,0,0,3
01-07-2023,INACTIVE,Pune,249,0,0
01-07-2023,NEW,Pune,0,1,0
01-07-2023,NEW,Pune,0,0,7
01-07-2023,NEW,Pune,33,0,0
02-07-2023,ACTIVE,Pune,11,0,0
